[14:30:03] [Render thread/INFO] (lodekeeper) [Lodekeeper] INIT mod=0.1.0-preview.10 minecraft=1.21.1
[14:30:39] [Render thread/INFO] (Minecraft) [System] [CHAT] [Lodekeeper] Queued project gear_diamond (9 inventory targets; A full diamond tool and armor set (35 diamonds in recipes).)
[14:30:39] [Render thread/INFO] (lodekeeper) [Lodekeeper] BEGIN label=gear_diamond___diamond_pickaxe goal=1 inventory=0 startfeet=8,67,27 elapsed_ms=0 continued=false
[14:30:39] [lodekeeper-planner/INFO] (lodekeeper) [Lodekeeper] PLAN project=gear_diamond success=false steps=0 branches=68 elapsedMs=22.261043
[14:30:39] [lodekeeper-planner/INFO] (lodekeeper) [Lodekeeper] PROJECT_MATERIALS project=gear_diamond before=[gather:minecraft:birch_log:1, gather:minecraft:birch_log:1, gather:minecraft:birch_log:1, gather:minecraft:stone:3, gather:minecraft:iron_ore:3, gather:minecraft:stone:8, gather:minecraft:birch_log:1, gather:minecraft:diamond_ore:3, gather:minecraft:diamond_ore:3, gather:minecraft:diamond_ore:4, gather:minecraft:diamond_ore:8, gather:minecraft:diamond_ore:5, gather:minecraft:diamond_ore:2, gather:minecraft:diamond_ore:7, gather:minecraft:diamond_ore:1, gather:minecraft:acacia_log:1, gather:minecraft:diamond_ore:2] after=[gather:minecraft:birch_log:1, gather:minecraft:birch_log:1, gather:minecraft:birch_log:1, gather:minecraft:stone:3, gather:minecraft:iron_ore:3, gather:minecraft:stone:8, gather:minecraft:birch_log:1, gather:minecraft:diamond_ore:3, gather:minecraft:diamond_ore:3, gather:minecraft:diamond_ore:4, gather:minecraft:diamond_ore:8, gather:minecraft:diamond_ore:5, gather:minecraft:diamond_ore:2, gather:minecraft:diamond_ore:7, gather:minecraft:diamond_ore:1, gather:minecraft:birch_log:1, gather:minecraft:diamond_ore:2]
[14:30:39] [lodekeeper-planner/INFO] (lodekeeper) [Lodekeeper] PLAN project=gear_diamond success=true steps=43 branches=424 elapsedMs=27.17116
[14:30:39] [Render thread/INFO] (lodekeeper) [Lodekeeper] STEP kind=GATHER source=gather:minecraft:birch_log output=minecraft:birch_log count=5 operations=5 auxiliary=false
[14:30:39] [Render thread/INFO] (lodekeeper) [Lodekeeper] MINING_DEPTH policy=NEAREST desiredY=-2147483648 ceiling=2031 deficit=5 phase=MINE
[14:30:40] [Render thread/INFO] (lodekeeper) [Lodekeeper] NAV scan=native-mine durationNanos=603547879 hits=-1 requestTicks=0
[14:30:40] [Render thread/INFO] (lodekeeper) [Lodekeeper] NAV backend=baritone mode=MINE event=CALC_STARTED elapsedMs=617
[14:30:40] [Render thread/INFO] (lodekeeper) [Lodekeeper] NAV calcTool=minecraft:air slot=0
[14:30:40] [Render thread/INFO] (lodekeeper) [Lodekeeper] ROUTE_SEARCH kind=unknown anchor=unknown feet_y16=0 candidates=0 target=none elapsed_ms=1030
[14:30:40] [Render thread/INFO] (lodekeeper) [Lodekeeper] NAV backend=baritone mode=MINE event=CALC_FINISHED_NOW_EXECUTING elapsedMs=876
[14:30:40] [Render thread/INFO] (lodekeeper) [Lodekeeper] TARGET target=2,70,31 block=minecraft:birch_log
[14:30:40] [Render thread/INFO] (lodekeeper) [Lodekeeper] ROUTE_TRAVEL path_index=0 path_length=12 target=2,70,31 block=minecraft:birch_log elapsed_ms=1337
[14:30:41] [Render thread/INFO] (lodekeeper) [Lodekeeper] PROGRESS elapsed_ms=2033 phase=traveling backend=baritone target=2,70,31 block=minecraft:birch_log navigation_elapsed_ms=1528 navigation_ticks=28 searching=false path_index=0 path_length=10 retries=0 pending_route_events=0 dropped_route_events=0 status=mining_and_collecting_minecraft:birch_log___0/5
[14:30:42] [Render thread/INFO] (lodekeeper) [Lodekeeper] BREAK target=Mutable{x=5, y=68, z=32} block=Block{minecraft:dirt} tool=minecraft:air slot=0 remaining=-1 required=route
[14:30:43] [Render thread/INFO] (lodekeeper) [Lodekeeper] PROGRESS elapsed_ms=4042 phase=traveling backend=baritone target=2,70,31 block=minecraft:birch_log navigation_elapsed_ms=3547 navigation_ticks=68 searching=false path_index=0 path_length=6 retries=0 pending_route_events=0 dropped_route_events=0 status=mining_and_collecting_minecraft:birch_log___0/5
[14:30:43] [Render thread/INFO] (lodekeeper) [Lodekeeper] BREAK target=Mutable{x=5, y=69, z=32} block=Block{minecraft:dirt} tool=minecraft:air slot=0 remaining=-1 required=route
[14:30:43] [Render thread/INFO] (lodekeeper) [Lodekeeper] BREAK target=Mutable{x=5, y=69, z=32} block=Block{minecraft:dirt} tool=minecraft:dirt slot=0 remaining=-1 required=route
[14:30:44] [Render thread/INFO] (lodekeeper) [Lodekeeper] BREAK target=Mutable{x=4, y=69, z=32} block=Block{minecraft:grass_block} tool=minecraft:dirt slot=0 remaining=-1 required=route
[14:30:45] [Render thread/INFO] (lodekeeper) [Lodekeeper] PROGRESS elapsed_ms=6095 phase=traveling backend=baritone target=2,70,31 block=minecraft:birch_log navigation_elapsed_ms=5533 navigation_ticks=108 searching=false path_index=0 path_length=5 retries=0 pending_route_events=0 dropped_route_events=0 status=mining_and_collecting_minecraft:birch_log___0/5
[14:30:45] [Render thread/INFO] (lodekeeper) [Lodekeeper] BREAK target=Mutable{x=5, y=70, z=32} block=Block{minecraft:grass_block} tool=minecraft:dirt slot=0 remaining=-1 required=route
[14:30:47] [Render thread/INFO] (lodekeeper) [Lodekeeper] PROGRESS elapsed_ms=8126 phase=traveling backend=baritone target=2,70,31 block=minecraft:birch_log navigation_elapsed_ms=7734 navigation_ticks=152 searching=false path_index=0 path_length=5 retries=0 pending_route_events=0 dropped_route_events=0 status=mining_and_collecting_minecraft:birch_log___0/5
[14:30:47] [Render thread/INFO] (lodekeeper) [Lodekeeper] BREAK target=Mutable{x=2, y=71, z=31} block=Block{minecraft:birch_log} tool=minecraft:dirt slot=0 remaining=-1 required=route
[14:30:49] [Render thread/INFO] (lodekeeper) [Lodekeeper] PROGRESS elapsed_ms=10185 phase=traveling backend=baritone target=2,70,31 block=minecraft:birch_log navigation_elapsed_ms=9726 navigation_ticks=192 searching=false path_index=0 path_length=2 retries=0 pending_route_events=0 dropped_route_events=0 status=mining_and_collecting_minecraft:birch_log___0/5
[14:30:51] [Render thread/INFO] (lodekeeper) [Lodekeeper] PROGRESS elapsed_ms=12241 phase=traveling backend=baritone target=2,70,31 block=minecraft:birch_log navigation_elapsed_ms=11746 navigation_ticks=232 searching=false path_index=0 path_length=2 retries=0 pending_route_events=0 dropped_route_events=0 status=mining_and_collecting_minecraft:birch_log___0/5
[14:30:51] [Render thread/INFO] (lodekeeper) [Lodekeeper] BREAK target=Mutable{x=2, y=70, z=31} block=Block{minecraft:birch_log} tool=minecraft:dirt slot=0 remaining=-1 required=route
[14:30:53] [Render thread/INFO] (lodekeeper) [Lodekeeper] PROGRESS elapsed_ms=14245 phase=traveling backend=baritone target=2,70,31 block=minecraft:birch_log navigation_elapsed_ms=13724 navigation_ticks=272 searching=false path_index=0 path_length=2 retries=0 pending_route_events=0 dropped_route_events=0 status=mining_and_collecting_minecraft:birch_log___1/5
[14:30:54] [Render thread/INFO] (lodekeeper) [Lodekeeper] TARGET target=2,72,31 block=minecraft:birch_log
[14:30:54] [Render thread/INFO] (lodekeeper) [Lodekeeper] BREAK target=Mutable{x=2, y=72, z=31} block=Block{minecraft:birch_log} tool=minecraft:dirt slot=0 remaining=-1 required=route
[14:30:55] [Render thread/INFO] (lodekeeper) [Lodekeeper] PROGRESS elapsed_ms=16277 phase=traveling backend=baritone target=2,72,31 block=minecraft:birch_log navigation_elapsed_ms=15748 navigation_ticks=312 searching=false path_index=0 path_length=2 retries=0 pending_route_events=0 dropped_route_events=0 status=mining_and_collecting_minecraft:birch_log___2/5
[14:30:57] [Render thread/INFO] (lodekeeper) [Lodekeeper] PROGRESS elapsed_ms=18282 phase=traveling backend=baritone target=2,72,31 block=minecraft:birch_log navigation_elapsed_ms=17752 navigation_ticks=352 searching=false path_index=0 path_length=2 retries=0 pending_route_events=0 dropped_route_events=0 status=mining_and_collecting_minecraft:birch_log___2/5
[14:30:57] [Render thread/INFO] (lodekeeper) [Lodekeeper] TARGET target=2,73,31 block=minecraft:birch_log
[14:30:57] [Render thread/INFO] (lodekeeper) [Lodekeeper] BREAK target=Mutable{x=2, y=73, z=31} block=Block{minecraft:birch_log} tool=minecraft:dirt slot=0 remaining=-1 required=route
[14:30:59] [Render thread/INFO] (lodekeeper) [Lodekeeper] PROGRESS elapsed_ms=20337 phase=traveling backend=baritone target=2,73,31 block=minecraft:birch_log navigation_elapsed_ms=19945 navigation_ticks=396 searching=false path_index=0 path_length=2 retries=0 pending_route_events=0 dropped_route_events=0 status=mining_and_collecting_minecraft:birch_log___3/5
[14:31:01] [Render thread/INFO] (lodekeeper) [Lodekeeper] TARGET target=2,74,31 block=minecraft:birch_log
[14:31:01] [Render thread/INFO] (lodekeeper) [Lodekeeper] BREAK target=Mutable{x=2, y=74, z=31} block=Block{minecraft:birch_log} tool=minecraft:dirt slot=0 remaining=-1 required=route
[14:31:01] [Render thread/INFO] (lodekeeper) [Lodekeeper] PROGRESS elapsed_ms=22366 phase=traveling backend=baritone target=2,74,31 block=minecraft:birch_log navigation_elapsed_ms=21940 navigation_ticks=436 searching=false path_index=0 path_length=2 retries=0 pending_route_events=0 dropped_route_events=0 status=mining_and_collecting_minecraft:birch_log___3/5
[14:31:03] [Render thread/INFO] (lodekeeper) [Lodekeeper] PROGRESS elapsed_ms=24384 phase=traveling backend=baritone target=2,74,31 block=minecraft:birch_log navigation_elapsed_ms=23923 navigation_ticks=476 searching=false path_index=0 path_length=2 retries=0 pending_route_events=0 dropped_route_events=0 status=mining_and_collecting_minecraft:birch_log___4/5
[14:31:04] [Render thread/INFO] (lodekeeper) [Lodekeeper] TARGET target=none
[14:31:04] [Render thread/INFO] (lodekeeper) [Lodekeeper] BREAK target=Mutable{x=2, y=75, z=31} block=Block{minecraft:birch_log} tool=minecraft:dirt slot=0 remaining=-1 required=route
[14:31:05] [Render thread/INFO] (lodekeeper) [Lodekeeper] PROGRESS elapsed_ms=26395 phase=planning backend=baritone target=none navigation_elapsed_ms=0 navigation_ticks=0 searching=false path_index=0 path_length=0 retries=0 pending_route_events=0 dropped_route_events=0 status=planning
[14:31:05] [lodekeeper-planner/INFO] (lodekeeper) [Lodekeeper] PROJECT_MATERIALS project=gear_diamond before=[gather:minecraft:stone:3, gather:minecraft:iron_ore:3, gather:minecraft:stone:8, gather:minecraft:diamond_ore:3, gather:minecraft:diamond_ore:3, gather:minecraft:birch_log:1, gather:minecraft:diamond_ore:4, gather:minecraft:diamond_ore:8, gather:minecraft:diamond_ore:5, gather:minecraft:diamond_ore:2, gather:minecraft:diamond_ore:7, gather:minecraft:diamond_ore:1, gather:minecraft:diamond_ore:2] after=[gather:minecraft:stone:3, gather:minecraft:iron_ore:3, gather:minecraft:stone:8, gather:minecraft:diamond_ore:3, gather:minecraft:diamond_ore:3, gather:minecraft:birch_log:1, gather:minecraft:diamond_ore:4, gather:minecraft:diamond_ore:8, gather:minecraft:diamond_ore:5, gather:minecraft:diamond_ore:2, gather:minecraft:diamond_ore:7, gather:minecraft:diamond_ore:1, gather:minecraft:diamond_ore:2]
[14:31:05] [lodekeeper-planner/INFO] (lodekeeper) [Lodekeeper] PLAN project=gear_diamond success=true steps=38 branches=176 elapsedMs=8.095514
[14:31:05] [Render thread/INFO] (lodekeeper) [Lodekeeper] STEP kind=CRAFT source=minecraft:birch_planks output=minecraft:birch_planks count=4 operations=1 auxiliary=false
[14:31:06] [lodekeeper-planner/INFO] (lodekeeper) [Lodekeeper] PROJECT_MATERIALS project=gear_diamond before=[gather:minecraft:stone:3, gather:minecraft:iron_ore:3, gather:minecraft:stone:8, gather:minecraft:diamond_ore:3, gather:minecraft:diamond_ore:3, gather:minecraft:birch_log:1, gather:minecraft:diamond_ore:4, gather:minecraft:diamond_ore:8, gather:minecraft:diamond_ore:5, gather:minecraft:diamond_ore:2, gather:minecraft:diamond_ore:7, gather:minecraft:diamond_ore:1, gather:minecraft:diamond_ore:2] after=[gather:minecraft:stone:3, gather:minecraft:iron_ore:3, gather:minecraft:stone:8, gather:minecraft:diamond_ore:3, gather:minecraft:diamond_ore:3, gather:minecraft:birch_log:1, gather:minecraft:diamond_ore:4, gather:minecraft:diamond_ore:8, gather:minecraft:diamond_ore:5, gather:minecraft:diamond_ore:2, gather:minecraft:diamond_ore:7, gather:minecraft:diamond_ore:1, gather:minecraft:diamond_ore:2]
[14:31:06] [lodekeeper-planner/INFO] (lodekeeper) [Lodekeeper] PLAN project=gear_diamond success=true steps=37 branches=172 elapsedMs=6.592207
[14:31:06] [Render thread/INFO] (lodekeeper) [Lodekeeper] STEP kind=CRAFT source=minecraft:stick output=minecraft:stick count=4 operations=1 auxiliary=false
[14:31:07] [Render thread/INFO] (lodekeeper) [Lodekeeper] PROGRESS elapsed_ms=28428 phase=crafting backend=baritone target=none navigation_elapsed_ms=0 navigation_ticks=0 searching=false path_index=0 path_length=0 retries=0 pending_route_events=0 dropped_route_events=0 status=CRAFT_minecraft:stick
[14:31:08] [lodekeeper-planner/INFO] (lodekeeper) [Lodekeeper] PROJECT_MATERIALS project=gear_diamond before=[gather:minecraft:stone:3, gather:minecraft:iron_ore:3, gather:minecraft:stone:8, gather:minecraft:diamond_ore:3, gather:minecraft:diamond_ore:3, gather:minecraft:birch_log:1, gather:minecraft:diamond_ore:4, gather:minecraft:diamond_ore:8, gather:minecraft:diamond_ore:5, gather:minecraft:diamond_ore:2, gather:minecraft:diamond_ore:7, gather:minecraft:diamond_ore:1, gather:minecraft:diamond_ore:2] after=[gather:minecraft:stone:3, gather:minecraft:iron_ore:3, gather:minecraft:stone:8, gather:minecraft:diamond_ore:3, gather:minecraft:diamond_ore:3, gather:minecraft:birch_log:1, gather:minecraft:diamond_ore:4, gather:minecraft:diamond_ore:8, gather:minecraft:diamond_ore:5, gather:minecraft:diamond_ore:2, gather:minecraft:diamond_ore:7, gather:minecraft:diamond_ore:1, gather:minecraft:diamond_ore:2]
[14:31:08] [lodekeeper-planner/INFO] (lodekeeper) [Lodekeeper] PLAN project=gear_diamond success=true steps=36 branches=168 elapsedMs=7.477732
[14:31:08] [Render thread/INFO] (lodekeeper) [Lodekeeper] STEP kind=CRAFT source=minecraft:birch_planks output=minecraft:birch_planks count=4 operations=1 auxiliary=false
[14:31:09] [Render thread/INFO] (lodekeeper) [Lodekeeper] PROGRESS elapsed_ms=30490 phase=crafting backend=baritone target=none navigation_elapsed_ms=0 navigation_ticks=0 searching=false path_index=0 path_length=0 retries=0 pending_route_events=0 dropped_route_events=0 status=CRAFT_minecraft:birch_planks
[14:31:09] [lodekeeper-planner/INFO] (lodekeeper) [Lodekeeper] PROJECT_MATERIALS project=gear_diamond before=[gather:minecraft:stone:3, gather:minecraft:iron_ore:3, gather:minecraft:stone:8, gather:minecraft:diamond_ore:3, gather:minecraft:diamond_ore:3, gather:minecraft:birch_log:1, gather:minecraft:diamond_ore:4, gather:minecraft:diamond_ore:8, gather:minecraft:diamond_ore:5, gather:minecraft:diamond_ore:2, gather:minecraft:diamond_ore:7, gather:minecraft:diamond_ore:1, gather:minecraft:diamond_ore:2] after=[gather:minecraft:stone:3, gather:minecraft:iron_ore:3, gather:minecraft:stone:8, gather:minecraft:diamond_ore:3, gather:minecraft:diamond_ore:3, gather:minecraft:birch_log:1, gather:minecraft:diamond_ore:4, gather:minecraft:diamond_ore:8, gather:minecraft:diamond_ore:5, gather:minecraft:diamond_ore:2, gather:minecraft:diamond_ore:7, gather:minecraft:diamond_ore:1, gather:minecraft:diamond_ore:2]
[14:31:09] [lodekeeper-planner/INFO] (lodekeeper) [Lodekeeper] PLAN project=gear_diamond success=true steps=35 branches=163 elapsedMs=5.339906
[14:31:09] [Render thread/INFO] (lodekeeper) [Lodekeeper] STEP kind=CRAFT source=minecraft:birch_planks output=minecraft:birch_planks count=4 operations=1 auxiliary=false
[14:31:10] [lodekeeper-planner/INFO] (lodekeeper) [Lodekeeper] PROJECT_MATERIALS project=gear_diamond before=[gather:minecraft:stone:3, gather:minecraft:iron_ore:3, gather:minecraft:stone:8, gather:minecraft:diamond_ore:3, gather:minecraft:diamond_ore:3, gather:minecraft:birch_log:1, gather:minecraft:diamond_ore:4, gather:minecraft:diamond_ore:8, gather:minecraft:diamond_ore:5, gather:minecraft:diamond_ore:2, gather:minecraft:diamond_ore:7, gather:minecraft:diamond_ore:1, gather:minecraft:diamond_ore:2] after=[gather:minecraft:stone:3, gather:minecraft:iron_ore:3, gather:minecraft:stone:8, gather:minecraft:diamond_ore:3, gather:minecraft:diamond_ore:3, gather:minecraft:birch_log:1, gather:minecraft:diamond_ore:4, gather:minecraft:diamond_ore:8, gather:minecraft:diamond_ore:5, gather:minecraft:diamond_ore:2, gather:minecraft:diamond_ore:7, gather:minecraft:diamond_ore:1, gather:minecraft:diamond_ore:2]
[14:31:10] [lodekeeper-planner/INFO] (lodekeeper) [Lodekeeper] PLAN project=gear_diamond success=true steps=34 branches=158 elapsedMs=4.582234
[14:31:10] [Render thread/INFO] (lodekeeper) [Lodekeeper] STEP kind=CRAFT source=minecraft:crafting_table output=minecraft:crafting_table count=1 operations=1 auxiliary=false
[14:31:11] [Render thread/INFO] (lodekeeper) [Lodekeeper] PROGRESS elapsed_ms=32517 phase=crafting backend=baritone target=none navigation_elapsed_ms=0 navigation_ticks=0 searching=false path_index=0 path_length=0 retries=0 pending_route_events=0 dropped_route_events=0 status=CRAFT_minecraft:crafting_table
[14:31:13] [Render thread/INFO] (lodekeeper) [Lodekeeper] PROGRESS elapsed_ms=34549 phase=crafting backend=baritone target=none navigation_elapsed_ms=0 navigation_ticks=0 searching=false path_index=0 path_length=0 retries=0 pending_route_events=0 dropped_route_events=0 status=CRAFT_minecraft:crafting_table
[14:31:13] [lodekeeper-planner/INFO] (lodekeeper) [Lodekeeper] PROJECT_MATERIALS project=gear_diamond before=[gather:minecraft:stone:3, gather:minecraft:iron_ore:3, gather:minecraft:stone:8, gather:minecraft:diamond_ore:3, gather:minecraft:diamond_ore:3, gather:minecraft:birch_log:1, gather:minecraft:diamond_ore:4, gather:minecraft:diamond_ore:8, gather:minecraft:diamond_ore:5, gather:minecraft:diamond_ore:2, gather:minecraft:diamond_ore:7, gather:minecraft:diamond_ore:1, gather:minecraft:diamond_ore:2] after=[gather:minecraft:stone:3, gather:minecraft:iron_ore:3, gather:minecraft:stone:8, gather:minecraft:diamond_ore:3, gather:minecraft:diamond_ore:3, gather:minecraft:birch_log:1, gather:minecraft:diamond_ore:4, gather:minecraft:diamond_ore:8, gather:minecraft:diamond_ore:5, gather:minecraft:diamond_ore:2, gather:minecraft:diamond_ore:7, gather:minecraft:diamond_ore:1, gather:minecraft:diamond_ore:2]
[14:31:13] [lodekeeper-planner/INFO] (lodekeeper) [Lodekeeper] PLAN project=gear_diamond success=true steps=33 branches=155 elapsedMs=5.286987
[14:31:14] [Render thread/INFO] (lodekeeper) [Lodekeeper] STEP kind=PLACE_STATION source=place:minecraft:crafting_table output=null count=0 operations=1 auxiliary=false
[14:31:14] [Render thread/INFO] (lodekeeper) [Lodekeeper] TARGET target=1,70,31 block=minecraft:crafting_table
[14:31:14] [Render thread/INFO] (lodekeeper) [Lodekeeper] TARGET target=none
[14:31:14] [lodekeeper-planner/INFO] (lodekeeper) [Lodekeeper] PROJECT_MATERIALS project=gear_diamond before=[gather:minecraft:stone:3, gather:minecraft:iron_ore:3, gather:minecraft:stone:8, gather:minecraft:diamond_ore:3, gather:minecraft:diamond_ore:3, gather:minecraft:birch_log:1, gather:minecraft:diamond_ore:4, gather:minecraft:diamond_ore:8, gather:minecraft:diamond_ore:5, gather:minecraft:diamond_ore:2, gather:minecraft:diamond_ore:7, gather:minecraft:diamond_ore:1, gather:minecraft:diamond_ore:2] after=[gather:minecraft:stone:3, gather:minecraft:iron_ore:3, gather:minecraft:stone:8, gather:minecraft:diamond_ore:3, gather:minecraft:diamond_ore:3, gather:minecraft:birch_log:1, gather:minecraft:diamond_ore:4, gather:minecraft:diamond_ore:8, gather:minecraft:diamond_ore:5, gather:minecraft:diamond_ore:2, gather:minecraft:diamond_ore:7, gather:minecraft:diamond_ore:1, gather:minecraft:diamond_ore:2]
[14:31:14] [lodekeeper-planner/INFO] (lodekeeper) [Lodekeeper] PLAN project=gear_diamond success=true steps=32 branches=154 elapsedMs=4.528717
[14:31:14] [Render thread/INFO] (lodekeeper) [Lodekeeper] STEP kind=CRAFT source=minecraft:wooden_pickaxe output=minecraft:wooden_pickaxe count=1 operations=1 auxiliary=false
[14:31:15] [Render thread/INFO] (lodekeeper) [Lodekeeper] PROGRESS elapsed_ms=36570 phase=crafting backend=baritone target=none navigation_elapsed_ms=0 navigation_ticks=0 searching=false path_index=0 path_length=0 retries=0 pending_route_events=0 dropped_route_events=0 status=CRAFT_minecraft:wooden_pickaxe
[14:31:17] [Render thread/INFO] (lodekeeper) [Lodekeeper] PROGRESS elapsed_ms=38634 phase=crafting backend=baritone target=none navigation_elapsed_ms=0 navigation_ticks=0 searching=false path_index=0 path_length=0 retries=0 pending_route_events=0 dropped_route_events=0 status=CRAFT_minecraft:wooden_pickaxe
[14:31:18] [lodekeeper-planner/INFO] (lodekeeper) [Lodekeeper] PROJECT_MATERIALS project=gear_diamond before=[gather:minecraft:stone:3, gather:minecraft:iron_ore:3, gather:minecraft:stone:8, gather:minecraft:diamond_ore:3, gather:minecraft:diamond_ore:3, gather:minecraft:birch_log:1, gather:minecraft:diamond_ore:4, gather:minecraft:diamond_ore:8, gather:minecraft:diamond_ore:5, gather:minecraft:diamond_ore:2, gather:minecraft:diamond_ore:7, gather:minecraft:diamond_ore:1, gather:minecraft:diamond_ore:2] after=[gather:minecraft:stone:3, gather:minecraft:iron_ore:3, gather:minecraft:stone:8, gather:minecraft:diamond_ore:3, gather:minecraft:diamond_ore:3, gather:minecraft:birch_log:1, gather:minecraft:diamond_ore:4, gather:minecraft:diamond_ore:8, gather:minecraft:diamond_ore:5, gather:minecraft:diamond_ore:2, gather:minecraft:diamond_ore:7, gather:minecraft:diamond_ore:1, gather:minecraft:diamond_ore:2]
[14:31:18] [lodekeeper-planner/INFO] (lodekeeper) [Lodekeeper] PLAN project=gear_diamond success=true steps=31 branches=149 elapsedMs=3.958996
[14:31:18] [Render thread/INFO] (lodekeeper) [Lodekeeper] STEP kind=GATHER source=gather:minecraft:stone output=minecraft:cobblestone count=3 operations=3 auxiliary=false
[14:31:19] [Render thread/INFO] (lodekeeper) [Lodekeeper] PROGRESS elapsed_ms=40688 phase=gathering backend=baritone target=none navigation_elapsed_ms=0 navigation_ticks=0 searching=false path_index=0 path_length=0 retries=0 pending_route_events=0 dropped_route_events=0 status=mining_the_recorded_owned_crafting_table
[14:31:21] [Render thread/INFO] (lodekeeper) [Lodekeeper] PROGRESS elapsed_ms=42743 phase=gathering backend=baritone target=none navigation_elapsed_ms=0 navigation_ticks=0 searching=false path_index=0 path_length=0 retries=0 pending_route_events=0 dropped_route_events=0 status=mining_the_recorded_owned_crafting_table
[14:31:22] [Render thread/INFO] (lodekeeper) [Lodekeeper] NAV backend=baritone mode=PICKUP event=CALC_STARTED elapsedMs=5
[14:31:22] [Render thread/INFO] (lodekeeper) [Lodekeeper] NAV calcTool=minecraft:dirt slot=0
[14:31:22] [Render thread/INFO] (lodekeeper) [Lodekeeper] NAV backend=baritone mode=PICKUP event=CALC_FINISHED_NOW_EXECUTING elapsedMs=32
[14:31:22] [Render thread/INFO] (lodekeeper) [Lodekeeper] NAV backend=baritone mode=PICKUP event=AT_GOAL elapsedMs=241
[14:31:22] [Render thread/INFO] (lodekeeper) [Lodekeeper] NAV backend=baritone mode=IDLE event=CANCELED elapsedMs=411
[14:31:22] [Render thread/INFO] (lodekeeper) [Lodekeeper] NAV backend=baritone mode=IDLE event=CANCELED elapsedMs=412
[14:31:22] [Render thread/INFO] (lodekeeper) [Lodekeeper] MINING_DEPTH policy=NEAREST desiredY=-2147483648 ceiling=2031 deficit=3 phase=MINE
[14:31:22] [Render thread/INFO] (lodekeeper) [Lodekeeper] NAV scan=native-mine durationNanos=3026569 hits=-1 requestTicks=0
[14:31:22] [Render thread/INFO] (lodekeeper) [Lodekeeper] NAV backend=baritone mode=MINE event=CALC_STARTED elapsedMs=4
[14:31:22] [Render thread/INFO] (lodekeeper) [Lodekeeper] NAV calcTool=minecraft:wooden_pickaxe slot=6
[14:31:22] [Render thread/INFO] (lodekeeper) [Lodekeeper] NAV backend=baritone mode=MINE event=CALC_FINISHED_NOW_EXECUTING elapsedMs=67
[14:31:22] [Render thread/INFO] (lodekeeper) [Lodekeeper] TARGET target=4,64,22 block=minecraft:stone
[14:31:23] [Render thread/INFO] (lodekeeper) [Lodekeeper] BREAK target=Mutable{x=5, y=70, z=27} block=Block{minecraft:grass_block} tool=minecraft:dirt slot=0 remaining=-1 required=route
[14:31:23] [Render thread/INFO] (lodekeeper) [Lodekeeper] PROGRESS elapsed_ms=44765 phase=traveling backend=baritone target=4,64,22 block=minecraft:stone navigation_elapsed_ms=1198 navigation_ticks=24 searching=false path_index=0 path_length=7 retries=0 pending_route_events=0 dropped_route_events=0 status=mining_and_collecting_minecraft:cobblestone___0/3
[14:31:25] [Render thread/INFO] (lodekeeper) [Lodekeeper] PROGRESS elapsed_ms=46784 phase=traveling backend=baritone target=4,64,22 block=minecraft:stone navigation_elapsed_ms=3218 navigation_ticks=64 searching=false path_index=0 path_length=7 retries=0 pending_route_events=0 dropped_route_events=0 status=mining_and_collecting_minecraft:cobblestone___0/3
[14:31:27] [Render thread/INFO] (lodekeeper) [Lodekeeper] PROGRESS elapsed_ms=48847 phase=traveling backend=baritone target=4,64,22 block=minecraft:stone navigation_elapsed_ms=5209 navigation_ticks=104 searching=false path_index=0 path_length=3 retries=0 pending_route_events=0 dropped_route_events=0 status=mining_and_collecting_minecraft:cobblestone___0/3
[14:31:28] [Render thread/INFO] (lodekeeper) [Lodekeeper] BREAK target=Mutable{x=4, y=64, z=22} block=Block{minecraft:stone} tool=minecraft:wooden_pickaxe slot=6 remaining=59 required=minecraft:wooden_pickaxe
[14:31:29] [Render thread/INFO] (lodekeeper) [Lodekeeper] PROGRESS elapsed_ms=50875 phase=traveling backend=baritone target=4,64,22 block=minecraft:stone navigation_elapsed_ms=7410 navigation_ticks=148 searching=false path_index=0 path_length=2 retries=0 pending_route_events=0 dropped_route_events=0 status=mining_and_collecting_minecraft:cobblestone___0/3
[14:31:31] [Render thread/INFO] (lodekeeper) [Lodekeeper] PROGRESS elapsed_ms=52897 phase=traveling backend=baritone target=4,64,22 block=minecraft:stone navigation_elapsed_ms=9432 navigation_ticks=188 searching=false path_index=0 path_length=2 retries=0 pending_route_events=0 dropped_route_events=0 status=mining_and_collecting_minecraft:cobblestone___0/3
[14:31:33] [Render thread/INFO] (lodekeeper) [Lodekeeper] TARGET target=3,64,23 block=minecraft:stone
[14:31:33] [Render thread/INFO] (lodekeeper) [Lodekeeper] NAV backend=baritone mode=MINE event=CALC_STARTED elapsedMs=11420
[14:31:33] [Render thread/INFO] (lodekeeper) [Lodekeeper] NAV calcTool=minecraft:dirt slot=0
[14:31:33] [Render thread/INFO] (lodekeeper) [Lodekeeper] NAV backend=baritone mode=MINE event=CALC_FINISHED_NOW_EXECUTING elapsedMs=11420
[14:31:33] [Render thread/INFO] (lodekeeper) [Lodekeeper] PROGRESS elapsed_ms=54917 phase=traveling backend=baritone target=3,64,23 block=minecraft:stone navigation_elapsed_ms=11419 navigation_ticks=228 searching=false path_index=0 path_length=2 retries=0 pending_route_events=0 dropped_route_events=0 status=mining_and_collecting_minecraft:cobblestone___0/3
[14:31:34] [Render thread/INFO] (lodekeeper) [Lodekeeper] BREAK target=Mutable{x=3, y=63, z=23} block=Block{minecraft:stone} tool=minecraft:wooden_pickaxe slot=6 remaining=58 required=minecraft:wooden_pickaxe
[14:31:35] [Render thread/INFO] (lodekeeper) [Lodekeeper] PROGRESS elapsed_ms=56939 phase=traveling backend=baritone target=3,64,23 block=minecraft:stone navigation_elapsed_ms=13406 navigation_ticks=268 searching=false path_index=0 path_length=2 retries=0 pending_route_events=0 dropped_route_events=0 status=mining_and_collecting_minecraft:cobblestone___1/3
[14:31:38] [Render thread/INFO] (lodekeeper) [Lodekeeper] PROGRESS elapsed_ms=58981 phase=traveling backend=baritone target=3,64,23 block=minecraft:stone navigation_elapsed_ms=15415 navigation_ticks=308 searching=false path_index=0 path_length=2 retries=0 pending_route_events=0 dropped_route_events=0 status=mining_and_collecting_minecraft:cobblestone___1/3
[14:31:40] [Render thread/INFO] (lodekeeper) [Lodekeeper] PROGRESS elapsed_ms=60995 phase=traveling backend=baritone target=3,64,23 block=minecraft:stone navigation_elapsed_ms=17429 navigation_ticks=348 searching=false path_index=0 path_length=2 retries=0 pending_route_events=0 dropped_route_events=0 status=mining_and_collecting_minecraft:cobblestone___1/3
[14:31:41] [Render thread/INFO] (lodekeeper) [Lodekeeper] NAV backend=baritone mode=MINE event=CALC_STARTED elapsedMs=19164
[14:31:41] [Render thread/INFO] (lodekeeper) [Lodekeeper] NAV calcTool=minecraft:wooden_pickaxe slot=6
[14:31:41] [Render thread/INFO] (lodekeeper) [Lodekeeper] NAV backend=baritone mode=MINE event=CALC_FINISHED_NOW_EXECUTING elapsedMs=19232
[14:31:42] [Render thread/INFO] (lodekeeper) [Lodekeeper] PROGRESS elapsed_ms=63035 phase=traveling backend=baritone target=3,64,23 block=minecraft:stone navigation_elapsed_ms=19400 navigation_ticks=388 searching=false path_index=0 path_length=2 retries=0 pending_route_events=0 dropped_route_events=0 status=mining_and_collecting_minecraft:cobblestone___1/3
[14:31:44] [Render thread/INFO] (lodekeeper) [Lodekeeper] PROGRESS elapsed_ms=65086 phase=traveling backend=baritone target=3,64,23 block=minecraft:stone navigation_elapsed_ms=21621 navigation_ticks=432 searching=false path_index=0 path_length=2 retries=0 pending_route_events=0 dropped_route_events=0 status=mining_and_collecting_minecraft:cobblestone___1/3
[14:31:46] [Render thread/INFO] (lodekeeper) [Lodekeeper] PROGRESS elapsed_ms=67132 phase=traveling backend=baritone target=3,64,23 block=minecraft:stone navigation_elapsed_ms=23600 navigation_ticks=472 searching=false path_index=0 path_length=2 retries=0 pending_route_events=0 dropped_route_events=0 status=mining_and_collecting_minecraft:cobblestone___1/3
[14:31:47] [Render thread/INFO] (lodekeeper) [Lodekeeper] BREAK target=Mutable{x=3, y=64, z=23} block=Block{minecraft:stone} tool=minecraft:wooden_pickaxe slot=6 remaining=57 required=minecraft:wooden_pickaxe
[14:31:48] [Render thread/INFO] (lodekeeper) [Lodekeeper] PROGRESS elapsed_ms=69145 phase=traveling backend=baritone target=3,64,23 block=minecraft:stone navigation_elapsed_ms=25611 navigation_ticks=512 searching=false path_index=0 path_length=2 retries=0 pending_route_events=0 dropped_route_events=0 status=mining_and_collecting_minecraft:cobblestone___2/3
[14:31:49] [Render thread/INFO] (lodekeeper) [Lodekeeper] NAV backend=baritone mode=MINE event=CALC_STARTED elapsedMs=26975
[14:31:49] [Render thread/INFO] (lodekeeper) [Lodekeeper] NAV calcTool=minecraft:wooden_pickaxe slot=6
[14:31:49] [Render thread/INFO] (lodekeeper) [Lodekeeper] NAV backend=baritone mode=MINE event=CALC_FINISHED_NOW_EXECUTING elapsedMs=27009
[14:31:50] [Render thread/INFO] (lodekeeper) [Lodekeeper] PROGRESS elapsed_ms=71163 phase=traveling backend=baritone target=3,64,23 block=minecraft:stone navigation_elapsed_ms=27628 navigation_ticks=552 searching=false path_index=0 path_length=2 retries=0 pending_route_events=0 dropped_route_events=0 status=mining_and_collecting_minecraft:cobblestone___2/3
[14:31:52] [Render thread/INFO] (lodekeeper) [Lodekeeper] PROGRESS elapsed_ms=73180 phase=traveling backend=baritone target=3,64,23 block=minecraft:stone navigation_elapsed_ms=29613 navigation_ticks=592 searching=false path_index=0 path_length=2 retries=0 pending_route_events=0 dropped_route_events=0 status=mining_and_collecting_minecraft:cobblestone___2/3
[14:31:54] [Render thread/INFO] (lodekeeper) [Lodekeeper] PROGRESS elapsed_ms=75236 phase=traveling backend=baritone target=3,64,23 block=minecraft:stone navigation_elapsed_ms=31601 navigation_ticks=632 searching=false path_index=0 path_length=2 retries=0 pending_route_events=0 dropped_route_events=0 status=mining_and_collecting_minecraft:cobblestone___2/3
[14:31:56] [Render thread/INFO] (lodekeeper) [Lodekeeper] NAV backend=baritone mode=MINE event=CALC_STARTED elapsedMs=33553
[14:31:56] [Render thread/INFO] (lodekeeper) [Lodekeeper] NAV calcTool=minecraft:wooden_pickaxe slot=6
[14:31:56] [Render thread/INFO] (lodekeeper) [Lodekeeper] NAV backend=baritone mode=MINE event=CALC_FINISHED_NOW_EXECUTING elapsedMs=33622
[14:31:56] [Render thread/INFO] (lodekeeper) [Lodekeeper] PROGRESS elapsed_ms=77294 phase=traveling backend=baritone target=3,64,23 block=minecraft:stone navigation_elapsed_ms=33829 navigation_ticks=676 searching=false path_index=0 path_length=2 retries=0 pending_route_events=0 dropped_route_events=0 status=mining_and_collecting_minecraft:cobblestone___2/3
[14:31:58] [Render thread/INFO] (lodekeeper) [Lodekeeper] PROGRESS elapsed_ms=79317 phase=traveling backend=baritone target=3,64,23 block=minecraft:stone navigation_elapsed_ms=35819 navigation_ticks=716 searching=false path_index=0 path_length=2 retries=0 pending_route_events=0 dropped_route_events=0 status=mining_and_collecting_minecraft:cobblestone___2/3
[14:32:00] [Render thread/INFO] (lodekeeper) [Lodekeeper] PROGRESS elapsed_ms=81335 phase=traveling backend=baritone target=3,64,23 block=minecraft:stone navigation_elapsed_ms=37803 navigation_ticks=756 searching=false path_index=0 path_length=2 retries=0 pending_route_events=0 dropped_route_events=0 status=mining_and_collecting_minecraft:cobblestone___2/3
[14:32:01] [Render thread/INFO] (lodekeeper) [Lodekeeper] NAV backend=baritone mode=MINE event=CALC_STARTED elapsedMs=39376
[14:32:01] [Render thread/INFO] (lodekeeper) [Lodekeeper] NAV calcTool=minecraft:wooden_pickaxe slot=6
[14:32:01] [Render thread/INFO] (lodekeeper) [Lodekeeper] NAV backend=baritone mode=MINE event=CALC_FINISHED_NOW_EXECUTING elapsedMs=39376
[14:32:01] [Render thread/INFO] (lodekeeper) [Lodekeeper] TARGET target=5,64,21 block=minecraft:stone
[14:32:02] [Render thread/INFO] (lodekeeper) [Lodekeeper] TARGET target=none
[14:32:02] [Render thread/INFO] (lodekeeper) [Lodekeeper] PROGRESS elapsed_ms=83389 phase=gathering backend=baritone target=none navigation_elapsed_ms=0 navigation_ticks=0 searching=false path_index=0 path_length=0 retries=0 pending_route_events=0 dropped_route_events=0 status=mining_and_collecting_minecraft:cobblestone___2/3
[14:32:02] [lodekeeper-planner/INFO] (lodekeeper) [Lodekeeper] PROJECT_MATERIALS project=gear_diamond before=[gather:minecraft:iron_ore:3, gather:minecraft:stone:8, gather:minecraft:diamond_ore:3, gather:minecraft:diamond_ore:3, gather:minecraft:birch_log:1, gather:minecraft:diamond_ore:4, gather:minecraft:diamond_ore:8, gather:minecraft:diamond_ore:5, gather:minecraft:diamond_ore:2, gather:minecraft:diamond_ore:7, gather:minecraft:diamond_ore:1, gather:minecraft:diamond_ore:2] after=[gather:minecraft:iron_ore:3, gather:minecraft:stone:8, gather:minecraft:diamond_ore:3, gather:minecraft:diamond_ore:3, gather:minecraft:birch_log:1, gather:minecraft:diamond_ore:4, gather:minecraft:diamond_ore:8, gather:minecraft:diamond_ore:5, gather:minecraft:diamond_ore:2, gather:minecraft:diamond_ore:7, gather:minecraft:diamond_ore:1, gather:minecraft:diamond_ore:2]
[14:32:02] [lodekeeper-planner/INFO] (lodekeeper) [Lodekeeper] PLAN project=gear_diamond success=true steps=31 branches=145 elapsedMs=5.715285
[14:32:02] [Render thread/INFO] (lodekeeper) [Lodekeeper] STEP kind=PLACE_STATION source=place:minecraft:crafting_table output=null count=0 operations=1 auxiliary=false
[14:32:02] [Render thread/INFO] (lodekeeper) [Lodekeeper] TARGET target=3,63,23 block=minecraft:crafting_table
[14:32:02] [Render thread/INFO] (lodekeeper) [Lodekeeper] TARGET target=none
[14:32:02] [lodekeeper-planner/INFO] (lodekeeper) [Lodekeeper] PROJECT_MATERIALS project=gear_diamond before=[gather:minecraft:iron_ore:3, gather:minecraft:stone:8, gather:minecraft:diamond_ore:3, gather:minecraft:diamond_ore:3, gather:minecraft:birch_log:1, gather:minecraft:diamond_ore:4, gather:minecraft:diamond_ore:8, gather:minecraft:diamond_ore:5, gather:minecraft:diamond_ore:2, gather:minecraft:diamond_ore:7, gather:minecraft:diamond_ore:1, gather:minecraft:diamond_ore:2] after=[gather:minecraft:iron_ore:3, gather:minecraft:stone:8, gather:minecraft:diamond_ore:3, gather:minecraft:diamond_ore:3, gather:minecraft:birch_log:1, gather:minecraft:diamond_ore:4, gather:minecraft:diamond_ore:8, gather:minecraft:diamond_ore:5, gather:minecraft:diamond_ore:2, gather:minecraft:diamond_ore:7, gather:minecraft:diamond_ore:1, gather:minecraft:diamond_ore:2]
[14:32:02] [lodekeeper-planner/INFO] (lodekeeper) [Lodekeeper] PLAN project=gear_diamond success=true steps=30 branches=144 elapsedMs=4.434134
[14:32:02] [Render thread/INFO] (lodekeeper) [Lodekeeper] STEP kind=CRAFT source=minecraft:stone_pickaxe output=minecraft:stone_pickaxe count=1 operations=1 auxiliary=false
[14:32:04] [Render thread/INFO] (lodekeeper) [Lodekeeper] PROGRESS elapsed_ms=85415 phase=crafting backend=baritone target=none navigation_elapsed_ms=0 navigation_ticks=0 searching=false path_index=0 path_length=0 retries=0 pending_route_events=0 dropped_route_events=0 status=CRAFT_minecraft:stone_pickaxe
[14:32:06] [Render thread/INFO] (lodekeeper) [Lodekeeper] PROGRESS elapsed_ms=87424 phase=crafting backend=baritone target=none navigation_elapsed_ms=0 navigation_ticks=0 searching=false path_index=0 path_length=0 retries=0 pending_route_events=0 dropped_route_events=0 status=CRAFT_minecraft:stone_pickaxe
[14:32:06] [lodekeeper-planner/INFO] (lodekeeper) [Lodekeeper] PROJECT_MATERIALS project=gear_diamond before=[gather:minecraft:iron_ore:3, gather:minecraft:stone:8, gather:minecraft:diamond_ore:3, gather:minecraft:diamond_ore:3, gather:minecraft:birch_log:1, gather:minecraft:diamond_ore:4, gather:minecraft:diamond_ore:8, gather:minecraft:diamond_ore:5, gather:minecraft:diamond_ore:2, gather:minecraft:diamond_ore:7, gather:minecraft:diamond_ore:1, gather:minecraft:diamond_ore:2] after=[gather:minecraft:iron_ore:3, gather:minecraft:stone:8, gather:minecraft:diamond_ore:3, gather:minecraft:diamond_ore:3, gather:minecraft:birch_log:1, gather:minecraft:diamond_ore:4, gather:minecraft:diamond_ore:8, gather:minecraft:diamond_ore:5, gather:minecraft:diamond_ore:2, gather:minecraft:diamond_ore:7, gather:minecraft:diamond_ore:1, gather:minecraft:diamond_ore:2]
[14:32:06] [lodekeeper-planner/INFO] (lodekeeper) [Lodekeeper] PLAN project=gear_diamond success=true steps=29 branches=139 elapsedMs=3.676392
[14:32:06] [Render thread/INFO] (lodekeeper) [Lodekeeper] STEP kind=GATHER source=gather:minecraft:iron_ore output=minecraft:raw_iron count=3 operations=3 auxiliary=false
[14:32:06] [Render thread/INFO] (lodekeeper) [Lodekeeper] MINING_DEPTH policy=NEAREST desiredY=16 ceiling=2031 deficit=3 phase=MINE
[14:32:06] [Render thread/INFO] (lodekeeper) [Lodekeeper] NAV scan=native-mine durationNanos=2304832 hits=-1 requestTicks=0
[14:32:06] [Render thread/INFO] (lodekeeper) [Lodekeeper] NAV backend=baritone mode=MINE event=CALC_STARTED elapsedMs=3
[14:32:06] [Render thread/INFO] (lodekeeper) [Lodekeeper] NAV calcTool=minecraft:stone_pickaxe slot=7
[14:32:06] [Render thread/INFO] (lodekeeper) [Lodekeeper] NAV discovered=3 retained=64 rejected=0 requestTicks=4 phase=MINE
[14:32:06] [Render thread/INFO] (lodekeeper) [Lodekeeper] ROUTE_SEARCH kind=unknown anchor=unknown feet_y16=0 candidates=0 target=none elapsed_ms=87932
[14:32:07] [Render thread/INFO] (lodekeeper) [Lodekeeper] NAV backend=baritone mode=MINE event=CALC_FINISHED_NOW_EXECUTING elapsedMs=238
[14:32:07] [Render thread/INFO] (lodekeeper) [Lodekeeper] NAV discovered=3 retained=64 rejected=0 requestTicks=8 phase=MINE
[14:32:07] [Render thread/INFO] (lodekeeper) [Lodekeeper] TARGET target=3,52,29 block=minecraft:iron_ore
[14:32:07] [Render thread/INFO] (lodekeeper) [Lodekeeper] ROUTE_TRAVEL path_index=0 path_length=19 target=3,52,29 block=minecraft:iron_ore elapsed_ms=88137
[14:32:08] [Render thread/INFO] (lodekeeper) [Lodekeeper] PROGRESS elapsed_ms=89440 phase=traveling backend=baritone target=3,52,29 block=minecraft:iron_ore navigation_elapsed_ms=1608 navigation_ticks=32 searching=false path_index=0 path_length=16 retries=0 pending_route_events=0 dropped_route_events=0 status=mining_and_collecting_minecraft:raw_iron___0/3
[14:32:10] [Render thread/INFO] (lodekeeper) [Lodekeeper] PROGRESS elapsed_ms=91442 phase=traveling backend=baritone target=3,52,29 block=minecraft:iron_ore navigation_elapsed_ms=3611 navigation_ticks=72 searching=false path_index=0 path_length=13 retries=0 pending_route_events=0 dropped_route_events=0 status=mining_and_collecting_minecraft:raw_iron___0/3
[14:32:10] [Render thread/INFO] (lodekeeper) [Lodekeeper] BREAK target=Mutable{x=5, y=63, z=29} block=Block{minecraft:grass_block} tool=minecraft:dirt slot=0 remaining=-1 required=route
[14:32:12] [Render thread/INFO] (lodekeeper) [Lodekeeper] BREAK target=Mutable{x=5, y=62, z=29} block=Block{minecraft:dirt} tool=minecraft:dirt slot=0 remaining=-1 required=route
[14:32:12] [Render thread/INFO] (lodekeeper) [Lodekeeper] PROGRESS elapsed_ms=93490 phase=traveling backend=baritone target=3,52,29 block=minecraft:iron_ore navigation_elapsed_ms=5588 navigation_ticks=112 searching=false path_index=0 path_length=12 retries=0 pending_route_events=0 dropped_route_events=0 status=mining_and_collecting_minecraft:raw_iron___0/3
[14:32:13] [Render thread/INFO] (lodekeeper) [Lodekeeper] BREAK target=Mutable{x=5, y=61, z=29} block=Block{minecraft:dirt} tool=minecraft:dirt slot=0 remaining=-1 required=route
[14:32:14] [Render thread/INFO] (lodekeeper) [Lodekeeper] BREAK target=Mutable{x=5, y=60, z=29} block=Block{minecraft:dirt} tool=minecraft:dirt slot=0 remaining=-1 required=route
[14:32:14] [Render thread/INFO] (lodekeeper) [Lodekeeper] PROGRESS elapsed_ms=95544 phase=traveling backend=baritone target=3,52,29 block=minecraft:iron_ore navigation_elapsed_ms=7814 navigation_ticks=156 searching=false path_index=0 path_length=10 retries=0 pending_route_events=0 dropped_route_events=0 status=mining_and_collecting_minecraft:raw_iron___0/3
[14:32:15] [Render thread/INFO] (lodekeeper) [Lodekeeper] BREAK target=Mutable{x=5, y=59, z=29} block=Block{minecraft:stone} tool=minecraft:stone_pickaxe slot=7 remaining=131 required=route
[14:32:16] [Render thread/INFO] (lodekeeper) [Lodekeeper] BREAK target=Mutable{x=5, y=58, z=29} block=Block{minecraft:stone} tool=minecraft:stone_pickaxe slot=7 remaining=130 required=route
[14:32:16] [Render thread/INFO] (lodekeeper) [Lodekeeper] PROGRESS elapsed_ms=97565 phase=traveling backend=baritone target=3,52,29 block=minecraft:iron_ore navigation_elapsed_ms=9801 navigation_ticks=196 searching=false path_index=0 path_length=8 retries=0 pending_route_events=0 dropped_route_events=0 status=mining_and_collecting_minecraft:raw_iron___0/3
[14:32:17] [Render thread/INFO] (lodekeeper) [Lodekeeper] BREAK target=Mutable{x=5, y=57, z=29} block=Block{minecraft:stone} tool=minecraft:stone_pickaxe slot=7 remaining=129 required=route
[14:32:18] [Render thread/INFO] (lodekeeper) [Lodekeeper] BREAK target=Mutable{x=5, y=56, z=29} block=Block{minecraft:stone} tool=minecraft:stone_pickaxe slot=7 remaining=128 required=route
[14:32:18] [Render thread/INFO] (lodekeeper) [Lodekeeper] PROGRESS elapsed_ms=99580 phase=traveling backend=baritone target=3,52,29 block=minecraft:iron_ore navigation_elapsed_ms=11815 navigation_ticks=236 searching=false path_index=0 path_length=6 retries=0 pending_route_events=0 dropped_route_events=0 status=mining_and_collecting_minecraft:raw_iron___0/3
[14:32:19] [Render thread/INFO] (lodekeeper) [Lodekeeper] BREAK target=Mutable{x=5, y=55, z=29} block=Block{minecraft:stone} tool=minecraft:stone_pickaxe slot=7 remaining=127 required=route
[14:32:19] [Render thread/INFO] (lodekeeper) [Lodekeeper] BREAK target=Mutable{x=5, y=54, z=29} block=Block{minecraft:stone} tool=minecraft:stone_pickaxe slot=7 remaining=126 required=route
[14:32:20] [Render thread/INFO] (lodekeeper) [Lodekeeper] PROGRESS elapsed_ms=101634 phase=traveling backend=baritone target=3,52,29 block=minecraft:iron_ore navigation_elapsed_ms=13802 navigation_ticks=276 searching=false path_index=0 path_length=4 retries=0 pending_route_events=0 dropped_route_events=0 status=mining_and_collecting_minecraft:raw_iron___0/3
[14:32:20] [Render thread/INFO] (lodekeeper) [Lodekeeper] BREAK target=Mutable{x=4, y=55, z=29} block=Block{minecraft:stone} tool=minecraft:stone_pickaxe slot=7 remaining=125 required=route
[14:32:21] [Render thread/INFO] (lodekeeper) [Lodekeeper] BREAK target=Mutable{x=4, y=54, z=29} block=Block{minecraft:stone} tool=minecraft:stone_pickaxe slot=7 remaining=124 required=route
[14:32:22] [Render thread/INFO] (lodekeeper) [Lodekeeper] BREAK target=Mutable{x=4, y=53, z=29} block=Block{minecraft:stone} tool=minecraft:stone_pickaxe slot=7 remaining=123 required=route
[14:32:22] [Render thread/INFO] (lodekeeper) [Lodekeeper] PROGRESS elapsed_ms=103686 phase=traveling backend=baritone target=3,52,29 block=minecraft:iron_ore navigation_elapsed_ms=15817 navigation_ticks=316 searching=false path_index=0 path_length=3 retries=0 pending_route_events=0 dropped_route_events=0 status=mining_and_collecting_minecraft:raw_iron___0/3
[14:32:23] [Render thread/INFO] (lodekeeper) [Lodekeeper] BREAK target=Mutable{x=3, y=54, z=29} block=Block{minecraft:stone} tool=minecraft:stone_pickaxe slot=7 remaining=122 required=route
[14:32:24] [Render thread/INFO] (lodekeeper) [Lodekeeper] BREAK target=Mutable{x=3, y=53, z=29} block=Block{minecraft:iron_ore} tool=minecraft:stone_pickaxe slot=7 remaining=121 required=minecraft:stone_pickaxe
[14:32:24] [Render thread/INFO] (lodekeeper) [Lodekeeper] PROGRESS elapsed_ms=105732 phase=traveling backend=baritone target=3,52,29 block=minecraft:iron_ore navigation_elapsed_ms=18003 navigation_ticks=360 searching=false path_index=0 path_length=2 retries=0 pending_route_events=0 dropped_route_events=0 status=mining_and_collecting_minecraft:raw_iron___0/3
[14:32:25] [Render thread/INFO] (lodekeeper) [Lodekeeper] NAV discovered=1 retained=64 rejected=0 requestTicks=381 phase=MINE
[14:32:26] [Render thread/INFO] (lodekeeper) [Lodekeeper] BREAK target=Mutable{x=3, y=52, z=29} block=Block{minecraft:iron_ore} tool=minecraft:stone_pickaxe slot=7 remaining=120 required=minecraft:stone_pickaxe
[14:32:26] [Render thread/INFO] (lodekeeper) [Lodekeeper] PROGRESS elapsed_ms=107743 phase=traveling backend=baritone target=3,52,29 block=minecraft:iron_ore navigation_elapsed_ms=20013 navigation_ticks=400 searching=false path_index=0 path_length=2 retries=0 pending_route_events=0 dropped_route_events=0 status=mining_and_collecting_minecraft:raw_iron___1/3
[14:32:27] [Render thread/INFO] (lodekeeper) [Lodekeeper] NAV discovered=1 retained=64 rejected=0 requestTicks=410 phase=MINE
[14:32:27] [Render thread/INFO] (lodekeeper) [Lodekeeper] NAV backend=baritone mode=MINE event=CALC_STARTED elapsedMs=20493
[14:32:27] [Render thread/INFO] (lodekeeper) [Lodekeeper] NAV calcTool=minecraft:stone_pickaxe slot=7
[14:32:27] [Render thread/INFO] (lodekeeper) [Lodekeeper] NAV backend=baritone mode=MINE event=CALC_FINISHED_NOW_EXECUTING elapsedMs=20493
[14:32:27] [Render thread/INFO] (lodekeeper) [Lodekeeper] TARGET target=2,54,28 block=minecraft:iron_ore
[14:32:27] [Render thread/INFO] (lodekeeper) [Lodekeeper] BREAK target=Mutable{x=3, y=53, z=28} block=Block{minecraft:stone} tool=minecraft:stone_pickaxe slot=7 remaining=119 required=route
[14:32:28] [Render thread/INFO] (lodekeeper) [Lodekeeper] BREAK target=Mutable{x=3, y=54, z=28} block=Block{minecraft:stone} tool=minecraft:stone_pickaxe slot=7 remaining=118 required=route
[14:32:28] [Render thread/INFO] (lodekeeper) [Lodekeeper] PROGRESS elapsed_ms=109787 phase=traveling backend=baritone target=2,54,28 block=minecraft:iron_ore navigation_elapsed_ms=21987 navigation_ticks=440 searching=false path_index=0 path_length=3 retries=0 pending_route_events=0 dropped_route_events=0 status=mining_and_collecting_minecraft:raw_iron___2/3
[14:32:29] [Render thread/INFO] (lodekeeper) [Lodekeeper] BREAK target=Mutable{x=2, y=54, z=28} block=Block{minecraft:iron_ore} tool=minecraft:stone_pickaxe slot=7 remaining=117 required=minecraft:stone_pickaxe
[14:32:30] [Render thread/INFO] (lodekeeper) [Lodekeeper] TARGET target=none
[14:32:30] [Render thread/INFO] (lodekeeper) [Lodekeeper] PROGRESS elapsed_ms=111840 phase=traveling backend=baritone target=none navigation_elapsed_ms=24008 navigation_ticks=480 searching=false path_index=0 path_length=2 retries=0 pending_route_events=0 dropped_route_events=0 status=mining_and_collecting_minecraft:raw_iron___2/3
[14:32:31] [Render thread/INFO] (lodekeeper) [Lodekeeper] BREAK target=Mutable{x=2, y=53, z=28} block=Block{minecraft:stone} tool=minecraft:stone_pickaxe slot=7 remaining=116 required=route
[14:32:31] [lodekeeper-planner/INFO] (lodekeeper) [Lodekeeper] PROJECT_MATERIALS project=gear_diamond before=[gather:minecraft:diamond_ore:3, gather:minecraft:diamond_ore:3, gather:minecraft:birch_log:1, gather:minecraft:diamond_ore:4, gather:minecraft:diamond_ore:8, gather:minecraft:diamond_ore:5, gather:minecraft:diamond_ore:2, gather:minecraft:diamond_ore:7, gather:minecraft:diamond_ore:1, gather:minecraft:diamond_ore:2] after=[gather:minecraft:diamond_ore:3, gather:minecraft:diamond_ore:3, gather:minecraft:birch_log:1, gather:minecraft:diamond_ore:4, gather:minecraft:diamond_ore:8, gather:minecraft:diamond_ore:5, gather:minecraft:diamond_ore:2, gather:minecraft:diamond_ore:7, gather:minecraft:diamond_ore:1, gather:minecraft:diamond_ore:2]
[14:32:31] [lodekeeper-planner/INFO] (lodekeeper) [Lodekeeper] PLAN project=gear_diamond success=true steps=27 branches=130 elapsedMs=4.524982
[14:32:31] [Render thread/INFO] (lodekeeper) [Lodekeeper] STEP kind=CRAFT source=minecraft:furnace output=minecraft:furnace count=1 operations=1 auxiliary=false
[14:32:31] [Render thread/INFO] (lodekeeper) [Lodekeeper] NAV backend=baritone mode=MOVE event=CALC_STARTED elapsedMs=0
[14:32:31] [Render thread/INFO] (lodekeeper) [Lodekeeper] NAV calcTool=minecraft:stone_pickaxe slot=7
[14:32:31] [Render thread/INFO] (lodekeeper) [Lodekeeper] NAV backend=baritone mode=MOVE event=CALC_FINISHED_NOW_EXECUTING elapsedMs=31
[14:32:32] [Render thread/INFO] (lodekeeper) [Lodekeeper] PROGRESS elapsed_ms=113896 phase=traveling backend=baritone target=none navigation_elapsed_ms=1193 navigation_ticks=24 searching=false path_index=0 path_length=15 retries=0 pending_route_events=0 dropped_route_events=0 status=following_route
[14:32:34] [Render thread/INFO] (lodekeeper) [Lodekeeper] PROGRESS elapsed_ms=115916 phase=traveling backend=baritone target=none navigation_elapsed_ms=3177 navigation_ticks=64 searching=false path_index=0 path_length=11 retries=0 pending_route_events=0 dropped_route_events=0 status=following_route
[14:32:36] [Render thread/INFO] (lodekeeper) [Lodekeeper] NAV backend=baritone mode=MOVE event=CALC_STARTED elapsedMs=4521
[14:32:36] [Render thread/INFO] (lodekeeper) [Lodekeeper] NAV calcTool=minecraft:air slot=0
[14:32:36] [Render thread/INFO] (lodekeeper) [Lodekeeper] NAV backend=baritone mode=MOVE event=CALC_FINISHED_NOW_EXECUTING elapsedMs=4588
[14:32:36] [Render thread/INFO] (lodekeeper) [Lodekeeper] PROGRESS elapsed_ms=117939 phase=traveling backend=baritone target=none navigation_elapsed_ms=5168 navigation_ticks=104 searching=false path_index=0 path_length=6 retries=0 pending_route_events=0 dropped_route_events=0 status=following_route
[14:32:39] [Render thread/INFO] (lodekeeper) [Lodekeeper] PROGRESS elapsed_ms=119988 phase=traveling backend=baritone target=none navigation_elapsed_ms=7387 navigation_ticks=148 searching=false path_index=0 path_length=2 retries=0 pending_route_events=0 dropped_route_events=0 status=following_route
[14:32:41] [Render thread/INFO] (lodekeeper) [Lodekeeper] PROGRESS elapsed_ms=122040 phase=working backend=baritone target=none navigation_elapsed_ms=0 navigation_ticks=0 searching=false path_index=0 path_length=0 retries=0 pending_route_events=0 dropped_route_events=0 status=following_route
[14:32:43] [Render thread/INFO] (lodekeeper) [Lodekeeper] PROGRESS elapsed_ms=124090 phase=working backend=baritone target=none navigation_elapsed_ms=0 navigation_ticks=0 searching=false path_index=0 path_length=0 retries=0 pending_route_events=0 dropped_route_events=0 status=following_route
[14:32:45] [Render thread/INFO] (lodekeeper) [Lodekeeper] PROGRESS elapsed_ms=126135 phase=working backend=baritone target=none navigation_elapsed_ms=0 navigation_ticks=0 searching=false path_index=0 path_length=0 retries=0 pending_route_events=0 dropped_route_events=0 status=following_route
[14:32:45] [lodekeeper-planner/INFO] (lodekeeper) [Lodekeeper] PROJECT_MATERIALS project=gear_diamond before=[gather:minecraft:diamond_ore:3, gather:minecraft:diamond_ore:3, gather:minecraft:birch_log:1, gather:minecraft:diamond_ore:4, gather:minecraft:diamond_ore:8, gather:minecraft:diamond_ore:5, gather:minecraft:diamond_ore:2, gather:minecraft:diamond_ore:7, gather:minecraft:diamond_ore:1, gather:minecraft:diamond_ore:2] after=[gather:minecraft:diamond_ore:3, gather:minecraft:diamond_ore:3, gather:minecraft:birch_log:1, gather:minecraft:diamond_ore:4, gather:minecraft:diamond_ore:8, gather:minecraft:diamond_ore:5, gather:minecraft:diamond_ore:2, gather:minecraft:diamond_ore:7, gather:minecraft:diamond_ore:1, gather:minecraft:diamond_ore:2]
[14:32:45] [lodekeeper-planner/INFO] (lodekeeper) [Lodekeeper] PLAN project=gear_diamond success=true steps=26 branches=127 elapsedMs=3.723866
[14:32:45] [Render thread/INFO] (lodekeeper) [Lodekeeper] STEP kind=PLACE_STATION source=place:minecraft:furnace output=null count=0 operations=1 auxiliary=false
[14:32:45] [Render thread/INFO] (lodekeeper) [Lodekeeper] TARGET target=5,63,28 block=minecraft:air
[14:32:45] [Render thread/INFO] (lodekeeper) [Lodekeeper] NAV backend=baritone mode=MOVE event=CALC_STARTED elapsedMs=0
[14:32:45] [Render thread/INFO] (lodekeeper) [Lodekeeper] NAV calcTool=minecraft:air slot=0
[14:32:45] [Render thread/INFO] (lodekeeper) [Lodekeeper] NAV backend=baritone mode=MOVE event=CALC_FINISHED_NOW_EXECUTING elapsedMs=66
[14:32:47] [Render thread/INFO] (lodekeeper) [Lodekeeper] PROGRESS elapsed_ms=128148 phase=traveling backend=baritone target=5,63,28 block=minecraft:air navigation_elapsed_ms=1429 navigation_ticks=28 searching=false path_index=0 path_length=4 retries=0 pending_route_events=0 dropped_route_events=0 status=following_route
[14:32:48] [Render thread/INFO] (lodekeeper) [Lodekeeper] TARGET target=none
[14:32:48] [lodekeeper-planner/INFO] (lodekeeper) [Lodekeeper] PROJECT_MATERIALS project=gear_diamond before=[gather:minecraft:diamond_ore:3, gather:minecraft:diamond_ore:3, gather:minecraft:birch_log:1, gather:minecraft:diamond_ore:4, gather:minecraft:diamond_ore:8, gather:minecraft:diamond_ore:5, gather:minecraft:diamond_ore:2, gather:minecraft:diamond_ore:7, gather:minecraft:diamond_ore:1, gather:minecraft:diamond_ore:2] after=[gather:minecraft:diamond_ore:3, gather:minecraft:diamond_ore:3, gather:minecraft:birch_log:1, gather:minecraft:diamond_ore:4, gather:minecraft:diamond_ore:8, gather:minecraft:diamond_ore:5, gather:minecraft:diamond_ore:2, gather:minecraft:diamond_ore:7, gather:minecraft:diamond_ore:1, gather:minecraft:diamond_ore:2]
[14:32:48] [lodekeeper-planner/INFO] (lodekeeper) [Lodekeeper] PLAN project=gear_diamond success=true steps=25 branches=126 elapsedMs=3.791268
[14:32:48] [Render thread/INFO] (lodekeeper) [Lodekeeper] SMELT_REQUIREMENTS source=minecraft:iron_ingot_from_smelting_raw_iron selected=[SelectedItemRequirement[item=minecraft:raw_iron, count=3, consumed=true, purpose=smelting input, recipeSlot=-1], SelectedItemRequirement[item=minecraft:birch_log, count=2, consumed=true, purpose=smelting fuel, recipeSlot=-1], SelectedStationRequirement[station=minecraft:furnace, purpose=use station]]
[14:32:48] [Render thread/INFO] (lodekeeper) [Lodekeeper] STEP kind=SMELT source=minecraft:iron_ingot_from_smelting_raw_iron output=minecraft:iron_ingot count=3 operations=3 auxiliary=false
[14:32:49] [Render thread/INFO] (lodekeeper) [Lodekeeper] PROGRESS elapsed_ms=130196 phase=smelting backend=baritone target=none navigation_elapsed_ms=0 navigation_ticks=0 searching=false path_index=0 path_length=0 retries=0 pending_route_events=0 dropped_route_events=0 status=SMELT_minecraft:iron_ingot_from_smelting_raw_iron
[14:32:51] [Render thread/INFO] (lodekeeper) [Lodekeeper] PROGRESS elapsed_ms=132219 phase=smelting backend=baritone target=none navigation_elapsed_ms=0 navigation_ticks=0 searching=false path_index=0 path_length=0 retries=0 pending_route_events=0 dropped_route_events=0 status=SMELT_minecraft:iron_ingot_from_smelting_raw_iron
[14:32:53] [Render thread/INFO] (lodekeeper) [Lodekeeper] PROGRESS elapsed_ms=134241 phase=smelting backend=baritone target=none navigation_elapsed_ms=0 navigation_ticks=0 searching=false path_index=0 path_length=0 retries=0 pending_route_events=0 dropped_route_events=0 status=SMELT_minecraft:iron_ingot_from_smelting_raw_iron
[14:32:55] [Render thread/INFO] (lodekeeper) [Lodekeeper] PROGRESS elapsed_ms=136297 phase=smelting backend=baritone target=none navigation_elapsed_ms=0 navigation_ticks=0 searching=false path_index=0 path_length=0 retries=0 pending_route_events=0 dropped_route_events=0 status=SMELT_minecraft:iron_ingot_from_smelting_raw_iron
[14:32:57] [Render thread/INFO] (lodekeeper) [Lodekeeper] PROGRESS elapsed_ms=138314 phase=smelting backend=baritone target=none navigation_elapsed_ms=0 navigation_ticks=0 searching=false path_index=0 path_length=0 retries=0 pending_route_events=0 dropped_route_events=0 status=SMELT_minecraft:iron_ingot_from_smelting_raw_iron
[14:32:59] [Render thread/INFO] (lodekeeper) [Lodekeeper] PROGRESS elapsed_ms=140332 phase=smelting backend=baritone target=none navigation_elapsed_ms=0 navigation_ticks=0 searching=false path_index=0 path_length=0 retries=0 pending_route_events=0 dropped_route_events=0 status=SMELT_minecraft:iron_ingot_from_smelting_raw_iron
[14:33:01] [Render thread/INFO] (lodekeeper) [Lodekeeper] PROGRESS elapsed_ms=142393 phase=smelting backend=baritone target=none navigation_elapsed_ms=0 navigation_ticks=0 searching=false path_index=0 path_length=0 retries=0 pending_route_events=0 dropped_route_events=0 status=SMELT_minecraft:iron_ingot_from_smelting_raw_iron
[14:33:03] [Render thread/INFO] (lodekeeper) [Lodekeeper] PROGRESS elapsed_ms=144442 phase=smelting backend=baritone target=none navigation_elapsed_ms=0 navigation_ticks=0 searching=false path_index=0 path_length=0 retries=0 pending_route_events=0 dropped_route_events=0 status=SMELT_minecraft:iron_ingot_from_smelting_raw_iron
[14:33:05] [Render thread/INFO] (lodekeeper) [Lodekeeper] PROGRESS elapsed_ms=146473 phase=smelting backend=baritone target=none navigation_elapsed_ms=0 navigation_ticks=0 searching=false path_index=0 path_length=0 retries=0 pending_route_events=0 dropped_route_events=0 status=SMELT_minecraft:iron_ingot_from_smelting_raw_iron
[14:33:07] [Render thread/INFO] (lodekeeper) [Lodekeeper] PROGRESS elapsed_ms=148488 phase=smelting backend=baritone target=none navigation_elapsed_ms=0 navigation_ticks=0 searching=false path_index=0 path_length=0 retries=0 pending_route_events=0 dropped_route_events=0 status=SMELT_minecraft:iron_ingot_from_smelting_raw_iron
[14:33:09] [Render thread/INFO] (lodekeeper) [Lodekeeper] PROGRESS elapsed_ms=150535 phase=smelting backend=baritone target=none navigation_elapsed_ms=0 navigation_ticks=0 searching=false path_index=0 path_length=0 retries=0 pending_route_events=0 dropped_route_events=0 status=SMELT_minecraft:iron_ingot_from_smelting_raw_iron
[14:33:11] [Render thread/INFO] (lodekeeper) [Lodekeeper] PROGRESS elapsed_ms=152545 phase=smelting backend=baritone target=none navigation_elapsed_ms=0 navigation_ticks=0 searching=false path_index=0 path_length=0 retries=0 pending_route_events=0 dropped_route_events=0 status=SMELT_minecraft:iron_ingot_from_smelting_raw_iron
[14:33:13] [Render thread/INFO] (lodekeeper) [Lodekeeper] PROGRESS elapsed_ms=154568 phase=smelting backend=baritone target=none navigation_elapsed_ms=0 navigation_ticks=0 searching=false path_index=0 path_length=0 retries=0 pending_route_events=0 dropped_route_events=0 status=SMELT_minecraft:iron_ingot_from_smelting_raw_iron
[14:33:15] [Render thread/INFO] (lodekeeper) [Lodekeeper] PROGRESS elapsed_ms=156593 phase=smelting backend=baritone target=none navigation_elapsed_ms=0 navigation_ticks=0 searching=false path_index=0 path_length=0 retries=0 pending_route_events=0 dropped_route_events=0 status=SMELT_minecraft:iron_ingot_from_smelting_raw_iron
[14:33:17] [Render thread/INFO] (lodekeeper) [Lodekeeper] PROGRESS elapsed_ms=158643 phase=smelting backend=baritone target=none navigation_elapsed_ms=0 navigation_ticks=0 searching=false path_index=0 path_length=0 retries=0 pending_route_events=0 dropped_route_events=0 status=SMELT_minecraft:iron_ingot_from_smelting_raw_iron
[14:33:19] [Render thread/INFO] (lodekeeper) [Lodekeeper] PROGRESS elapsed_ms=160673 phase=smelting backend=baritone target=none navigation_elapsed_ms=0 navigation_ticks=0 searching=false path_index=0 path_length=0 retries=0 pending_route_events=0 dropped_route_events=0 status=SMELT_minecraft:iron_ingot_from_smelting_raw_iron
[14:33:19] [lodekeeper-planner/INFO] (lodekeeper) [Lodekeeper] PROJECT_MATERIALS project=gear_diamond before=[gather:minecraft:diamond_ore:3, gather:minecraft:diamond_ore:3, gather:minecraft:birch_log:1, gather:minecraft:diamond_ore:4, gather:minecraft:diamond_ore:8, gather:minecraft:diamond_ore:5, gather:minecraft:diamond_ore:2, gather:minecraft:diamond_ore:7, gather:minecraft:diamond_ore:1, gather:minecraft:diamond_ore:2] after=[gather:minecraft:diamond_ore:3, gather:minecraft:diamond_ore:3, gather:minecraft:birch_log:1, gather:minecraft:diamond_ore:4, gather:minecraft:diamond_ore:8, gather:minecraft:diamond_ore:5, gather:minecraft:diamond_ore:2, gather:minecraft:diamond_ore:7, gather:minecraft:diamond_ore:1, gather:minecraft:diamond_ore:2]
[14:33:19] [lodekeeper-planner/INFO] (lodekeeper) [Lodekeeper] PLAN project=gear_diamond success=true steps=24 branches=111 elapsedMs=2.085504
[14:33:19] [Render thread/INFO] (lodekeeper) [Lodekeeper] STEP kind=CRAFT source=minecraft:stick output=minecraft:stick count=4 operations=1 auxiliary=false
[14:33:21] [Render thread/INFO] (lodekeeper) [Lodekeeper] PROGRESS elapsed_ms=162686 phase=planning backend=baritone target=none navigation_elapsed_ms=0 navigation_ticks=0 searching=false path_index=0 path_length=0 retries=0 pending_route_events=0 dropped_route_events=0 status=planning
[14:33:21] [lodekeeper-planner/INFO] (lodekeeper) [Lodekeeper] PROJECT_MATERIALS project=gear_diamond before=[gather:minecraft:diamond_ore:3, gather:minecraft:diamond_ore:3, gather:minecraft:birch_log:1, gather:minecraft:diamond_ore:4, gather:minecraft:diamond_ore:8, gather:minecraft:diamond_ore:5, gather:minecraft:diamond_ore:2, gather:minecraft:diamond_ore:7, gather:minecraft:diamond_ore:1, gather:minecraft:diamond_ore:2] after=[gather:minecraft:diamond_ore:3, gather:minecraft:diamond_ore:3, gather:minecraft:birch_log:1, gather:minecraft:diamond_ore:4, gather:minecraft:diamond_ore:8, gather:minecraft:diamond_ore:5, gather:minecraft:diamond_ore:2, gather:minecraft:diamond_ore:7, gather:minecraft:diamond_ore:1, gather:minecraft:diamond_ore:2]
[14:33:21] [lodekeeper-planner/INFO] (lodekeeper) [Lodekeeper] PLAN project=gear_diamond success=true steps=23 branches=107 elapsedMs=1.647086
[14:33:21] [Render thread/INFO] (lodekeeper) [Lodekeeper] STEP kind=CRAFT source=minecraft:iron_pickaxe output=minecraft:iron_pickaxe count=1 operations=1 auxiliary=false
[14:33:23] [Render thread/INFO] (lodekeeper) [Lodekeeper] PROGRESS elapsed_ms=164743 phase=crafting backend=baritone target=none navigation_elapsed_ms=0 navigation_ticks=0 searching=false path_index=0 path_length=0 retries=0 pending_route_events=0 dropped_route_events=0 status=CRAFT_minecraft:iron_pickaxe
[14:33:25] [lodekeeper-planner/INFO] (lodekeeper) [Lodekeeper] PROJECT_MATERIALS project=gear_diamond before=[gather:minecraft:diamond_ore:3, gather:minecraft:diamond_ore:3, gather:minecraft:birch_log:1, gather:minecraft:diamond_ore:4, gather:minecraft:diamond_ore:8, gather:minecraft:diamond_ore:5, gather:minecraft:diamond_ore:2, gather:minecraft:diamond_ore:7, gather:minecraft:diamond_ore:1, gather:minecraft:diamond_ore:2] after=[gather:minecraft:diamond_ore:3, gather:minecraft:diamond_ore:3, gather:minecraft:birch_log:1, gather:minecraft:diamond_ore:4, gather:minecraft:diamond_ore:8, gather:minecraft:diamond_ore:5, gather:minecraft:diamond_ore:2, gather:minecraft:diamond_ore:7, gather:minecraft:diamond_ore:1, gather:minecraft:diamond_ore:2]
[14:33:25] [lodekeeper-planner/INFO] (lodekeeper) [Lodekeeper] PLAN project=gear_diamond success=true steps=22 branches=102 elapsedMs=2.036764
[14:33:25] [Render thread/INFO] (lodekeeper) [Lodekeeper] STEP kind=GATHER source=gather:minecraft:diamond_ore output=minecraft:diamond count=3 operations=3 auxiliary=false
[14:33:25] [Render thread/INFO] (lodekeeper) [Lodekeeper] PROGRESS elapsed_ms=166785 phase=gathering backend=baritone target=none navigation_elapsed_ms=0 navigation_ticks=0 searching=false path_index=0 path_length=0 retries=0 pending_route_events=0 dropped_route_events=0 status=mining_the_recorded_owned_crafting_table
[14:33:27] [Render thread/INFO] (lodekeeper) [Lodekeeper] PROGRESS elapsed_ms=168839 phase=gathering backend=baritone target=none navigation_elapsed_ms=0 navigation_ticks=0 searching=false path_index=0 path_length=0 retries=0 pending_route_events=0 dropped_route_events=0 status=mining_the_recorded_owned_crafting_table
[14:33:29] [Render thread/INFO] (lodekeeper) [Lodekeeper] NAV backend=baritone mode=PICKUP event=CALC_STARTED elapsedMs=1
[14:33:29] [Render thread/INFO] (lodekeeper) [Lodekeeper] NAV calcTool=minecraft:air slot=0
[14:33:29] [Render thread/INFO] (lodekeeper) [Lodekeeper] NAV backend=baritone mode=PICKUP event=CALC_FINISHED_NOW_EXECUTING elapsedMs=69
[14:33:29] [Render thread/INFO] (lodekeeper) [Lodekeeper] PROGRESS elapsed_ms=170891 phase=traveling backend=baritone target=none navigation_elapsed_ms=205 navigation_ticks=4 searching=false path_index=0 path_length=6 retries=0 pending_route_events=0 dropped_route_events=0 status=collecting_the_crafting-table_drop_at_the_owned_position
[14:33:31] [lodekeeper-planner/INFO] (lodekeeper) [Lodekeeper] PROJECT_MATERIALS project=gear_diamond before=[gather:minecraft:diamond_ore:3, gather:minecraft:diamond_ore:3, gather:minecraft:birch_log:1, gather:minecraft:diamond_ore:4, gather:minecraft:diamond_ore:8, gather:minecraft:diamond_ore:5, gather:minecraft:diamond_ore:2, gather:minecraft:diamond_ore:7, gather:minecraft:diamond_ore:1, gather:minecraft:diamond_ore:2] after=[gather:minecraft:diamond_ore:3, gather:minecraft:diamond_ore:3, gather:minecraft:birch_log:1, gather:minecraft:diamond_ore:4, gather:minecraft:diamond_ore:8, gather:minecraft:diamond_ore:5, gather:minecraft:diamond_ore:2, gather:minecraft:diamond_ore:7, gather:minecraft:diamond_ore:1, gather:minecraft:diamond_ore:2]
[14:33:31] [lodekeeper-planner/INFO] (lodekeeper) [Lodekeeper] PLAN project=gear_diamond success=true steps=23 branches=103 elapsedMs=1.993588
[14:33:31] [Render thread/INFO] (lodekeeper) [Lodekeeper] STEP kind=GATHER source=gather:minecraft:diamond_ore output=minecraft:diamond count=3 operations=3 auxiliary=false
[14:33:31] [Render thread/INFO] (lodekeeper) [Lodekeeper] MINING_DEPTH policy=NEAREST desiredY=-55 ceiling=2031 deficit=3 phase=MINE
[14:33:31] [Render thread/INFO] (lodekeeper) [Lodekeeper] NAV scan=native-mine durationNanos=7829259 hits=-1 requestTicks=0
[14:33:31] [Render thread/INFO] (lodekeeper) [Lodekeeper] NAV backend=baritone mode=MINE event=CALC_STARTED elapsedMs=9
[14:33:31] [Render thread/INFO] (lodekeeper) [Lodekeeper] NAV calcTool=minecraft:iron_pickaxe slot=5
[14:33:31] [Render thread/INFO] (lodekeeper) [Lodekeeper] NAV backend=baritone mode=MINE event=CALC_STARTED elapsedMs=68
[14:33:31] [Render thread/INFO] (lodekeeper) [Lodekeeper] NAV calcTool=minecraft:iron_pickaxe slot=5
[14:33:31] [Render thread/INFO] (lodekeeper) [Lodekeeper] ROUTE_SEARCH kind=unknown anchor=unknown feet_y16=0 candidates=0 target=none elapsed_ms=172469
[14:33:31] [Render thread/INFO] (lodekeeper) [Lodekeeper] NAV backend=baritone mode=MINE event=CALC_FINISHED_NOW_EXECUTING elapsedMs=544
[14:33:31] [Render thread/INFO] (lodekeeper) [Lodekeeper] NAV backend=baritone mode=MINE event=NEXT_SEGMENT_CALC_STARTED elapsedMs=546
[14:33:31] [Render thread/INFO] (lodekeeper) [Lodekeeper] PROGRESS elapsed_ms=172917 phase=searching backend=baritone target=none navigation_elapsed_ms=578 navigation_ticks=12 searching=true path_index=0 path_length=11 retries=0 pending_route_events=0 dropped_route_events=0 status=mining_and_collecting_minecraft:diamond___0/3___planning_next_route
[14:33:33] [Render thread/INFO] (lodekeeper) [Lodekeeper] PROGRESS elapsed_ms=174940 phase=searching backend=baritone target=none navigation_elapsed_ms=2575 navigation_ticks=52 searching=true path_index=0 path_length=9 retries=0 pending_route_events=0 dropped_route_events=0 status=mining_and_collecting_minecraft:diamond___0/3___planning_next_route
[14:33:35] [Render thread/INFO] (lodekeeper) [Lodekeeper] ROUTE_TRAVEL path_index=0 path_length=8 target=none elapsed_ms=176871
[14:33:35] [Render thread/INFO] (lodekeeper) [Lodekeeper] NAV backend=baritone mode=MINE event=NEXT_SEGMENT_CALC_FINISHED elapsedMs=4574
[14:33:36] [Render thread/INFO] (lodekeeper) [Lodekeeper] PROGRESS elapsed_ms=176973 phase=traveling backend=baritone target=none navigation_elapsed_ms=4573 navigation_ticks=92 searching=false path_index=0 path_length=8 retries=0 pending_route_events=0 dropped_route_events=0 status=mining_and_collecting_minecraft:diamond___0/3
[14:33:37] [Render thread/INFO] (lodekeeper) [Lodekeeper] NAV discovered=1 retained=62 rejected=0 requestTicks=117 phase=MINE
[14:33:38] [Render thread/INFO] (lodekeeper) [Lodekeeper] PROGRESS elapsed_ms=178977 phase=traveling backend=baritone target=none navigation_elapsed_ms=6576 navigation_ticks=132 searching=false path_index=0 path_length=50 retries=0 pending_route_events=0 dropped_route_events=0 status=mining_and_collecting_minecraft:diamond___0/3
[14:33:39] [Render thread/INFO] (lodekeeper) [Lodekeeper] NAV backend=baritone mode=MINE event=CALC_STARTED elapsedMs=8224
[14:33:39] [Render thread/INFO] (lodekeeper) [Lodekeeper] NAV calcTool=minecraft:iron_pickaxe slot=5
[14:33:39] [Render thread/INFO] (lodekeeper) [Lodekeeper] ROUTE_SEARCH kind=unknown anchor=unknown feet_y16=0 candidates=0 target=none elapsed_ms=180692
[14:33:39] [Render thread/INFO] (lodekeeper) [Lodekeeper] NAV backend=baritone mode=MINE event=CALC_STARTED elapsedMs=8598
[14:33:39] [Render thread/INFO] (lodekeeper) [Lodekeeper] NAV calcTool=minecraft:iron_pickaxe slot=5
[14:33:40] [Render thread/INFO] (lodekeeper) [Lodekeeper] PROGRESS elapsed_ms=181032 phase=searching backend=baritone target=none navigation_elapsed_ms=8598 navigation_ticks=172 searching=true path_index=0 path_length=0 retries=0 pending_route_events=0 dropped_route_events=0 status=mining_and_collecting_minecraft:diamond___0/3___planning_next_route
[14:33:40] [Render thread/INFO] (lodekeeper) [Lodekeeper] NAV backend=baritone mode=MINE event=CALC_FINISHED_NOW_EXECUTING elapsedMs=9043
[14:33:40] [Render thread/INFO] (lodekeeper) [Lodekeeper] NAV backend=baritone mode=MINE event=NEXT_SEGMENT_CALC_STARTED elapsedMs=9044
[14:33:42] [Render thread/INFO] (lodekeeper) [Lodekeeper] PROGRESS elapsed_ms=183097 phase=searching backend=baritone target=none navigation_elapsed_ms=10799 navigation_ticks=216 searching=true path_index=0 path_length=6 retries=0 pending_route_events=0 dropped_route_events=0 status=mining_and_collecting_minecraft:diamond___0/3___planning_next_route
[14:33:44] [Render thread/INFO] (lodekeeper) [Lodekeeper] PROGRESS elapsed_ms=185117 phase=searching backend=baritone target=none navigation_elapsed_ms=12786 navigation_ticks=256 searching=true path_index=0 path_length=6 retries=0 pending_route_events=0 dropped_route_events=0 status=mining_and_collecting_minecraft:diamond___0/3___planning_next_route
[14:33:44] [Render thread/INFO] (lodekeeper) [Lodekeeper] NAV backend=baritone mode=MINE event=NEXT_SEGMENT_CALC_FINISHED elapsedMs=13092
[14:33:44] [Render thread/INFO] (lodekeeper) [Lodekeeper] ROUTE_TRAVEL path_index=0 path_length=49 target=none elapsed_ms=185493
[14:33:46] [Render thread/INFO] (lodekeeper) [Lodekeeper] PROGRESS elapsed_ms=187138 phase=traveling backend=baritone target=none navigation_elapsed_ms=14772 navigation_ticks=296 searching=false path_index=0 path_length=49 retries=0 pending_route_events=0 dropped_route_events=0 status=mining_and_collecting_minecraft:diamond___0/3
[14:33:46] [Render thread/INFO] (lodekeeper) [Lodekeeper] NAV backend=baritone mode=MINE event=CALC_STARTED elapsedMs=15218
[14:33:46] [Render thread/INFO] (lodekeeper) [Lodekeeper] NAV calcTool=minecraft:iron_pickaxe slot=5
[14:33:46] [Render thread/INFO] (lodekeeper) [Lodekeeper] ROUTE_SEARCH kind=unknown anchor=unknown feet_y16=0 candidates=0 target=none elapsed_ms=187686
[14:33:47] [Render thread/INFO] (lodekeeper) [Lodekeeper] NAV backend=baritone mode=MINE event=CALC_STARTED elapsedMs=15674
[14:33:47] [Render thread/INFO] (lodekeeper) [Lodekeeper] NAV calcTool=minecraft:iron_pickaxe slot=5
[14:33:47] [Render thread/INFO] (lodekeeper) [Lodekeeper] NAV backend=baritone mode=MINE event=CALC_FINISHED_NOW_EXECUTING elapsedMs=16150
[14:33:47] [Render thread/INFO] (lodekeeper) [Lodekeeper] NAV backend=baritone mode=MINE event=NEXT_SEGMENT_CALC_STARTED elapsedMs=16150
[14:33:48] [Render thread/INFO] (lodekeeper) [Lodekeeper] PROGRESS elapsed_ms=189168 phase=searching backend=baritone target=none navigation_elapsed_ms=16769 navigation_ticks=336 searching=true path_index=0 path_length=5 retries=0 pending_route_events=0 dropped_route_events=0 status=mining_and_collecting_minecraft:diamond___0/3___planning_next_route
[14:33:50] [Render thread/INFO] (lodekeeper) [Lodekeeper] PROGRESS elapsed_ms=191191 phase=searching backend=baritone target=none navigation_elapsed_ms=18793 navigation_ticks=376 searching=true path_index=0 path_length=2 retries=0 pending_route_events=0 dropped_route_events=0 status=mining_and_collecting_minecraft:diamond___0/3___planning_next_route
[14:33:50] [Render thread/INFO] (lodekeeper) [Lodekeeper] NAV backend=baritone mode=MINE event=PATH_FINISHED_NEXT_STILL_CALCULATING elapsedMs=19270
[14:33:51] [Render thread/INFO] (lodekeeper) [Lodekeeper] ROUTE_TRAVEL path_index=0 path_length=44 target=none elapsed_ms=192492
[14:33:51] [Render thread/INFO] (lodekeeper) [Lodekeeper] NAV backend=baritone mode=MINE event=CALC_FINISHED_NOW_EXECUTING elapsedMs=20195
[14:33:51] [Render thread/INFO] (lodekeeper) [Lodekeeper] BREAK target=Mutable{x=12, y=63, z=14} block=Block{minecraft:stone} tool=minecraft:iron_pickaxe slot=5 remaining=250 required=route
[14:33:52] [Render thread/INFO] (lodekeeper) [Lodekeeper] PROGRESS elapsed_ms=193244 phase=traveling backend=baritone target=none navigation_elapsed_ms=20778 navigation_ticks=416 searching=false path_index=0 path_length=44 retries=0 pending_route_events=0 dropped_route_events=0 status=mining_and_collecting_minecraft:diamond___0/3
[14:33:54] [Render thread/INFO] (lodekeeper) [Lodekeeper] PROGRESS elapsed_ms=195274 phase=traveling backend=baritone target=none navigation_elapsed_ms=22976 navigation_ticks=460 searching=false path_index=0 path_length=44 retries=0 pending_route_events=0 dropped_route_events=0 status=mining_and_collecting_minecraft:diamond___0/3
[14:33:55] [Render thread/INFO] (lodekeeper) [Lodekeeper] BREAK target=Mutable{x=12, y=64, z=14} block=Block{minecraft:stone} tool=minecraft:iron_pickaxe slot=5 remaining=249 required=route
[14:33:56] [Render thread/INFO] (lodekeeper) [Lodekeeper] PROGRESS elapsed_ms=197296 phase=traveling backend=baritone target=none navigation_elapsed_ms=24999 navigation_ticks=500 searching=false path_index=0 path_length=44 retries=0 pending_route_events=0 dropped_route_events=0 status=mining_and_collecting_minecraft:diamond___0/3
[14:33:57] [Render thread/INFO] (lodekeeper) [Lodekeeper] NAV backend=baritone mode=MINE event=CALC_STARTED elapsedMs=26440
[14:33:57] [Render thread/INFO] (lodekeeper) [Lodekeeper] NAV calcTool=minecraft:iron_pickaxe slot=5
[14:33:57] [Render thread/INFO] (lodekeeper) [Lodekeeper] ROUTE_SEARCH kind=unknown anchor=unknown feet_y16=0 candidates=0 target=none elapsed_ms=198875
[14:33:58] [Render thread/INFO] (lodekeeper) [Lodekeeper] ROUTE_TRAVEL path_index=0 path_length=23 target=none elapsed_ms=199284
[14:33:58] [Render thread/INFO] (lodekeeper) [Lodekeeper] NAV backend=baritone mode=MINE event=CALC_FINISHED_NOW_EXECUTING elapsedMs=26987
[14:33:58] [Render thread/INFO] (lodekeeper) [Lodekeeper] PROGRESS elapsed_ms=199319 phase=traveling backend=baritone target=none navigation_elapsed_ms=26987 navigation_ticks=540 searching=false path_index=0 path_length=23 retries=0 pending_route_events=0 dropped_route_events=0 status=mining_and_collecting_minecraft:diamond___0/3
[14:33:58] [Render thread/INFO] (lodekeeper) [Lodekeeper] BREAK target=Mutable{x=13, y=64, z=14} block=Block{minecraft:stone} tool=minecraft:iron_pickaxe slot=5 remaining=248 required=route
[14:33:59] [Render thread/INFO] (lodekeeper) [Lodekeeper] BREAK target=Mutable{x=13, y=63, z=14} block=Block{minecraft:stone} tool=minecraft:iron_pickaxe slot=5 remaining=247 required=route
[14:34:00] [Render thread/INFO] (lodekeeper) [Lodekeeper] BREAK target=Mutable{x=13, y=62, z=14} block=Block{minecraft:stone} tool=minecraft:iron_pickaxe slot=5 remaining=246 required=route
[14:34:00] [Render thread/INFO] (lodekeeper) [Lodekeeper] PROGRESS elapsed_ms=201345 phase=traveling backend=baritone target=none navigation_elapsed_ms=28980 navigation_ticks=580 searching=false path_index=0 path_length=22 retries=0 pending_route_events=0 dropped_route_events=0 status=mining_and_collecting_minecraft:diamond___0/3
[14:34:01] [Render thread/INFO] (lodekeeper) [Lodekeeper] BREAK target=Mutable{x=13, y=61, z=14} block=Block{minecraft:stone} tool=minecraft:iron_pickaxe slot=5 remaining=245 required=route
[14:34:01] [Render thread/INFO] (lodekeeper) [Lodekeeper] BREAK target=Mutable{x=13, y=60, z=14} block=Block{minecraft:stone} tool=minecraft:iron_pickaxe slot=5 remaining=244 required=route
[14:34:02] [Render thread/INFO] (lodekeeper) [Lodekeeper] PROGRESS elapsed_ms=203397 phase=traveling backend=baritone target=none navigation_elapsed_ms=30996 navigation_ticks=620 searching=false path_index=0 path_length=20 retries=0 pending_route_events=0 dropped_route_events=0 status=mining_and_collecting_minecraft:diamond___0/3
[14:34:02] [Render thread/INFO] (lodekeeper) [Lodekeeper] BREAK target=Mutable{x=13, y=59, z=14} block=Block{minecraft:stone} tool=minecraft:iron_pickaxe slot=5 remaining=243 required=route
[14:34:03] [Render thread/INFO] (lodekeeper) [Lodekeeper] BREAK target=Mutable{x=13, y=58, z=14} block=Block{minecraft:stone} tool=minecraft:iron_pickaxe slot=5 remaining=242 required=route
[14:34:03] [Render thread/INFO] (lodekeeper) [Lodekeeper] BREAK target=Mutable{x=13, y=57, z=14} block=Block{minecraft:stone} tool=minecraft:iron_pickaxe slot=5 remaining=241 required=route
[14:34:04] [Render thread/INFO] (lodekeeper) [Lodekeeper] PROGRESS elapsed_ms=205420 phase=traveling backend=baritone target=none navigation_elapsed_ms=32986 navigation_ticks=660 searching=false path_index=0 path_length=17 retries=0 pending_route_events=0 dropped_route_events=0 status=mining_and_collecting_minecraft:diamond___0/3
[14:34:04] [Render thread/INFO] (lodekeeper) [Lodekeeper] BREAK target=Mutable{x=13, y=56, z=14} block=Block{minecraft:stone} tool=minecraft:iron_pickaxe slot=5 remaining=240 required=route
[14:34:05] [Render thread/INFO] (lodekeeper) [Lodekeeper] BREAK target=Mutable{x=13, y=55, z=14} block=Block{minecraft:stone} tool=minecraft:iron_pickaxe slot=5 remaining=239 required=route
[14:34:06] [Render thread/INFO] (lodekeeper) [Lodekeeper] BREAK target=Mutable{x=13, y=54, z=14} block=Block{minecraft:stone} tool=minecraft:iron_pickaxe slot=5 remaining=238 required=route
[14:34:06] [Render thread/INFO] (lodekeeper) [Lodekeeper] PROGRESS elapsed_ms=207439 phase=traveling backend=baritone target=none navigation_elapsed_ms=34971 navigation_ticks=700 searching=false path_index=0 path_length=14 retries=0 pending_route_events=0 dropped_route_events=0 status=mining_and_collecting_minecraft:diamond___0/3
[14:34:06] [Render thread/INFO] (lodekeeper) [Lodekeeper] BREAK target=Mutable{x=13, y=53, z=14} block=Block{minecraft:stone} tool=minecraft:iron_pickaxe slot=5 remaining=237 required=route
[14:34:07] [Render thread/INFO] (lodekeeper) [Lodekeeper] BREAK target=Mutable{x=13, y=52, z=14} block=Block{minecraft:stone} tool=minecraft:iron_pickaxe slot=5 remaining=236 required=route
[14:34:08] [Render thread/INFO] (lodekeeper) [Lodekeeper] BREAK target=Mutable{x=13, y=51, z=14} block=Block{minecraft:stone} tool=minecraft:iron_pickaxe slot=5 remaining=235 required=route
[14:34:08] [Render thread/INFO] (lodekeeper) [Lodekeeper] PROGRESS elapsed_ms=209495 phase=traveling backend=baritone target=none navigation_elapsed_ms=37198 navigation_ticks=744 searching=false path_index=0 path_length=11 retries=0 pending_route_events=0 dropped_route_events=0 status=mining_and_collecting_minecraft:diamond___0/3
[14:34:08] [Render thread/INFO] (lodekeeper) [Lodekeeper] NAV backend=baritone mode=MINE event=NEXT_SEGMENT_CALC_STARTED elapsedMs=37333
[14:34:08] [Render thread/INFO] (lodekeeper) [Lodekeeper] ROUTE_SEARCH kind=unknown anchor=unknown feet_y16=0 candidates=0 target=none elapsed_ms=209698
[14:34:08] [Render thread/INFO] (lodekeeper) [Lodekeeper] BREAK target=Mutable{x=13, y=50, z=14} block=Block{minecraft:stone} tool=minecraft:iron_pickaxe slot=5 remaining=234 required=route
[14:34:09] [Render thread/INFO] (lodekeeper) [Lodekeeper] NAV backend=baritone mode=MINE event=NEXT_SEGMENT_CALC_FINISHED elapsedMs=37743
[14:34:09] [Render thread/INFO] (lodekeeper) [Lodekeeper] TARGET target=15,4,9 block=minecraft:diamond_ore
[14:34:09] [Render thread/INFO] (lodekeeper) [Lodekeeper] ROUTE_TRAVEL path_index=0 path_length=48 target=15,4,9 block=minecraft:diamond_ore elapsed_ms=210075
[14:34:09] [Render thread/INFO] (lodekeeper) [Lodekeeper] BREAK target=Mutable{x=13, y=49, z=14} block=Block{minecraft:stone} tool=minecraft:iron_pickaxe slot=5 remaining=233 required=route
[14:34:10] [Render thread/INFO] (lodekeeper) [Lodekeeper] BREAK target=Mutable{x=13, y=48, z=14} block=Block{minecraft:stone} tool=minecraft:iron_pickaxe slot=5 remaining=232 required=route
[14:34:10] [Render thread/INFO] (lodekeeper) [Lodekeeper] PROGRESS elapsed_ms=211546 phase=traveling backend=baritone target=15,4,9 block=minecraft:diamond_ore navigation_elapsed_ms=39181 navigation_ticks=784 searching=false path_index=0 path_length=46 retries=0 pending_route_events=0 dropped_route_events=0 status=mining_and_collecting_minecraft:diamond___0/3
[14:34:10] [Render thread/INFO] (lodekeeper) [Lodekeeper] BREAK target=Mutable{x=13, y=49, z=13} block=Block{minecraft:stone} tool=minecraft:iron_pickaxe slot=5 remaining=231 required=route
[14:34:11] [Render thread/INFO] (lodekeeper) [Lodekeeper] BREAK target=Mutable{x=13, y=48, z=13} block=Block{minecraft:stone} tool=minecraft:iron_pickaxe slot=5 remaining=230 required=route
[14:34:12] [Render thread/INFO] (lodekeeper) [Lodekeeper] BREAK target=Mutable{x=13, y=47, z=13} block=Block{minecraft:stone} tool=minecraft:iron_pickaxe slot=5 remaining=229 required=route
[14:34:12] [Render thread/INFO] (lodekeeper) [Lodekeeper] PROGRESS elapsed_ms=213596 phase=traveling backend=baritone target=15,4,9 block=minecraft:diamond_ore navigation_elapsed_ms=41196 navigation_ticks=824 searching=false path_index=0 path_length=45 retries=0 pending_route_events=0 dropped_route_events=0 status=mining_and_collecting_minecraft:diamond___0/3
[14:34:13] [Render thread/INFO] (lodekeeper) [Lodekeeper] BREAK target=Mutable{x=13, y=46, z=13} block=Block{minecraft:stone} tool=minecraft:iron_pickaxe slot=5 remaining=228 required=route
[14:34:14] [Render thread/INFO] (lodekeeper) [Lodekeeper] BREAK target=Mutable{x=13, y=45, z=13} block=Block{minecraft:andesite} tool=minecraft:iron_pickaxe slot=5 remaining=227 required=route
[14:34:14] [Render thread/INFO] (lodekeeper) [Lodekeeper] PROGRESS elapsed_ms=215621 phase=traveling backend=baritone target=15,4,9 block=minecraft:diamond_ore navigation_elapsed_ms=43186 navigation_ticks=864 searching=false path_index=0 path_length=43 retries=0 pending_route_events=0 dropped_route_events=0 status=mining_and_collecting_minecraft:diamond___0/3
[14:34:14] [Render thread/INFO] (lodekeeper) [Lodekeeper] BREAK target=Mutable{x=13, y=44, z=13} block=Block{minecraft:andesite} tool=minecraft:iron_pickaxe slot=5 remaining=226 required=route
[14:34:15] [Render thread/INFO] (lodekeeper) [Lodekeeper] BREAK target=Mutable{x=13, y=43, z=13} block=Block{minecraft:andesite} tool=minecraft:iron_pickaxe slot=5 remaining=225 required=route
[14:34:16] [Render thread/INFO] (lodekeeper) [Lodekeeper] BREAK target=Mutable{x=13, y=42, z=13} block=Block{minecraft:andesite} tool=minecraft:iron_pickaxe slot=5 remaining=224 required=route
[14:34:16] [Render thread/INFO] (lodekeeper) [Lodekeeper] PROGRESS elapsed_ms=217637 phase=traveling backend=baritone target=15,4,9 block=minecraft:diamond_ore navigation_elapsed_ms=45169 navigation_ticks=904 searching=false path_index=0 path_length=40 retries=0 pending_route_events=0 dropped_route_events=0 status=mining_and_collecting_minecraft:diamond___0/3
[14:34:16] [Render thread/INFO] (lodekeeper) [Lodekeeper] BREAK target=Mutable{x=14, y=43, z=13} block=Block{minecraft:andesite} tool=minecraft:iron_pickaxe slot=5 remaining=223 required=route
[14:34:17] [Render thread/INFO] (lodekeeper) [Lodekeeper] BREAK target=Mutable{x=14, y=42, z=13} block=Block{minecraft:andesite} tool=minecraft:iron_pickaxe slot=5 remaining=222 required=route
[14:34:18] [Render thread/INFO] (lodekeeper) [Lodekeeper] BREAK target=Mutable{x=14, y=41, z=13} block=Block{minecraft:andesite} tool=minecraft:iron_pickaxe slot=5 remaining=221 required=route
[14:34:18] [Render thread/INFO] (lodekeeper) [Lodekeeper] PROGRESS elapsed_ms=219693 phase=traveling backend=baritone target=15,4,9 block=minecraft:diamond_ore navigation_elapsed_ms=47395 navigation_ticks=948 searching=false path_index=0 path_length=39 retries=0 pending_route_events=0 dropped_route_events=0 status=mining_and_collecting_minecraft:diamond___0/3
[14:34:19] [Render thread/INFO] (lodekeeper) [Lodekeeper] BREAK target=Mutable{x=14, y=40, z=13} block=Block{minecraft:andesite} tool=minecraft:iron_pickaxe slot=5 remaining=220 required=route
[14:34:19] [Render thread/INFO] (lodekeeper) [Lodekeeper] BREAK target=Mutable{x=14, y=41, z=14} block=Block{minecraft:andesite} tool=minecraft:iron_pickaxe slot=5 remaining=219 required=route
[14:34:20] [Render thread/INFO] (lodekeeper) [Lodekeeper] BREAK target=Mutable{x=14, y=40, z=14} block=Block{minecraft:andesite} tool=minecraft:iron_pickaxe slot=5 remaining=218 required=route
[14:34:20] [Render thread/INFO] (lodekeeper) [Lodekeeper] PROGRESS elapsed_ms=221745 phase=traveling backend=baritone target=15,4,9 block=minecraft:diamond_ore navigation_elapsed_ms=49379 navigation_ticks=988 searching=false path_index=0 path_length=37 retries=0 pending_route_events=0 dropped_route_events=0 status=mining_and_collecting_minecraft:diamond___0/3
[14:34:21] [Render thread/INFO] (lodekeeper) [Lodekeeper] BREAK target=Mutable{x=14, y=39, z=14} block=Block{minecraft:andesite} tool=minecraft:iron_pickaxe slot=5 remaining=217 required=route
[14:34:22] [Render thread/INFO] (lodekeeper) [Lodekeeper] BREAK target=Mutable{x=14, y=38, z=14} block=Block{minecraft:stone} tool=minecraft:iron_pickaxe slot=5 remaining=216 required=route
[14:34:22] [Render thread/INFO] (lodekeeper) [Lodekeeper] PROGRESS elapsed_ms=223785 phase=traveling backend=baritone target=15,4,9 block=minecraft:diamond_ore navigation_elapsed_ms=51384 navigation_ticks=1028 searching=false path_index=0 path_length=36 retries=0 pending_route_events=0 dropped_route_events=0 status=mining_and_collecting_minecraft:diamond___0/3
[14:34:22] [Render thread/INFO] (lodekeeper) [Lodekeeper] BREAK target=Mutable{x=14, y=37, z=14} block=Block{minecraft:stone} tool=minecraft:iron_pickaxe slot=5 remaining=215 required=route
[14:34:23] [Render thread/INFO] (lodekeeper) [Lodekeeper] BREAK target=Mutable{x=14, y=36, z=14} block=Block{minecraft:stone} tool=minecraft:iron_pickaxe slot=5 remaining=214 required=route
[14:34:24] [Render thread/INFO] (lodekeeper) [Lodekeeper] BREAK target=Mutable{x=14, y=35, z=14} block=Block{minecraft:stone} tool=minecraft:iron_pickaxe slot=5 remaining=213 required=route
[14:34:24] [Render thread/INFO] (lodekeeper) [Lodekeeper] PROGRESS elapsed_ms=225790 phase=traveling backend=baritone target=15,4,9 block=minecraft:diamond_ore navigation_elapsed_ms=53392 navigation_ticks=1068 searching=false path_index=0 path_length=33 retries=0 pending_route_events=0 dropped_route_events=0 status=mining_and_collecting_minecraft:diamond___0/3
[14:34:25] [Render thread/INFO] (lodekeeper) [Lodekeeper] BREAK target=Mutable{x=14, y=34, z=14} block=Block{minecraft:stone} tool=minecraft:iron_pickaxe slot=5 remaining=212 required=route
[14:34:25] [Render thread/INFO] (lodekeeper) [Lodekeeper] BREAK target=Mutable{x=14, y=33, z=14} block=Block{minecraft:stone} tool=minecraft:iron_pickaxe slot=5 remaining=211 required=route
[14:34:26] [Render thread/INFO] (lodekeeper) [Lodekeeper] BREAK target=Mutable{x=14, y=32, z=14} block=Block{minecraft:stone} tool=minecraft:iron_pickaxe slot=5 remaining=210 required=route
[14:34:26] [Render thread/INFO] (lodekeeper) [Lodekeeper] PROGRESS elapsed_ms=227842 phase=traveling backend=baritone target=15,4,9 block=minecraft:diamond_ore navigation_elapsed_ms=55373 navigation_ticks=1108 searching=false path_index=0 path_length=30 retries=0 pending_route_events=0 dropped_route_events=0 status=mining_and_collecting_minecraft:diamond___0/3
[14:34:27] [Render thread/INFO] (lodekeeper) [Lodekeeper] BREAK target=Mutable{x=14, y=31, z=14} block=Block{minecraft:stone} tool=minecraft:iron_pickaxe slot=5 remaining=209 required=route
[14:34:27] [Render thread/INFO] (lodekeeper) [Lodekeeper] BREAK target=Mutable{x=14, y=30, z=14} block=Block{minecraft:stone} tool=minecraft:iron_pickaxe slot=5 remaining=208 required=route
[14:34:28] [Render thread/INFO] (lodekeeper) [Lodekeeper] BREAK target=Mutable{x=14, y=29, z=14} block=Block{minecraft:stone} tool=minecraft:iron_pickaxe slot=5 remaining=207 required=route
[14:34:28] [Render thread/INFO] (lodekeeper) [Lodekeeper] PROGRESS elapsed_ms=229868 phase=traveling backend=baritone target=15,4,9 block=minecraft:diamond_ore navigation_elapsed_ms=57570 navigation_ticks=1152 searching=false path_index=0 path_length=27 retries=0 pending_route_events=0 dropped_route_events=0 status=mining_and_collecting_minecraft:diamond___0/3
[14:34:29] [Render thread/INFO] (lodekeeper) [Lodekeeper] BREAK target=Mutable{x=14, y=28, z=14} block=Block{minecraft:stone} tool=minecraft:iron_pickaxe slot=5 remaining=206 required=route
[14:34:29] [Render thread/INFO] (lodekeeper) [Lodekeeper] BREAK target=Mutable{x=14, y=27, z=14} block=Block{minecraft:stone} tool=minecraft:iron_pickaxe slot=5 remaining=205 required=route
[14:34:30] [Render thread/INFO] (lodekeeper) [Lodekeeper] BREAK target=Mutable{x=14, y=26, z=14} block=Block{minecraft:stone} tool=minecraft:iron_pickaxe slot=5 remaining=204 required=route
[14:34:30] [Render thread/INFO] (lodekeeper) [Lodekeeper] PROGRESS elapsed_ms=231879 phase=traveling backend=baritone target=15,4,9 block=minecraft:diamond_ore navigation_elapsed_ms=59581 navigation_ticks=1192 searching=false path_index=0 path_length=24 retries=0 pending_route_events=0 dropped_route_events=0 status=mining_and_collecting_minecraft:diamond___0/3
[14:34:31] [Render thread/INFO] (lodekeeper) [Lodekeeper] BREAK target=Mutable{x=14, y=25, z=14} block=Block{minecraft:stone} tool=minecraft:iron_pickaxe slot=5 remaining=203 required=route
[14:34:32] [Render thread/INFO] (lodekeeper) [Lodekeeper] BREAK target=Mutable{x=14, y=24, z=14} block=Block{minecraft:stone} tool=minecraft:iron_pickaxe slot=5 remaining=202 required=route
[14:34:32] [Render thread/INFO] (lodekeeper) [Lodekeeper] BREAK target=Mutable{x=14, y=23, z=14} block=Block{minecraft:stone} tool=minecraft:iron_pickaxe slot=5 remaining=201 required=route
[14:34:32] [Render thread/INFO] (lodekeeper) [Lodekeeper] PROGRESS elapsed_ms=233936 phase=traveling backend=baritone target=15,4,9 block=minecraft:diamond_ore navigation_elapsed_ms=61571 navigation_ticks=1232 searching=false path_index=0 path_length=21 retries=0 pending_route_events=0 dropped_route_events=0 status=mining_and_collecting_minecraft:diamond___0/3
[14:34:33] [Render thread/INFO] (lodekeeper) [Lodekeeper] BREAK target=Mutable{x=14, y=22, z=14} block=Block{minecraft:stone} tool=minecraft:iron_pickaxe slot=5 remaining=200 required=route
[14:34:34] [Render thread/INFO] (lodekeeper) [Lodekeeper] BREAK target=Mutable{x=14, y=21, z=14} block=Block{minecraft:stone} tool=minecraft:iron_pickaxe slot=5 remaining=199 required=route
[14:34:34] [Render thread/INFO] (lodekeeper) [Lodekeeper] BREAK target=Mutable{x=14, y=20, z=14} block=Block{minecraft:stone} tool=minecraft:iron_pickaxe slot=5 remaining=198 required=route
[14:34:35] [Render thread/INFO] (lodekeeper) [Lodekeeper] PROGRESS elapsed_ms=235995 phase=traveling backend=baritone target=15,4,9 block=minecraft:diamond_ore navigation_elapsed_ms=63596 navigation_ticks=1272 searching=false path_index=0 path_length=18 retries=0 pending_route_events=0 dropped_route_events=0 status=mining_and_collecting_minecraft:diamond___0/3
[14:34:35] [Render thread/INFO] (lodekeeper) [Lodekeeper] BREAK target=Mutable{x=14, y=19, z=14} block=Block{minecraft:stone} tool=minecraft:iron_pickaxe slot=5 remaining=197 required=route
[14:34:36] [Render thread/INFO] (lodekeeper) [Lodekeeper] BREAK target=Mutable{x=14, y=18, z=14} block=Block{minecraft:andesite} tool=minecraft:iron_pickaxe slot=5 remaining=196 required=route
[14:34:36] [Render thread/INFO] (lodekeeper) [Lodekeeper] BREAK target=Mutable{x=14, y=17, z=14} block=Block{minecraft:andesite} tool=minecraft:iron_pickaxe slot=5 remaining=195 required=route
[14:34:37] [Render thread/INFO] (lodekeeper) [Lodekeeper] PROGRESS elapsed_ms=238017 phase=traveling backend=baritone target=15,4,9 block=minecraft:diamond_ore navigation_elapsed_ms=65584 navigation_ticks=1312 searching=false path_index=0 path_length=15 retries=0 pending_route_events=0 dropped_route_events=0 status=mining_and_collecting_minecraft:diamond___0/3
[14:34:37] [Render thread/INFO] (lodekeeper) [Lodekeeper] BREAK target=Mutable{x=14, y=16, z=14} block=Block{minecraft:andesite} tool=minecraft:iron_pickaxe slot=5 remaining=194 required=route
[14:34:38] [Render thread/INFO] (lodekeeper) [Lodekeeper] BREAK target=Mutable{x=14, y=15, z=14} block=Block{minecraft:andesite} tool=minecraft:iron_pickaxe slot=5 remaining=193 required=route
[14:34:39] [Render thread/INFO] (lodekeeper) [Lodekeeper] BREAK target=Mutable{x=14, y=14, z=14} block=Block{minecraft:andesite} tool=minecraft:iron_pickaxe slot=5 remaining=192 required=route
[14:34:39] [Render thread/INFO] (lodekeeper) [Lodekeeper] PROGRESS elapsed_ms=240040 phase=traveling backend=baritone target=15,4,9 block=minecraft:diamond_ore navigation_elapsed_ms=67572 navigation_ticks=1352 searching=false path_index=0 path_length=12 retries=0 pending_route_events=0 dropped_route_events=0 status=mining_and_collecting_minecraft:diamond___0/3
[14:34:39] [Render thread/INFO] (lodekeeper) [Lodekeeper] BREAK target=Mutable{x=14, y=13, z=14} block=Block{minecraft:andesite} tool=minecraft:iron_pickaxe slot=5 remaining=191 required=route
[14:34:40] [Render thread/INFO] (lodekeeper) [Lodekeeper] BREAK target=Mutable{x=14, y=12, z=14} block=Block{minecraft:andesite} tool=minecraft:iron_pickaxe slot=5 remaining=190 required=route
[14:34:41] [Render thread/INFO] (lodekeeper) [Lodekeeper] PROGRESS elapsed_ms=242092 phase=traveling backend=baritone target=15,4,9 block=minecraft:diamond_ore navigation_elapsed_ms=69794 navigation_ticks=1396 searching=false path_index=0 path_length=9 retries=0 pending_route_events=0 dropped_route_events=0 status=mining_and_collecting_minecraft:diamond___0/3
[14:34:41] [Render thread/INFO] (lodekeeper) [Lodekeeper] BREAK target=Mutable{x=14, y=11, z=14} block=Block{minecraft:stone} tool=minecraft:iron_pickaxe slot=5 remaining=189 required=route
[14:34:41] [Render thread/INFO] (lodekeeper) [Lodekeeper] BREAK target=Mutable{x=14, y=12, z=13} block=Block{minecraft:andesite} tool=minecraft:iron_pickaxe slot=5 remaining=188 required=route
[14:34:42] [Render thread/INFO] (lodekeeper) [Lodekeeper] BREAK target=Mutable{x=14, y=11, z=13} block=Block{minecraft:andesite} tool=minecraft:iron_pickaxe slot=5 remaining=187 required=route
[14:34:43] [Render thread/INFO] (lodekeeper) [Lodekeeper] PROGRESS elapsed_ms=244148 phase=traveling backend=baritone target=15,4,9 block=minecraft:diamond_ore navigation_elapsed_ms=71780 navigation_ticks=1436 searching=false path_index=0 path_length=8 retries=0 pending_route_events=0 dropped_route_events=0 status=mining_and_collecting_minecraft:diamond___0/3
[14:34:43] [Render thread/INFO] (lodekeeper) [Lodekeeper] BREAK target=Mutable{x=14, y=10, z=13} block=Block{minecraft:stone} tool=minecraft:iron_pickaxe slot=5 remaining=186 required=route
[14:34:44] [Render thread/INFO] (lodekeeper) [Lodekeeper] BREAK target=Mutable{x=14, y=11, z=12} block=Block{minecraft:andesite} tool=minecraft:iron_pickaxe slot=5 remaining=185 required=route
[14:34:44] [Render thread/INFO] (lodekeeper) [Lodekeeper] BREAK target=Mutable{x=14, y=10, z=12} block=Block{minecraft:stone} tool=minecraft:iron_pickaxe slot=5 remaining=184 required=route
[14:34:45] [Render thread/INFO] (lodekeeper) [Lodekeeper] PROGRESS elapsed_ms=246168 phase=traveling backend=baritone target=15,4,9 block=minecraft:diamond_ore navigation_elapsed_ms=73766 navigation_ticks=1476 searching=false path_index=0 path_length=7 retries=0 pending_route_events=0 dropped_route_events=0 status=mining_and_collecting_minecraft:diamond___0/3
[14:34:45] [Render thread/INFO] (lodekeeper) [Lodekeeper] BREAK target=Mutable{x=14, y=9, z=12} block=Block{minecraft:stone} tool=minecraft:iron_pickaxe slot=5 remaining=183 required=route
[14:34:46] [Render thread/INFO] (lodekeeper) [Lodekeeper] BREAK target=Mutable{x=14, y=10, z=11} block=Block{minecraft:stone} tool=minecraft:iron_pickaxe slot=5 remaining=182 required=route
[14:34:47] [Render thread/INFO] (lodekeeper) [Lodekeeper] BREAK target=Mutable{x=14, y=9, z=11} block=Block{minecraft:stone} tool=minecraft:iron_pickaxe slot=5 remaining=181 required=route
[14:34:47] [Render thread/INFO] (lodekeeper) [Lodekeeper] PROGRESS elapsed_ms=248170 phase=traveling backend=baritone target=15,4,9 block=minecraft:diamond_ore navigation_elapsed_ms=75767 navigation_ticks=1516 searching=false path_index=0 path_length=6 retries=0 pending_route_events=0 dropped_route_events=0 status=mining_and_collecting_minecraft:diamond___0/3
[14:34:47] [Render thread/INFO] (lodekeeper) [Lodekeeper] BREAK target=Mutable{x=14, y=8, z=11} block=Block{minecraft:stone} tool=minecraft:iron_pickaxe slot=5 remaining=180 required=route
[14:34:48] [Render thread/INFO] (lodekeeper) [Lodekeeper] BREAK target=Mutable{x=15, y=9, z=11} block=Block{minecraft:stone} tool=minecraft:iron_pickaxe slot=5 remaining=179 required=route
[14:34:49] [Render thread/INFO] (lodekeeper) [Lodekeeper] PROGRESS elapsed_ms=250190 phase=traveling backend=baritone target=15,4,9 block=minecraft:diamond_ore navigation_elapsed_ms=77790 navigation_ticks=1556 searching=false path_index=0 path_length=5 retries=0 pending_route_events=0 dropped_route_events=0 status=mining_and_collecting_minecraft:diamond___0/3
[14:34:49] [Render thread/INFO] (lodekeeper) [Lodekeeper] BREAK target=Mutable{x=15, y=8, z=11} block=Block{minecraft:stone} tool=minecraft:iron_pickaxe slot=5 remaining=178 required=route
[14:34:50] [Render thread/INFO] (lodekeeper) [Lodekeeper] BREAK target=Mutable{x=15, y=7, z=11} block=Block{minecraft:stone} tool=minecraft:iron_pickaxe slot=5 remaining=177 required=route
[14:34:51] [Render thread/INFO] (lodekeeper) [Lodekeeper] BREAK target=Mutable{x=15, y=8, z=10} block=Block{minecraft:stone} tool=minecraft:iron_pickaxe slot=5 remaining=176 required=route
[14:34:51] [Render thread/INFO] (lodekeeper) [Lodekeeper] PROGRESS elapsed_ms=252237 phase=traveling backend=baritone target=15,4,9 block=minecraft:diamond_ore navigation_elapsed_ms=79801 navigation_ticks=1596 searching=false path_index=0 path_length=4 retries=0 pending_route_events=0 dropped_route_events=0 status=mining_and_collecting_minecraft:diamond___0/3
[14:34:51] [Render thread/INFO] (lodekeeper) [Lodekeeper] BREAK target=Mutable{x=15, y=7, z=10} block=Block{minecraft:stone} tool=minecraft:iron_pickaxe slot=5 remaining=175 required=route
[14:34:52] [Render thread/INFO] (lodekeeper) [Lodekeeper] BREAK target=Mutable{x=15, y=6, z=10} block=Block{minecraft:stone} tool=minecraft:iron_pickaxe slot=5 remaining=174 required=route
[14:34:53] [Render thread/INFO] (lodekeeper) [Lodekeeper] BREAK target=Mutable{x=15, y=7, z=9} block=Block{minecraft:stone} tool=minecraft:iron_pickaxe slot=5 remaining=173 required=route
[14:34:53] [Render thread/INFO] (lodekeeper) [Lodekeeper] PROGRESS elapsed_ms=254291 phase=traveling backend=baritone target=15,4,9 block=minecraft:diamond_ore navigation_elapsed_ms=81993 navigation_ticks=1640 searching=false path_index=0 path_length=3 retries=0 pending_route_events=0 dropped_route_events=0 status=mining_and_collecting_minecraft:diamond___0/3
[14:34:53] [Render thread/INFO] (lodekeeper) [Lodekeeper] BREAK target=Mutable{x=15, y=6, z=9} block=Block{minecraft:stone} tool=minecraft:iron_pickaxe slot=5 remaining=172 required=route
[14:34:54] [Render thread/INFO] (lodekeeper) [Lodekeeper] BREAK target=Mutable{x=15, y=5, z=9} block=Block{minecraft:diamond_ore} tool=minecraft:iron_pickaxe slot=5 remaining=171 required=minecraft:iron_pickaxe
[14:34:55] [Render thread/INFO] (lodekeeper) [Lodekeeper] PROGRESS elapsed_ms=256315 phase=traveling backend=baritone target=15,4,9 block=minecraft:diamond_ore navigation_elapsed_ms=83983 navigation_ticks=1680 searching=false path_index=0 path_length=3 retries=0 pending_route_events=0 dropped_route_events=0 status=mining_and_collecting_minecraft:diamond___0/3
[14:34:55] [Render thread/INFO] (lodekeeper) [Lodekeeper] BREAK target=Mutable{x=15, y=4, z=9} block=Block{minecraft:diamond_ore} tool=minecraft:iron_pickaxe slot=5 remaining=170 required=minecraft:iron_pickaxe
[14:34:56] [Render thread/INFO] (lodekeeper) [Lodekeeper] TARGET target=none
[14:34:56] [Render thread/INFO] (lodekeeper) [Lodekeeper] NAV backend=baritone mode=MINE event=CALC_STARTED elapsedMs=85417
[14:34:56] [Render thread/INFO] (lodekeeper) [Lodekeeper] NAV calcTool=minecraft:iron_pickaxe slot=5
[14:34:56] [Render thread/INFO] (lodekeeper) [Lodekeeper] NAV backend=baritone mode=MINE event=CALC_FINISHED_NOW_EXECUTING elapsedMs=85417
[14:34:56] [Render thread/INFO] (lodekeeper) [Lodekeeper] TARGET target=15,4,8 block=minecraft:diamond_ore
[14:34:56] [Render thread/INFO] (lodekeeper) [Lodekeeper] BREAK target=Mutable{x=15, y=5, z=8} block=Block{minecraft:deepslate_diamond_ore} tool=minecraft:iron_pickaxe slot=5 remaining=169 required=route
[14:34:57] [Render thread/INFO] (lodekeeper) [Lodekeeper] PROGRESS elapsed_ms=258325 phase=traveling backend=baritone target=15,4,8 block=minecraft:diamond_ore navigation_elapsed_ms=85994 navigation_ticks=1720 searching=false path_index=0 path_length=2 retries=0 pending_route_events=0 dropped_route_events=0 status=mining_and_collecting_minecraft:diamond___2/3
[14:34:58] [Render thread/INFO] (lodekeeper) [Lodekeeper] BREAK target=Mutable{x=15, y=4, z=8} block=Block{minecraft:diamond_ore} tool=minecraft:iron_pickaxe slot=5 remaining=168 required=minecraft:iron_pickaxe
[14:34:58] [Render thread/INFO] (lodekeeper) [Lodekeeper] TARGET target=none
[14:34:58] [Render thread/INFO] (lodekeeper) [Lodekeeper] STATION_POLICY decision=replace_distant station=minecraft:furnace position=BlockPos{x=5, y=63, z=28}
[14:34:58] [lodekeeper-planner/INFO] (lodekeeper) [Lodekeeper] PROJECT_MATERIALS project=gear_diamond before=[gather:minecraft:diamond_ore:3, gather:minecraft:birch_log:1, gather:minecraft:diamond_ore:4, gather:minecraft:diamond_ore:8, gather:minecraft:diamond_ore:5, gather:minecraft:diamond_ore:2, gather:minecraft:diamond_ore:7, gather:minecraft:diamond_ore:1, gather:minecraft:diamond_ore:2] after=[gather:minecraft:diamond_ore:3, gather:minecraft:birch_log:1, gather:minecraft:diamond_ore:4, gather:minecraft:diamond_ore:8, gather:minecraft:diamond_ore:5, gather:minecraft:diamond_ore:2, gather:minecraft:diamond_ore:7, gather:minecraft:diamond_ore:1, gather:minecraft:diamond_ore:2]
[14:34:58] [lodekeeper-planner/INFO] (lodekeeper) [Lodekeeper] PLAN project=gear_diamond success=true steps=22 branches=98 elapsedMs=1.965539
[14:34:59] [Render thread/INFO] (lodekeeper) [Lodekeeper] STEP kind=PLACE_STATION source=place:minecraft:crafting_table output=null count=0 operations=1 auxiliary=false
[14:34:59] [Render thread/INFO] (lodekeeper) [Lodekeeper] TARGET target=15,5,8 block=minecraft:crafting_table
[14:34:59] [Render thread/INFO] (lodekeeper) [Lodekeeper] STATION_POLICY decision=replace_distant station=minecraft:furnace position=BlockPos{x=5, y=63, z=28}
[14:34:59] [Render thread/INFO] (lodekeeper) [Lodekeeper] TARGET target=none
[14:34:59] [lodekeeper-planner/INFO] (lodekeeper) [Lodekeeper] PROJECT_MATERIALS project=gear_diamond before=[gather:minecraft:diamond_ore:3, gather:minecraft:birch_log:1, gather:minecraft:diamond_ore:4, gather:minecraft:diamond_ore:8, gather:minecraft:diamond_ore:5, gather:minecraft:diamond_ore:2, gather:minecraft:diamond_ore:7, gather:minecraft:diamond_ore:1, gather:minecraft:diamond_ore:2] after=[gather:minecraft:diamond_ore:3, gather:minecraft:birch_log:1, gather:minecraft:diamond_ore:4, gather:minecraft:diamond_ore:8, gather:minecraft:diamond_ore:5, gather:minecraft:diamond_ore:2, gather:minecraft:diamond_ore:7, gather:minecraft:diamond_ore:1, gather:minecraft:diamond_ore:2]
[14:34:59] [lodekeeper-planner/INFO] (lodekeeper) [Lodekeeper] PLAN project=gear_diamond success=true steps=21 branches=97 elapsedMs=1.579685
[14:34:59] [Render thread/INFO] (lodekeeper) [Lodekeeper] STEP kind=CRAFT source=minecraft:diamond_pickaxe output=minecraft:diamond_pickaxe count=1 operations=1 auxiliary=false
[14:34:59] [Render thread/INFO] (lodekeeper) [Lodekeeper] PROGRESS elapsed_ms=260342 phase=crafting backend=baritone target=none navigation_elapsed_ms=0 navigation_ticks=0 searching=false path_index=0 path_length=0 retries=0 pending_route_events=0 dropped_route_events=0 status=CRAFT_minecraft:diamond_pickaxe
[14:35:01] [Render thread/INFO] (lodekeeper) [Lodekeeper] PROGRESS elapsed_ms=262391 phase=crafting backend=baritone target=none navigation_elapsed_ms=0 navigation_ticks=0 searching=false path_index=0 path_length=0 retries=0 pending_route_events=0 dropped_route_events=0 status=CRAFT_minecraft:diamond_pickaxe
[14:35:03] [Render thread/INFO] (lodekeeper) [Lodekeeper] STATION_POLICY decision=replace_distant station=minecraft:furnace position=BlockPos{x=5, y=63, z=28}
[14:35:03] [lodekeeper-planner/INFO] (lodekeeper) [Lodekeeper] PROJECT_MATERIALS project=gear_diamond before=[gather:minecraft:diamond_ore:3, gather:minecraft:birch_log:1, gather:minecraft:diamond_ore:4, gather:minecraft:diamond_ore:8, gather:minecraft:diamond_ore:5, gather:minecraft:diamond_ore:2, gather:minecraft:diamond_ore:7, gather:minecraft:diamond_ore:1, gather:minecraft:diamond_ore:2] after=[gather:minecraft:diamond_ore:3, gather:minecraft:birch_log:1, gather:minecraft:diamond_ore:4, gather:minecraft:diamond_ore:8, gather:minecraft:diamond_ore:5, gather:minecraft:diamond_ore:2, gather:minecraft:diamond_ore:7, gather:minecraft:diamond_ore:1, gather:minecraft:diamond_ore:2]
[14:35:03] [lodekeeper-planner/INFO] (lodekeeper) [Lodekeeper] PLAN project=gear_diamond success=true steps=20 branches=92 elapsedMs=1.873881
[14:35:03] [Render thread/INFO] (lodekeeper) [Lodekeeper] STEP kind=GATHER source=gather:minecraft:diamond_ore output=minecraft:diamond count=32 operations=32 auxiliary=false
[14:35:03] [Render thread/INFO] (lodekeeper) [Lodekeeper] PROGRESS elapsed_ms=264448 phase=gathering backend=baritone target=none navigation_elapsed_ms=0 navigation_ticks=0 searching=false path_index=0 path_length=0 retries=0 pending_route_events=0 dropped_route_events=0 status=mining_the_recorded_owned_crafting_table
[14:35:05] [Render thread/INFO] (lodekeeper) [Lodekeeper] PROGRESS elapsed_ms=266492 phase=gathering backend=baritone target=none navigation_elapsed_ms=0 navigation_ticks=0 searching=false path_index=0 path_length=0 retries=0 pending_route_events=0 dropped_route_events=0 status=mining_the_recorded_owned_crafting_table
[14:35:07] [Render thread/INFO] (lodekeeper) [Lodekeeper] NAV backend=baritone mode=PICKUP event=CALC_STARTED elapsedMs=0
[14:35:07] [Render thread/INFO] (lodekeeper) [Lodekeeper] NAV calcTool=minecraft:air slot=0
[14:35:07] [Render thread/INFO] (lodekeeper) [Lodekeeper] NAV backend=baritone mode=PICKUP event=CALC_FINISHED_NOW_EXECUTING elapsedMs=34
[14:35:07] [Render thread/INFO] (lodekeeper) [Lodekeeper] BREAK target=Mutable{x=15, y=6, z=8} block=Block{minecraft:stone} tool=minecraft:diamond_pickaxe slot=4 remaining=1561 required=route
[14:35:07] [Render thread/INFO] (lodekeeper) [Lodekeeper] STATION_POLICY decision=replace_distant station=minecraft:furnace position=BlockPos{x=5, y=63, z=28}
[14:35:07] [lodekeeper-planner/INFO] (lodekeeper) [Lodekeeper] PROJECT_MATERIALS project=gear_diamond before=[gather:minecraft:diamond_ore:3, gather:minecraft:birch_log:1, gather:minecraft:diamond_ore:4, gather:minecraft:diamond_ore:8, gather:minecraft:diamond_ore:5, gather:minecraft:diamond_ore:2, gather:minecraft:diamond_ore:7, gather:minecraft:diamond_ore:1, gather:minecraft:diamond_ore:2] after=[gather:minecraft:diamond_ore:3, gather:minecraft:birch_log:1, gather:minecraft:diamond_ore:4, gather:minecraft:diamond_ore:8, gather:minecraft:diamond_ore:5, gather:minecraft:diamond_ore:2, gather:minecraft:diamond_ore:7, gather:minecraft:diamond_ore:1, gather:minecraft:diamond_ore:2]
[14:35:07] [lodekeeper-planner/INFO] (lodekeeper) [Lodekeeper] PLAN project=gear_diamond success=true steps=21 branches=93 elapsedMs=1.604414
[14:35:07] [Render thread/INFO] (lodekeeper) [Lodekeeper] STEP kind=GATHER source=gather:minecraft:diamond_ore output=minecraft:diamond count=32 operations=32 auxiliary=false
[14:35:07] [Render thread/INFO] (lodekeeper) [Lodekeeper] MINING_DEPTH policy=BULK_DIAMOND desiredY=-55 ceiling=-40 deficit=32 phase=DESCEND
[14:35:07] [Render thread/INFO] (lodekeeper) [Lodekeeper] NAV backend=baritone mode=DESCEND event=CALC_STARTED elapsedMs=0
[14:35:07] [Render thread/INFO] (lodekeeper) [Lodekeeper] NAV calcTool=minecraft:diamond_pickaxe slot=4
[14:35:07] [Render thread/INFO] (lodekeeper) [Lodekeeper] PROGRESS elapsed_ms=268516 phase=working backend=baritone target=none navigation_elapsed_ms=0 navigation_ticks=0 searching=false path_index=0 path_length=0 retries=0 pending_route_events=0 dropped_route_events=0 status=seeking_mining_depth_-55_for_minecraft:diamond___0/32
[14:35:07] [Render thread/INFO] (lodekeeper) [Lodekeeper] ROUTE_SEARCH kind=unknown anchor=unknown feet_y16=0 candidates=0 target=none elapsed_ms=268685
[14:35:08] [Render thread/INFO] (lodekeeper) [Lodekeeper] NAV backend=baritone mode=DESCEND event=CALC_FINISHED_NOW_EXECUTING elapsedMs=510
[14:35:08] [Render thread/INFO] (lodekeeper) [Lodekeeper] BREAK target=Mutable{x=15, y=3, z=9} block=Block{minecraft:granite} tool=minecraft:diamond_pickaxe slot=4 remaining=1561 required=route
[14:35:08] [Render thread/INFO] (lodekeeper) [Lodekeeper] ROUTE_TRAVEL path_index=0 path_length=34 target=none elapsed_ms=269094
[14:35:08] [Render thread/INFO] (lodekeeper) [Lodekeeper] BREAK target=Mutable{x=15, y=2, z=9} block=Block{minecraft:granite} tool=minecraft:diamond_pickaxe slot=4 remaining=1560 required=route
[14:35:09] [Render thread/INFO] (lodekeeper) [Lodekeeper] BREAK target=Mutable{x=15, y=1, z=9} block=Block{minecraft:granite} tool=minecraft:diamond_pickaxe slot=4 remaining=1559 required=route
[14:35:09] [Render thread/INFO] (lodekeeper) [Lodekeeper] PROGRESS elapsed_ms=270528 phase=traveling backend=baritone target=none navigation_elapsed_ms=2012 navigation_ticks=40 searching=false path_index=0 path_length=32 retries=0 pending_route_events=0 dropped_route_events=0 status=seeking_mining_depth_-55_for_minecraft:diamond___0/32
[14:35:09] [Render thread/INFO] (lodekeeper) [Lodekeeper] BREAK target=Mutable{x=15, y=0, z=9} block=Block{minecraft:deepslate} tool=minecraft:diamond_pickaxe slot=4 remaining=1558 required=route
[14:35:10] [Render thread/INFO] (lodekeeper) [Lodekeeper] BREAK target=Mutable{x=15, y=-1, z=9} block=Block{minecraft:deepslate} tool=minecraft:diamond_pickaxe slot=4 remaining=1557 required=route
[14:35:11] [Render thread/INFO] (lodekeeper) [Lodekeeper] PROGRESS elapsed_ms=272542 phase=traveling backend=baritone target=none navigation_elapsed_ms=3992 navigation_ticks=80 searching=false path_index=0 path_length=29 retries=0 pending_route_events=0 dropped_route_events=0 status=seeking_mining_depth_-55_for_minecraft:diamond___0/32
[14:35:11] [Render thread/INFO] (lodekeeper) [Lodekeeper] BREAK target=Mutable{x=15, y=-2, z=9} block=Block{minecraft:deepslate} tool=minecraft:diamond_pickaxe slot=4 remaining=1556 required=route
[14:35:12] [Render thread/INFO] (lodekeeper) [Lodekeeper] BREAK target=Mutable{x=15, y=-3, z=9} block=Block{minecraft:deepslate_iron_ore} tool=minecraft:diamond_pickaxe slot=4 remaining=1555 required=route
[14:35:13] [Render thread/INFO] (lodekeeper) [Lodekeeper] PROGRESS elapsed_ms=274585 phase=traveling backend=baritone target=none navigation_elapsed_ms=6000 navigation_ticks=120 searching=false path_index=0 path_length=28 retries=0 pending_route_events=0 dropped_route_events=0 status=seeking_mining_depth_-55_for_minecraft:diamond___0/32
[14:35:13] [Render thread/INFO] (lodekeeper) [Lodekeeper] BREAK target=Mutable{x=15, y=-4, z=9} block=Block{minecraft:deepslate} tool=minecraft:diamond_pickaxe slot=4 remaining=1554 required=route
[14:35:14] [Render thread/INFO] (lodekeeper) [Lodekeeper] BREAK target=Mutable{x=15, y=-5, z=9} block=Block{minecraft:deepslate} tool=minecraft:diamond_pickaxe slot=4 remaining=1553 required=route
[14:35:15] [Render thread/INFO] (lodekeeper) [Lodekeeper] BREAK target=Mutable{x=15, y=-6, z=9} block=Block{minecraft:deepslate} tool=minecraft:diamond_pickaxe slot=4 remaining=1552 required=route
[14:35:15] [Render thread/INFO] (lodekeeper) [Lodekeeper] PROGRESS elapsed_ms=276633 phase=traveling backend=baritone target=none navigation_elapsed_ms=8013 navigation_ticks=160 searching=false path_index=0 path_length=25 retries=0 pending_route_events=0 dropped_route_events=0 status=seeking_mining_depth_-55_for_minecraft:diamond___0/32
[14:35:16] [Render thread/INFO] (lodekeeper) [Lodekeeper] BREAK target=Mutable{x=15, y=-7, z=9} block=Block{minecraft:deepslate} tool=minecraft:diamond_pickaxe slot=4 remaining=1551 required=route
[14:35:17] [Render thread/INFO] (lodekeeper) [Lodekeeper] BREAK target=Mutable{x=15, y=-8, z=9} block=Block{minecraft:deepslate} tool=minecraft:diamond_pickaxe slot=4 remaining=1550 required=route
[14:35:17] [Render thread/INFO] (lodekeeper) [Lodekeeper] PROGRESS elapsed_ms=278640 phase=traveling backend=baritone target=none navigation_elapsed_ms=9989 navigation_ticks=200 searching=false path_index=0 path_length=23 retries=0 pending_route_events=0 dropped_route_events=0 status=seeking_mining_depth_-55_for_minecraft:diamond___0/32
[14:35:18] [Render thread/INFO] (lodekeeper) [Lodekeeper] BREAK target=Mutable{x=15, y=-9, z=9} block=Block{minecraft:deepslate} tool=minecraft:diamond_pickaxe slot=4 remaining=1549 required=route
[14:35:19] [Render thread/INFO] (lodekeeper) [Lodekeeper] BREAK target=Mutable{x=15, y=-10, z=9} block=Block{minecraft:deepslate} tool=minecraft:diamond_pickaxe slot=4 remaining=1548 required=route
[14:35:19] [Render thread/INFO] (lodekeeper) [Lodekeeper] PROGRESS elapsed_ms=280682 phase=traveling backend=baritone target=none navigation_elapsed_ms=12200 navigation_ticks=244 searching=false path_index=0 path_length=21 retries=0 pending_route_events=0 dropped_route_events=0 status=seeking_mining_depth_-55_for_minecraft:diamond___0/32
[14:35:20] [Render thread/INFO] (lodekeeper) [Lodekeeper] BREAK target=Mutable{x=15, y=-11, z=9} block=Block{minecraft:deepslate} tool=minecraft:diamond_pickaxe slot=4 remaining=1547 required=route
[14:35:20] [Render thread/INFO] (lodekeeper) [Lodekeeper] BREAK target=Mutable{x=15, y=-12, z=9} block=Block{minecraft:deepslate} tool=minecraft:diamond_pickaxe slot=4 remaining=1546 required=route
[14:35:21] [Render thread/INFO] (lodekeeper) [Lodekeeper] PROGRESS elapsed_ms=282734 phase=traveling backend=baritone target=none navigation_elapsed_ms=14185 navigation_ticks=284 searching=false path_index=0 path_length=18 retries=0 pending_route_events=0 dropped_route_events=0 status=seeking_mining_depth_-55_for_minecraft:diamond___0/32
[14:35:21] [Render thread/INFO] (lodekeeper) [Lodekeeper] BREAK target=Mutable{x=15, y=-13, z=9} block=Block{minecraft:deepslate} tool=minecraft:diamond_pickaxe slot=4 remaining=1545 required=route
[14:35:22] [Render thread/INFO] (lodekeeper) [Lodekeeper] BREAK target=Mutable{x=15, y=-14, z=9} block=Block{minecraft:deepslate} tool=minecraft:diamond_pickaxe slot=4 remaining=1544 required=route
[14:35:23] [Render thread/INFO] (lodekeeper) [Lodekeeper] BREAK target=Mutable{x=15, y=-15, z=9} block=Block{minecraft:deepslate} tool=minecraft:diamond_pickaxe slot=4 remaining=1543 required=route
[14:35:23] [Render thread/INFO] (lodekeeper) [Lodekeeper] PROGRESS elapsed_ms=284786 phase=traveling backend=baritone target=none navigation_elapsed_ms=16202 navigation_ticks=324 searching=false path_index=0 path_length=16 retries=0 pending_route_events=0 dropped_route_events=0 status=seeking_mining_depth_-55_for_minecraft:diamond___0/32
[14:35:24] [Render thread/INFO] (lodekeeper) [Lodekeeper] BREAK target=Mutable{x=15, y=-16, z=9} block=Block{minecraft:deepslate} tool=minecraft:diamond_pickaxe slot=4 remaining=1542 required=route
[14:35:25] [Render thread/INFO] (lodekeeper) [Lodekeeper] BREAK target=Mutable{x=15, y=-17, z=9} block=Block{minecraft:deepslate} tool=minecraft:diamond_pickaxe slot=4 remaining=1541 required=route
[14:35:25] [Render thread/INFO] (lodekeeper) [Lodekeeper] PROGRESS elapsed_ms=286839 phase=traveling backend=baritone target=none navigation_elapsed_ms=18186 navigation_ticks=364 searching=false path_index=0 path_length=14 retries=0 pending_route_events=0 dropped_route_events=0 status=seeking_mining_depth_-55_for_minecraft:diamond___0/32
[14:35:26] [Render thread/INFO] (lodekeeper) [Lodekeeper] BREAK target=Mutable{x=15, y=-18, z=9} block=Block{minecraft:deepslate} tool=minecraft:diamond_pickaxe slot=4 remaining=1540 required=route
[14:35:27] [Render thread/INFO] (lodekeeper) [Lodekeeper] BREAK target=Mutable{x=15, y=-19, z=9} block=Block{minecraft:deepslate} tool=minecraft:diamond_pickaxe slot=4 remaining=1539 required=route
[14:35:27] [Render thread/INFO] (lodekeeper) [Lodekeeper] PROGRESS elapsed_ms=288891 phase=traveling backend=baritone target=none navigation_elapsed_ms=20409 navigation_ticks=408 searching=false path_index=0 path_length=12 retries=0 pending_route_events=0 dropped_route_events=0 status=seeking_mining_depth_-55_for_minecraft:diamond___0/32
[14:35:28] [Render thread/INFO] (lodekeeper) [Lodekeeper] BREAK target=Mutable{x=15, y=-20, z=9} block=Block{minecraft:deepslate} tool=minecraft:diamond_pickaxe slot=4 remaining=1538 required=route
[14:35:29] [Render thread/INFO] (lodekeeper) [Lodekeeper] BREAK target=Mutable{x=15, y=-21, z=9} block=Block{minecraft:deepslate} tool=minecraft:diamond_pickaxe slot=4 remaining=1537 required=route
[14:35:29] [Render thread/INFO] (lodekeeper) [Lodekeeper] NAV backend=baritone mode=DESCEND event=NEXT_SEGMENT_CALC_STARTED elapsedMs=22188
[14:35:29] [Render thread/INFO] (lodekeeper) [Lodekeeper] NAV backend=baritone mode=DESCEND event=NEXT_SEGMENT_CALC_FINISHED elapsedMs=22256
[14:35:29] [Render thread/INFO] (lodekeeper) [Lodekeeper] BREAK target=Mutable{x=15, y=-22, z=9} block=Block{minecraft:deepslate} tool=minecraft:diamond_pickaxe slot=4 remaining=1536 required=route
[14:35:29] [Render thread/INFO] (lodekeeper) [Lodekeeper] PROGRESS elapsed_ms=290943 phase=traveling backend=baritone target=none navigation_elapsed_ms=22393 navigation_ticks=448 searching=false path_index=0 path_length=35 retries=0 pending_route_events=0 dropped_route_events=0 status=seeking_mining_depth_-55_for_minecraft:diamond___0/32
[14:35:30] [Render thread/INFO] (lodekeeper) [Lodekeeper] BREAK target=Mutable{x=15, y=-23, z=9} block=Block{minecraft:deepslate} tool=minecraft:diamond_pickaxe slot=4 remaining=1535 required=route
[14:35:31] [Render thread/INFO] (lodekeeper) [Lodekeeper] BREAK target=Mutable{x=15, y=-24, z=9} block=Block{minecraft:deepslate} tool=minecraft:diamond_pickaxe slot=4 remaining=1534 required=route
[14:35:32] [Render thread/INFO] (lodekeeper) [Lodekeeper] PROGRESS elapsed_ms=292985 phase=traveling backend=baritone target=none navigation_elapsed_ms=24402 navigation_ticks=488 searching=false path_index=0 path_length=33 retries=0 pending_route_events=0 dropped_route_events=0 status=seeking_mining_depth_-55_for_minecraft:diamond___0/32
[14:35:32] [Render thread/INFO] (lodekeeper) [Lodekeeper] BREAK target=Mutable{x=15, y=-25, z=9} block=Block{minecraft:deepslate} tool=minecraft:diamond_pickaxe slot=4 remaining=1533 required=route
[14:35:33] [Render thread/INFO] (lodekeeper) [Lodekeeper] BREAK target=Mutable{x=15, y=-26, z=9} block=Block{minecraft:deepslate} tool=minecraft:diamond_pickaxe slot=4 remaining=1532 required=route
[14:35:34] [Render thread/INFO] (lodekeeper) [Lodekeeper] PROGRESS elapsed_ms=295039 phase=traveling backend=baritone target=none navigation_elapsed_ms=26386 navigation_ticks=528 searching=false path_index=0 path_length=31 retries=0 pending_route_events=0 dropped_route_events=0 status=seeking_mining_depth_-55_for_minecraft:diamond___0/32
[14:35:34] [Render thread/INFO] (lodekeeper) [Lodekeeper] BREAK target=Mutable{x=15, y=-27, z=9} block=Block{minecraft:deepslate} tool=minecraft:diamond_pickaxe slot=4 remaining=1531 required=route
[14:35:35] [Render thread/INFO] (lodekeeper) [Lodekeeper] BREAK target=Mutable{x=15, y=-28, z=9} block=Block{minecraft:deepslate} tool=minecraft:diamond_pickaxe slot=4 remaining=1530 required=route
[14:35:36] [Render thread/INFO] (lodekeeper) [Lodekeeper] PROGRESS elapsed_ms=297093 phase=traveling backend=baritone target=none navigation_elapsed_ms=28611 navigation_ticks=572 searching=false path_index=0 path_length=28 retries=0 pending_route_events=0 dropped_route_events=0 status=seeking_mining_depth_-55_for_minecraft:diamond___0/32
[14:35:36] [Render thread/INFO] (lodekeeper) [Lodekeeper] BREAK target=Mutable{x=15, y=-29, z=9} block=Block{minecraft:deepslate} tool=minecraft:diamond_pickaxe slot=4 remaining=1529 required=route
[14:35:37] [Render thread/INFO] (lodekeeper) [Lodekeeper] BREAK target=Mutable{x=15, y=-30, z=9} block=Block{minecraft:deepslate} tool=minecraft:diamond_pickaxe slot=4 remaining=1528 required=route
[14:35:38] [Render thread/INFO] (lodekeeper) [Lodekeeper] BREAK target=Mutable{x=15, y=-31, z=9} block=Block{minecraft:deepslate} tool=minecraft:diamond_pickaxe slot=4 remaining=1527 required=route
[14:35:38] [Render thread/INFO] (lodekeeper) [Lodekeeper] PROGRESS elapsed_ms=299144 phase=traveling backend=baritone target=none navigation_elapsed_ms=30593 navigation_ticks=612 searching=false path_index=0 path_length=26 retries=0 pending_route_events=0 dropped_route_events=0 status=seeking_mining_depth_-55_for_minecraft:diamond___0/32
[14:35:38] [Render thread/INFO] (lodekeeper) [Lodekeeper] BREAK target=Mutable{x=15, y=-32, z=9} block=Block{minecraft:deepslate} tool=minecraft:diamond_pickaxe slot=4 remaining=1526 required=route
[14:35:39] [Render thread/INFO] (lodekeeper) [Lodekeeper] BREAK target=Mutable{x=15, y=-33, z=9} block=Block{minecraft:deepslate} tool=minecraft:diamond_pickaxe slot=4 remaining=1525 required=route
[14:35:40] [Render thread/INFO] (lodekeeper) [Lodekeeper] PROGRESS elapsed_ms=301197 phase=traveling backend=baritone target=none navigation_elapsed_ms=32613 navigation_ticks=652 searching=false path_index=0 path_length=24 retries=0 pending_route_events=0 dropped_route_events=0 status=seeking_mining_depth_-55_for_minecraft:diamond___0/32
[14:35:40] [Render thread/INFO] (lodekeeper) [Lodekeeper] BREAK target=Mutable{x=15, y=-34, z=9} block=Block{minecraft:deepslate} tool=minecraft:diamond_pickaxe slot=4 remaining=1524 required=route
[14:35:41] [Render thread/INFO] (lodekeeper) [Lodekeeper] BREAK target=Mutable{x=15, y=-35, z=9} block=Block{minecraft:deepslate} tool=minecraft:diamond_pickaxe slot=4 remaining=1523 required=route
[14:35:42] [Render thread/INFO] (lodekeeper) [Lodekeeper] PROGRESS elapsed_ms=303216 phase=traveling backend=baritone target=none navigation_elapsed_ms=34597 navigation_ticks=692 searching=false path_index=0 path_length=22 retries=0 pending_route_events=0 dropped_route_events=0 status=seeking_mining_depth_-55_for_minecraft:diamond___0/32
[14:35:42] [Render thread/INFO] (lodekeeper) [Lodekeeper] BREAK target=Mutable{x=15, y=-36, z=9} block=Block{minecraft:deepslate} tool=minecraft:diamond_pickaxe slot=4 remaining=1522 required=route
[14:35:43] [Render thread/INFO] (lodekeeper) [Lodekeeper] BREAK target=Mutable{x=15, y=-37, z=9} block=Block{minecraft:deepslate} tool=minecraft:diamond_pickaxe slot=4 remaining=1521 required=route
[14:35:44] [Render thread/INFO] (lodekeeper) [Lodekeeper] PROGRESS elapsed_ms=305230 phase=traveling backend=baritone target=none navigation_elapsed_ms=36613 navigation_ticks=732 searching=false path_index=0 path_length=20 retries=0 pending_route_events=0 dropped_route_events=0 status=seeking_mining_depth_-55_for_minecraft:diamond___0/32
[14:35:44] [Render thread/INFO] (lodekeeper) [Lodekeeper] BREAK target=Mutable{x=15, y=-38, z=9} block=Block{minecraft:deepslate} tool=minecraft:diamond_pickaxe slot=4 remaining=1520 required=route
[14:35:45] [Render thread/INFO] (lodekeeper) [Lodekeeper] BREAK target=Mutable{x=15, y=-39, z=9} block=Block{minecraft:deepslate} tool=minecraft:diamond_pickaxe slot=4 remaining=1519 required=route
[14:35:46] [Render thread/INFO] (lodekeeper) [Lodekeeper] BREAK target=Mutable{x=15, y=-40, z=9} block=Block{minecraft:deepslate} tool=minecraft:diamond_pickaxe slot=4 remaining=1518 required=route
[14:35:46] [Render thread/INFO] (lodekeeper) [Lodekeeper] PROGRESS elapsed_ms=307285 phase=traveling backend=baritone target=none navigation_elapsed_ms=38803 navigation_ticks=776 searching=false path_index=0 path_length=17 retries=0 pending_route_events=0 dropped_route_events=0 status=seeking_mining_depth_-55_for_minecraft:diamond___0/32
[14:35:47] [Render thread/INFO] (lodekeeper) [Lodekeeper] BREAK target=Mutable{x=15, y=-41, z=9} block=Block{minecraft:deepslate} tool=minecraft:diamond_pickaxe slot=4 remaining=1517 required=route
[14:35:47] [Render thread/INFO] (lodekeeper) [Lodekeeper] BREAK target=Mutable{x=15, y=-42, z=9} block=Block{minecraft:deepslate} tool=minecraft:diamond_pickaxe slot=4 remaining=1516 required=route
[14:35:48] [Render thread/INFO] (lodekeeper) [Lodekeeper] PROGRESS elapsed_ms=309338 phase=traveling backend=baritone target=none navigation_elapsed_ms=40788 navigation_ticks=816 searching=false path_index=0 path_length=15 retries=0 pending_route_events=0 dropped_route_events=0 status=seeking_mining_depth_-55_for_minecraft:diamond___0/32
[14:35:48] [Render thread/INFO] (lodekeeper) [Lodekeeper] BREAK target=Mutable{x=15, y=-43, z=9} block=Block{minecraft:deepslate} tool=minecraft:diamond_pickaxe slot=4 remaining=1515 required=route
[14:35:49] [Render thread/INFO] (lodekeeper) [Lodekeeper] BREAK target=Mutable{x=15, y=-44, z=9} block=Block{minecraft:deepslate} tool=minecraft:diamond_pickaxe slot=4 remaining=1514 required=route
[14:35:50] [Render thread/INFO] (lodekeeper) [Lodekeeper] PROGRESS elapsed_ms=311388 phase=traveling backend=baritone target=none navigation_elapsed_ms=42802 navigation_ticks=856 searching=false path_index=0 path_length=13 retries=0 pending_route_events=0 dropped_route_events=0 status=seeking_mining_depth_-55_for_minecraft:diamond___0/32
[14:35:50] [Render thread/INFO] (lodekeeper) [Lodekeeper] BREAK target=Mutable{x=15, y=-45, z=9} block=Block{minecraft:deepslate} tool=minecraft:diamond_pickaxe slot=4 remaining=1513 required=route
[14:35:51] [Render thread/INFO] (lodekeeper) [Lodekeeper] BREAK target=Mutable{x=15, y=-46, z=9} block=Block{minecraft:deepslate} tool=minecraft:diamond_pickaxe slot=4 remaining=1512 required=route
[14:35:52] [Render thread/INFO] (lodekeeper) [Lodekeeper] BREAK target=Mutable{x=15, y=-47, z=9} block=Block{minecraft:deepslate} tool=minecraft:diamond_pickaxe slot=4 remaining=1511 required=route
[14:35:52] [Render thread/INFO] (lodekeeper) [Lodekeeper] PROGRESS elapsed_ms=313440 phase=traveling backend=baritone target=none navigation_elapsed_ms=44788 navigation_ticks=896 searching=false path_index=0 path_length=10 retries=0 pending_route_events=0 dropped_route_events=0 status=seeking_mining_depth_-55_for_minecraft:diamond___0/32
[14:35:53] [Render thread/INFO] (lodekeeper) [Lodekeeper] BREAK target=Mutable{x=15, y=-48, z=9} block=Block{minecraft:deepslate} tool=minecraft:diamond_pickaxe slot=4 remaining=1510 required=route
[14:35:54] [Render thread/INFO] (lodekeeper) [Lodekeeper] BREAK target=Mutable{x=15, y=-49, z=9} block=Block{minecraft:deepslate} tool=minecraft:diamond_pickaxe slot=4 remaining=1509 required=route
[14:35:54] [Render thread/INFO] (lodekeeper) [Lodekeeper] PROGRESS elapsed_ms=315488 phase=traveling backend=baritone target=none navigation_elapsed_ms=47006 navigation_ticks=940 searching=false path_index=0 path_length=8 retries=0 pending_route_events=0 dropped_route_events=0 status=seeking_mining_depth_-55_for_minecraft:diamond___0/32
[14:35:55] [Render thread/INFO] (lodekeeper) [Lodekeeper] BREAK target=Mutable{x=15, y=-50, z=9} block=Block{minecraft:deepslate} tool=minecraft:diamond_pickaxe slot=4 remaining=1508 required=route
[14:35:56] [Render thread/INFO] (lodekeeper) [Lodekeeper] BREAK target=Mutable{x=15, y=-51, z=9} block=Block{minecraft:deepslate} tool=minecraft:diamond_pickaxe slot=4 remaining=1507 required=route
[14:35:56] [Render thread/INFO] (lodekeeper) [Lodekeeper] PROGRESS elapsed_ms=317533 phase=traveling backend=baritone target=none navigation_elapsed_ms=48983 navigation_ticks=980 searching=false path_index=0 path_length=6 retries=0 pending_route_events=0 dropped_route_events=0 status=seeking_mining_depth_-55_for_minecraft:diamond___0/32
[14:35:56] [Render thread/INFO] (lodekeeper) [Lodekeeper] BREAK target=Mutable{x=15, y=-52, z=9} block=Block{minecraft:deepslate} tool=minecraft:diamond_pickaxe slot=4 remaining=1506 required=route
[14:35:57] [Render thread/INFO] (lodekeeper) [Lodekeeper] BREAK target=Mutable{x=15, y=-53, z=9} block=Block{minecraft:deepslate} tool=minecraft:diamond_pickaxe slot=4 remaining=1505 required=route
[14:35:58] [Render thread/INFO] (lodekeeper) [Lodekeeper] PROGRESS elapsed_ms=319543 phase=traveling backend=baritone target=none navigation_elapsed_ms=50992 navigation_ticks=1020 searching=false path_index=0 path_length=4 retries=0 pending_route_events=0 dropped_route_events=0 status=seeking_mining_depth_-55_for_minecraft:diamond___0/32
[14:35:58] [Render thread/INFO] (lodekeeper) [Lodekeeper] BREAK target=Mutable{x=15, y=-54, z=9} block=Block{minecraft:deepslate} tool=minecraft:diamond_pickaxe slot=4 remaining=1504 required=route
[14:35:59] [Render thread/INFO] (lodekeeper) [Lodekeeper] BREAK target=Mutable{x=15, y=-55, z=9} block=Block{minecraft:deepslate} tool=minecraft:diamond_pickaxe slot=4 remaining=1503 required=route
[14:36:00] [Render thread/INFO] (lodekeeper) [Lodekeeper] NAV phase=DESCEND -> MINE targetY=-55 requestTicks=1055
[14:36:00] [Render thread/INFO] (lodekeeper) [Lodekeeper] NAV backend=baritone mode=SUSPENDED event=CANCELED elapsedMs=52750
[14:36:00] [Render thread/INFO] (lodekeeper) [Lodekeeper] NAV backend=baritone mode=SUSPENDED event=CANCELED elapsedMs=52750
[14:36:00] [Render thread/INFO] (lodekeeper) [Lodekeeper] NAV backend=baritone mode=SUSPENDED event=CANCELED elapsedMs=52784
[14:36:00] [Render thread/INFO] (lodekeeper) [Lodekeeper] NAV backend=baritone mode=SUSPENDED event=CANCELED elapsedMs=52852
[14:36:00] [Render thread/INFO] (lodekeeper) [Lodekeeper] NAV backend=baritone mode=SUSPENDED event=CANCELED elapsedMs=52886
[14:36:00] [Render thread/INFO] (lodekeeper) [Lodekeeper] NAV scan=native-mine durationNanos=5324545 hits=-1 requestTicks=1056
[14:36:00] [Render thread/INFO] (lodekeeper) [Lodekeeper] NAV backend=baritone mode=MINE event=CALC_STARTED elapsedMs=52966
[14:36:00] [Render thread/INFO] (lodekeeper) [Lodekeeper] NAV calcTool=minecraft:diamond_pickaxe slot=4
[14:36:00] [Render thread/INFO] (lodekeeper) [Lodekeeper] PROGRESS elapsed_ms=321575 phase=gathering backend=baritone target=none navigation_elapsed_ms=52961 navigation_ticks=1056 searching=false path_index=0 path_length=0 retries=0 pending_route_events=0 dropped_route_events=0 status=mining_and_collecting_minecraft:diamond___0/32
[14:36:00] [Render thread/INFO] (lodekeeper) [Lodekeeper] ROUTE_SEARCH kind=unknown anchor=unknown feet_y16=0 candidates=0 target=none elapsed_ms=321643
[14:36:01] [Render thread/INFO] (lodekeeper) [Lodekeeper] NAV backend=baritone mode=MINE event=CALC_FINISHED_NOW_EXECUTING elapsedMs=54265
[14:36:01] [Render thread/INFO] (lodekeeper) [Lodekeeper] BREAK target=Mutable{x=15, y=-54, z=10} block=Block{minecraft:deepslate} tool=minecraft:diamond_pickaxe slot=4 remaining=1502 required=route
[14:36:01] [Render thread/INFO] (lodekeeper) [Lodekeeper] ROUTE_TRAVEL path_index=0 path_length=98 target=none elapsed_ms=322817
[14:36:02] [Render thread/INFO] (lodekeeper) [Lodekeeper] PROGRESS elapsed_ms=323643 phase=traveling backend=baritone target=none navigation_elapsed_ms=55161 navigation_ticks=1100 searching=false path_index=0 path_length=98 retries=0 pending_route_events=0 dropped_route_events=0 status=mining_and_collecting_minecraft:diamond___0/32
[14:36:02] [Render thread/INFO] (lodekeeper) [Lodekeeper] BREAK target=Mutable{x=15, y=-53, z=10} block=Block{minecraft:deepslate} tool=minecraft:diamond_pickaxe slot=4 remaining=1501 required=route
[14:36:03] [Render thread/INFO] (lodekeeper) [Lodekeeper] BREAK target=Mutable{x=15, y=-53, z=11} block=Block{minecraft:deepslate} tool=minecraft:diamond_pickaxe slot=4 remaining=1500 required=route
[14:36:04] [Render thread/INFO] (lodekeeper) [Lodekeeper] PROGRESS elapsed_ms=325690 phase=traveling backend=baritone target=none navigation_elapsed_ms=57141 navigation_ticks=1140 searching=false path_index=0 path_length=97 retries=0 pending_route_events=0 dropped_route_events=0 status=mining_and_collecting_minecraft:diamond___0/32
[14:36:04] [Render thread/INFO] (lodekeeper) [Lodekeeper] BREAK target=Mutable{x=15, y=-54, z=11} block=Block{minecraft:deepslate} tool=minecraft:diamond_pickaxe slot=4 remaining=1499 required=route
[14:36:05] [Render thread/INFO] (lodekeeper) [Lodekeeper] BREAK target=Mutable{x=15, y=-53, z=12} block=Block{minecraft:deepslate} tool=minecraft:diamond_pickaxe slot=4 remaining=1498 required=route
[14:36:06] [Render thread/INFO] (lodekeeper) [Lodekeeper] BREAK target=Mutable{x=15, y=-54, z=12} block=Block{minecraft:deepslate} tool=minecraft:diamond_pickaxe slot=4 remaining=1497 required=route
[14:36:06] [Render thread/INFO] (lodekeeper) [Lodekeeper] PROGRESS elapsed_ms=327692 phase=traveling backend=baritone target=none navigation_elapsed_ms=59143 navigation_ticks=1180 searching=false path_index=0 path_length=96 retries=0 pending_route_events=0 dropped_route_events=0 status=mining_and_collecting_minecraft:diamond___0/32
[14:36:07] [Render thread/INFO] (lodekeeper) [Lodekeeper] BREAK target=Mutable{x=15, y=-53, z=13} block=Block{minecraft:deepslate} tool=minecraft:diamond_pickaxe slot=4 remaining=1496 required=route
[14:36:08] [Render thread/INFO] (lodekeeper) [Lodekeeper] BREAK target=Mutable{x=15, y=-54, z=13} block=Block{minecraft:deepslate} tool=minecraft:diamond_pickaxe slot=4 remaining=1495 required=route
[14:36:08] [Render thread/INFO] (lodekeeper) [Lodekeeper] PROGRESS elapsed_ms=329695 phase=traveling backend=baritone target=none navigation_elapsed_ms=61145 navigation_ticks=1220 searching=false path_index=0 path_length=95 retries=0 pending_route_events=0 dropped_route_events=0 status=mining_and_collecting_minecraft:diamond___0/32
[14:36:09] [Render thread/INFO] (lodekeeper) [Lodekeeper] BREAK target=Mutable{x=15, y=-53, z=14} block=Block{minecraft:deepslate} tool=minecraft:diamond_pickaxe slot=4 remaining=1494 required=route
[14:36:10] [Render thread/INFO] (lodekeeper) [Lodekeeper] BREAK target=Mutable{x=15, y=-54, z=14} block=Block{minecraft:deepslate} tool=minecraft:diamond_pickaxe slot=4 remaining=1493 required=route
[14:36:10] [Render thread/INFO] (lodekeeper) [Lodekeeper] PROGRESS elapsed_ms=331746 phase=traveling backend=baritone target=none navigation_elapsed_ms=63161 navigation_ticks=1260 searching=false path_index=0 path_length=94 retries=0 pending_route_events=0 dropped_route_events=0 status=mining_and_collecting_minecraft:diamond___0/32
[14:36:11] [Render thread/INFO] (lodekeeper) [Lodekeeper] BREAK target=Mutable{x=15, y=-53, z=15} block=Block{minecraft:deepslate} tool=minecraft:diamond_pickaxe slot=4 remaining=1492 required=route
[14:36:12] [Render thread/INFO] (lodekeeper) [Lodekeeper] BREAK target=Mutable{x=15, y=-54, z=15} block=Block{minecraft:deepslate} tool=minecraft:diamond_pickaxe slot=4 remaining=1491 required=route
[14:36:12] [Render thread/INFO] (lodekeeper) [Lodekeeper] PROGRESS elapsed_ms=333791 phase=traveling backend=baritone target=none navigation_elapsed_ms=65134 navigation_ticks=1300 searching=false path_index=0 path_length=93 retries=0 pending_route_events=0 dropped_route_events=0 status=mining_and_collecting_minecraft:diamond___0/32
[14:36:12] [Render thread/INFO] (lodekeeper) [Lodekeeper] BREAK target=Mutable{x=15, y=-53, z=16} block=Block{minecraft:deepslate} tool=minecraft:diamond_pickaxe slot=4 remaining=1490 required=route
[14:36:13] [Render thread/INFO] (lodekeeper) [Lodekeeper] BREAK target=Mutable{x=15, y=-52, z=15} block=Block{minecraft:deepslate} tool=minecraft:diamond_pickaxe slot=4 remaining=1489 required=route
[14:36:14] [Render thread/INFO] (lodekeeper) [Lodekeeper] BREAK target=Mutable{x=15, y=-52, z=16} block=Block{minecraft:deepslate} tool=minecraft:diamond_pickaxe slot=4 remaining=1488 required=route
[14:36:14] [Render thread/INFO] (lodekeeper) [Lodekeeper] PROGRESS elapsed_ms=335814 phase=traveling backend=baritone target=none navigation_elapsed_ms=67332 navigation_ticks=1344 searching=false path_index=0 path_length=92 retries=0 pending_route_events=0 dropped_route_events=0 status=mining_and_collecting_minecraft:diamond___0/32
[14:36:15] [Render thread/INFO] (lodekeeper) [Lodekeeper] BREAK target=Mutable{x=15, y=-52, z=17} block=Block{minecraft:deepslate} tool=minecraft:diamond_pickaxe slot=4 remaining=1487 required=route
[14:36:16] [Render thread/INFO] (lodekeeper) [Lodekeeper] BREAK target=Mutable{x=15, y=-51, z=16} block=Block{minecraft:deepslate} tool=minecraft:diamond_pickaxe slot=4 remaining=1486 required=route
[14:36:16] [Render thread/INFO] (lodekeeper) [Lodekeeper] PROGRESS elapsed_ms=337829 phase=traveling backend=baritone target=none navigation_elapsed_ms=69347 navigation_ticks=1384 searching=false path_index=0 path_length=91 retries=0 pending_route_events=0 dropped_route_events=0 status=mining_and_collecting_minecraft:diamond___0/32
[14:36:17] [Render thread/INFO] (lodekeeper) [Lodekeeper] BREAK target=Mutable{x=15, y=-51, z=17} block=Block{minecraft:deepslate} tool=minecraft:diamond_pickaxe slot=4 remaining=1485 required=route
[14:36:18] [Render thread/INFO] (lodekeeper) [Lodekeeper] BREAK target=Mutable{x=15, y=-51, z=18} block=Block{minecraft:deepslate} tool=minecraft:diamond_pickaxe slot=4 remaining=1484 required=route
[14:36:18] [Render thread/INFO] (lodekeeper) [Lodekeeper] PROGRESS elapsed_ms=339844 phase=traveling backend=baritone target=none navigation_elapsed_ms=71362 navigation_ticks=1424 searching=false path_index=0 path_length=90 retries=0 pending_route_events=0 dropped_route_events=0 status=mining_and_collecting_minecraft:diamond___0/32
[14:36:19] [Render thread/INFO] (lodekeeper) [Lodekeeper] BREAK target=Mutable{x=15, y=-50, z=17} block=Block{minecraft:deepslate} tool=minecraft:diamond_pickaxe slot=4 remaining=1483 required=route
[14:36:20] [Render thread/INFO] (lodekeeper) [Lodekeeper] BREAK target=Mutable{x=15, y=-50, z=18} block=Block{minecraft:deepslate} tool=minecraft:diamond_pickaxe slot=4 remaining=1482 required=route
[14:36:20] [Render thread/INFO] (lodekeeper) [Lodekeeper] PROGRESS elapsed_ms=341866 phase=traveling backend=baritone target=none navigation_elapsed_ms=73351 navigation_ticks=1464 searching=false path_index=0 path_length=90 retries=0 pending_route_events=0 dropped_route_events=0 status=mining_and_collecting_minecraft:diamond___0/32
[14:36:21] [Render thread/INFO] (lodekeeper) [Lodekeeper] BREAK target=Mutable{x=15, y=-50, z=19} block=Block{minecraft:deepslate} tool=minecraft:diamond_pickaxe slot=4 remaining=1481 required=route
[14:36:22] [Render thread/INFO] (lodekeeper) [Lodekeeper] BREAK target=Mutable{x=15, y=-49, z=18} block=Block{minecraft:deepslate} tool=minecraft:diamond_pickaxe slot=4 remaining=1480 required=route
[14:36:22] [Render thread/INFO] (lodekeeper) [Lodekeeper] PROGRESS elapsed_ms=343933 phase=traveling backend=baritone target=none navigation_elapsed_ms=75350 navigation_ticks=1504 searching=false path_index=0 path_length=89 retries=0 pending_route_events=0 dropped_route_events=0 status=mining_and_collecting_minecraft:diamond___0/32
[14:36:23] [Render thread/INFO] (lodekeeper) [Lodekeeper] BREAK target=Mutable{x=15, y=-49, z=19} block=Block{minecraft:deepslate} tool=minecraft:diamond_pickaxe slot=4 remaining=1479 required=route
[14:36:24] [Render thread/INFO] (lodekeeper) [Lodekeeper] BREAK target=Mutable{x=15, y=-49, z=20} block=Block{minecraft:deepslate} tool=minecraft:diamond_pickaxe slot=4 remaining=1478 required=route
[14:36:24] [Render thread/INFO] (lodekeeper) [Lodekeeper] PROGRESS elapsed_ms=345947 phase=traveling backend=baritone target=none navigation_elapsed_ms=77362 navigation_ticks=1544 searching=false path_index=0 path_length=88 retries=0 pending_route_events=0 dropped_route_events=0 status=mining_and_collecting_minecraft:diamond___0/32
[14:36:26] [Render thread/INFO] (lodekeeper) [Lodekeeper] BREAK target=Mutable{x=17, y=-49, z=29} block=Block{minecraft:deepslate} tool=minecraft:diamond_pickaxe slot=4 remaining=1477 required=route
[14:36:27] [Render thread/INFO] (lodekeeper) [Lodekeeper] PROGRESS elapsed_ms=347977 phase=traveling backend=baritone target=none navigation_elapsed_ms=79358 navigation_ticks=1584 searching=false path_index=0 path_length=80 retries=0 pending_route_events=0 dropped_route_events=0 status=mining_and_collecting_minecraft:diamond___0/32
[14:36:27] [Render thread/INFO] (lodekeeper) [Lodekeeper] BREAK target=Mutable{x=17, y=-49, z=30} block=Block{minecraft:deepslate} tool=minecraft:diamond_pickaxe slot=4 remaining=1476 required=route
[14:36:28] [Render thread/INFO] (lodekeeper) [Lodekeeper] BREAK target=Mutable{x=17, y=-49, z=31} block=Block{minecraft:tuff} tool=minecraft:diamond_pickaxe slot=4 remaining=1475 required=route
[14:36:29] [Render thread/INFO] (lodekeeper) [Lodekeeper] PROGRESS elapsed_ms=350036 phase=traveling backend=baritone target=none navigation_elapsed_ms=81554 navigation_ticks=1628 searching=false path_index=0 path_length=77 retries=0 pending_route_events=0 dropped_route_events=0 status=mining_and_collecting_minecraft:diamond___0/32
[14:36:29] [Render thread/INFO] (lodekeeper) [Lodekeeper] BREAK target=Mutable{x=17, y=-48, z=32} block=Block{minecraft:tuff} tool=minecraft:diamond_pickaxe slot=4 remaining=1474 required=route
[14:36:29] [Render thread/INFO] (lodekeeper) [Lodekeeper] BREAK target=Mutable{x=17, y=-49, z=32} block=Block{minecraft:tuff} tool=minecraft:diamond_pickaxe slot=4 remaining=1473 required=route
[14:36:30] [Render thread/INFO] (lodekeeper) [Lodekeeper] BREAK target=Mutable{x=17, y=-48, z=33} block=Block{minecraft:tuff} tool=minecraft:diamond_pickaxe slot=4 remaining=1472 required=route
[14:36:31] [Render thread/INFO] (lodekeeper) [Lodekeeper] PROGRESS elapsed_ms=352089 phase=traveling backend=baritone target=none navigation_elapsed_ms=83537 navigation_ticks=1668 searching=false path_index=0 path_length=75 retries=0 pending_route_events=0 dropped_route_events=0 status=mining_and_collecting_minecraft:diamond___0/32
[14:36:31] [Render thread/INFO] (lodekeeper) [Lodekeeper] BREAK target=Mutable{x=17, y=-49, z=33} block=Block{minecraft:tuff} tool=minecraft:diamond_pickaxe slot=4 remaining=1471 required=route
[14:36:31] [Render thread/INFO] (lodekeeper) [Lodekeeper] BREAK target=Mutable{x=17, y=-48, z=34} block=Block{minecraft:tuff} tool=minecraft:diamond_pickaxe slot=4 remaining=1470 required=route
[14:36:32] [Render thread/INFO] (lodekeeper) [Lodekeeper] BREAK target=Mutable{x=17, y=-49, z=34} block=Block{minecraft:tuff} tool=minecraft:diamond_pickaxe slot=4 remaining=1469 required=route
[14:36:32] [Render thread/INFO] (lodekeeper) [Lodekeeper] BREAK target=Mutable{x=17, y=-48, z=35} block=Block{minecraft:tuff} tool=minecraft:diamond_pickaxe slot=4 remaining=1468 required=route
[14:36:33] [Render thread/INFO] (lodekeeper) [Lodekeeper] PROGRESS elapsed_ms=354118 phase=traveling backend=baritone target=none navigation_elapsed_ms=85534 navigation_ticks=1708 searching=false path_index=0 path_length=73 retries=0 pending_route_events=0 dropped_route_events=0 status=mining_and_collecting_minecraft:diamond___0/32
[14:36:33] [Render thread/INFO] (lodekeeper) [Lodekeeper] BREAK target=Mutable{x=17, y=-49, z=35} block=Block{minecraft:tuff} tool=minecraft:diamond_pickaxe slot=4 remaining=1467 required=route
[14:36:34] [Render thread/INFO] (lodekeeper) [Lodekeeper] BREAK target=Mutable{x=17, y=-48, z=36} block=Block{minecraft:tuff} tool=minecraft:diamond_pickaxe slot=4 remaining=1466 required=route
[14:36:34] [Render thread/INFO] (lodekeeper) [Lodekeeper] BREAK target=Mutable{x=17, y=-49, z=36} block=Block{minecraft:tuff} tool=minecraft:diamond_pickaxe slot=4 remaining=1465 required=route
[14:36:35] [Render thread/INFO] (lodekeeper) [Lodekeeper] PROGRESS elapsed_ms=356144 phase=traveling backend=baritone target=none navigation_elapsed_ms=87560 navigation_ticks=1748 searching=false path_index=0 path_length=72 retries=0 pending_route_events=0 dropped_route_events=0 status=mining_and_collecting_minecraft:diamond___0/32
[14:36:35] [Render thread/INFO] (lodekeeper) [Lodekeeper] BREAK target=Mutable{x=17, y=-48, z=37} block=Block{minecraft:tuff} tool=minecraft:diamond_pickaxe slot=4 remaining=1464 required=route
[14:36:35] [Render thread/INFO] (lodekeeper) [Lodekeeper] BREAK target=Mutable{x=17, y=-49, z=37} block=Block{minecraft:tuff} tool=minecraft:diamond_pickaxe slot=4 remaining=1463 required=route
[14:36:36] [Render thread/INFO] (lodekeeper) [Lodekeeper] BREAK target=Mutable{x=17, y=-48, z=38} block=Block{minecraft:tuff} tool=minecraft:diamond_pickaxe slot=4 remaining=1462 required=route
[14:36:37] [Render thread/INFO] (lodekeeper) [Lodekeeper] BREAK target=Mutable{x=17, y=-49, z=38} block=Block{minecraft:tuff} tool=minecraft:diamond_pickaxe slot=4 remaining=1461 required=route
[14:36:37] [Render thread/INFO] (lodekeeper) [Lodekeeper] PROGRESS elapsed_ms=358173 phase=traveling backend=baritone target=none navigation_elapsed_ms=89554 navigation_ticks=1788 searching=false path_index=0 path_length=70 retries=0 pending_route_events=0 dropped_route_events=0 status=mining_and_collecting_minecraft:diamond___0/32
[14:36:37] [Render thread/INFO] (lodekeeper) [Lodekeeper] BREAK target=Mutable{x=17, y=-48, z=39} block=Block{minecraft:tuff} tool=minecraft:diamond_pickaxe slot=4 remaining=1460 required=route
[14:36:38] [Render thread/INFO] (lodekeeper) [Lodekeeper] BREAK target=Mutable{x=17, y=-49, z=39} block=Block{minecraft:tuff} tool=minecraft:diamond_pickaxe slot=4 remaining=1459 required=route
[14:36:38] [Render thread/INFO] (lodekeeper) [Lodekeeper] BREAK target=Mutable{x=17, y=-48, z=40} block=Block{minecraft:tuff} tool=minecraft:diamond_pickaxe slot=4 remaining=1458 required=route
[14:36:39] [Render thread/INFO] (lodekeeper) [Lodekeeper] PROGRESS elapsed_ms=360195 phase=traveling backend=baritone target=none navigation_elapsed_ms=91540 navigation_ticks=1828 searching=false path_index=0 path_length=68 retries=0 pending_route_events=0 dropped_route_events=0 status=mining_and_collecting_minecraft:diamond___0/32
[14:36:39] [Render thread/INFO] (lodekeeper) [Lodekeeper] BREAK target=Mutable{x=17, y=-49, z=40} block=Block{minecraft:tuff} tool=minecraft:diamond_pickaxe slot=4 remaining=1457 required=route
[14:36:40] [Render thread/INFO] (lodekeeper) [Lodekeeper] BREAK target=Mutable{x=18, y=-48, z=40} block=Block{minecraft:tuff} tool=minecraft:diamond_pickaxe slot=4 remaining=1456 required=route
[14:36:40] [Render thread/INFO] (lodekeeper) [Lodekeeper] BREAK target=Mutable{x=18, y=-49, z=40} block=Block{minecraft:tuff} tool=minecraft:diamond_pickaxe slot=4 remaining=1455 required=route
[14:36:41] [Render thread/INFO] (lodekeeper) [Lodekeeper] PROGRESS elapsed_ms=362218 phase=traveling backend=baritone target=none navigation_elapsed_ms=93736 navigation_ticks=1872 searching=false path_index=0 path_length=66 retries=0 pending_route_events=0 dropped_route_events=0 status=mining_and_collecting_minecraft:diamond___0/32
[14:36:41] [Render thread/INFO] (lodekeeper) [Lodekeeper] BREAK target=Mutable{x=19, y=-48, z=40} block=Block{minecraft:tuff} tool=minecraft:diamond_pickaxe slot=4 remaining=1454 required=route
[14:36:41] [Render thread/INFO] (lodekeeper) [Lodekeeper] BREAK target=Mutable{x=19, y=-49, z=40} block=Block{minecraft:tuff} tool=minecraft:diamond_pickaxe slot=4 remaining=1453 required=route
[14:36:42] [Render thread/INFO] (lodekeeper) [Lodekeeper] BREAK target=Mutable{x=20, y=-48, z=40} block=Block{minecraft:tuff} tool=minecraft:diamond_pickaxe slot=4 remaining=1452 required=route
[14:36:43] [Render thread/INFO] (lodekeeper) [Lodekeeper] BREAK target=Mutable{x=20, y=-49, z=40} block=Block{minecraft:tuff} tool=minecraft:diamond_pickaxe slot=4 remaining=1451 required=route
[14:36:43] [Render thread/INFO] (lodekeeper) [Lodekeeper] PROGRESS elapsed_ms=364238 phase=traveling backend=baritone target=none navigation_elapsed_ms=95756 navigation_ticks=1912 searching=false path_index=0 path_length=65 retries=0 pending_route_events=0 dropped_route_events=0 status=mining_and_collecting_minecraft:diamond___0/32
[14:36:43] [Render thread/INFO] (lodekeeper) [Lodekeeper] BREAK target=Mutable{x=21, y=-48, z=40} block=Block{minecraft:tuff} tool=minecraft:diamond_pickaxe slot=4 remaining=1450 required=route
[14:36:44] [Render thread/INFO] (lodekeeper) [Lodekeeper] BREAK target=Mutable{x=20, y=-47, z=40} block=Block{minecraft:tuff} tool=minecraft:diamond_pickaxe slot=4 remaining=1449 required=route
[14:36:44] [Render thread/INFO] (lodekeeper) [Lodekeeper] BREAK target=Mutable{x=21, y=-47, z=40} block=Block{minecraft:tuff} tool=minecraft:diamond_pickaxe slot=4 remaining=1448 required=route
[14:36:45] [Render thread/INFO] (lodekeeper) [Lodekeeper] PROGRESS elapsed_ms=366292 phase=traveling backend=baritone target=none navigation_elapsed_ms=97740 navigation_ticks=1952 searching=false path_index=0 path_length=64 retries=0 pending_route_events=0 dropped_route_events=0 status=mining_and_collecting_minecraft:diamond___0/32
[14:36:45] [Render thread/INFO] (lodekeeper) [Lodekeeper] BREAK target=Mutable{x=22, y=-47, z=40} block=Block{minecraft:tuff} tool=minecraft:diamond_pickaxe slot=4 remaining=1447 required=route
[14:36:46] [Render thread/INFO] (lodekeeper) [Lodekeeper] BREAK target=Mutable{x=21, y=-46, z=40} block=Block{minecraft:tuff} tool=minecraft:diamond_pickaxe slot=4 remaining=1446 required=route
[14:36:46] [Render thread/INFO] (lodekeeper) [Lodekeeper] BREAK target=Mutable{x=22, y=-46, z=40} block=Block{minecraft:tuff} tool=minecraft:diamond_pickaxe slot=4 remaining=1445 required=route
[14:36:47] [Render thread/INFO] (lodekeeper) [Lodekeeper] PROGRESS elapsed_ms=368348 phase=traveling backend=baritone target=none navigation_elapsed_ms=99761 navigation_ticks=1992 searching=false path_index=0 path_length=63 retries=0 pending_route_events=0 dropped_route_events=0 status=mining_and_collecting_minecraft:diamond___0/32
[14:36:47] [Render thread/INFO] (lodekeeper) [Lodekeeper] BREAK target=Mutable{x=23, y=-46, z=40} block=Block{minecraft:tuff} tool=minecraft:diamond_pickaxe slot=4 remaining=1444 required=route
[14:36:48] [Render thread/INFO] (lodekeeper) [Lodekeeper] BREAK target=Mutable{x=22, y=-45, z=40} block=Block{minecraft:tuff} tool=minecraft:diamond_pickaxe slot=4 remaining=1443 required=route
[14:36:48] [Render thread/INFO] (lodekeeper) [Lodekeeper] BREAK target=Mutable{x=23, y=-45, z=40} block=Block{minecraft:tuff} tool=minecraft:diamond_pickaxe slot=4 remaining=1442 required=route
[14:36:49] [Render thread/INFO] (lodekeeper) [Lodekeeper] NAV phase=MINE -> DESCEND targetY=-55 requestTicks=2033
[14:36:49] [Render thread/INFO] (lodekeeper) [Lodekeeper] NAV backend=baritone mode=SUSPENDED event=CANCELED elapsedMs=101787
[14:36:49] [Render thread/INFO] (lodekeeper) [Lodekeeper] NAV backend=baritone mode=SUSPENDED event=CANCELED elapsedMs=101788
[14:36:49] [Render thread/INFO] (lodekeeper) [Lodekeeper] NAV backend=baritone mode=SUSPENDED event=CANCELED elapsedMs=101855
[14:36:49] [Render thread/INFO] (lodekeeper) [Lodekeeper] PROGRESS elapsed_ms=370372 phase=traveling backend=baritone target=none navigation_elapsed_ms=101753 navigation_ticks=2032 searching=false path_index=0 path_length=62 retries=0 pending_route_events=0 dropped_route_events=0 status=finishing_movement_before_inventory_actions
[14:36:49] [Render thread/INFO] (lodekeeper) [Lodekeeper] NAV backend=baritone mode=SUSPENDED event=CANCELED elapsedMs=101890
[14:36:49] [Render thread/INFO] (lodekeeper) [Lodekeeper] NAV backend=baritone mode=SUSPENDED event=CANCELED elapsedMs=101958
[14:36:49] [Render thread/INFO] (lodekeeper) [Lodekeeper] NAV backend=baritone mode=SUSPENDED event=CANCELED elapsedMs=101994
[14:36:49] [Render thread/INFO] (lodekeeper) [Lodekeeper] NAV backend=baritone mode=SUSPENDED event=CANCELED elapsedMs=102062
[14:36:49] [Render thread/INFO] (lodekeeper) [Lodekeeper] NAV backend=baritone mode=DESCEND event=CALC_STARTED elapsedMs=102097
[14:36:49] [Render thread/INFO] (lodekeeper) [Lodekeeper] NAV calcTool=minecraft:diamond_pickaxe slot=4
[14:36:49] [Render thread/INFO] (lodekeeper) [Lodekeeper] NAV backend=baritone mode=DESCEND event=CALC_FINISHED_NOW_EXECUTING elapsedMs=102167
[14:36:50] [Render thread/INFO] (lodekeeper) [Lodekeeper] BREAK target=Mutable{x=20, y=-50, z=40} block=Block{minecraft:tuff} tool=minecraft:diamond_pickaxe slot=4 remaining=1441 required=route
[14:36:51] [Render thread/INFO] (lodekeeper) [Lodekeeper] PROGRESS elapsed_ms=372435 phase=traveling backend=baritone target=none navigation_elapsed_ms=103782 navigation_ticks=2068 searching=false path_index=0 path_length=7 retries=0 pending_route_events=0 dropped_route_events=0 status=seeking_mining_depth_-55_for_minecraft:diamond___0/32
[14:36:51] [Render thread/INFO] (lodekeeper) [Lodekeeper] BREAK target=Mutable{x=20, y=-51, z=40} block=Block{minecraft:tuff} tool=minecraft:diamond_pickaxe slot=4 remaining=1440 required=route
[14:36:52] [Render thread/INFO] (lodekeeper) [Lodekeeper] BREAK target=Mutable{x=20, y=-52, z=40} block=Block{minecraft:tuff} tool=minecraft:diamond_pickaxe slot=4 remaining=1439 required=route
[14:36:52] [Render thread/INFO] (lodekeeper) [Lodekeeper] BREAK target=Mutable{x=20, y=-53, z=40} block=Block{minecraft:deepslate} tool=minecraft:diamond_pickaxe slot=4 remaining=1438 required=route
[14:36:53] [Render thread/INFO] (lodekeeper) [Lodekeeper] PROGRESS elapsed_ms=374484 phase=traveling backend=baritone target=none navigation_elapsed_ms=106002 navigation_ticks=2112 searching=false path_index=0 path_length=3 retries=0 pending_route_events=0 dropped_route_events=0 status=seeking_mining_depth_-55_for_minecraft:diamond___0/32
[14:36:53] [Render thread/INFO] (lodekeeper) [Lodekeeper] BREAK target=Mutable{x=20, y=-54, z=40} block=Block{minecraft:deepslate} tool=minecraft:diamond_pickaxe slot=4 remaining=1437 required=route
[14:36:54] [Render thread/INFO] (lodekeeper) [Lodekeeper] BREAK target=Mutable{x=20, y=-55, z=40} block=Block{minecraft:deepslate} tool=minecraft:diamond_pickaxe slot=4 remaining=1436 required=route
[14:36:55] [Render thread/INFO] (lodekeeper) [Lodekeeper] NAV phase=DESCEND -> MINE targetY=-55 requestTicks=2145
[14:36:55] [Render thread/INFO] (lodekeeper) [Lodekeeper] NAV backend=baritone mode=SUSPENDED event=CANCELED elapsedMs=107642
[14:36:55] [Render thread/INFO] (lodekeeper) [Lodekeeper] NAV backend=baritone mode=SUSPENDED event=CANCELED elapsedMs=107642
[14:36:55] [Render thread/INFO] (lodekeeper) [Lodekeeper] NAV backend=baritone mode=SUSPENDED event=CANCELED elapsedMs=107710
[14:36:55] [Render thread/INFO] (lodekeeper) [Lodekeeper] NAV backend=baritone mode=SUSPENDED event=CANCELED elapsedMs=107745
[14:36:55] [Render thread/INFO] (lodekeeper) [Lodekeeper] NAV backend=baritone mode=SUSPENDED event=CANCELED elapsedMs=107812
[14:36:55] [Render thread/INFO] (lodekeeper) [Lodekeeper] NAV scan=native-mine durationNanos=4402083 hits=-1 requestTicks=2146
[14:36:55] [Render thread/INFO] (lodekeeper) [Lodekeeper] NAV backend=baritone mode=MINE event=CALC_STARTED elapsedMs=107852
[14:36:55] [Render thread/INFO] (lodekeeper) [Lodekeeper] NAV calcTool=minecraft:diamond_pickaxe slot=4
[14:36:55] [Render thread/INFO] (lodekeeper) [Lodekeeper] ROUTE_SEARCH kind=unknown anchor=unknown feet_y16=0 candidates=0 target=none elapsed_ms=376431
[14:36:55] [Render thread/INFO] (lodekeeper) [Lodekeeper] PROGRESS elapsed_ms=376534 phase=searching backend=baritone target=none navigation_elapsed_ms=107949 navigation_ticks=2148 searching=true path_index=0 path_length=0 retries=0 pending_route_events=0 dropped_route_events=0 status=mining_and_collecting_minecraft:diamond___0/32___planning_next_route
[14:36:55] [Render thread/INFO] (lodekeeper) [Lodekeeper] ROUTE_TRAVEL path_index=0 path_length=37 target=none elapsed_ms=376842
[14:36:55] [Render thread/INFO] (lodekeeper) [Lodekeeper] NAV backend=baritone mode=MINE event=CALC_FINISHED_NOW_EXECUTING elapsedMs=108360
[14:36:57] [Render thread/INFO] (lodekeeper) [Lodekeeper] BREAK target=Mutable{x=19, y=-51, z=40} block=Block{minecraft:tuff} tool=minecraft:diamond_pickaxe slot=4 remaining=1435 required=route
[14:36:57] [Render thread/INFO] (lodekeeper) [Lodekeeper] PROGRESS elapsed_ms=378586 phase=traveling backend=baritone target=none navigation_elapsed_ms=109967 navigation_ticks=2188 searching=false path_index=0 path_length=34 retries=0 pending_route_events=0 dropped_route_events=0 status=mining_and_collecting_minecraft:diamond___0/32
[14:36:57] [Render thread/INFO] (lodekeeper) [Lodekeeper] BREAK target=Mutable{x=19, y=-50, z=40} block=Block{minecraft:tuff} tool=minecraft:diamond_pickaxe slot=4 remaining=1434 required=route
[14:36:58] [Render thread/INFO] (lodekeeper) [Lodekeeper] NAV backend=baritone mode=MINE event=NEXT_SEGMENT_CALC_STARTED elapsedMs=110993
[14:36:58] [Render thread/INFO] (lodekeeper) [Lodekeeper] BREAK target=Mutable{x=18, y=-50, z=40} block=Block{minecraft:tuff} tool=minecraft:diamond_pickaxe slot=4 remaining=1433 required=route
[14:36:58] [Render thread/INFO] (lodekeeper) [Lodekeeper] ROUTE_SEARCH kind=unknown anchor=unknown feet_y16=0 candidates=0 target=none elapsed_ms=379647
[14:36:59] [Render thread/INFO] (lodekeeper) [Lodekeeper] PROGRESS elapsed_ms=380640 phase=searching backend=baritone target=none navigation_elapsed_ms=112158 navigation_ticks=2232 searching=true path_index=0 path_length=32 retries=0 pending_route_events=0 dropped_route_events=0 status=mining_and_collecting_minecraft:diamond___0/32___planning_next_route
[14:37:01] [Render thread/INFO] (lodekeeper) [Lodekeeper] PROGRESS elapsed_ms=382695 phase=searching backend=baritone target=none navigation_elapsed_ms=114144 navigation_ticks=2272 searching=true path_index=0 path_length=32 retries=0 pending_route_events=0 dropped_route_events=0 status=mining_and_collecting_minecraft:diamond___0/32___planning_next_route
[14:37:02] [Render thread/INFO] (lodekeeper) [Lodekeeper] NAV backend=baritone mode=MINE event=NEXT_SEGMENT_CALC_FINISHED elapsedMs=115002
[14:37:02] [Render thread/INFO] (lodekeeper) [Lodekeeper] NAV backend=baritone mode=MINE event=SPLICING_ONTO_NEXT_EARLY elapsedMs=115005
[14:37:02] [Render thread/INFO] (lodekeeper) [Lodekeeper] ROUTE_TRAVEL path_index=0 path_length=175 target=none elapsed_ms=383620
[14:37:03] [Render thread/INFO] (lodekeeper) [Lodekeeper] PROGRESS elapsed_ms=384716 phase=traveling backend=baritone target=none navigation_elapsed_ms=116133 navigation_ticks=2312 searching=false path_index=0 path_length=172 retries=0 pending_route_events=0 dropped_route_events=0 status=mining_and_collecting_minecraft:diamond___0/32
[14:37:04] [Render thread/INFO] (lodekeeper) [Lodekeeper] NAV phase=MINE -> DESCEND targetY=-55 requestTicks=2331
[14:37:04] [Render thread/INFO] (lodekeeper) [Lodekeeper] NAV backend=baritone mode=SUSPENDED event=CANCELED elapsedMs=117090
[14:37:04] [Render thread/INFO] (lodekeeper) [Lodekeeper] NAV backend=baritone mode=SUSPENDED event=CANCELED elapsedMs=117090
[14:37:04] [Render thread/INFO] (lodekeeper) [Lodekeeper] NAV backend=baritone mode=SUSPENDED event=CANCELED elapsedMs=117159
[14:37:04] [Render thread/INFO] (lodekeeper) [Lodekeeper] NAV backend=baritone mode=SUSPENDED event=CANCELED elapsedMs=117194
[14:37:04] [Render thread/INFO] (lodekeeper) [Lodekeeper] NAV backend=baritone mode=SUSPENDED event=CANCELED elapsedMs=117262
[14:37:04] [Render thread/INFO] (lodekeeper) [Lodekeeper] NAV backend=baritone mode=DESCEND event=CALC_STARTED elapsedMs=117296
[14:37:04] [Render thread/INFO] (lodekeeper) [Lodekeeper] NAV calcTool=minecraft:cobblestone slot=2
[14:37:04] [Render thread/INFO] (lodekeeper) [Lodekeeper] NAV backend=baritone mode=DESCEND event=CALC_FINISHED_NOW_EXECUTING elapsedMs=117365
[14:37:05] [Render thread/INFO] (lodekeeper) [Lodekeeper] PROGRESS elapsed_ms=386733 phase=traveling backend=baritone target=none navigation_elapsed_ms=118083 navigation_ticks=2348 searching=false path_index=0 path_length=7 retries=0 pending_route_events=0 dropped_route_events=0 status=seeking_mining_depth_-55_for_minecraft:diamond___0/32
[14:37:06] [Render thread/INFO] (lodekeeper) [Lodekeeper] BREAK target=Mutable{x=20, y=-50, z=40} block=Block{minecraft:cobblestone} tool=minecraft:diamond_pickaxe slot=4 remaining=1432 required=route
[14:37:07] [Render thread/INFO] (lodekeeper) [Lodekeeper] BREAK target=Mutable{x=20, y=-53, z=40} block=Block{minecraft:cobblestone} tool=minecraft:diamond_pickaxe slot=4 remaining=1431 required=route
[14:37:07] [Render thread/INFO] (lodekeeper) [Lodekeeper] PROGRESS elapsed_ms=388784 phase=traveling backend=baritone target=none navigation_elapsed_ms=120302 navigation_ticks=2392 searching=false path_index=0 path_length=4 retries=0 pending_route_events=0 dropped_route_events=0 status=seeking_mining_depth_-55_for_minecraft:diamond___0/32
[14:37:08] [Render thread/INFO] (lodekeeper) [Lodekeeper] BREAK target=Mutable{x=20, y=-54, z=40} block=Block{minecraft:cobblestone} tool=minecraft:diamond_pickaxe slot=4 remaining=1430 required=route
[14:37:08] [Render thread/INFO] (lodekeeper) [Lodekeeper] BREAK target=Mutable{x=20, y=-55, z=40} block=Block{minecraft:cobblestone} tool=minecraft:diamond_pickaxe slot=4 remaining=1429 required=route
[14:37:09] [Render thread/INFO] (lodekeeper) [Lodekeeper] NAV phase=DESCEND -> MINE targetY=-55 requestTicks=2419
[14:37:09] [Render thread/INFO] (lodekeeper) [Lodekeeper] NAV backend=baritone mode=SUSPENDED event=CANCELED elapsedMs=121634
[14:37:09] [Render thread/INFO] (lodekeeper) [Lodekeeper] NAV backend=baritone mode=SUSPENDED event=CANCELED elapsedMs=121634
[14:37:09] [Render thread/INFO] (lodekeeper) [Lodekeeper] NAV backend=baritone mode=SUSPENDED event=CANCELED elapsedMs=121701
[14:37:09] [Render thread/INFO] (lodekeeper) [Lodekeeper] NAV backend=baritone mode=SUSPENDED event=CANCELED elapsedMs=121736
[14:37:09] [Render thread/INFO] (lodekeeper) [Lodekeeper] NAV backend=baritone mode=SUSPENDED event=CANCELED elapsedMs=121805
[14:37:09] [Render thread/INFO] (lodekeeper) [Lodekeeper] NAV scan=native-mine durationNanos=4091014 hits=-1 requestTicks=2420
[14:37:09] [Render thread/INFO] (lodekeeper) [Lodekeeper] NAV backend=baritone mode=MINE event=CALC_STARTED elapsedMs=121844
[14:37:09] [Render thread/INFO] (lodekeeper) [Lodekeeper] NAV calcTool=minecraft:diamond_pickaxe slot=4
[14:37:09] [Render thread/INFO] (lodekeeper) [Lodekeeper] ROUTE_SEARCH kind=unknown anchor=unknown feet_y16=0 candidates=0 target=none elapsed_ms=390526
[14:37:09] [Render thread/INFO] (lodekeeper) [Lodekeeper] PROGRESS elapsed_ms=390834 phase=searching backend=baritone target=none navigation_elapsed_ms=122249 navigation_ticks=2428 searching=true path_index=0 path_length=0 retries=0 pending_route_events=0 dropped_route_events=0 status=mining_and_collecting_minecraft:diamond___0/32___planning_next_route
[14:37:09] [Render thread/INFO] (lodekeeper) [Lodekeeper] NAV backend=baritone mode=MINE event=CALC_FINISHED_NOW_EXECUTING elapsedMs=122352
[14:37:09] [Render thread/INFO] (lodekeeper) [Lodekeeper] ROUTE_TRAVEL path_index=0 path_length=37 target=none elapsed_ms=390931
[14:37:11] [Render thread/INFO] (lodekeeper) [Lodekeeper] BREAK target=Mutable{x=19, y=-50, z=40} block=Block{minecraft:cobblestone} tool=minecraft:diamond_pickaxe slot=4 remaining=1428 required=route
[14:37:11] [Render thread/INFO] (lodekeeper) [Lodekeeper] PROGRESS elapsed_ms=392845 phase=traveling backend=baritone target=none navigation_elapsed_ms=124260 navigation_ticks=2468 searching=false path_index=0 path_length=34 retries=0 pending_route_events=0 dropped_route_events=0 status=mining_and_collecting_minecraft:diamond___0/32
[14:37:11] [Render thread/INFO] (lodekeeper) [Lodekeeper] NAV backend=baritone mode=MINE event=NEXT_SEGMENT_CALC_STARTED elapsedMs=124466
[14:37:12] [Render thread/INFO] (lodekeeper) [Lodekeeper] BREAK target=Mutable{x=18, y=-50, z=40} block=Block{minecraft:cobblestone} tool=minecraft:diamond_pickaxe slot=4 remaining=1427 required=route
[14:37:12] [Render thread/INFO] (lodekeeper) [Lodekeeper] ROUTE_SEARCH kind=unknown anchor=unknown feet_y16=0 candidates=0 target=none elapsed_ms=393117
[14:37:13] [Render thread/INFO] (lodekeeper) [Lodekeeper] PROGRESS elapsed_ms=394871 phase=searching backend=baritone target=none navigation_elapsed_ms=126254 navigation_ticks=2508 searching=true path_index=0 path_length=32 retries=0 pending_route_events=0 dropped_route_events=0 status=mining_and_collecting_minecraft:diamond___0/32___planning_next_route
[14:37:15] [Render thread/INFO] (lodekeeper) [Lodekeeper] PROGRESS elapsed_ms=396890 phase=searching backend=baritone target=none navigation_elapsed_ms=128237 navigation_ticks=2548 searching=true path_index=0 path_length=32 retries=0 pending_route_events=0 dropped_route_events=0 status=mining_and_collecting_minecraft:diamond___0/32___planning_next_route
[14:37:16] [Render thread/INFO] (lodekeeper) [Lodekeeper] NAV backend=baritone mode=MINE event=NEXT_SEGMENT_CALC_FINISHED elapsedMs=128510
[14:37:16] [Render thread/INFO] (lodekeeper) [Lodekeeper] NAV backend=baritone mode=MINE event=SPLICING_ONTO_NEXT_EARLY elapsedMs=128511
[14:37:16] [Render thread/INFO] (lodekeeper) [Lodekeeper] ROUTE_TRAVEL path_index=0 path_length=176 target=none elapsed_ms=397131
[14:37:17] [Render thread/INFO] (lodekeeper) [Lodekeeper] PROGRESS elapsed_ms=398917 phase=traveling backend=baritone target=none navigation_elapsed_ms=130435 navigation_ticks=2592 searching=false path_index=0 path_length=171 retries=0 pending_route_events=0 dropped_route_events=0 status=mining_and_collecting_minecraft:diamond___0/32
[14:37:18] [Render thread/INFO] (lodekeeper) [Lodekeeper] NAV phase=MINE -> DESCEND targetY=-55 requestTicks=2595
[14:37:18] [Render thread/INFO] (lodekeeper) [Lodekeeper] NAV backend=baritone mode=SUSPENDED event=CANCELED elapsedMs=130606
[14:37:18] [Render thread/INFO] (lodekeeper) [Lodekeeper] NAV backend=baritone mode=SUSPENDED event=CANCELED elapsedMs=130607
[14:37:18] [Render thread/INFO] (lodekeeper) [Lodekeeper] NAV backend=baritone mode=SUSPENDED event=CANCELED elapsedMs=130640
[14:37:18] [Render thread/INFO] (lodekeeper) [Lodekeeper] NAV backend=baritone mode=SUSPENDED event=CANCELED elapsedMs=130708
[14:37:18] [Render thread/INFO] (lodekeeper) [Lodekeeper] NAV backend=baritone mode=SUSPENDED event=CANCELED elapsedMs=130742
[14:37:18] [Render thread/INFO] (lodekeeper) [Lodekeeper] NAV backend=baritone mode=DESCEND event=CALC_STARTED elapsedMs=130810
[14:37:18] [Render thread/INFO] (lodekeeper) [Lodekeeper] NAV calcTool=minecraft:cobblestone slot=2
[14:37:18] [Render thread/INFO] (lodekeeper) [Lodekeeper] NAV backend=baritone mode=DESCEND event=CALC_FINISHED_NOW_EXECUTING elapsedMs=130845
[14:37:19] [Render thread/INFO] (lodekeeper) [Lodekeeper] BREAK target=Mutable{x=20, y=-50, z=40} block=Block{minecraft:cobblestone} tool=minecraft:diamond_pickaxe slot=4 remaining=1426 required=route
[14:37:19] [Render thread/INFO] (lodekeeper) [Lodekeeper] PROGRESS elapsed_ms=400933 phase=traveling backend=baritone target=none navigation_elapsed_ms=132416 navigation_ticks=2628 searching=false path_index=0 path_length=5 retries=0 pending_route_events=0 dropped_route_events=0 status=seeking_mining_depth_-55_for_minecraft:diamond___0/32
[14:37:20] [Render thread/INFO] (lodekeeper) [Lodekeeper] BREAK target=Mutable{x=20, y=-53, z=40} block=Block{minecraft:cobblestone} tool=minecraft:diamond_pickaxe slot=4 remaining=1425 required=route
[14:37:21] [Render thread/INFO] (lodekeeper) [Lodekeeper] BREAK target=Mutable{x=20, y=-54, z=40} block=Block{minecraft:cobblestone} tool=minecraft:diamond_pickaxe slot=4 remaining=1424 required=route
[14:37:22] [Render thread/INFO] (lodekeeper) [Lodekeeper] PROGRESS elapsed_ms=402994 phase=traveling backend=baritone target=none navigation_elapsed_ms=134409 navigation_ticks=2668 searching=false path_index=0 path_length=3 retries=0 pending_route_events=0 dropped_route_events=0 status=seeking_mining_depth_-55_for_minecraft:diamond___0/32
[14:37:22] [Render thread/INFO] (lodekeeper) [Lodekeeper] BREAK target=Mutable{x=20, y=-55, z=40} block=Block{minecraft:cobblestone} tool=minecraft:diamond_pickaxe slot=4 remaining=1423 required=route
[14:37:22] [Render thread/INFO] (lodekeeper) [Lodekeeper] NAV phase=DESCEND -> MINE targetY=-55 requestTicks=2683
[14:37:22] [Render thread/INFO] (lodekeeper) [Lodekeeper] NAV backend=baritone mode=SUSPENDED event=CANCELED elapsedMs=135163
[14:37:22] [Render thread/INFO] (lodekeeper) [Lodekeeper] NAV backend=baritone mode=SUSPENDED event=CANCELED elapsedMs=135163
[14:37:22] [Render thread/INFO] (lodekeeper) [Lodekeeper] NAV backend=baritone mode=SUSPENDED event=CANCELED elapsedMs=135197
[14:37:22] [Render thread/INFO] (lodekeeper) [Lodekeeper] NAV backend=baritone mode=SUSPENDED event=CANCELED elapsedMs=135265
[14:37:22] [Render thread/INFO] (lodekeeper) [Lodekeeper] NAV backend=baritone mode=SUSPENDED event=CANCELED elapsedMs=135299
[14:37:22] [Render thread/INFO] (lodekeeper) [Lodekeeper] NAV scan=native-mine durationNanos=3565991 hits=-1 requestTicks=2684
[14:37:22] [Render thread/INFO] (lodekeeper) [Lodekeeper] NAV backend=baritone mode=MINE event=CALC_STARTED elapsedMs=135338
[14:37:22] [Render thread/INFO] (lodekeeper) [Lodekeeper] NAV calcTool=minecraft:diamond_pickaxe slot=4
[14:37:23] [Render thread/INFO] (lodekeeper) [Lodekeeper] ROUTE_SEARCH kind=unknown anchor=unknown feet_y16=0 candidates=0 target=none elapsed_ms=404064
[14:37:23] [Render thread/INFO] (lodekeeper) [Lodekeeper] NAV backend=baritone mode=MINE event=CALC_FINISHED_NOW_EXECUTING elapsedMs=135859
[14:37:23] [Render thread/INFO] (lodekeeper) [Lodekeeper] ROUTE_TRAVEL path_index=0 path_length=37 target=none elapsed_ms=404442
[14:37:24] [Render thread/INFO] (lodekeeper) [Lodekeeper] PROGRESS elapsed_ms=404995 phase=traveling backend=baritone target=none navigation_elapsed_ms=136340 navigation_ticks=2704 searching=false path_index=0 path_length=36 retries=0 pending_route_events=0 dropped_route_events=0 status=mining_and_collecting_minecraft:diamond___0/32
[14:37:24] [Render thread/INFO] (lodekeeper) [Lodekeeper] BREAK target=Mutable{x=19, y=-50, z=40} block=Block{minecraft:cobblestone} tool=minecraft:diamond_pickaxe slot=4 remaining=1422 required=route
[14:37:25] [Render thread/INFO] (lodekeeper) [Lodekeeper] NAV backend=baritone mode=MINE event=NEXT_SEGMENT_CALC_STARTED elapsedMs=137947
[14:37:25] [Render thread/INFO] (lodekeeper) [Lodekeeper] BREAK target=Mutable{x=18, y=-50, z=40} block=Block{minecraft:cobblestone} tool=minecraft:diamond_pickaxe slot=4 remaining=1421 required=route
[14:37:25] [Render thread/INFO] (lodekeeper) [Lodekeeper] ROUTE_SEARCH kind=unknown anchor=unknown feet_y16=0 candidates=0 target=none elapsed_ms=406634
[14:37:26] [Render thread/INFO] (lodekeeper) [Lodekeeper] PROGRESS elapsed_ms=407045 phase=searching backend=baritone target=none navigation_elapsed_ms=138563 navigation_ticks=2748 searching=true path_index=0 path_length=33 retries=0 pending_route_events=0 dropped_route_events=0 status=mining_and_collecting_minecraft:diamond___0/32___planning_next_route
[14:37:28] [Render thread/INFO] (lodekeeper) [Lodekeeper] PROGRESS elapsed_ms=409066 phase=searching backend=baritone target=none navigation_elapsed_ms=140550 navigation_ticks=2788 searching=true path_index=0 path_length=32 retries=0 pending_route_events=0 dropped_route_events=0 status=mining_and_collecting_minecraft:diamond___0/32___planning_next_route
[14:37:29] [Render thread/INFO] (lodekeeper) [Lodekeeper] ROUTE_TRAVEL path_index=0 path_length=32 target=none elapsed_ms=410435
[14:37:29] [Render thread/INFO] (lodekeeper) [Lodekeeper] NAV backend=baritone mode=MINE event=NEXT_SEGMENT_CALC_FINISHED elapsedMs=141954
[14:37:29] [Render thread/INFO] (lodekeeper) [Lodekeeper] NAV backend=baritone mode=MINE event=SPLICING_ONTO_NEXT_EARLY elapsedMs=141954
[14:37:30] [Render thread/INFO] (lodekeeper) [Lodekeeper] PROGRESS elapsed_ms=411090 phase=traveling backend=baritone target=none navigation_elapsed_ms=142537 navigation_ticks=2828 searching=false path_index=0 path_length=178 retries=0 pending_route_events=0 dropped_route_events=0 status=mining_and_collecting_minecraft:diamond___0/32
[14:37:31] [Render thread/INFO] (lodekeeper) [Lodekeeper] NAV phase=MINE -> DESCEND targetY=-55 requestTicks=2858
[14:37:31] [Render thread/INFO] (lodekeeper) [Lodekeeper] NAV backend=baritone mode=SUSPENDED event=CANCELED elapsedMs=144046
[14:37:31] [Render thread/INFO] (lodekeeper) [Lodekeeper] NAV backend=baritone mode=SUSPENDED event=CANCELED elapsedMs=144046
[14:37:31] [Render thread/INFO] (lodekeeper) [Lodekeeper] NAV backend=baritone mode=SUSPENDED event=CANCELED elapsedMs=144115
[14:37:31] [Render thread/INFO] (lodekeeper) [Lodekeeper] NAV backend=baritone mode=SUSPENDED event=CANCELED elapsedMs=144149
[14:37:31] [Render thread/INFO] (lodekeeper) [Lodekeeper] NAV backend=baritone mode=SUSPENDED event=CANCELED elapsedMs=144183
[14:37:31] [Render thread/INFO] (lodekeeper) [Lodekeeper] NAV backend=baritone mode=DESCEND event=CALC_STARTED elapsedMs=144251
[14:37:31] [Render thread/INFO] (lodekeeper) [Lodekeeper] NAV calcTool=minecraft:cobblestone slot=2
[14:37:31] [Render thread/INFO] (lodekeeper) [Lodekeeper] NAV backend=baritone mode=DESCEND event=CALC_FINISHED_NOW_EXECUTING elapsedMs=144286
[14:37:32] [Render thread/INFO] (lodekeeper) [Lodekeeper] PROGRESS elapsed_ms=413144 phase=traveling backend=baritone target=none navigation_elapsed_ms=144491 navigation_ticks=2864 searching=false path_index=0 path_length=8 retries=0 pending_route_events=0 dropped_route_events=0 status=seeking_mining_depth_-55_for_minecraft:diamond___0/32
[14:37:33] [Render thread/INFO] (lodekeeper) [Lodekeeper] BREAK target=Mutable{x=20, y=-50, z=40} block=Block{minecraft:cobblestone} tool=minecraft:diamond_pickaxe slot=4 remaining=1420 required=route
[14:37:34] [Render thread/INFO] (lodekeeper) [Lodekeeper] PROGRESS elapsed_ms=415197 phase=traveling backend=baritone target=none navigation_elapsed_ms=146715 navigation_ticks=2908 searching=false path_index=0 path_length=5 retries=0 pending_route_events=0 dropped_route_events=0 status=seeking_mining_depth_-55_for_minecraft:diamond___0/32
[14:37:34] [Render thread/INFO] (lodekeeper) [Lodekeeper] BREAK target=Mutable{x=20, y=-53, z=40} block=Block{minecraft:cobblestone} tool=minecraft:diamond_pickaxe slot=4 remaining=1419 required=route
[14:37:34] [Render thread/INFO] (lodekeeper) [Lodekeeper] BREAK target=Mutable{x=20, y=-54, z=40} block=Block{minecraft:cobblestone} tool=minecraft:diamond_pickaxe slot=4 remaining=1418 required=route
[14:37:35] [Render thread/INFO] (lodekeeper) [Lodekeeper] BREAK target=Mutable{x=20, y=-55, z=40} block=Block{minecraft:cobblestone} tool=minecraft:diamond_pickaxe slot=4 remaining=1417 required=route
[14:37:36] [Render thread/INFO] (lodekeeper) [Lodekeeper] NAV phase=DESCEND -> MINE targetY=-55 requestTicks=2946
[14:37:36] [Render thread/INFO] (lodekeeper) [Lodekeeper] NAV backend=baritone mode=SUSPENDED event=CANCELED elapsedMs=148605
[14:37:36] [Render thread/INFO] (lodekeeper) [Lodekeeper] NAV backend=baritone mode=SUSPENDED event=CANCELED elapsedMs=148606
[14:37:36] [Render thread/INFO] (lodekeeper) [Lodekeeper] NAV backend=baritone mode=SUSPENDED event=CANCELED elapsedMs=148638
[14:37:36] [Render thread/INFO] (lodekeeper) [Lodekeeper] NAV backend=baritone mode=SUSPENDED event=CANCELED elapsedMs=148706
[14:37:36] [Render thread/INFO] (lodekeeper) [Lodekeeper] PROGRESS elapsed_ms=417221 phase=traveling backend=baritone target=none navigation_elapsed_ms=148500 navigation_ticks=2944 searching=false path_index=0 path_length=2 retries=0 pending_route_events=0 dropped_route_events=0 status=finishing_movement_before_inventory_actions
[14:37:36] [Render thread/INFO] (lodekeeper) [Lodekeeper] NAV backend=baritone mode=SUSPENDED event=CANCELED elapsedMs=148739
[14:37:36] [Render thread/INFO] (lodekeeper) [Lodekeeper] NAV scan=native-mine durationNanos=4783308 hits=-1 requestTicks=2947
[14:37:36] [Render thread/INFO] (lodekeeper) [Lodekeeper] NAV backend=baritone mode=MINE event=CALC_STARTED elapsedMs=148812
[14:37:36] [Render thread/INFO] (lodekeeper) [Lodekeeper] NAV calcTool=minecraft:diamond_pickaxe slot=4
[14:37:36] [Render thread/INFO] (lodekeeper) [Lodekeeper] ROUTE_SEARCH kind=unknown anchor=unknown feet_y16=0 candidates=0 target=none elapsed_ms=417324
[14:37:36] [Render thread/INFO] (lodekeeper) [Lodekeeper] NAV backend=baritone mode=MINE event=CALC_FINISHED_NOW_EXECUTING elapsedMs=149357
[14:37:36] [Render thread/INFO] (lodekeeper) [Lodekeeper] ROUTE_TRAVEL path_index=0 path_length=37 target=none elapsed_ms=417940
[14:37:38] [Render thread/INFO] (lodekeeper) [Lodekeeper] BREAK target=Mutable{x=19, y=-50, z=40} block=Block{minecraft:cobblestone} tool=minecraft:diamond_pickaxe slot=4 remaining=1416 required=route
[14:37:38] [Render thread/INFO] (lodekeeper) [Lodekeeper] PROGRESS elapsed_ms=419240 phase=traveling backend=baritone target=none navigation_elapsed_ms=150657 navigation_ticks=2984 searching=false path_index=0 path_length=34 retries=0 pending_route_events=0 dropped_route_events=0 status=mining_and_collecting_minecraft:diamond___0/32
[14:37:38] [Render thread/INFO] (lodekeeper) [Lodekeeper] NAV backend=baritone mode=MINE event=NEXT_SEGMENT_CALC_STARTED elapsedMs=151448
[14:37:39] [Render thread/INFO] (lodekeeper) [Lodekeeper] BREAK target=Mutable{x=18, y=-50, z=40} block=Block{minecraft:cobblestone} tool=minecraft:diamond_pickaxe slot=4 remaining=1415 required=route
[14:37:39] [Render thread/INFO] (lodekeeper) [Lodekeeper] ROUTE_SEARCH kind=unknown anchor=unknown feet_y16=0 candidates=0 target=none elapsed_ms=420134
[14:37:40] [Render thread/INFO] (lodekeeper) [Lodekeeper] PROGRESS elapsed_ms=421295 phase=searching backend=baritone target=none navigation_elapsed_ms=152641 navigation_ticks=3024 searching=true path_index=0 path_length=32 retries=0 pending_route_events=0 dropped_route_events=0 status=mining_and_collecting_minecraft:diamond___0/32___planning_next_route
[14:37:42] [Render thread/INFO] (lodekeeper) [Lodekeeper] PROGRESS elapsed_ms=423342 phase=searching backend=baritone target=none navigation_elapsed_ms=154860 navigation_ticks=3068 searching=true path_index=0 path_length=32 retries=0 pending_route_events=0 dropped_route_events=0 status=mining_and_collecting_minecraft:diamond___0/32___planning_next_route
[14:37:43] [Render thread/INFO] (lodekeeper) [Lodekeeper] NAV backend=baritone mode=MINE event=NEXT_SEGMENT_CALC_FINISHED elapsedMs=155509
[14:37:43] [Render thread/INFO] (lodekeeper) [Lodekeeper] NAV backend=baritone mode=MINE event=SPLICING_ONTO_NEXT_EARLY elapsedMs=155510
[14:37:43] [Render thread/INFO] (lodekeeper) [Lodekeeper] ROUTE_TRAVEL path_index=0 path_length=174 target=none elapsed_ms=424126
[14:37:44] [Render thread/INFO] (lodekeeper) [Lodekeeper] PROGRESS elapsed_ms=425388 phase=traveling backend=baritone target=none navigation_elapsed_ms=156906 navigation_ticks=3108 searching=false path_index=0 path_length=171 retries=0 pending_route_events=0 dropped_route_events=0 status=mining_and_collecting_minecraft:diamond___0/32
[14:37:45] [Render thread/INFO] (lodekeeper) [Lodekeeper] NAV phase=MINE -> DESCEND targetY=-55 requestTicks=3123
[14:37:45] [Render thread/INFO] (lodekeeper) [Lodekeeper] NAV backend=baritone mode=SUSPENDED event=CANCELED elapsedMs=157593
[14:37:45] [Render thread/INFO] (lodekeeper) [Lodekeeper] NAV backend=baritone mode=SUSPENDED event=CANCELED elapsedMs=157593
[14:37:45] [Render thread/INFO] (lodekeeper) [Lodekeeper] NAV backend=baritone mode=SUSPENDED event=CANCELED elapsedMs=157661
[14:37:45] [Render thread/INFO] (lodekeeper) [Lodekeeper] NAV backend=baritone mode=SUSPENDED event=CANCELED elapsedMs=157695
[14:37:45] [Render thread/INFO] (lodekeeper) [Lodekeeper] NAV backend=baritone mode=SUSPENDED event=CANCELED elapsedMs=157764
[14:37:45] [Render thread/INFO] (lodekeeper) [Lodekeeper] NAV backend=baritone mode=DESCEND event=CALC_STARTED elapsedMs=157798
[14:37:45] [Render thread/INFO] (lodekeeper) [Lodekeeper] NAV calcTool=minecraft:cobblestone slot=2
[14:37:45] [Render thread/INFO] (lodekeeper) [Lodekeeper] NAV backend=baritone mode=DESCEND event=CALC_FINISHED_NOW_EXECUTING elapsedMs=157865
[14:37:46] [Render thread/INFO] (lodekeeper) [Lodekeeper] PROGRESS elapsed_ms=427440 phase=traveling backend=baritone target=none navigation_elapsed_ms=158787 navigation_ticks=3144 searching=false path_index=0 path_length=7 retries=0 pending_route_events=0 dropped_route_events=0 status=seeking_mining_depth_-55_for_minecraft:diamond___0/32
[14:37:46] [Render thread/INFO] (lodekeeper) [Lodekeeper] BREAK target=Mutable{x=20, y=-50, z=40} block=Block{minecraft:cobblestone} tool=minecraft:diamond_pickaxe slot=4 remaining=1414 required=route
[14:37:47] [Render thread/INFO] (lodekeeper) [Lodekeeper] BREAK target=Mutable{x=20, y=-53, z=40} block=Block{minecraft:cobblestone} tool=minecraft:diamond_pickaxe slot=4 remaining=1413 required=route
[14:37:48] [Render thread/INFO] (lodekeeper) [Lodekeeper] PROGRESS elapsed_ms=429497 phase=traveling backend=baritone target=none navigation_elapsed_ms=161015 navigation_ticks=3188 searching=false path_index=0 path_length=3 retries=0 pending_route_events=0 dropped_route_events=0 status=seeking_mining_depth_-55_for_minecraft:diamond___0/32
[14:37:48] [Render thread/INFO] (lodekeeper) [Lodekeeper] BREAK target=Mutable{x=20, y=-54, z=40} block=Block{minecraft:cobblestone} tool=minecraft:diamond_pickaxe slot=4 remaining=1412 required=route
[14:37:49] [Render thread/INFO] (lodekeeper) [Lodekeeper] BREAK target=Mutable{x=20, y=-55, z=40} block=Block{minecraft:cobblestone} tool=minecraft:diamond_pickaxe slot=4 remaining=1411 required=route
[14:37:49] [Render thread/INFO] (lodekeeper) [Lodekeeper] NAV phase=DESCEND -> MINE targetY=-55 requestTicks=3211
[14:37:49] [Render thread/INFO] (lodekeeper) [Lodekeeper] NAV backend=baritone mode=SUSPENDED event=CANCELED elapsedMs=162141
[14:37:49] [Render thread/INFO] (lodekeeper) [Lodekeeper] NAV backend=baritone mode=SUSPENDED event=CANCELED elapsedMs=162141
[14:37:49] [Render thread/INFO] (lodekeeper) [Lodekeeper] NAV backend=baritone mode=SUSPENDED event=CANCELED elapsedMs=162209
[14:37:49] [Render thread/INFO] (lodekeeper) [Lodekeeper] NAV backend=baritone mode=SUSPENDED event=CANCELED elapsedMs=162245
[14:37:49] [Render thread/INFO] (lodekeeper) [Lodekeeper] NAV backend=baritone mode=SUSPENDED event=CANCELED elapsedMs=162314
[14:37:49] [Render thread/INFO] (lodekeeper) [Lodekeeper] NAV scan=native-mine durationNanos=4718875 hits=-1 requestTicks=3212
[14:37:49] [Render thread/INFO] (lodekeeper) [Lodekeeper] NAV backend=baritone mode=MINE event=CALC_STARTED elapsedMs=162353
[14:37:49] [Render thread/INFO] (lodekeeper) [Lodekeeper] NAV calcTool=minecraft:diamond_pickaxe slot=4
[14:37:50] [Render thread/INFO] (lodekeeper) [Lodekeeper] ROUTE_SEARCH kind=unknown anchor=unknown feet_y16=0 candidates=0 target=none elapsed_ms=431054
[14:37:50] [Render thread/INFO] (lodekeeper) [Lodekeeper] NAV backend=baritone mode=MINE event=CALC_FINISHED_NOW_EXECUTING elapsedMs=162916
[14:37:50] [Render thread/INFO] (lodekeeper) [Lodekeeper] ROUTE_TRAVEL path_index=0 path_length=37 target=none elapsed_ms=431433
[14:37:50] [Render thread/INFO] (lodekeeper) [Lodekeeper] PROGRESS elapsed_ms=431535 phase=traveling backend=baritone target=none navigation_elapsed_ms=162951 navigation_ticks=3224 searching=false path_index=0 path_length=37 retries=0 pending_route_events=0 dropped_route_events=0 status=mining_and_collecting_minecraft:diamond___0/32
[14:37:51] [Render thread/INFO] (lodekeeper) [Lodekeeper] BREAK target=Mutable{x=19, y=-50, z=40} block=Block{minecraft:cobblestone} tool=minecraft:diamond_pickaxe slot=4 remaining=1410 required=route
[14:37:52] [Render thread/INFO] (lodekeeper) [Lodekeeper] NAV backend=baritone mode=MINE event=NEXT_SEGMENT_CALC_STARTED elapsedMs=165005
[14:37:52] [Render thread/INFO] (lodekeeper) [Lodekeeper] BREAK target=Mutable{x=18, y=-50, z=40} block=Block{minecraft:cobblestone} tool=minecraft:diamond_pickaxe slot=4 remaining=1409 required=route
[14:37:52] [Render thread/INFO] (lodekeeper) [Lodekeeper] PROGRESS elapsed_ms=433589 phase=traveling backend=baritone target=none navigation_elapsed_ms=164936 navigation_ticks=3264 searching=false path_index=0 path_length=34 retries=0 pending_route_events=0 dropped_route_events=0 status=mining_and_collecting_minecraft:diamond___0/32
[14:37:52] [Render thread/INFO] (lodekeeper) [Lodekeeper] ROUTE_SEARCH kind=unknown anchor=unknown feet_y16=0 candidates=0 target=none elapsed_ms=433624
[14:37:54] [Render thread/INFO] (lodekeeper) [Lodekeeper] PROGRESS elapsed_ms=435616 phase=searching backend=baritone target=none navigation_elapsed_ms=167134 navigation_ticks=3308 searching=true path_index=0 path_length=32 retries=0 pending_route_events=0 dropped_route_events=0 status=mining_and_collecting_minecraft:diamond___0/32___planning_next_route
[14:37:56] [Render thread/INFO] (lodekeeper) [Lodekeeper] NAV backend=baritone mode=MINE event=NEXT_SEGMENT_CALC_FINISHED elapsedMs=169016
[14:37:56] [Render thread/INFO] (lodekeeper) [Lodekeeper] NAV backend=baritone mode=MINE event=SPLICING_ONTO_NEXT_EARLY elapsedMs=169017
[14:37:56] [Render thread/INFO] (lodekeeper) [Lodekeeper] ROUTE_TRAVEL path_index=0 path_length=178 target=none elapsed_ms=437636
[14:37:56] [Render thread/INFO] (lodekeeper) [Lodekeeper] PROGRESS elapsed_ms=437636 phase=traveling backend=baritone target=none navigation_elapsed_ms=169154 navigation_ticks=3348 searching=false path_index=0 path_length=178 retries=0 pending_route_events=0 dropped_route_events=0 status=mining_and_collecting_minecraft:diamond___0/32___planning_next_route
[14:37:58] [Render thread/INFO] (lodekeeper) [Lodekeeper] NAV phase=MINE -> DESCEND targetY=-55 requestTicks=3387
[14:37:58] [Render thread/INFO] (lodekeeper) [Lodekeeper] NAV backend=baritone mode=SUSPENDED event=CANCELED elapsedMs=171105
[14:37:58] [Render thread/INFO] (lodekeeper) [Lodekeeper] NAV backend=baritone mode=SUSPENDED event=CANCELED elapsedMs=171105
[14:37:58] [Render thread/INFO] (lodekeeper) [Lodekeeper] NAV backend=baritone mode=SUSPENDED event=CANCELED elapsedMs=171138
[14:37:58] [Render thread/INFO] (lodekeeper) [Lodekeeper] PROGRESS elapsed_ms=439688 phase=traveling backend=baritone target=none navigation_elapsed_ms=170932 navigation_ticks=3384 searching=false path_index=0 path_length=173 retries=0 pending_route_events=0 dropped_route_events=0 status=finishing_movement_before_inventory_actions
[14:37:58] [Render thread/INFO] (lodekeeper) [Lodekeeper] NAV backend=baritone mode=SUSPENDED event=CANCELED elapsedMs=171207
[14:37:58] [Render thread/INFO] (lodekeeper) [Lodekeeper] NAV backend=baritone mode=SUSPENDED event=CANCELED elapsedMs=171240
[14:37:58] [Render thread/INFO] (lodekeeper) [Lodekeeper] NAV backend=baritone mode=DESCEND event=CALC_STARTED elapsedMs=171309
[14:37:58] [Render thread/INFO] (lodekeeper) [Lodekeeper] NAV calcTool=minecraft:cobblestone slot=2
[14:37:58] [Render thread/INFO] (lodekeeper) [Lodekeeper] NAV backend=baritone mode=DESCEND event=CALC_FINISHED_NOW_EXECUTING elapsedMs=171343
[14:38:00] [Render thread/INFO] (lodekeeper) [Lodekeeper] BREAK target=Mutable{x=20, y=-50, z=40} block=Block{minecraft:cobblestone} tool=minecraft:diamond_pickaxe slot=4 remaining=1408 required=route
[14:38:00] [Render thread/INFO] (lodekeeper) [Lodekeeper] PROGRESS elapsed_ms=441747 phase=traveling backend=baritone target=none navigation_elapsed_ms=173093 navigation_ticks=3424 searching=false path_index=0 path_length=5 retries=0 pending_route_events=0 dropped_route_events=0 status=seeking_mining_depth_-55_for_minecraft:diamond___0/32
[14:38:01] [Render thread/INFO] (lodekeeper) [Lodekeeper] BREAK target=Mutable{x=20, y=-53, z=40} block=Block{minecraft:cobblestone} tool=minecraft:diamond_pickaxe slot=4 remaining=1407 required=route
[14:38:02] [Render thread/INFO] (lodekeeper) [Lodekeeper] BREAK target=Mutable{x=20, y=-54, z=40} block=Block{minecraft:cobblestone} tool=minecraft:diamond_pickaxe slot=4 remaining=1406 required=route
[14:38:02] [Render thread/INFO] (lodekeeper) [Lodekeeper] BREAK target=Mutable{x=20, y=-55, z=40} block=Block{minecraft:cobblestone} tool=minecraft:diamond_pickaxe slot=4 remaining=1405 required=route
[14:38:02] [Render thread/INFO] (lodekeeper) [Lodekeeper] PROGRESS elapsed_ms=443765 phase=traveling backend=baritone target=none navigation_elapsed_ms=175283 navigation_ticks=3468 searching=false path_index=0 path_length=2 retries=0 pending_route_events=0 dropped_route_events=0 status=seeking_mining_depth_-55_for_minecraft:diamond___0/32
[14:38:03] [Render thread/INFO] (lodekeeper) [Lodekeeper] NAV phase=DESCEND -> MINE targetY=-55 requestTicks=3475
[14:38:03] [Render thread/INFO] (lodekeeper) [Lodekeeper] NAV backend=baritone mode=SUSPENDED event=CANCELED elapsedMs=175659
[14:38:03] [Render thread/INFO] (lodekeeper) [Lodekeeper] NAV backend=baritone mode=SUSPENDED event=CANCELED elapsedMs=175659
[14:38:03] [Render thread/INFO] (lodekeeper) [Lodekeeper] NAV backend=baritone mode=SUSPENDED event=CANCELED elapsedMs=175693
[14:38:03] [Render thread/INFO] (lodekeeper) [Lodekeeper] NAV backend=baritone mode=SUSPENDED event=CANCELED elapsedMs=175760
[14:38:03] [Render thread/INFO] (lodekeeper) [Lodekeeper] NAV backend=baritone mode=SUSPENDED event=CANCELED elapsedMs=175794
[14:38:03] [Render thread/INFO] (lodekeeper) [Lodekeeper] NAV scan=native-mine durationNanos=3567698 hits=-1 requestTicks=3476
[14:38:03] [Render thread/INFO] (lodekeeper) [Lodekeeper] NAV backend=baritone mode=MINE event=CALC_STARTED elapsedMs=175888
[14:38:03] [Render thread/INFO] (lodekeeper) [Lodekeeper] NAV calcTool=minecraft:diamond_pickaxe slot=4
[14:38:03] [Render thread/INFO] (lodekeeper) [Lodekeeper] ROUTE_SEARCH kind=unknown anchor=unknown feet_y16=0 candidates=0 target=none elapsed_ms=444535
[14:38:03] [Render thread/INFO] (lodekeeper) [Lodekeeper] NAV backend=baritone mode=MINE event=CALC_FINISHED_NOW_EXECUTING elapsedMs=176393
[14:38:03] [Render thread/INFO] (lodekeeper) [Lodekeeper] ROUTE_TRAVEL path_index=0 path_length=37 target=none elapsed_ms=444943
[14:38:04] [Render thread/INFO] (lodekeeper) [Lodekeeper] PROGRESS elapsed_ms=445766 phase=traveling backend=baritone target=none navigation_elapsed_ms=177250 navigation_ticks=3504 searching=false path_index=0 path_length=35 retries=0 pending_route_events=0 dropped_route_events=0 status=mining_and_collecting_minecraft:diamond___0/32
[14:38:05] [Render thread/INFO] (lodekeeper) [Lodekeeper] BREAK target=Mutable{x=19, y=-50, z=40} block=Block{minecraft:cobblestone} tool=minecraft:diamond_pickaxe slot=4 remaining=1404 required=route
[14:38:06] [Render thread/INFO] (lodekeeper) [Lodekeeper] NAV backend=baritone mode=MINE event=NEXT_SEGMENT_CALC_STARTED elapsedMs=178514
[14:38:06] [Render thread/INFO] (lodekeeper) [Lodekeeper] BREAK target=Mutable{x=18, y=-50, z=40} block=Block{minecraft:cobblestone} tool=minecraft:diamond_pickaxe slot=4 remaining=1403 required=route
[14:38:06] [Render thread/INFO] (lodekeeper) [Lodekeeper] ROUTE_SEARCH kind=unknown anchor=unknown feet_y16=0 candidates=0 target=none elapsed_ms=447134
[14:38:06] [Render thread/INFO] (lodekeeper) [Lodekeeper] PROGRESS elapsed_ms=447786 phase=searching backend=baritone target=none navigation_elapsed_ms=179235 navigation_ticks=3544 searching=true path_index=0 path_length=33 retries=0 pending_route_events=0 dropped_route_events=0 status=mining_and_collecting_minecraft:diamond___0/32___planning_next_route
[14:38:08] [Render thread/INFO] (lodekeeper) [Lodekeeper] PROGRESS elapsed_ms=449835 phase=searching backend=baritone target=none navigation_elapsed_ms=181251 navigation_ticks=3584 searching=true path_index=0 path_length=32 retries=0 pending_route_events=0 dropped_route_events=0 status=mining_and_collecting_minecraft:diamond___0/32___planning_next_route
[14:38:10] [Render thread/INFO] (lodekeeper) [Lodekeeper] NAV backend=baritone mode=MINE event=NEXT_SEGMENT_CALC_FINISHED elapsedMs=182556
[14:38:10] [Render thread/INFO] (lodekeeper) [Lodekeeper] NAV backend=baritone mode=MINE event=SPLICING_ONTO_NEXT_EARLY elapsedMs=182556
[14:38:10] [Render thread/INFO] (lodekeeper) [Lodekeeper] ROUTE_TRAVEL path_index=0 path_length=178 target=none elapsed_ms=451141
[14:38:10] [Render thread/INFO] (lodekeeper) [Lodekeeper] PROGRESS elapsed_ms=451897 phase=traveling backend=baritone target=none navigation_elapsed_ms=183242 navigation_ticks=3624 searching=false path_index=0 path_length=177 retries=0 pending_route_events=0 dropped_route_events=0 status=mining_and_collecting_minecraft:diamond___0/32
[14:38:12] [Render thread/INFO] (lodekeeper) [Lodekeeper] NAV phase=MINE -> DESCEND targetY=-55 requestTicks=3652
[14:38:12] [Render thread/INFO] (lodekeeper) [Lodekeeper] NAV backend=baritone mode=SUSPENDED event=CANCELED elapsedMs=184636
[14:38:12] [Render thread/INFO] (lodekeeper) [Lodekeeper] NAV backend=baritone mode=SUSPENDED event=CANCELED elapsedMs=184636
[14:38:12] [Render thread/INFO] (lodekeeper) [Lodekeeper] NAV backend=baritone mode=SUSPENDED event=CANCELED elapsedMs=184703
[14:38:12] [Render thread/INFO] (lodekeeper) [Lodekeeper] NAV backend=baritone mode=SUSPENDED event=CANCELED elapsedMs=184737
[14:38:12] [Render thread/INFO] (lodekeeper) [Lodekeeper] NAV backend=baritone mode=SUSPENDED event=CANCELED elapsedMs=184805
[14:38:12] [Render thread/INFO] (lodekeeper) [Lodekeeper] NAV backend=baritone mode=DESCEND event=CALC_STARTED elapsedMs=184841
[14:38:12] [Render thread/INFO] (lodekeeper) [Lodekeeper] NAV calcTool=minecraft:cobblestone slot=2
[14:38:12] [Render thread/INFO] (lodekeeper) [Lodekeeper] NAV backend=baritone mode=DESCEND event=CALC_FINISHED_NOW_EXECUTING elapsedMs=184907
[14:38:12] [Render thread/INFO] (lodekeeper) [Lodekeeper] PROGRESS elapsed_ms=453937 phase=traveling backend=baritone target=none navigation_elapsed_ms=185387 navigation_ticks=3664 searching=false path_index=0 path_length=8 retries=0 pending_route_events=0 dropped_route_events=0 status=seeking_mining_depth_-55_for_minecraft:diamond___0/32
[14:38:13] [Render thread/INFO] (lodekeeper) [Lodekeeper] BREAK target=Mutable{x=20, y=-50, z=40} block=Block{minecraft:cobblestone} tool=minecraft:diamond_pickaxe slot=4 remaining=1402 required=route
[14:38:14] [Render thread/INFO] (lodekeeper) [Lodekeeper] BREAK target=Mutable{x=20, y=-53, z=40} block=Block{minecraft:cobblestone} tool=minecraft:diamond_pickaxe slot=4 remaining=1401 required=route
[14:38:15] [Render thread/INFO] (lodekeeper) [Lodekeeper] PROGRESS elapsed_ms=455991 phase=traveling backend=baritone target=none navigation_elapsed_ms=187405 navigation_ticks=3704 searching=false path_index=0 path_length=4 retries=0 pending_route_events=0 dropped_route_events=0 status=seeking_mining_depth_-55_for_minecraft:diamond___0/32
[14:38:15] [Render thread/INFO] (lodekeeper) [Lodekeeper] BREAK target=Mutable{x=20, y=-54, z=40} block=Block{minecraft:cobblestone} tool=minecraft:diamond_pickaxe slot=4 remaining=1400 required=route
[14:38:16] [Render thread/INFO] (lodekeeper) [Lodekeeper] BREAK target=Mutable{x=20, y=-55, z=40} block=Block{minecraft:cobblestone} tool=minecraft:diamond_pickaxe slot=4 remaining=1399 required=route
[14:38:16] [Render thread/INFO] (lodekeeper) [Lodekeeper] NAV phase=DESCEND -> MINE targetY=-55 requestTicks=3740
[14:38:16] [Render thread/INFO] (lodekeeper) [Lodekeeper] NAV backend=baritone mode=SUSPENDED event=CANCELED elapsedMs=189193
[14:38:16] [Render thread/INFO] (lodekeeper) [Lodekeeper] NAV backend=baritone mode=SUSPENDED event=CANCELED elapsedMs=189193
[14:38:16] [Render thread/INFO] (lodekeeper) [Lodekeeper] NAV backend=baritone mode=SUSPENDED event=CANCELED elapsedMs=189260
[14:38:16] [Render thread/INFO] (lodekeeper) [Lodekeeper] NAV backend=baritone mode=SUSPENDED event=CANCELED elapsedMs=189295
[14:38:16] [Render thread/INFO] (lodekeeper) [Lodekeeper] NAV backend=baritone mode=SUSPENDED event=CANCELED elapsedMs=189362
[14:38:16] [Render thread/INFO] (lodekeeper) [Lodekeeper] NAV scan=native-mine durationNanos=3766520 hits=-1 requestTicks=3741
[14:38:16] [Render thread/INFO] (lodekeeper) [Lodekeeper] NAV backend=baritone mode=MINE event=CALC_STARTED elapsedMs=189402
[14:38:16] [Render thread/INFO] (lodekeeper) [Lodekeeper] NAV calcTool=minecraft:diamond_pickaxe slot=4
[14:38:17] [Render thread/INFO] (lodekeeper) [Lodekeeper] ROUTE_SEARCH kind=unknown anchor=unknown feet_y16=0 candidates=0 target=none elapsed_ms=458015
[14:38:17] [Render thread/INFO] (lodekeeper) [Lodekeeper] PROGRESS elapsed_ms=458015 phase=searching backend=baritone target=none navigation_elapsed_ms=189533 navigation_ticks=3744 searching=true path_index=0 path_length=0 retries=0 pending_route_events=0 dropped_route_events=0 status=mining_and_collecting_minecraft:diamond___0/32
[14:38:17] [Render thread/INFO] (lodekeeper) [Lodekeeper] ROUTE_TRAVEL path_index=0 path_length=37 target=none elapsed_ms=458446
[14:38:17] [Render thread/INFO] (lodekeeper) [Lodekeeper] NAV backend=baritone mode=MINE event=CALC_FINISHED_NOW_EXECUTING elapsedMs=189965
[14:38:18] [Render thread/INFO] (lodekeeper) [Lodekeeper] BREAK target=Mutable{x=19, y=-50, z=40} block=Block{minecraft:cobblestone} tool=minecraft:diamond_pickaxe slot=4 remaining=1398 required=route
[14:38:19] [Render thread/INFO] (lodekeeper) [Lodekeeper] PROGRESS elapsed_ms=460019 phase=traveling backend=baritone target=none navigation_elapsed_ms=191537 navigation_ticks=3784 searching=false path_index=0 path_length=34 retries=0 pending_route_events=0 dropped_route_events=0 status=mining_and_collecting_minecraft:diamond___0/32
[14:38:19] [Render thread/INFO] (lodekeeper) [Lodekeeper] NAV backend=baritone mode=MINE event=NEXT_SEGMENT_CALC_STARTED elapsedMs=192051
[14:38:19] [Render thread/INFO] (lodekeeper) [Lodekeeper] BREAK target=Mutable{x=18, y=-50, z=40} block=Block{minecraft:cobblestone} tool=minecraft:diamond_pickaxe slot=4 remaining=1397 required=route
[14:38:19] [Render thread/INFO] (lodekeeper) [Lodekeeper] ROUTE_SEARCH kind=unknown anchor=unknown feet_y16=0 candidates=0 target=none elapsed_ms=460636
[14:38:21] [Render thread/INFO] (lodekeeper) [Lodekeeper] PROGRESS elapsed_ms=462041 phase=searching backend=baritone target=none navigation_elapsed_ms=193559 navigation_ticks=3824 searching=true path_index=0 path_length=32 retries=0 pending_route_events=0 dropped_route_events=0 status=mining_and_collecting_minecraft:diamond___0/32___planning_next_route
[14:38:23] [Render thread/INFO] (lodekeeper) [Lodekeeper] PROGRESS elapsed_ms=464096 phase=searching backend=baritone target=none navigation_elapsed_ms=195544 navigation_ticks=3864 searching=true path_index=0 path_length=32 retries=0 pending_route_events=0 dropped_route_events=0 status=mining_and_collecting_minecraft:diamond___0/32___planning_next_route
[14:38:23] [Render thread/INFO] (lodekeeper) [Lodekeeper] NAV backend=baritone mode=MINE event=NEXT_SEGMENT_CALC_FINISHED elapsedMs=196060
[14:38:23] [Render thread/INFO] (lodekeeper) [Lodekeeper] NAV backend=baritone mode=MINE event=SPLICING_ONTO_NEXT_EARLY elapsedMs=196061
[14:38:23] [Render thread/INFO] (lodekeeper) [Lodekeeper] ROUTE_TRAVEL path_index=0 path_length=178 target=none elapsed_ms=464647
[14:38:25] [Render thread/INFO] (lodekeeper) [Lodekeeper] PROGRESS elapsed_ms=466147 phase=traveling backend=baritone target=none navigation_elapsed_ms=197564 navigation_ticks=3904 searching=false path_index=0 path_length=175 retries=0 pending_route_events=0 dropped_route_events=0 status=mining_and_collecting_minecraft:diamond___0/32
[14:38:25] [Render thread/INFO] (lodekeeper) [Lodekeeper] NAV phase=MINE -> DESCEND targetY=-55 requestTicks=3916
[14:38:25] [Render thread/INFO] (lodekeeper) [Lodekeeper] NAV backend=baritone mode=SUSPENDED event=CANCELED elapsedMs=198145
[14:38:25] [Render thread/INFO] (lodekeeper) [Lodekeeper] NAV backend=baritone mode=SUSPENDED event=CANCELED elapsedMs=198145
[14:38:25] [Render thread/INFO] (lodekeeper) [Lodekeeper] NAV backend=baritone mode=SUSPENDED event=CANCELED elapsedMs=198212
[14:38:25] [Render thread/INFO] (lodekeeper) [Lodekeeper] NAV backend=baritone mode=SUSPENDED event=CANCELED elapsedMs=198247
[14:38:25] [Render thread/INFO] (lodekeeper) [Lodekeeper] NAV backend=baritone mode=SUSPENDED event=CANCELED elapsedMs=198316
[14:38:25] [Render thread/INFO] (lodekeeper) [Lodekeeper] NAV backend=baritone mode=DESCEND event=CALC_STARTED elapsedMs=198350
[14:38:25] [Render thread/INFO] (lodekeeper) [Lodekeeper] NAV calcTool=minecraft:cobblestone slot=2
[14:38:25] [Render thread/INFO] (lodekeeper) [Lodekeeper] NAV backend=baritone mode=DESCEND event=CALC_FINISHED_NOW_EXECUTING elapsedMs=198384
[14:38:27] [Render thread/INFO] (lodekeeper) [Lodekeeper] PROGRESS elapsed_ms=468194 phase=traveling backend=baritone target=none navigation_elapsed_ms=199712 navigation_ticks=3944 searching=false path_index=0 path_length=5 retries=0 pending_route_events=0 dropped_route_events=0 status=seeking_mining_depth_-55_for_minecraft:diamond___0/32
[14:38:27] [Render thread/INFO] (lodekeeper) [Lodekeeper] BREAK target=Mutable{x=20, y=-50, z=40} block=Block{minecraft:cobblestone} tool=minecraft:diamond_pickaxe slot=4 remaining=1396 required=route
[14:38:28] [Render thread/INFO] (lodekeeper) [Lodekeeper] BREAK target=Mutable{x=20, y=-53, z=40} block=Block{minecraft:cobblestone} tool=minecraft:diamond_pickaxe slot=4 remaining=1395 required=route
[14:38:29] [Render thread/INFO] (lodekeeper) [Lodekeeper] BREAK target=Mutable{x=20, y=-54, z=40} block=Block{minecraft:cobblestone} tool=minecraft:diamond_pickaxe slot=4 remaining=1394 required=route
[14:38:29] [Render thread/INFO] (lodekeeper) [Lodekeeper] PROGRESS elapsed_ms=470238 phase=traveling backend=baritone target=none navigation_elapsed_ms=201687 navigation_ticks=3984 searching=false path_index=0 path_length=3 retries=0 pending_route_events=0 dropped_route_events=0 status=seeking_mining_depth_-55_for_minecraft:diamond___0/32
[14:38:29] [Render thread/INFO] (lodekeeper) [Lodekeeper] BREAK target=Mutable{x=20, y=-55, z=40} block=Block{minecraft:cobblestone} tool=minecraft:diamond_pickaxe slot=4 remaining=1393 required=route
[14:38:30] [Render thread/INFO] (lodekeeper) [Lodekeeper] NAV phase=DESCEND -> MINE targetY=-55 requestTicks=4004
[14:38:30] [Render thread/INFO] (lodekeeper) [Lodekeeper] NAV backend=baritone mode=SUSPENDED event=CANCELED elapsedMs=202717
[14:38:30] [Render thread/INFO] (lodekeeper) [Lodekeeper] NAV backend=baritone mode=SUSPENDED event=CANCELED elapsedMs=202717
[14:38:30] [Render thread/INFO] (lodekeeper) [Lodekeeper] NAV backend=baritone mode=SUSPENDED event=CANCELED elapsedMs=202751
[14:38:30] [Render thread/INFO] (lodekeeper) [Lodekeeper] NAV backend=baritone mode=SUSPENDED event=CANCELED elapsedMs=202786
[14:38:30] [Render thread/INFO] (lodekeeper) [Lodekeeper] NAV backend=baritone mode=SUSPENDED event=CANCELED elapsedMs=202853
[14:38:30] [Render thread/INFO] (lodekeeper) [Lodekeeper] NAV scan=native-mine durationNanos=3475503 hits=-1 requestTicks=4005
[14:38:30] [Render thread/INFO] (lodekeeper) [Lodekeeper] NAV backend=baritone mode=MINE event=CALC_STARTED elapsedMs=202891
[14:38:30] [Render thread/INFO] (lodekeeper) [Lodekeeper] NAV calcTool=minecraft:diamond_pickaxe slot=4
[14:38:30] [Render thread/INFO] (lodekeeper) [Lodekeeper] ROUTE_SEARCH kind=unknown anchor=unknown feet_y16=0 candidates=0 target=none elapsed_ms=471539
[14:38:30] [Render thread/INFO] (lodekeeper) [Lodekeeper] NAV backend=baritone mode=MINE event=CALC_FINISHED_NOW_EXECUTING elapsedMs=203396
[14:38:30] [Render thread/INFO] (lodekeeper) [Lodekeeper] ROUTE_TRAVEL path_index=0 path_length=37 target=none elapsed_ms=471948
[14:38:31] [Render thread/INFO] (lodekeeper) [Lodekeeper] PROGRESS elapsed_ms=472293 phase=traveling backend=baritone target=none navigation_elapsed_ms=203640 navigation_ticks=4020 searching=false path_index=0 path_length=37 retries=0 pending_route_events=0 dropped_route_events=0 status=mining_and_collecting_minecraft:diamond___0/32
[14:38:32] [Render thread/INFO] (lodekeeper) [Lodekeeper] BREAK target=Mutable{x=19, y=-50, z=40} block=Block{minecraft:cobblestone} tool=minecraft:diamond_pickaxe slot=4 remaining=1392 required=route
[14:38:33] [Render thread/INFO] (lodekeeper) [Lodekeeper] NAV backend=baritone mode=MINE event=NEXT_SEGMENT_CALC_STARTED elapsedMs=205484
[14:38:33] [Render thread/INFO] (lodekeeper) [Lodekeeper] BREAK target=Mutable{x=18, y=-50, z=40} block=Block{minecraft:cobblestone} tool=minecraft:diamond_pickaxe slot=4 remaining=1391 required=route
[14:38:33] [Render thread/INFO] (lodekeeper) [Lodekeeper] ROUTE_SEARCH kind=unknown anchor=unknown feet_y16=0 candidates=0 target=none elapsed_ms=474134
[14:38:33] [Render thread/INFO] (lodekeeper) [Lodekeeper] PROGRESS elapsed_ms=474341 phase=searching backend=baritone target=none navigation_elapsed_ms=205859 navigation_ticks=4064 searching=true path_index=0 path_length=33 retries=0 pending_route_events=0 dropped_route_events=0 status=mining_and_collecting_minecraft:diamond___0/32___planning_next_route
[14:38:35] [Render thread/INFO] (lodekeeper) [Lodekeeper] PROGRESS elapsed_ms=476347 phase=searching backend=baritone target=none navigation_elapsed_ms=207865 navigation_ticks=4104 searching=true path_index=0 path_length=32 retries=0 pending_route_events=0 dropped_route_events=0 status=mining_and_collecting_minecraft:diamond___0/32___planning_next_route
[14:38:37] [Render thread/INFO] (lodekeeper) [Lodekeeper] NAV backend=baritone mode=MINE event=NEXT_SEGMENT_CALC_FINISHED elapsedMs=209514
[14:38:37] [Render thread/INFO] (lodekeeper) [Lodekeeper] NAV backend=baritone mode=MINE event=SPLICING_ONTO_NEXT_EARLY elapsedMs=209515
[14:38:37] [Render thread/INFO] (lodekeeper) [Lodekeeper] ROUTE_TRAVEL path_index=0 path_length=174 target=none elapsed_ms=478133
[14:38:37] [Render thread/INFO] (lodekeeper) [Lodekeeper] PROGRESS elapsed_ms=478371 phase=traveling backend=baritone target=none navigation_elapsed_ms=209855 navigation_ticks=4144 searching=false path_index=0 path_length=173 retries=0 pending_route_events=0 dropped_route_events=0 status=mining_and_collecting_minecraft:diamond___0/32
[14:38:39] [Render thread/INFO] (lodekeeper) [Lodekeeper] NAV phase=MINE -> DESCEND targetY=-55 requestTicks=4179
[14:38:39] [Render thread/INFO] (lodekeeper) [Lodekeeper] NAV backend=baritone mode=SUSPENDED event=CANCELED elapsedMs=211597
[14:38:39] [Render thread/INFO] (lodekeeper) [Lodekeeper] NAV backend=baritone mode=SUSPENDED event=CANCELED elapsedMs=211597
[14:38:39] [Render thread/INFO] (lodekeeper) [Lodekeeper] NAV backend=baritone mode=SUSPENDED event=CANCELED elapsedMs=211663
[14:38:39] [Render thread/INFO] (lodekeeper) [Lodekeeper] NAV backend=baritone mode=SUSPENDED event=CANCELED elapsedMs=211697
[14:38:39] [Render thread/INFO] (lodekeeper) [Lodekeeper] NAV backend=baritone mode=SUSPENDED event=CANCELED elapsedMs=211766
[14:38:39] [Render thread/INFO] (lodekeeper) [Lodekeeper] NAV backend=baritone mode=DESCEND event=CALC_STARTED elapsedMs=211802
[14:38:39] [Render thread/INFO] (lodekeeper) [Lodekeeper] NAV calcTool=minecraft:cobblestone slot=2
[14:38:39] [Render thread/INFO] (lodekeeper) [Lodekeeper] NAV backend=baritone mode=DESCEND event=CALC_FINISHED_NOW_EXECUTING elapsedMs=211836
[14:38:39] [Render thread/INFO] (lodekeeper) [Lodekeeper] PROGRESS elapsed_ms=480387 phase=working backend=baritone target=none navigation_elapsed_ms=211801 navigation_ticks=4180 searching=false path_index=0 path_length=0 retries=0 pending_route_events=0 dropped_route_events=0 status=seeking_mining_depth_-55_for_minecraft:diamond___0/32
[14:38:40] [Render thread/INFO] (lodekeeper) [Lodekeeper] BREAK target=Mutable{x=20, y=-50, z=40} block=Block{minecraft:cobblestone} tool=minecraft:diamond_pickaxe slot=4 remaining=1390 required=route
[14:38:41] [Render thread/INFO] (lodekeeper) [Lodekeeper] PROGRESS elapsed_ms=482414 phase=traveling backend=baritone target=none navigation_elapsed_ms=213796 navigation_ticks=4220 searching=false path_index=0 path_length=5 retries=0 pending_route_events=0 dropped_route_events=0 status=seeking_mining_depth_-55_for_minecraft:diamond___0/32
[14:38:41] [Render thread/INFO] (lodekeeper) [Lodekeeper] BREAK target=Mutable{x=20, y=-53, z=40} block=Block{minecraft:cobblestone} tool=minecraft:diamond_pickaxe slot=4 remaining=1389 required=route
[14:38:42] [Render thread/INFO] (lodekeeper) [Lodekeeper] BREAK target=Mutable{x=20, y=-54, z=40} block=Block{minecraft:cobblestone} tool=minecraft:diamond_pickaxe slot=4 remaining=1388 required=route
[14:38:43] [Render thread/INFO] (lodekeeper) [Lodekeeper] BREAK target=Mutable{x=20, y=-55, z=40} block=Block{minecraft:cobblestone} tool=minecraft:diamond_pickaxe slot=4 remaining=1387 required=route
[14:38:43] [Render thread/INFO] (lodekeeper) [Lodekeeper] PROGRESS elapsed_ms=484428 phase=traveling backend=baritone target=none navigation_elapsed_ms=215809 navigation_ticks=4260 searching=false path_index=0 path_length=2 retries=0 pending_route_events=0 dropped_route_events=0 status=seeking_mining_depth_-55_for_minecraft:diamond___0/32
[14:38:43] [Render thread/INFO] (lodekeeper) [Lodekeeper] NAV phase=DESCEND -> MINE targetY=-55 requestTicks=4267
[14:38:43] [Render thread/INFO] (lodekeeper) [Lodekeeper] NAV backend=baritone mode=SUSPENDED event=CANCELED elapsedMs=216150
[14:38:43] [Render thread/INFO] (lodekeeper) [Lodekeeper] NAV backend=baritone mode=SUSPENDED event=CANCELED elapsedMs=216150
[14:38:43] [Render thread/INFO] (lodekeeper) [Lodekeeper] NAV backend=baritone mode=SUSPENDED event=CANCELED elapsedMs=216183
[14:38:43] [Render thread/INFO] (lodekeeper) [Lodekeeper] NAV backend=baritone mode=SUSPENDED event=CANCELED elapsedMs=216252
[14:38:43] [Render thread/INFO] (lodekeeper) [Lodekeeper] NAV backend=baritone mode=SUSPENDED event=CANCELED elapsedMs=216286
[14:38:43] [Render thread/INFO] (lodekeeper) [Lodekeeper] NAV scan=native-mine durationNanos=4670250 hits=-1 requestTicks=4268
[14:38:43] [Render thread/INFO] (lodekeeper) [Lodekeeper] NAV backend=baritone mode=MINE event=CALC_STARTED elapsedMs=216361
[14:38:43] [Render thread/INFO] (lodekeeper) [Lodekeeper] NAV calcTool=minecraft:diamond_pickaxe slot=4
[14:38:44] [Render thread/INFO] (lodekeeper) [Lodekeeper] ROUTE_SEARCH kind=unknown anchor=unknown feet_y16=0 candidates=0 target=none elapsed_ms=485094
[14:38:44] [Render thread/INFO] (lodekeeper) [Lodekeeper] NAV backend=baritone mode=MINE event=CALC_FINISHED_NOW_EXECUTING elapsedMs=216885
[14:38:44] [Render thread/INFO] (lodekeeper) [Lodekeeper] ROUTE_TRAVEL path_index=0 path_length=37 target=none elapsed_ms=485434
[14:38:45] [Render thread/INFO] (lodekeeper) [Lodekeeper] PROGRESS elapsed_ms=486433 phase=traveling backend=baritone target=none navigation_elapsed_ms=217951 navigation_ticks=4300 searching=false path_index=0 path_length=35 retries=0 pending_route_events=0 dropped_route_events=0 status=mining_and_collecting_minecraft:diamond___0/32
[14:38:45] [Render thread/INFO] (lodekeeper) [Lodekeeper] BREAK target=Mutable{x=19, y=-50, z=40} block=Block{minecraft:cobblestone} tool=minecraft:diamond_pickaxe slot=4 remaining=1386 required=route
[14:38:46] [Render thread/INFO] (lodekeeper) [Lodekeeper] NAV backend=baritone mode=MINE event=NEXT_SEGMENT_CALC_STARTED elapsedMs=219010
[14:38:46] [Render thread/INFO] (lodekeeper) [Lodekeeper] BREAK target=Mutable{x=18, y=-50, z=40} block=Block{minecraft:cobblestone} tool=minecraft:diamond_pickaxe slot=4 remaining=1385 required=route
[14:38:46] [Render thread/INFO] (lodekeeper) [Lodekeeper] ROUTE_SEARCH kind=unknown anchor=unknown feet_y16=0 candidates=0 target=none elapsed_ms=487627
[14:38:47] [Render thread/INFO] (lodekeeper) [Lodekeeper] PROGRESS elapsed_ms=488483 phase=searching backend=baritone target=none navigation_elapsed_ms=219932 navigation_ticks=4340 searching=true path_index=0 path_length=32 retries=0 pending_route_events=0 dropped_route_events=0 status=mining_and_collecting_minecraft:diamond___0/32___planning_next_route
[14:38:49] [Render thread/INFO] (lodekeeper) [Lodekeeper] PROGRESS elapsed_ms=490533 phase=searching backend=baritone target=none navigation_elapsed_ms=221947 navigation_ticks=4380 searching=true path_index=0 path_length=32 retries=0 pending_route_events=0 dropped_route_events=0 status=mining_and_collecting_minecraft:diamond___0/32___planning_next_route
[14:38:50] [Render thread/INFO] (lodekeeper) [Lodekeeper] NAV backend=baritone mode=MINE event=NEXT_SEGMENT_CALC_FINISHED elapsedMs=223040
[14:38:50] [Render thread/INFO] (lodekeeper) [Lodekeeper] NAV backend=baritone mode=MINE event=SPLICING_ONTO_NEXT_EARLY elapsedMs=223040
[14:38:50] [Render thread/INFO] (lodekeeper) [Lodekeeper] ROUTE_TRAVEL path_index=0 path_length=177 target=none elapsed_ms=491623
[14:38:51] [Render thread/INFO] (lodekeeper) [Lodekeeper] PROGRESS elapsed_ms=492544 phase=traveling backend=baritone target=none navigation_elapsed_ms=223960 navigation_ticks=4420 searching=false path_index=0 path_length=175 retries=0 pending_route_events=0 dropped_route_events=0 status=mining_and_collecting_minecraft:diamond___0/32
[14:38:52] [Render thread/INFO] (lodekeeper) [Lodekeeper] NAV phase=MINE -> DESCEND targetY=-55 requestTicks=4444
[14:38:52] [Render thread/INFO] (lodekeeper) [Lodekeeper] NAV backend=baritone mode=SUSPENDED event=CANCELED elapsedMs=225156
[14:38:52] [Render thread/INFO] (lodekeeper) [Lodekeeper] NAV backend=baritone mode=SUSPENDED event=CANCELED elapsedMs=225156
[14:38:52] [Render thread/INFO] (lodekeeper) [Lodekeeper] NAV backend=baritone mode=SUSPENDED event=CANCELED elapsedMs=225189
[14:38:52] [Render thread/INFO] (lodekeeper) [Lodekeeper] NAV backend=baritone mode=SUSPENDED event=CANCELED elapsedMs=225258
[14:38:52] [Render thread/INFO] (lodekeeper) [Lodekeeper] NAV backend=baritone mode=SUSPENDED event=CANCELED elapsedMs=225292
[14:38:52] [Render thread/INFO] (lodekeeper) [Lodekeeper] NAV backend=baritone mode=DESCEND event=CALC_STARTED elapsedMs=225362
[14:38:52] [Render thread/INFO] (lodekeeper) [Lodekeeper] NAV calcTool=minecraft:cobblestone slot=2
[14:38:52] [Render thread/INFO] (lodekeeper) [Lodekeeper] NAV backend=baritone mode=DESCEND event=CALC_FINISHED_NOW_EXECUTING elapsedMs=225395
[14:38:53] [Render thread/INFO] (lodekeeper) [Lodekeeper] PROGRESS elapsed_ms=494596 phase=traveling backend=baritone target=none navigation_elapsed_ms=226114 navigation_ticks=4460 searching=false path_index=0 path_length=7 retries=0 pending_route_events=0 dropped_route_events=0 status=seeking_mining_depth_-55_for_minecraft:diamond___0/32
[14:38:54] [Render thread/INFO] (lodekeeper) [Lodekeeper] BREAK target=Mutable{x=20, y=-50, z=40} block=Block{minecraft:cobblestone} tool=minecraft:diamond_pickaxe slot=4 remaining=1384 required=route
[14:38:55] [Render thread/INFO] (lodekeeper) [Lodekeeper] BREAK target=Mutable{x=20, y=-53, z=40} block=Block{minecraft:cobblestone} tool=minecraft:diamond_pickaxe slot=4 remaining=1383 required=route
[14:38:55] [Render thread/INFO] (lodekeeper) [Lodekeeper] PROGRESS elapsed_ms=496620 phase=traveling backend=baritone target=none navigation_elapsed_ms=228104 navigation_ticks=4500 searching=false path_index=0 path_length=4 retries=0 pending_route_events=0 dropped_route_events=0 status=seeking_mining_depth_-55_for_minecraft:diamond___0/32
[14:38:56] [Render thread/INFO] (lodekeeper) [Lodekeeper] BREAK target=Mutable{x=20, y=-54, z=40} block=Block{minecraft:cobblestone} tool=minecraft:diamond_pickaxe slot=4 remaining=1382 required=route
[14:38:56] [Render thread/INFO] (lodekeeper) [Lodekeeper] BREAK target=Mutable{x=20, y=-55, z=40} block=Block{minecraft:cobblestone} tool=minecraft:diamond_pickaxe slot=4 remaining=1381 required=route
[14:38:57] [Render thread/INFO] (lodekeeper) [Lodekeeper] NAV phase=DESCEND -> MINE targetY=-55 requestTicks=4532
[14:38:57] [Render thread/INFO] (lodekeeper) [Lodekeeper] NAV backend=baritone mode=SUSPENDED event=CANCELED elapsedMs=229707
[14:38:57] [Render thread/INFO] (lodekeeper) [Lodekeeper] NAV backend=baritone mode=SUSPENDED event=CANCELED elapsedMs=229707
[14:38:57] [Render thread/INFO] (lodekeeper) [Lodekeeper] NAV backend=baritone mode=SUSPENDED event=CANCELED elapsedMs=229742
[14:38:57] [Render thread/INFO] (lodekeeper) [Lodekeeper] NAV backend=baritone mode=SUSPENDED event=CANCELED elapsedMs=229810
[14:38:57] [Render thread/INFO] (lodekeeper) [Lodekeeper] NAV backend=baritone mode=SUSPENDED event=CANCELED elapsedMs=229845
[14:38:57] [Render thread/INFO] (lodekeeper) [Lodekeeper] NAV scan=native-mine durationNanos=4439578 hits=-1 requestTicks=4533
[14:38:57] [Render thread/INFO] (lodekeeper) [Lodekeeper] NAV backend=baritone mode=MINE event=CALC_STARTED elapsedMs=229920
[14:38:57] [Render thread/INFO] (lodekeeper) [Lodekeeper] NAV calcTool=minecraft:diamond_pickaxe slot=4
[14:38:57] [Render thread/INFO] (lodekeeper) [Lodekeeper] ROUTE_SEARCH kind=unknown anchor=unknown feet_y16=0 candidates=0 target=none elapsed_ms=498534
[14:38:57] [Render thread/INFO] (lodekeeper) [Lodekeeper] PROGRESS elapsed_ms=498636 phase=searching backend=baritone target=none navigation_elapsed_ms=230052 navigation_ticks=4536 searching=true path_index=0 path_length=0 retries=0 pending_route_events=0 dropped_route_events=0 status=mining_and_collecting_minecraft:diamond___0/32___planning_next_route
[14:38:57] [Render thread/INFO] (lodekeeper) [Lodekeeper] ROUTE_TRAVEL path_index=0 path_length=37 target=none elapsed_ms=498945
[14:38:57] [Render thread/INFO] (lodekeeper) [Lodekeeper] NAV backend=baritone mode=MINE event=CALC_FINISHED_NOW_EXECUTING elapsedMs=230463
[14:38:59] [Render thread/INFO] (lodekeeper) [Lodekeeper] BREAK target=Mutable{x=19, y=-50, z=40} block=Block{minecraft:cobblestone} tool=minecraft:diamond_pickaxe slot=4 remaining=1380 required=route
[14:38:59] [Render thread/INFO] (lodekeeper) [Lodekeeper] PROGRESS elapsed_ms=500688 phase=traveling backend=baritone target=none navigation_elapsed_ms=232035 navigation_ticks=4576 searching=false path_index=0 path_length=34 retries=0 pending_route_events=0 dropped_route_events=0 status=mining_and_collecting_minecraft:diamond___0/32
[14:39:00] [Render thread/INFO] (lodekeeper) [Lodekeeper] NAV backend=baritone mode=MINE event=NEXT_SEGMENT_CALC_STARTED elapsedMs=232550
[14:39:00] [Render thread/INFO] (lodekeeper) [Lodekeeper] BREAK target=Mutable{x=18, y=-50, z=40} block=Block{minecraft:cobblestone} tool=minecraft:diamond_pickaxe slot=4 remaining=1379 required=route
[14:39:00] [Render thread/INFO] (lodekeeper) [Lodekeeper] ROUTE_SEARCH kind=unknown anchor=unknown feet_y16=0 candidates=0 target=none elapsed_ms=501133
[14:39:01] [Render thread/INFO] (lodekeeper) [Lodekeeper] PROGRESS elapsed_ms=502742 phase=searching backend=baritone target=none navigation_elapsed_ms=234260 navigation_ticks=4620 searching=true path_index=0 path_length=32 retries=0 pending_route_events=0 dropped_route_events=0 status=mining_and_collecting_minecraft:diamond___0/32___planning_next_route
[14:39:03] [Render thread/INFO] (lodekeeper) [Lodekeeper] PROGRESS elapsed_ms=504789 phase=searching backend=baritone target=none navigation_elapsed_ms=236237 navigation_ticks=4660 searching=true path_index=0 path_length=32 retries=0 pending_route_events=0 dropped_route_events=0 status=mining_and_collecting_minecraft:diamond___0/32___planning_next_route
[14:39:04] [Render thread/INFO] (lodekeeper) [Lodekeeper] NAV backend=baritone mode=MINE event=NEXT_SEGMENT_CALC_FINISHED elapsedMs=236612
[14:39:04] [Render thread/INFO] (lodekeeper) [Lodekeeper] NAV backend=baritone mode=MINE event=SPLICING_ONTO_NEXT_EARLY elapsedMs=236612
[14:39:04] [Render thread/INFO] (lodekeeper) [Lodekeeper] ROUTE_TRAVEL path_index=0 path_length=178 target=none elapsed_ms=505128
[14:39:05] [Render thread/INFO] (lodekeeper) [Lodekeeper] PROGRESS elapsed_ms=506796 phase=traveling backend=baritone target=none navigation_elapsed_ms=238247 navigation_ticks=4700 searching=false path_index=0 path_length=174 retries=0 pending_route_events=0 dropped_route_events=0 status=mining_and_collecting_minecraft:diamond___0/32
[14:39:06] [Render thread/INFO] (lodekeeper) [Lodekeeper] NAV phase=MINE -> DESCEND targetY=-55 requestTicks=4709
[14:39:06] [Render thread/INFO] (lodekeeper) [Lodekeeper] NAV backend=baritone mode=SUSPENDED event=CANCELED elapsedMs=238693
[14:39:06] [Render thread/INFO] (lodekeeper) [Lodekeeper] NAV backend=baritone mode=SUSPENDED event=CANCELED elapsedMs=238693
[14:39:06] [Render thread/INFO] (lodekeeper) [Lodekeeper] NAV backend=baritone mode=SUSPENDED event=CANCELED elapsedMs=238761
[14:39:06] [Render thread/INFO] (lodekeeper) [Lodekeeper] NAV backend=baritone mode=SUSPENDED event=CANCELED elapsedMs=238795
[14:39:06] [Render thread/INFO] (lodekeeper) [Lodekeeper] NAV backend=baritone mode=SUSPENDED event=CANCELED elapsedMs=238862
[14:39:06] [Render thread/INFO] (lodekeeper) [Lodekeeper] NAV backend=baritone mode=DESCEND event=CALC_STARTED elapsedMs=238897
[14:39:06] [Render thread/INFO] (lodekeeper) [Lodekeeper] NAV calcTool=minecraft:cobblestone slot=2
[14:39:06] [Render thread/INFO] (lodekeeper) [Lodekeeper] NAV backend=baritone mode=DESCEND event=CALC_FINISHED_NOW_EXECUTING elapsedMs=238965
[14:39:07] [Render thread/INFO] (lodekeeper) [Lodekeeper] BREAK target=Mutable{x=20, y=-50, z=40} block=Block{minecraft:cobblestone} tool=minecraft:diamond_pickaxe slot=4 remaining=1378 required=route
[14:39:07] [Render thread/INFO] (lodekeeper) [Lodekeeper] PROGRESS elapsed_ms=508845 phase=traveling backend=baritone target=none navigation_elapsed_ms=240194 navigation_ticks=4736 searching=false path_index=0 path_length=6 retries=0 pending_route_events=0 dropped_route_events=0 status=seeking_mining_depth_-55_for_minecraft:diamond___0/32
[14:39:08] [Render thread/INFO] (lodekeeper) [Lodekeeper] BREAK target=Mutable{x=20, y=-53, z=40} block=Block{minecraft:cobblestone} tool=minecraft:diamond_pickaxe slot=4 remaining=1377 required=route
[14:39:09] [Render thread/INFO] (lodekeeper) [Lodekeeper] BREAK target=Mutable{x=20, y=-54, z=40} block=Block{minecraft:cobblestone} tool=minecraft:diamond_pickaxe slot=4 remaining=1376 required=route
[14:39:09] [Render thread/INFO] (lodekeeper) [Lodekeeper] PROGRESS elapsed_ms=510896 phase=traveling backend=baritone target=none navigation_elapsed_ms=242414 navigation_ticks=4780 searching=false path_index=0 path_length=3 retries=0 pending_route_events=0 dropped_route_events=0 status=seeking_mining_depth_-55_for_minecraft:diamond___0/32
[14:39:10] [Render thread/INFO] (lodekeeper) [Lodekeeper] BREAK target=Mutable{x=20, y=-55, z=40} block=Block{minecraft:cobblestone} tool=minecraft:diamond_pickaxe slot=4 remaining=1375 required=route
[14:39:10] [Render thread/INFO] (lodekeeper) [Lodekeeper] NAV phase=DESCEND -> MINE targetY=-55 requestTicks=4797
[14:39:10] [Render thread/INFO] (lodekeeper) [Lodekeeper] NAV backend=baritone mode=SUSPENDED event=CANCELED elapsedMs=243266
[14:39:10] [Render thread/INFO] (lodekeeper) [Lodekeeper] NAV backend=baritone mode=SUSPENDED event=CANCELED elapsedMs=243266
[14:39:10] [Render thread/INFO] (lodekeeper) [Lodekeeper] NAV backend=baritone mode=SUSPENDED event=CANCELED elapsedMs=243299
[14:39:10] [Render thread/INFO] (lodekeeper) [Lodekeeper] NAV backend=baritone mode=SUSPENDED event=CANCELED elapsedMs=243334
[14:39:10] [Render thread/INFO] (lodekeeper) [Lodekeeper] NAV backend=baritone mode=SUSPENDED event=CANCELED elapsedMs=243402
[14:39:10] [Render thread/INFO] (lodekeeper) [Lodekeeper] NAV scan=native-mine durationNanos=4667339 hits=-1 requestTicks=4798
[14:39:10] [Render thread/INFO] (lodekeeper) [Lodekeeper] NAV backend=baritone mode=MINE event=CALC_STARTED elapsedMs=243442
[14:39:10] [Render thread/INFO] (lodekeeper) [Lodekeeper] NAV calcTool=minecraft:diamond_pickaxe slot=4
[14:39:11] [Render thread/INFO] (lodekeeper) [Lodekeeper] ROUTE_SEARCH kind=unknown anchor=unknown feet_y16=0 candidates=0 target=none elapsed_ms=512023
[14:39:11] [Render thread/INFO] (lodekeeper) [Lodekeeper] ROUTE_TRAVEL path_index=0 path_length=37 target=none elapsed_ms=512445
[14:39:11] [Render thread/INFO] (lodekeeper) [Lodekeeper] NAV backend=baritone mode=MINE event=CALC_FINISHED_NOW_EXECUTING elapsedMs=243963
[14:39:11] [Render thread/INFO] (lodekeeper) [Lodekeeper] PROGRESS elapsed_ms=512928 phase=traveling backend=baritone target=none navigation_elapsed_ms=244341 navigation_ticks=4816 searching=false path_index=0 path_length=36 retries=0 pending_route_events=0 dropped_route_events=0 status=mining_and_collecting_minecraft:diamond___0/32
[14:39:12] [Render thread/INFO] (lodekeeper) [Lodekeeper] BREAK target=Mutable{x=19, y=-50, z=40} block=Block{minecraft:cobblestone} tool=minecraft:diamond_pickaxe slot=4 remaining=1374 required=route
[14:39:13] [Render thread/INFO] (lodekeeper) [Lodekeeper] NAV backend=baritone mode=MINE event=NEXT_SEGMENT_CALC_STARTED elapsedMs=246046
[14:39:13] [Render thread/INFO] (lodekeeper) [Lodekeeper] BREAK target=Mutable{x=18, y=-50, z=40} block=Block{minecraft:cobblestone} tool=minecraft:diamond_pickaxe slot=4 remaining=1373 required=route
[14:39:13] [Render thread/INFO] (lodekeeper) [Lodekeeper] ROUTE_SEARCH kind=unknown anchor=unknown feet_y16=0 candidates=0 target=none elapsed_ms=514629
[14:39:13] [Render thread/INFO] (lodekeeper) [Lodekeeper] PROGRESS elapsed_ms=514939 phase=searching backend=baritone target=none navigation_elapsed_ms=246354 navigation_ticks=4856 searching=true path_index=0 path_length=33 retries=0 pending_route_events=0 dropped_route_events=0 status=mining_and_collecting_minecraft:diamond___0/32___planning_next_route
[14:39:16] [Render thread/INFO] (lodekeeper) [Lodekeeper] PROGRESS elapsed_ms=516992 phase=searching backend=baritone target=none navigation_elapsed_ms=248341 navigation_ticks=4896 searching=true path_index=0 path_length=32 retries=0 pending_route_events=0 dropped_route_events=0 status=mining_and_collecting_minecraft:diamond___0/32___planning_next_route
[14:39:17] [Render thread/INFO] (lodekeeper) [Lodekeeper] NAV backend=baritone mode=MINE event=NEXT_SEGMENT_CALC_FINISHED elapsedMs=250051
[14:39:17] [Render thread/INFO] (lodekeeper) [Lodekeeper] NAV backend=baritone mode=MINE event=SPLICING_ONTO_NEXT_EARLY elapsedMs=250052
[14:39:17] [Render thread/INFO] (lodekeeper) [Lodekeeper] ROUTE_TRAVEL path_index=0 path_length=178 target=none elapsed_ms=518635
[14:39:18] [Render thread/INFO] (lodekeeper) [Lodekeeper] PROGRESS elapsed_ms=519047 phase=traveling backend=baritone target=none navigation_elapsed_ms=250565 navigation_ticks=4940 searching=false path_index=0 path_length=177 retries=0 pending_route_events=0 dropped_route_events=0 status=mining_and_collecting_minecraft:diamond___0/32
[14:39:19] [Render thread/INFO] (lodekeeper) [Lodekeeper] NAV phase=MINE -> DESCEND targetY=-55 requestTicks=4972
[14:39:19] [Render thread/INFO] (lodekeeper) [Lodekeeper] NAV backend=baritone mode=SUSPENDED event=CANCELED elapsedMs=252142
[14:39:19] [Render thread/INFO] (lodekeeper) [Lodekeeper] NAV backend=baritone mode=SUSPENDED event=CANCELED elapsedMs=252143
[14:39:19] [Render thread/INFO] (lodekeeper) [Lodekeeper] NAV backend=baritone mode=SUSPENDED event=CANCELED elapsedMs=252210
[14:39:19] [Render thread/INFO] (lodekeeper) [Lodekeeper] NAV backend=baritone mode=SUSPENDED event=CANCELED elapsedMs=252245
[14:39:19] [Render thread/INFO] (lodekeeper) [Lodekeeper] NAV backend=baritone mode=SUSPENDED event=CANCELED elapsedMs=252313
[14:39:19] [Render thread/INFO] (lodekeeper) [Lodekeeper] NAV backend=baritone mode=DESCEND event=CALC_STARTED elapsedMs=252348
[14:39:19] [Render thread/INFO] (lodekeeper) [Lodekeeper] NAV calcTool=minecraft:cobblestone slot=2
[14:39:19] [Render thread/INFO] (lodekeeper) [Lodekeeper] NAV backend=baritone mode=DESCEND event=CALC_FINISHED_NOW_EXECUTING elapsedMs=252415
[14:39:20] [Render thread/INFO] (lodekeeper) [Lodekeeper] PROGRESS elapsed_ms=521067 phase=traveling backend=baritone target=none navigation_elapsed_ms=252483 navigation_ticks=4976 searching=false path_index=0 path_length=9 retries=0 pending_route_events=0 dropped_route_events=0 status=seeking_mining_depth_-55_for_minecraft:diamond___0/32
[14:39:21] [Render thread/INFO] (lodekeeper) [Lodekeeper] BREAK target=Mutable{x=20, y=-50, z=40} block=Block{minecraft:cobblestone} tool=minecraft:diamond_pickaxe slot=4 remaining=1372 required=route
[14:39:22] [Render thread/INFO] (lodekeeper) [Lodekeeper] PROGRESS elapsed_ms=523087 phase=traveling backend=baritone target=none navigation_elapsed_ms=254504 navigation_ticks=5016 searching=false path_index=0 path_length=5 retries=0 pending_route_events=0 dropped_route_events=0 status=seeking_mining_depth_-55_for_minecraft:diamond___0/32
[14:39:22] [Render thread/INFO] (lodekeeper) [Lodekeeper] BREAK target=Mutable{x=20, y=-53, z=40} block=Block{minecraft:cobblestone} tool=minecraft:diamond_pickaxe slot=4 remaining=1371 required=route
[14:39:23] [Render thread/INFO] (lodekeeper) [Lodekeeper] BREAK target=Mutable{x=20, y=-54, z=40} block=Block{minecraft:cobblestone} tool=minecraft:diamond_pickaxe slot=4 remaining=1370 required=route
[14:39:23] [Render thread/INFO] (lodekeeper) [Lodekeeper] BREAK target=Mutable{x=20, y=-55, z=40} block=Block{minecraft:cobblestone} tool=minecraft:diamond_pickaxe slot=4 remaining=1369 required=route
[14:39:24] [Render thread/INFO] (lodekeeper) [Lodekeeper] PROGRESS elapsed_ms=525090 phase=traveling backend=baritone target=none navigation_elapsed_ms=256505 navigation_ticks=5056 searching=false path_index=0 path_length=2 retries=0 pending_route_events=0 dropped_route_events=0 status=seeking_mining_depth_-55_for_minecraft:diamond___0/32
[14:39:24] [Render thread/INFO] (lodekeeper) [Lodekeeper] NAV phase=DESCEND -> MINE targetY=-55 requestTicks=5060
[14:39:24] [Render thread/INFO] (lodekeeper) [Lodekeeper] NAV backend=baritone mode=SUSPENDED event=CANCELED elapsedMs=256710
[14:39:24] [Render thread/INFO] (lodekeeper) [Lodekeeper] NAV backend=baritone mode=SUSPENDED event=CANCELED elapsedMs=256710
[14:39:24] [Render thread/INFO] (lodekeeper) [Lodekeeper] NAV backend=baritone mode=SUSPENDED event=CANCELED elapsedMs=256744
[14:39:24] [Render thread/INFO] (lodekeeper) [Lodekeeper] NAV backend=baritone mode=SUSPENDED event=CANCELED elapsedMs=256811
[14:39:24] [Render thread/INFO] (lodekeeper) [Lodekeeper] NAV backend=baritone mode=SUSPENDED event=CANCELED elapsedMs=256847
[14:39:24] [Render thread/INFO] (lodekeeper) [Lodekeeper] NAV scan=native-mine durationNanos=3741294 hits=-1 requestTicks=5061
[14:39:24] [Render thread/INFO] (lodekeeper) [Lodekeeper] NAV backend=baritone mode=MINE event=CALC_STARTED elapsedMs=256927
[14:39:24] [Render thread/INFO] (lodekeeper) [Lodekeeper] NAV calcTool=minecraft:diamond_pickaxe slot=4
[14:39:24] [Render thread/INFO] (lodekeeper) [Lodekeeper] ROUTE_SEARCH kind=unknown anchor=unknown feet_y16=0 candidates=0 target=none elapsed_ms=525535
[14:39:24] [Render thread/INFO] (lodekeeper) [Lodekeeper] ROUTE_TRAVEL path_index=0 path_length=37 target=none elapsed_ms=525945
[14:39:24] [Render thread/INFO] (lodekeeper) [Lodekeeper] NAV backend=baritone mode=MINE event=CALC_FINISHED_NOW_EXECUTING elapsedMs=257463
[14:39:26] [Render thread/INFO] (lodekeeper) [Lodekeeper] PROGRESS elapsed_ms=527148 phase=traveling backend=baritone target=none navigation_elapsed_ms=258666 navigation_ticks=5096 searching=false path_index=0 path_length=34 retries=0 pending_route_events=0 dropped_route_events=0 status=mining_and_collecting_minecraft:diamond___0/32
[14:39:26] [Render thread/INFO] (lodekeeper) [Lodekeeper] BREAK target=Mutable{x=19, y=-50, z=40} block=Block{minecraft:cobblestone} tool=minecraft:diamond_pickaxe slot=4 remaining=1368 required=route
[14:39:27] [Render thread/INFO] (lodekeeper) [Lodekeeper] NAV backend=baritone mode=MINE event=NEXT_SEGMENT_CALC_STARTED elapsedMs=259557
[14:39:27] [Render thread/INFO] (lodekeeper) [Lodekeeper] BREAK target=Mutable{x=18, y=-50, z=40} block=Block{minecraft:cobblestone} tool=minecraft:diamond_pickaxe slot=4 remaining=1367 required=route
[14:39:27] [Render thread/INFO] (lodekeeper) [Lodekeeper] ROUTE_SEARCH kind=unknown anchor=unknown feet_y16=0 candidates=0 target=none elapsed_ms=528143
[14:39:28] [Render thread/INFO] (lodekeeper) [Lodekeeper] PROGRESS elapsed_ms=529170 phase=searching backend=baritone target=none navigation_elapsed_ms=260654 navigation_ticks=5136 searching=true path_index=0 path_length=32 retries=0 pending_route_events=0 dropped_route_events=0 status=mining_and_collecting_minecraft:diamond___0/32___planning_next_route
[14:39:30] [Render thread/INFO] (lodekeeper) [Lodekeeper] PROGRESS elapsed_ms=531191 phase=searching backend=baritone target=none navigation_elapsed_ms=262642 navigation_ticks=5176 searching=true path_index=0 path_length=32 retries=0 pending_route_events=0 dropped_route_events=0 status=mining_and_collecting_minecraft:diamond___0/32___planning_next_route
[14:39:31] [Render thread/INFO] (lodekeeper) [Lodekeeper] NAV backend=baritone mode=MINE event=NEXT_SEGMENT_CALC_FINISHED elapsedMs=263562
[14:39:31] [Render thread/INFO] (lodekeeper) [Lodekeeper] NAV backend=baritone mode=MINE event=SPLICING_ONTO_NEXT_EARLY elapsedMs=263562
[14:39:31] [Render thread/INFO] (lodekeeper) [Lodekeeper] ROUTE_TRAVEL path_index=0 path_length=179 target=none elapsed_ms=532147
[14:39:32] [Render thread/INFO] (lodekeeper) [Lodekeeper] PROGRESS elapsed_ms=533247 phase=traveling backend=baritone target=none navigation_elapsed_ms=264661 navigation_ticks=5216 searching=false path_index=0 path_length=176 retries=0 pending_route_events=0 dropped_route_events=0 status=mining_and_collecting_minecraft:diamond___0/32
[14:39:33] [Render thread/INFO] (lodekeeper) [Lodekeeper] NAV phase=MINE -> DESCEND targetY=-55 requestTicks=5236
[14:39:33] [Render thread/INFO] (lodekeeper) [Lodekeeper] NAV backend=baritone mode=SUSPENDED event=CANCELED elapsedMs=265656
[14:39:33] [Render thread/INFO] (lodekeeper) [Lodekeeper] NAV backend=baritone mode=SUSPENDED event=CANCELED elapsedMs=265656
[14:39:33] [Render thread/INFO] (lodekeeper) [Lodekeeper] NAV backend=baritone mode=SUSPENDED event=CANCELED elapsedMs=265690
[14:39:33] [Render thread/INFO] (lodekeeper) [Lodekeeper] NAV backend=baritone mode=SUSPENDED event=CANCELED elapsedMs=265759
[14:39:33] [Render thread/INFO] (lodekeeper) [Lodekeeper] NAV backend=baritone mode=SUSPENDED event=CANCELED elapsedMs=265792
[14:39:33] [Render thread/INFO] (lodekeeper) [Lodekeeper] NAV backend=baritone mode=DESCEND event=CALC_STARTED elapsedMs=265861
[14:39:33] [Render thread/INFO] (lodekeeper) [Lodekeeper] NAV calcTool=minecraft:cobblestone slot=2
[14:39:33] [Render thread/INFO] (lodekeeper) [Lodekeeper] NAV backend=baritone mode=DESCEND event=CALC_FINISHED_NOW_EXECUTING elapsedMs=265895
[14:39:34] [Render thread/INFO] (lodekeeper) [Lodekeeper] PROGRESS elapsed_ms=535265 phase=traveling backend=baritone target=none navigation_elapsed_ms=266783 navigation_ticks=5256 searching=false path_index=0 path_length=7 retries=0 pending_route_events=0 dropped_route_events=0 status=seeking_mining_depth_-55_for_minecraft:diamond___0/32
[14:39:34] [Render thread/INFO] (lodekeeper) [Lodekeeper] BREAK target=Mutable{x=20, y=-50, z=40} block=Block{minecraft:cobblestone} tool=minecraft:diamond_pickaxe slot=4 remaining=1366 required=route
[14:39:35] [Render thread/INFO] (lodekeeper) [Lodekeeper] BREAK target=Mutable{x=20, y=-53, z=40} block=Block{minecraft:cobblestone} tool=minecraft:diamond_pickaxe slot=4 remaining=1365 required=route
[14:39:36] [Render thread/INFO] (lodekeeper) [Lodekeeper] PROGRESS elapsed_ms=537290 phase=traveling backend=baritone target=none navigation_elapsed_ms=268808 navigation_ticks=5296 searching=false path_index=0 path_length=4 retries=0 pending_route_events=0 dropped_route_events=0 status=seeking_mining_depth_-55_for_minecraft:diamond___0/32
[14:39:36] [Render thread/INFO] (lodekeeper) [Lodekeeper] BREAK target=Mutable{x=20, y=-54, z=40} block=Block{minecraft:cobblestone} tool=minecraft:diamond_pickaxe slot=4 remaining=1364 required=route
[14:39:37] [Render thread/INFO] (lodekeeper) [Lodekeeper] BREAK target=Mutable{x=20, y=-55, z=40} block=Block{minecraft:cobblestone} tool=minecraft:diamond_pickaxe slot=4 remaining=1363 required=route
[14:39:37] [Render thread/INFO] (lodekeeper) [Lodekeeper] NAV phase=DESCEND -> MINE targetY=-55 requestTicks=5324
[14:39:37] [Render thread/INFO] (lodekeeper) [Lodekeeper] NAV backend=baritone mode=SUSPENDED event=CANCELED elapsedMs=270206
[14:39:37] [Render thread/INFO] (lodekeeper) [Lodekeeper] NAV backend=baritone mode=SUSPENDED event=CANCELED elapsedMs=270206
[14:39:37] [Render thread/INFO] (lodekeeper) [Lodekeeper] NAV backend=baritone mode=SUSPENDED event=CANCELED elapsedMs=270239
[14:39:37] [Render thread/INFO] (lodekeeper) [Lodekeeper] NAV backend=baritone mode=SUSPENDED event=CANCELED elapsedMs=270309
[14:39:37] [Render thread/INFO] (lodekeeper) [Lodekeeper] NAV backend=baritone mode=SUSPENDED event=CANCELED elapsedMs=270342
[14:39:37] [Render thread/INFO] (lodekeeper) [Lodekeeper] NAV scan=native-mine durationNanos=4638311 hits=-1 requestTicks=5325
[14:39:37] [Render thread/INFO] (lodekeeper) [Lodekeeper] NAV backend=baritone mode=MINE event=CALC_STARTED elapsedMs=270415
[14:39:37] [Render thread/INFO] (lodekeeper) [Lodekeeper] NAV calcTool=minecraft:diamond_pickaxe slot=4
[14:39:38] [Render thread/INFO] (lodekeeper) [Lodekeeper] ROUTE_SEARCH kind=unknown anchor=unknown feet_y16=0 candidates=0 target=none elapsed_ms=539031
[14:39:38] [Render thread/INFO] (lodekeeper) [Lodekeeper] PROGRESS elapsed_ms=539318 phase=searching backend=baritone target=none navigation_elapsed_ms=270732 navigation_ticks=5332 searching=true path_index=0 path_length=0 retries=0 pending_route_events=0 dropped_route_events=0 status=mining_and_collecting_minecraft:diamond___0/32___planning_next_route
[14:39:38] [Render thread/INFO] (lodekeeper) [Lodekeeper] ROUTE_TRAVEL path_index=0 path_length=37 target=none elapsed_ms=539421
[14:39:38] [Render thread/INFO] (lodekeeper) [Lodekeeper] NAV backend=baritone mode=MINE event=CALC_FINISHED_NOW_EXECUTING elapsedMs=270940
[14:39:39] [Render thread/INFO] (lodekeeper) [Lodekeeper] BREAK target=Mutable{x=19, y=-50, z=40} block=Block{minecraft:cobblestone} tool=minecraft:diamond_pickaxe slot=4 remaining=1362 required=route
[14:39:40] [Render thread/INFO] (lodekeeper) [Lodekeeper] PROGRESS elapsed_ms=541335 phase=traveling backend=baritone target=none navigation_elapsed_ms=272752 navigation_ticks=5372 searching=false path_index=0 path_length=34 retries=0 pending_route_events=0 dropped_route_events=0 status=mining_and_collecting_minecraft:diamond___0/32
[14:39:40] [Render thread/INFO] (lodekeeper) [Lodekeeper] NAV backend=baritone mode=MINE event=NEXT_SEGMENT_CALC_STARTED elapsedMs=273060
[14:39:40] [Render thread/INFO] (lodekeeper) [Lodekeeper] BREAK target=Mutable{x=18, y=-50, z=40} block=Block{minecraft:cobblestone} tool=minecraft:diamond_pickaxe slot=4 remaining=1361 required=route
[14:39:40] [Render thread/INFO] (lodekeeper) [Lodekeeper] ROUTE_SEARCH kind=unknown anchor=unknown feet_y16=0 candidates=0 target=none elapsed_ms=541641
[14:39:42] [Render thread/INFO] (lodekeeper) [Lodekeeper] PROGRESS elapsed_ms=543388 phase=searching backend=baritone target=none navigation_elapsed_ms=274767 navigation_ticks=5412 searching=true path_index=0 path_length=32 retries=0 pending_route_events=0 dropped_route_events=0 status=mining_and_collecting_minecraft:diamond___0/32___planning_next_route
[14:39:44] [Render thread/INFO] (lodekeeper) [Lodekeeper] PROGRESS elapsed_ms=545443 phase=searching backend=baritone target=none navigation_elapsed_ms=276961 navigation_ticks=5456 searching=true path_index=0 path_length=32 retries=0 pending_route_events=0 dropped_route_events=0 status=mining_and_collecting_minecraft:diamond___0/32___planning_next_route
[14:39:44] [Render thread/INFO] (lodekeeper) [Lodekeeper] NAV backend=baritone mode=MINE event=NEXT_SEGMENT_CALC_FINISHED elapsedMs=277066
[14:39:44] [Render thread/INFO] (lodekeeper) [Lodekeeper] NAV backend=baritone mode=MINE event=SPLICING_ONTO_NEXT_EARLY elapsedMs=277066
[14:39:44] [Render thread/INFO] (lodekeeper) [Lodekeeper] ROUTE_TRAVEL path_index=0 path_length=175 target=none elapsed_ms=545616
[14:39:46] [Render thread/INFO] (lodekeeper) [Lodekeeper] PROGRESS elapsed_ms=547469 phase=traveling backend=baritone target=none navigation_elapsed_ms=278953 navigation_ticks=5496 searching=false path_index=0 path_length=170 retries=0 pending_route_events=0 dropped_route_events=0 status=mining_and_collecting_minecraft:diamond___0/32
[14:39:46] [Render thread/INFO] (lodekeeper) [Lodekeeper] NAV phase=MINE -> DESCEND targetY=-55 requestTicks=5500
[14:39:46] [Render thread/INFO] (lodekeeper) [Lodekeeper] NAV backend=baritone mode=SUSPENDED event=CANCELED elapsedMs=279158
[14:39:46] [Render thread/INFO] (lodekeeper) [Lodekeeper] NAV backend=baritone mode=SUSPENDED event=CANCELED elapsedMs=279158
[14:39:46] [Render thread/INFO] (lodekeeper) [Lodekeeper] NAV backend=baritone mode=SUSPENDED event=CANCELED elapsedMs=279192
[14:39:46] [Render thread/INFO] (lodekeeper) [Lodekeeper] NAV backend=baritone mode=SUSPENDED event=CANCELED elapsedMs=279261
[14:39:46] [Render thread/INFO] (lodekeeper) [Lodekeeper] NAV backend=baritone mode=SUSPENDED event=CANCELED elapsedMs=279296
[14:39:46] [Render thread/INFO] (lodekeeper) [Lodekeeper] NAV backend=baritone mode=DESCEND event=CALC_STARTED elapsedMs=279365
[14:39:46] [Render thread/INFO] (lodekeeper) [Lodekeeper] NAV calcTool=minecraft:cobblestone slot=2
[14:39:46] [Render thread/INFO] (lodekeeper) [Lodekeeper] NAV backend=baritone mode=DESCEND event=CALC_FINISHED_NOW_EXECUTING elapsedMs=279399
[14:39:48] [Render thread/INFO] (lodekeeper) [Lodekeeper] BREAK target=Mutable{x=20, y=-50, z=40} block=Block{minecraft:cobblestone} tool=minecraft:diamond_pickaxe slot=4 remaining=1360 required=route
[14:39:48] [Render thread/INFO] (lodekeeper) [Lodekeeper] PROGRESS elapsed_ms=549489 phase=traveling backend=baritone target=none navigation_elapsed_ms=280905 navigation_ticks=5532 searching=false path_index=0 path_length=5 retries=0 pending_route_events=0 dropped_route_events=0 status=seeking_mining_depth_-55_for_minecraft:diamond___0/32
[14:39:49] [Render thread/INFO] (lodekeeper) [Lodekeeper] BREAK target=Mutable{x=20, y=-53, z=40} block=Block{minecraft:cobblestone} tool=minecraft:diamond_pickaxe slot=4 remaining=1359 required=route
[14:39:50] [Render thread/INFO] (lodekeeper) [Lodekeeper] BREAK target=Mutable{x=20, y=-54, z=40} block=Block{minecraft:cobblestone} tool=minecraft:diamond_pickaxe slot=4 remaining=1358 required=route
[14:39:50] [Render thread/INFO] (lodekeeper) [Lodekeeper] PROGRESS elapsed_ms=551516 phase=traveling backend=baritone target=none navigation_elapsed_ms=282896 navigation_ticks=5572 searching=false path_index=0 path_length=3 retries=0 pending_route_events=0 dropped_route_events=0 status=seeking_mining_depth_-55_for_minecraft:diamond___0/32
[14:39:50] [Render thread/INFO] (lodekeeper) [Lodekeeper] BREAK target=Mutable{x=20, y=-55, z=40} block=Block{minecraft:cobblestone} tool=minecraft:diamond_pickaxe slot=4 remaining=1357 required=route
[14:39:51] [Render thread/INFO] (lodekeeper) [Lodekeeper] NAV phase=DESCEND -> MINE targetY=-55 requestTicks=5588
[14:39:51] [Render thread/INFO] (lodekeeper) [Lodekeeper] NAV backend=baritone mode=SUSPENDED event=CANCELED elapsedMs=283699
[14:39:51] [Render thread/INFO] (lodekeeper) [Lodekeeper] NAV backend=baritone mode=SUSPENDED event=CANCELED elapsedMs=283699
[14:39:51] [Render thread/INFO] (lodekeeper) [Lodekeeper] NAV backend=baritone mode=SUSPENDED event=CANCELED elapsedMs=283766
[14:39:51] [Render thread/INFO] (lodekeeper) [Lodekeeper] NAV backend=baritone mode=SUSPENDED event=CANCELED elapsedMs=283801
[14:39:51] [Render thread/INFO] (lodekeeper) [Lodekeeper] NAV backend=baritone mode=SUSPENDED event=CANCELED elapsedMs=283834
[14:39:51] [Render thread/INFO] (lodekeeper) [Lodekeeper] NAV scan=native-mine durationNanos=4683460 hits=-1 requestTicks=5589
[14:39:51] [Render thread/INFO] (lodekeeper) [Lodekeeper] NAV backend=baritone mode=MINE event=CALC_STARTED elapsedMs=283908
[14:39:51] [Render thread/INFO] (lodekeeper) [Lodekeeper] NAV calcTool=minecraft:diamond_pickaxe slot=4
[14:39:51] [Render thread/INFO] (lodekeeper) [Lodekeeper] ROUTE_SEARCH kind=unknown anchor=unknown feet_y16=0 candidates=0 target=none elapsed_ms=552521
[14:39:51] [Render thread/INFO] (lodekeeper) [Lodekeeper] NAV backend=baritone mode=MINE event=CALC_FINISHED_NOW_EXECUTING elapsedMs=284415
[14:39:51] [Render thread/INFO] (lodekeeper) [Lodekeeper] ROUTE_TRAVEL path_index=0 path_length=37 target=none elapsed_ms=552930
[14:39:52] [Render thread/INFO] (lodekeeper) [Lodekeeper] PROGRESS elapsed_ms=553547 phase=traveling backend=baritone target=none navigation_elapsed_ms=285065 navigation_ticks=5612 searching=false path_index=0 path_length=36 retries=0 pending_route_events=0 dropped_route_events=0 status=mining_and_collecting_minecraft:diamond___0/32
[14:39:53] [Render thread/INFO] (lodekeeper) [Lodekeeper] BREAK target=Mutable{x=19, y=-50, z=40} block=Block{minecraft:cobblestone} tool=minecraft:diamond_pickaxe slot=4 remaining=1356 required=route
[14:39:54] [Render thread/INFO] (lodekeeper) [Lodekeeper] NAV backend=baritone mode=MINE event=NEXT_SEGMENT_CALC_STARTED elapsedMs=286504
[14:39:54] [Render thread/INFO] (lodekeeper) [Lodekeeper] BREAK target=Mutable{x=18, y=-50, z=40} block=Block{minecraft:cobblestone} tool=minecraft:diamond_pickaxe slot=4 remaining=1355 required=route
[14:39:54] [Render thread/INFO] (lodekeeper) [Lodekeeper] ROUTE_SEARCH kind=unknown anchor=unknown feet_y16=0 candidates=0 target=none elapsed_ms=555121
[14:39:54] [Render thread/INFO] (lodekeeper) [Lodekeeper] PROGRESS elapsed_ms=555569 phase=searching backend=baritone target=none navigation_elapsed_ms=287052 navigation_ticks=5652 searching=true path_index=0 path_length=33 retries=0 pending_route_events=0 dropped_route_events=0 status=mining_and_collecting_minecraft:diamond___0/32___planning_next_route
[14:39:56] [Render thread/INFO] (lodekeeper) [Lodekeeper] PROGRESS elapsed_ms=557585 phase=searching backend=baritone target=none navigation_elapsed_ms=289034 navigation_ticks=5692 searching=true path_index=0 path_length=32 retries=0 pending_route_events=0 dropped_route_events=0 status=mining_and_collecting_minecraft:diamond___0/32___planning_next_route
[14:39:58] [Render thread/INFO] (lodekeeper) [Lodekeeper] NAV backend=baritone mode=MINE event=NEXT_SEGMENT_CALC_FINISHED elapsedMs=290539
[14:39:58] [Render thread/INFO] (lodekeeper) [Lodekeeper] NAV backend=baritone mode=MINE event=SPLICING_ONTO_NEXT_EARLY elapsedMs=290540
[14:39:58] [Render thread/INFO] (lodekeeper) [Lodekeeper] ROUTE_TRAVEL path_index=0 path_length=178 target=none elapsed_ms=559122
[14:39:58] [Render thread/INFO] (lodekeeper) [Lodekeeper] PROGRESS elapsed_ms=559637 phase=traveling backend=baritone target=none navigation_elapsed_ms=291053 navigation_ticks=5732 searching=false path_index=0 path_length=177 retries=0 pending_route_events=0 dropped_route_events=0 status=mining_and_collecting_minecraft:diamond___0/32
[14:40:00] [Render thread/INFO] (lodekeeper) [Lodekeeper] NAV phase=MINE -> DESCEND targetY=-55 requestTicks=5764
[14:40:00] [Render thread/INFO] (lodekeeper) [Lodekeeper] NAV backend=baritone mode=SUSPENDED event=CANCELED elapsedMs=292636
[14:40:00] [Render thread/INFO] (lodekeeper) [Lodekeeper] NAV backend=baritone mode=SUSPENDED event=CANCELED elapsedMs=292636
[14:40:00] [Render thread/INFO] (lodekeeper) [Lodekeeper] NAV backend=baritone mode=SUSPENDED event=CANCELED elapsedMs=292703
[14:40:00] [Render thread/INFO] (lodekeeper) [Lodekeeper] NAV backend=baritone mode=SUSPENDED event=CANCELED elapsedMs=292737
[14:40:00] [Render thread/INFO] (lodekeeper) [Lodekeeper] NAV backend=baritone mode=SUSPENDED event=CANCELED elapsedMs=292806
[14:40:00] [Render thread/INFO] (lodekeeper) [Lodekeeper] NAV backend=baritone mode=DESCEND event=CALC_STARTED elapsedMs=292840
[14:40:00] [Render thread/INFO] (lodekeeper) [Lodekeeper] NAV calcTool=minecraft:cobblestone slot=2
[14:40:00] [Render thread/INFO] (lodekeeper) [Lodekeeper] NAV backend=baritone mode=DESCEND event=CALC_FINISHED_NOW_EXECUTING elapsedMs=292907
[14:40:00] [Render thread/INFO] (lodekeeper) [Lodekeeper] PROGRESS elapsed_ms=561694 phase=traveling backend=baritone target=none navigation_elapsed_ms=293212 navigation_ticks=5772 searching=false path_index=0 path_length=8 retries=0 pending_route_events=0 dropped_route_events=0 status=seeking_mining_depth_-55_for_minecraft:diamond___0/32
[14:40:01] [Render thread/INFO] (lodekeeper) [Lodekeeper] BREAK target=Mutable{x=20, y=-50, z=40} block=Block{minecraft:cobblestone} tool=minecraft:diamond_pickaxe slot=4 remaining=1354 required=route
[14:40:02] [Render thread/INFO] (lodekeeper) [Lodekeeper] PROGRESS elapsed_ms=563734 phase=traveling backend=baritone target=none navigation_elapsed_ms=295184 navigation_ticks=5812 searching=false path_index=0 path_length=5 retries=0 pending_route_events=0 dropped_route_events=0 status=seeking_mining_depth_-55_for_minecraft:diamond___0/32
[14:40:02] [Render thread/INFO] (lodekeeper) [Lodekeeper] BREAK target=Mutable{x=20, y=-53, z=40} block=Block{minecraft:cobblestone} tool=minecraft:diamond_pickaxe slot=4 remaining=1353 required=route
[14:40:03] [Render thread/INFO] (lodekeeper) [Lodekeeper] BREAK target=Mutable{x=20, y=-54, z=40} block=Block{minecraft:cobblestone} tool=minecraft:diamond_pickaxe slot=4 remaining=1352 required=route
[14:40:04] [Render thread/INFO] (lodekeeper) [Lodekeeper] BREAK target=Mutable{x=20, y=-55, z=40} block=Block{minecraft:cobblestone} tool=minecraft:diamond_pickaxe slot=4 remaining=1351 required=route
[14:40:04] [Render thread/INFO] (lodekeeper) [Lodekeeper] NAV phase=DESCEND -> MINE targetY=-55 requestTicks=5852
[14:40:04] [Render thread/INFO] (lodekeeper) [Lodekeeper] NAV backend=baritone mode=SUSPENDED event=CANCELED elapsedMs=297215
[14:40:04] [Render thread/INFO] (lodekeeper) [Lodekeeper] NAV backend=baritone mode=SUSPENDED event=CANCELED elapsedMs=297215
[14:40:04] [Render thread/INFO] (lodekeeper) [Lodekeeper] NAV backend=baritone mode=SUSPENDED event=CANCELED elapsedMs=297244
[14:40:04] [Render thread/INFO] (lodekeeper) [Lodekeeper] PROGRESS elapsed_ms=565794 phase=traveling backend=baritone target=none navigation_elapsed_ms=297214 navigation_ticks=5852 searching=false path_index=0 path_length=2 retries=0 pending_route_events=0 dropped_route_events=0 status=finishing_movement_before_inventory_actions
[14:40:04] [Render thread/INFO] (lodekeeper) [Lodekeeper] NAV backend=baritone mode=SUSPENDED event=CANCELED elapsedMs=297313
[14:40:04] [Render thread/INFO] (lodekeeper) [Lodekeeper] NAV backend=baritone mode=SUSPENDED event=CANCELED elapsedMs=297346
[14:40:04] [Render thread/INFO] (lodekeeper) [Lodekeeper] NAV scan=native-mine durationNanos=4738838 hits=-1 requestTicks=5853
[14:40:04] [Render thread/INFO] (lodekeeper) [Lodekeeper] NAV backend=baritone mode=MINE event=CALC_STARTED elapsedMs=297419
[14:40:04] [Render thread/INFO] (lodekeeper) [Lodekeeper] NAV calcTool=minecraft:diamond_pickaxe slot=4
[14:40:05] [Render thread/INFO] (lodekeeper) [Lodekeeper] ROUTE_SEARCH kind=unknown anchor=unknown feet_y16=0 candidates=0 target=none elapsed_ms=566094
[14:40:05] [Render thread/INFO] (lodekeeper) [Lodekeeper] ROUTE_TRAVEL path_index=0 path_length=37 target=none elapsed_ms=566436
[14:40:05] [Render thread/INFO] (lodekeeper) [Lodekeeper] NAV backend=baritone mode=MINE event=CALC_FINISHED_NOW_EXECUTING elapsedMs=297955
[14:40:06] [Render thread/INFO] (lodekeeper) [Lodekeeper] BREAK target=Mutable{x=19, y=-50, z=40} block=Block{minecraft:cobblestone} tool=minecraft:diamond_pickaxe slot=4 remaining=1350 required=route
[14:40:06] [Render thread/INFO] (lodekeeper) [Lodekeeper] PROGRESS elapsed_ms=567838 phase=traveling backend=baritone target=none navigation_elapsed_ms=299356 navigation_ticks=5892 searching=false path_index=0 path_length=34 retries=0 pending_route_events=0 dropped_route_events=0 status=mining_and_collecting_minecraft:diamond___0/32
[14:40:07] [Render thread/INFO] (lodekeeper) [Lodekeeper] NAV backend=baritone mode=MINE event=NEXT_SEGMENT_CALC_STARTED elapsedMs=300041
[14:40:07] [Render thread/INFO] (lodekeeper) [Lodekeeper] BREAK target=Mutable{x=18, y=-50, z=40} block=Block{minecraft:cobblestone} tool=minecraft:diamond_pickaxe slot=4 remaining=1349 required=route
[14:40:07] [Render thread/INFO] (lodekeeper) [Lodekeeper] ROUTE_SEARCH kind=unknown anchor=unknown feet_y16=0 candidates=0 target=none elapsed_ms=568624
[14:40:08] [Render thread/INFO] (lodekeeper) [Lodekeeper] PROGRESS elapsed_ms=569894 phase=searching backend=baritone target=none navigation_elapsed_ms=301344 navigation_ticks=5932 searching=true path_index=0 path_length=32 retries=0 pending_route_events=0 dropped_route_events=0 status=mining_and_collecting_minecraft:diamond___0/32___planning_next_route
[14:40:10] [Render thread/INFO] (lodekeeper) [Lodekeeper] PROGRESS elapsed_ms=571946 phase=searching backend=baritone target=none navigation_elapsed_ms=303361 navigation_ticks=5972 searching=true path_index=0 path_length=32 retries=0 pending_route_events=0 dropped_route_events=0 status=mining_and_collecting_minecraft:diamond___0/32___planning_next_route
[14:40:11] [Render thread/INFO] (lodekeeper) [Lodekeeper] NAV backend=baritone mode=MINE event=NEXT_SEGMENT_CALC_FINISHED elapsedMs=304049
[14:40:11] [Render thread/INFO] (lodekeeper) [Lodekeeper] NAV backend=baritone mode=MINE event=SPLICING_ONTO_NEXT_EARLY elapsedMs=304049
[14:40:11] [Render thread/INFO] (lodekeeper) [Lodekeeper] ROUTE_TRAVEL path_index=0 path_length=178 target=none elapsed_ms=572634
[14:40:13] [Render thread/INFO] (lodekeeper) [Lodekeeper] PROGRESS elapsed_ms=573980 phase=traveling backend=baritone target=none navigation_elapsed_ms=305359 navigation_ticks=6012 searching=false path_index=0 path_length=175 retries=0 pending_route_events=0 dropped_route_events=0 status=mining_and_collecting_minecraft:diamond___0/32
[14:40:13] [Render thread/INFO] (lodekeeper) [Lodekeeper] NAV phase=MINE -> DESCEND targetY=-55 requestTicks=6028
[14:40:13] [Render thread/INFO] (lodekeeper) [Lodekeeper] NAV backend=baritone mode=SUSPENDED event=CANCELED elapsedMs=306144
[14:40:13] [Render thread/INFO] (lodekeeper) [Lodekeeper] NAV backend=baritone mode=SUSPENDED event=CANCELED elapsedMs=306144
[14:40:13] [Render thread/INFO] (lodekeeper) [Lodekeeper] NAV backend=baritone mode=SUSPENDED event=CANCELED elapsedMs=306213
[14:40:13] [Render thread/INFO] (lodekeeper) [Lodekeeper] NAV backend=baritone mode=SUSPENDED event=CANCELED elapsedMs=306248
[14:40:13] [Render thread/INFO] (lodekeeper) [Lodekeeper] NAV backend=baritone mode=SUSPENDED event=CANCELED elapsedMs=306316
[14:40:13] [Render thread/INFO] (lodekeeper) [Lodekeeper] NAV backend=baritone mode=DESCEND event=CALC_STARTED elapsedMs=306351
[14:40:13] [Render thread/INFO] (lodekeeper) [Lodekeeper] NAV calcTool=minecraft:cobblestone slot=2
[14:40:13] [Render thread/INFO] (lodekeeper) [Lodekeeper] NAV backend=baritone mode=DESCEND event=CALC_FINISHED_NOW_EXECUTING elapsedMs=306387
[14:40:15] [Render thread/INFO] (lodekeeper) [Lodekeeper] PROGRESS elapsed_ms=575990 phase=traveling backend=baritone target=none navigation_elapsed_ms=307508 navigation_ticks=6052 searching=false path_index=0 path_length=7 retries=0 pending_route_events=0 dropped_route_events=0 status=seeking_mining_depth_-55_for_minecraft:diamond___0/32
[14:40:15] [Render thread/INFO] (lodekeeper) [Lodekeeper] BREAK target=Mutable{x=20, y=-50, z=40} block=Block{minecraft:cobblestone} tool=minecraft:diamond_pickaxe slot=4 remaining=1348 required=route
[14:40:16] [Render thread/INFO] (lodekeeper) [Lodekeeper] BREAK target=Mutable{x=20, y=-53, z=40} block=Block{minecraft:cobblestone} tool=minecraft:diamond_pickaxe slot=4 remaining=1347 required=route
[14:40:17] [Render thread/INFO] (lodekeeper) [Lodekeeper] PROGRESS elapsed_ms=578047 phase=traveling backend=baritone target=none navigation_elapsed_ms=309497 navigation_ticks=6092 searching=false path_index=0 path_length=3 retries=0 pending_route_events=0 dropped_route_events=0 status=seeking_mining_depth_-55_for_minecraft:diamond___0/32
[14:40:17] [Render thread/INFO] (lodekeeper) [Lodekeeper] BREAK target=Mutable{x=20, y=-54, z=40} block=Block{minecraft:cobblestone} tool=minecraft:diamond_pickaxe slot=4 remaining=1346 required=route
[14:40:17] [Render thread/INFO] (lodekeeper) [Lodekeeper] BREAK target=Mutable{x=20, y=-55, z=40} block=Block{minecraft:cobblestone} tool=minecraft:diamond_pickaxe slot=4 remaining=1345 required=route
[14:40:18] [Render thread/INFO] (lodekeeper) [Lodekeeper] NAV phase=DESCEND -> MINE targetY=-55 requestTicks=6116
[14:40:18] [Render thread/INFO] (lodekeeper) [Lodekeeper] NAV backend=baritone mode=SUSPENDED event=CANCELED elapsedMs=310706
[14:40:18] [Render thread/INFO] (lodekeeper) [Lodekeeper] NAV backend=baritone mode=SUSPENDED event=CANCELED elapsedMs=310706
[14:40:18] [Render thread/INFO] (lodekeeper) [Lodekeeper] NAV backend=baritone mode=SUSPENDED event=CANCELED elapsedMs=310740
[14:40:18] [Render thread/INFO] (lodekeeper) [Lodekeeper] NAV backend=baritone mode=SUSPENDED event=CANCELED elapsedMs=310807
[14:40:18] [Render thread/INFO] (lodekeeper) [Lodekeeper] NAV backend=baritone mode=SUSPENDED event=CANCELED elapsedMs=310842
[14:40:18] [Render thread/INFO] (lodekeeper) [Lodekeeper] NAV scan=native-mine durationNanos=3376928 hits=-1 requestTicks=6117
[14:40:18] [Render thread/INFO] (lodekeeper) [Lodekeeper] NAV backend=baritone mode=MINE event=CALC_STARTED elapsedMs=310990
[14:40:18] [Render thread/INFO] (lodekeeper) [Lodekeeper] NAV calcTool=minecraft:diamond_pickaxe slot=4
[14:40:18] [Render thread/INFO] (lodekeeper) [Lodekeeper] ROUTE_SEARCH kind=unknown anchor=unknown feet_y16=0 candidates=0 target=none elapsed_ms=579536
[14:40:19] [Render thread/INFO] (lodekeeper) [Lodekeeper] NAV backend=baritone mode=MINE event=CALC_FINISHED_NOW_EXECUTING elapsedMs=311556
[14:40:19] [Render thread/INFO] (lodekeeper) [Lodekeeper] PROGRESS elapsed_ms=580072 phase=searching backend=baritone target=none navigation_elapsed_ms=311453 navigation_ticks=6128 searching=true path_index=0 path_length=0 retries=0 pending_route_events=0 dropped_route_events=0 status=mining_and_collecting_minecraft:diamond___0/32___planning_next_route
[14:40:19] [Render thread/INFO] (lodekeeper) [Lodekeeper] ROUTE_TRAVEL path_index=0 path_length=37 target=none elapsed_ms=580141
[14:40:20] [Render thread/INFO] (lodekeeper) [Lodekeeper] BREAK target=Mutable{x=19, y=-50, z=40} block=Block{minecraft:cobblestone} tool=minecraft:diamond_pickaxe slot=4 remaining=1344 required=route
[14:40:21] [Render thread/INFO] (lodekeeper) [Lodekeeper] PROGRESS elapsed_ms=582139 phase=traveling backend=baritone target=none navigation_elapsed_ms=313657 navigation_ticks=6172 searching=false path_index=0 path_length=34 retries=0 pending_route_events=0 dropped_route_events=0 status=mining_and_collecting_minecraft:diamond___0/32
[14:40:21] [Render thread/INFO] (lodekeeper) [Lodekeeper] NAV backend=baritone mode=MINE event=NEXT_SEGMENT_CALC_STARTED elapsedMs=313658
[14:40:21] [Render thread/INFO] (lodekeeper) [Lodekeeper] BREAK target=Mutable{x=18, y=-50, z=40} block=Block{minecraft:cobblestone} tool=minecraft:diamond_pickaxe slot=4 remaining=1343 required=route
[14:40:21] [Render thread/INFO] (lodekeeper) [Lodekeeper] ROUTE_SEARCH kind=unknown anchor=unknown feet_y16=0 candidates=0 target=none elapsed_ms=582343
[14:40:23] [Render thread/INFO] (lodekeeper) [Lodekeeper] PROGRESS elapsed_ms=584187 phase=searching backend=baritone target=none navigation_elapsed_ms=315636 navigation_ticks=6212 searching=true path_index=0 path_length=32 retries=0 pending_route_events=0 dropped_route_events=0 status=mining_and_collecting_minecraft:diamond___0/32___planning_next_route
[14:40:25] [Render thread/INFO] (lodekeeper) [Lodekeeper] NAV backend=baritone mode=MINE event=NEXT_SEGMENT_CALC_FINISHED elapsedMs=317686
[14:40:25] [Render thread/INFO] (lodekeeper) [Lodekeeper] NAV backend=baritone mode=MINE event=SPLICING_ONTO_NEXT_EARLY elapsedMs=317687
[14:40:25] [Render thread/INFO] (lodekeeper) [Lodekeeper] PROGRESS elapsed_ms=586236 phase=searching backend=baritone target=none navigation_elapsed_ms=317652 navigation_ticks=6252 searching=true path_index=0 path_length=32 retries=0 pending_route_events=0 dropped_route_events=0 status=mining_and_collecting_minecraft:diamond___0/32___planning_next_route
[14:40:25] [Render thread/INFO] (lodekeeper) [Lodekeeper] ROUTE_TRAVEL path_index=0 path_length=178 target=none elapsed_ms=586338
[14:40:27] [Render thread/INFO] (lodekeeper) [Lodekeeper] NAV phase=MINE -> DESCEND targetY=-55 requestTicks=6295
[14:40:27] [Render thread/INFO] (lodekeeper) [Lodekeeper] PROGRESS elapsed_ms=588289 phase=traveling backend=baritone target=none navigation_elapsed_ms=319638 navigation_ticks=6292 searching=false path_index=0 path_length=173 retries=0 pending_route_events=0 dropped_route_events=0 status=mining_and_collecting_minecraft:diamond___0/32
[14:40:27] [Render thread/INFO] (lodekeeper) [Lodekeeper] NAV backend=baritone mode=SUSPENDED event=CANCELED elapsedMs=319808
[14:40:27] [Render thread/INFO] (lodekeeper) [Lodekeeper] NAV backend=baritone mode=SUSPENDED event=CANCELED elapsedMs=319808
[14:40:27] [Render thread/INFO] (lodekeeper) [Lodekeeper] NAV backend=baritone mode=SUSPENDED event=CANCELED elapsedMs=319841
[14:40:27] [Render thread/INFO] (lodekeeper) [Lodekeeper] NAV backend=baritone mode=SUSPENDED event=CANCELED elapsedMs=319909
[14:40:27] [Render thread/INFO] (lodekeeper) [Lodekeeper] NAV backend=baritone mode=SUSPENDED event=CANCELED elapsedMs=319943
[14:40:27] [Render thread/INFO] (lodekeeper) [Lodekeeper] MINING_REQUEST_YIELD source=gather:minecraft:diamond_ore output=minecraft:diamond initialCount=0 currentCount=0 collected=0 cause=WALL_TIME requestTicks=6296 maximumTicks=6400 elapsedMillis=320011 distance=32.03012629749591 maximumDistance=512.0 retainedRejects=0
[14:40:27] [Render thread/INFO] (Minecraft) [System] [CHAT] [Lodekeeper] Paused: Mining request reached its WALL_TIME limit without confirmed collected output for minecraft:diamond (initial 0, current 0). Use resume or stop.
[14:40:27] [Render thread/INFO] (lodekeeper) [Lodekeeper] NAV backend=baritone mode=IDLE event=CANCELED elapsedMs=320020
[14:40:27] [Render thread/INFO] (lodekeeper) [Lodekeeper] NAV backend=baritone mode=IDLE event=CANCELED elapsedMs=320020
