[16:36:10] [Render thread/INFO] (lodekeeper) [Lodekeeper] INIT mod=0.1.0-preview.11 minecraft=26.3
[16:36:10] [Render thread/INFO] (Minecraft) [STDOUT]: [Lodekeeper natural verification] Starting gear_diamond in a normal survival world; evidence under /private/tmp/lodekeeper-preview11-held-fuel-natural-263/run-verification/verification/2026-10-06T15-36-10.264823Z-40831ef4/evidence
[16:36:25] [Render thread/INFO] (Minecraft) [STDOUT]: [Lodekeeper natural verification] Normal integrated-world startup requested
[16:36:35] [Render thread/INFO] (Minecraft) [System] [CHAT] [Lodekeeper] Queued project gear_diamond (9 inventory targets; A full diamond tool and armor set (35 diamonds in recipes).)
[16:36:35] [Render thread/INFO] (Minecraft) [STDOUT]: [Lodekeeper natural verification] Sent !lk project gear_diamond at server tick 112
[16:36:35] [Render thread/INFO] (lodekeeper) [Lodekeeper] BEGIN label=gear_diamond___diamond_pickaxe goal=1 inventory=0 startfeet=-9,66,17 elapsed_ms=0 continued=false
[16:36:36] [lodekeeper-planner/INFO] (lodekeeper) [Lodekeeper] PLAN project=gear_diamond success=false steps=0 branches=19 elapsedMs=22.317497
[16:36:36] [lodekeeper-planner/INFO] (lodekeeper) [Lodekeeper] PROJECT_MATERIALS project=gear_diamond before=[gather:minecraft:birch_log:1, gather:minecraft:birch_log:1, gather:minecraft:birch_log:1, gather:minecraft:stone:3, gather:minecraft:iron_ore:3, gather:minecraft:stone:8, gather:minecraft:birch_log:1, gather:minecraft:diamond_ore:3, gather:minecraft:diamond_ore:3, gather:minecraft:diamond_ore:4, gather:minecraft:diamond_ore:8, gather:minecraft:diamond_ore:5, gather:minecraft:diamond_ore:2, gather:minecraft:diamond_ore:7, gather:minecraft:diamond_ore:1, gather:minecraft:acacia_log:1, gather:minecraft:diamond_ore:2] after=[gather:minecraft:birch_log:1, gather:minecraft:birch_log:1, gather:minecraft:birch_log:1, gather:minecraft:stone:3, gather:minecraft:iron_ore:3, gather:minecraft:stone:8, gather:minecraft:birch_log:1, gather:minecraft:diamond_ore:3, gather:minecraft:diamond_ore:3, gather:minecraft:diamond_ore:4, gather:minecraft:diamond_ore:8, gather:minecraft:diamond_ore:5, gather:minecraft:diamond_ore:2, gather:minecraft:diamond_ore:7, gather:minecraft:diamond_ore:1, gather:minecraft:birch_log:1, gather:minecraft:diamond_ore:2]
[16:36:36] [lodekeeper-planner/INFO] (lodekeeper) [Lodekeeper] PLAN project=gear_diamond success=true steps=43 branches=424 elapsedMs=30.662768
[16:36:36] [Render thread/INFO] (lodekeeper) [Lodekeeper] STEP kind=GATHER source=gather:minecraft:birch_log output=minecraft:birch_log count=5 operations=5 auxiliary=false
[16:36:36] [Render thread/INFO] (lodekeeper) [Lodekeeper] MINING_DEPTH policy=NEAREST desiredY=-2147483648 ceiling=2031 deficit=5 phase=MINE blocks=[Block{minecraft:birch_log}]
[16:36:37] [Render thread/INFO] (lodekeeper) [Lodekeeper] NAV scan=native-mine durationNanos=870923807 hits=-1 requestTicks=0
[16:36:37] [Render thread/INFO] (lodekeeper) [Lodekeeper] NAV backend=baritone mode=MINE event=CALC_STARTED elapsedMs=905
[16:36:37] [Render thread/INFO] (lodekeeper) [Lodekeeper] NAV calcTool=minecraft:air slot=0
[16:36:37] [Render thread/INFO] (lodekeeper) [Lodekeeper] ROUTE_SEARCH kind=unknown anchor=unknown feet_y16=0 candidates=0 target=none elapsed_ms=1574
[16:36:37] [Render thread/INFO] (lodekeeper) [Lodekeeper] NAV backend=baritone mode=MINE event=CALC_FINISHED_NOW_EXECUTING elapsedMs=1166
[16:36:37] [Render thread/INFO] (lodekeeper) [Lodekeeper] TARGET target=-6,66,14 block=minecraft:birch_log
[16:36:37] [Render thread/INFO] (lodekeeper) [Lodekeeper] ROUTE_TRAVEL path_index=0 path_length=5 target=-6,66,14 block=minecraft:birch_log elapsed_ms=1863
[16:36:37] [Render thread/INFO] (lodekeeper) [Lodekeeper] PROGRESS elapsed_ms=2074 phase=traveling backend=baritone target=-6,66,14 block=minecraft:birch_log navigation_elapsed_ms=1446 navigation_ticks=20 searching=false path_index=0 path_length=4 retries=0 pending_route_events=0 dropped_route_events=0 status=mining_and_collecting_minecraft:birch_log___0/5
[16:36:38] [Render thread/INFO] (lodekeeper) [Lodekeeper] BREAK target=MutableBlockPos{x=-6, y=67, z=14} block=Block{minecraft:birch_log} tool=minecraft:air slot=0 remaining=-1 required=route
[16:36:39] [Render thread/INFO] (lodekeeper) [Lodekeeper] PROGRESS elapsed_ms=4099 phase=traveling backend=baritone target=-6,66,14 block=minecraft:birch_log navigation_elapsed_ms=3438 navigation_ticks=60 searching=false path_index=0 path_length=2 retries=0 pending_route_events=0 dropped_route_events=0 status=mining_and_collecting_minecraft:birch_log___0/5
[16:36:41] [Render thread/INFO] (lodekeeper) [Lodekeeper] BREAK target=MutableBlockPos{x=-6, y=66, z=14} block=Block{minecraft:birch_log} tool=minecraft:air slot=0 remaining=-1 required=route
[16:36:42] [Render thread/INFO] (lodekeeper) [Lodekeeper] PROGRESS elapsed_ms=6172 phase=traveling backend=baritone target=-6,66,14 block=minecraft:birch_log navigation_elapsed_ms=5436 navigation_ticks=100 searching=false path_index=0 path_length=2 retries=0 pending_route_events=0 dropped_route_events=0 status=mining_and_collecting_minecraft:birch_log___1/5
[16:36:42] [Render thread/INFO] (lodekeeper) [Lodekeeper] BREAK target=MutableBlockPos{x=-6, y=66, z=14} block=Block{minecraft:birch_log} tool=minecraft:birch_log slot=0 remaining=-1 required=route
[16:36:44] [Render thread/INFO] (lodekeeper) [Lodekeeper] PROGRESS elapsed_ms=8195 phase=traveling backend=baritone target=-6,66,14 block=minecraft:birch_log navigation_elapsed_ms=7433 navigation_ticks=140 searching=false path_index=0 path_length=2 retries=0 pending_route_events=0 dropped_route_events=0 status=mining_and_collecting_minecraft:birch_log___1/5
[16:36:45] [Render thread/INFO] (lodekeeper) [Lodekeeper] TARGET target=-6,68,14 block=minecraft:birch_log
[16:36:45] [Render thread/INFO] (lodekeeper) [Lodekeeper] BREAK target=MutableBlockPos{x=-6, y=68, z=14} block=Block{minecraft:birch_log} tool=minecraft:birch_log slot=0 remaining=-1 required=route
[16:36:46] [Render thread/INFO] (lodekeeper) [Lodekeeper] PROGRESS elapsed_ms=10221 phase=traveling backend=baritone target=-6,68,14 block=minecraft:birch_log navigation_elapsed_ms=9424 navigation_ticks=180 searching=false path_index=0 path_length=2 retries=0 pending_route_events=0 dropped_route_events=0 status=mining_and_collecting_minecraft:birch_log___2/5
[16:36:48] [Render thread/INFO] (lodekeeper) [Lodekeeper] PROGRESS elapsed_ms=12269 phase=traveling backend=baritone target=-6,68,14 block=minecraft:birch_log navigation_elapsed_ms=11640 navigation_ticks=224 searching=false path_index=0 path_length=2 retries=0 pending_route_events=0 dropped_route_events=0 status=mining_and_collecting_minecraft:birch_log___2/5
[16:36:48] [Render thread/INFO] (lodekeeper) [Lodekeeper] TARGET target=-6,69,14 block=minecraft:birch_log
[16:36:48] [Render thread/INFO] (lodekeeper) [Lodekeeper] BREAK target=MutableBlockPos{x=-6, y=69, z=14} block=Block{minecraft:birch_log} tool=minecraft:birch_log slot=0 remaining=-1 required=route
[16:36:50] [Render thread/INFO] (lodekeeper) [Lodekeeper] PROGRESS elapsed_ms=14269 phase=traveling backend=baritone target=-6,69,14 block=minecraft:birch_log navigation_elapsed_ms=13640 navigation_ticks=264 searching=false path_index=0 path_length=2 retries=0 pending_route_events=0 dropped_route_events=0 status=mining_and_collecting_minecraft:birch_log___3/5
[16:36:51] [Render thread/INFO] (lodekeeper) [Lodekeeper] TARGET target=-6,70,14 block=minecraft:birch_log
[16:36:52] [Render thread/INFO] (lodekeeper) [Lodekeeper] BREAK target=MutableBlockPos{x=-6, y=70, z=14} block=Block{minecraft:birch_log} tool=minecraft:birch_log slot=0 remaining=-1 required=route
[16:36:52] [Render thread/INFO] (lodekeeper) [Lodekeeper] PROGRESS elapsed_ms=16320 phase=traveling backend=baritone target=-6,70,14 block=minecraft:birch_log navigation_elapsed_ms=15625 navigation_ticks=304 searching=false path_index=0 path_length=2 retries=0 pending_route_events=0 dropped_route_events=0 status=mining_and_collecting_minecraft:birch_log___3/5
[16:36:54] [Render thread/INFO] (lodekeeper) [Lodekeeper] PROGRESS elapsed_ms=18372 phase=traveling backend=baritone target=-6,70,14 block=minecraft:birch_log navigation_elapsed_ms=17643 navigation_ticks=344 searching=false path_index=0 path_length=2 retries=0 pending_route_events=0 dropped_route_events=0 status=mining_and_collecting_minecraft:birch_log___4/5
[16:36:55] [Render thread/INFO] (lodekeeper) [Lodekeeper] TARGET target=none
[16:36:55] [Render thread/INFO] (lodekeeper) [Lodekeeper] BREAK target=MutableBlockPos{x=-6, y=71, z=14} block=Block{minecraft:birch_log} tool=minecraft:birch_log slot=0 remaining=-1 required=route
[16:36:56] [lodekeeper-planner/INFO] (lodekeeper) [Lodekeeper] PROJECT_MATERIALS project=gear_diamond before=[gather:minecraft:stone:3, gather:minecraft:iron_ore:3, gather:minecraft:stone:8, gather:minecraft:diamond_ore:3, gather:minecraft:diamond_ore:3, gather:minecraft:diamond_ore:4, gather:minecraft:diamond_ore:8, gather:minecraft:diamond_ore:5, gather:minecraft:diamond_ore:2, gather:minecraft:diamond_ore:7, gather:minecraft:diamond_ore:1, gather:minecraft:acacia_log:1, gather:minecraft:diamond_ore:2] after=[gather:minecraft:stone:3, gather:minecraft:iron_ore:3, gather:minecraft:stone:8, gather:minecraft:diamond_ore:3, gather:minecraft:diamond_ore:3, gather:minecraft:diamond_ore:4, gather:minecraft:diamond_ore:8, gather:minecraft:diamond_ore:5, gather:minecraft:diamond_ore:2, gather:minecraft:diamond_ore:7, gather:minecraft:diamond_ore:1, gather:minecraft:acacia_log:1, gather:minecraft:diamond_ore:2]
[16:36:56] [lodekeeper-planner/INFO] (lodekeeper) [Lodekeeper] PLAN project=gear_diamond success=true steps=39 branches=181 elapsedMs=13.837039
[16:36:56] [Render thread/INFO] (lodekeeper) [Lodekeeper] STEP kind=CRAFT source=server:minecraft:birch_planks:59 output=minecraft:birch_planks count=4 operations=1 auxiliary=false
[16:36:56] [Render thread/INFO] (lodekeeper) [Lodekeeper] PROGRESS elapsed_ms=20419 phase=crafting backend=baritone target=none navigation_elapsed_ms=0 navigation_ticks=0 searching=false path_index=0 path_length=0 retries=0 pending_route_events=0 dropped_route_events=0 status=CRAFT_server:minecraft:birch_planks:59
[16:36:57] [lodekeeper-planner/INFO] (lodekeeper) [Lodekeeper] PROJECT_MATERIALS project=gear_diamond before=[gather:minecraft:stone:3, gather:minecraft:iron_ore:3, gather:minecraft:stone:8, gather:minecraft:diamond_ore:3, gather:minecraft:diamond_ore:3, gather:minecraft:diamond_ore:4, gather:minecraft:diamond_ore:8, gather:minecraft:diamond_ore:5, gather:minecraft:diamond_ore:2, gather:minecraft:diamond_ore:7, gather:minecraft:diamond_ore:1, gather:minecraft:acacia_log:1, gather:minecraft:diamond_ore:2] after=[gather:minecraft:stone:3, gather:minecraft:iron_ore:3, gather:minecraft:stone:8, gather:minecraft:diamond_ore:3, gather:minecraft:diamond_ore:3, gather:minecraft:diamond_ore:4, gather:minecraft:diamond_ore:8, gather:minecraft:diamond_ore:5, gather:minecraft:diamond_ore:2, gather:minecraft:diamond_ore:7, gather:minecraft:diamond_ore:1, gather:minecraft:acacia_log:1, gather:minecraft:diamond_ore:2]
[16:36:57] [lodekeeper-planner/INFO] (lodekeeper) [Lodekeeper] PLAN project=gear_diamond success=true steps=38 branches=177 elapsedMs=8.26402
[16:36:57] [Render thread/INFO] (lodekeeper) [Lodekeeper] STEP kind=CRAFT source=server:minecraft:stick:1422 output=minecraft:stick count=4 operations=1 auxiliary=false
[16:36:58] [Render thread/INFO] (lodekeeper) [Lodekeeper] PROGRESS elapsed_ms=22461 phase=crafting backend=baritone target=none navigation_elapsed_ms=0 navigation_ticks=0 searching=false path_index=0 path_length=0 retries=0 pending_route_events=0 dropped_route_events=0 status=CRAFT_server:minecraft:stick:1422
[16:36:59] [lodekeeper-planner/INFO] (lodekeeper) [Lodekeeper] PROJECT_MATERIALS project=gear_diamond before=[gather:minecraft:stone:3, gather:minecraft:iron_ore:3, gather:minecraft:stone:8, gather:minecraft:diamond_ore:3, gather:minecraft:diamond_ore:3, gather:minecraft:diamond_ore:4, gather:minecraft:diamond_ore:8, gather:minecraft:diamond_ore:5, gather:minecraft:diamond_ore:2, gather:minecraft:diamond_ore:7, gather:minecraft:diamond_ore:1, gather:minecraft:acacia_log:1, gather:minecraft:diamond_ore:2] after=[gather:minecraft:stone:3, gather:minecraft:iron_ore:3, gather:minecraft:stone:8, gather:minecraft:diamond_ore:3, gather:minecraft:diamond_ore:3, gather:minecraft:diamond_ore:4, gather:minecraft:diamond_ore:8, gather:minecraft:diamond_ore:5, gather:minecraft:diamond_ore:2, gather:minecraft:diamond_ore:7, gather:minecraft:diamond_ore:1, gather:minecraft:acacia_log:1, gather:minecraft:diamond_ore:2]
[16:36:59] [lodekeeper-planner/INFO] (lodekeeper) [Lodekeeper] PLAN project=gear_diamond success=true steps=37 branches=173 elapsedMs=7.894947
[16:36:59] [Render thread/INFO] (lodekeeper) [Lodekeeper] STEP kind=CRAFT source=server:minecraft:birch_planks:59 output=minecraft:birch_planks count=4 operations=1 auxiliary=false
[16:37:00] [lodekeeper-planner/INFO] (lodekeeper) [Lodekeeper] PROJECT_MATERIALS project=gear_diamond before=[gather:minecraft:stone:3, gather:minecraft:iron_ore:3, gather:minecraft:stone:8, gather:minecraft:diamond_ore:3, gather:minecraft:diamond_ore:3, gather:minecraft:diamond_ore:4, gather:minecraft:diamond_ore:8, gather:minecraft:diamond_ore:5, gather:minecraft:diamond_ore:2, gather:minecraft:diamond_ore:7, gather:minecraft:diamond_ore:1, gather:minecraft:acacia_log:1, gather:minecraft:diamond_ore:2] after=[gather:minecraft:stone:3, gather:minecraft:iron_ore:3, gather:minecraft:stone:8, gather:minecraft:diamond_ore:3, gather:minecraft:diamond_ore:3, gather:minecraft:diamond_ore:4, gather:minecraft:diamond_ore:8, gather:minecraft:diamond_ore:5, gather:minecraft:diamond_ore:2, gather:minecraft:diamond_ore:7, gather:minecraft:diamond_ore:1, gather:minecraft:acacia_log:1, gather:minecraft:diamond_ore:2]
[16:37:00] [lodekeeper-planner/INFO] (lodekeeper) [Lodekeeper] PLAN project=gear_diamond success=true steps=36 branches=168 elapsedMs=6.747114
[16:37:00] [Render thread/INFO] (lodekeeper) [Lodekeeper] STEP kind=CRAFT source=server:minecraft:birch_planks:59 output=minecraft:birch_planks count=4 operations=1 auxiliary=false
[16:37:00] [Render thread/INFO] (lodekeeper) [Lodekeeper] PROGRESS elapsed_ms=24511 phase=crafting backend=baritone target=none navigation_elapsed_ms=0 navigation_ticks=0 searching=false path_index=0 path_length=0 retries=0 pending_route_events=0 dropped_route_events=0 status=CRAFT_server:minecraft:birch_planks:59
[16:37:01] [lodekeeper-planner/INFO] (lodekeeper) [Lodekeeper] PROJECT_MATERIALS project=gear_diamond before=[gather:minecraft:stone:3, gather:minecraft:iron_ore:3, gather:minecraft:stone:8, gather:minecraft:diamond_ore:3, gather:minecraft:diamond_ore:3, gather:minecraft:diamond_ore:4, gather:minecraft:diamond_ore:8, gather:minecraft:diamond_ore:5, gather:minecraft:diamond_ore:2, gather:minecraft:diamond_ore:7, gather:minecraft:diamond_ore:1, gather:minecraft:acacia_log:1, gather:minecraft:diamond_ore:2] after=[gather:minecraft:stone:3, gather:minecraft:iron_ore:3, gather:minecraft:stone:8, gather:minecraft:diamond_ore:3, gather:minecraft:diamond_ore:3, gather:minecraft:diamond_ore:4, gather:minecraft:diamond_ore:8, gather:minecraft:diamond_ore:5, gather:minecraft:diamond_ore:2, gather:minecraft:diamond_ore:7, gather:minecraft:diamond_ore:1, gather:minecraft:acacia_log:1, gather:minecraft:diamond_ore:2]
[16:37:01] [lodekeeper-planner/INFO] (lodekeeper) [Lodekeeper] PLAN project=gear_diamond success=true steps=35 branches=163 elapsedMs=6.962975
[16:37:01] [Render thread/INFO] (lodekeeper) [Lodekeeper] STEP kind=CRAFT source=server:minecraft:crafting_table:339 output=minecraft:crafting_table count=1 operations=1 auxiliary=false
[16:37:02] [Render thread/INFO] (lodekeeper) [Lodekeeper] PROGRESS elapsed_ms=26523 phase=crafting backend=baritone target=none navigation_elapsed_ms=0 navigation_ticks=0 searching=false path_index=0 path_length=0 retries=0 pending_route_events=0 dropped_route_events=0 status=CRAFT_server:minecraft:crafting_table:339
[16:37:04] [Render thread/INFO] (lodekeeper) [Lodekeeper] PROGRESS elapsed_ms=28571 phase=crafting backend=baritone target=none navigation_elapsed_ms=0 navigation_ticks=0 searching=false path_index=0 path_length=0 retries=0 pending_route_events=0 dropped_route_events=0 status=CRAFT_server:minecraft:crafting_table:339
[16:37:04] [lodekeeper-planner/INFO] (lodekeeper) [Lodekeeper] PROJECT_MATERIALS project=gear_diamond before=[gather:minecraft:stone:3, gather:minecraft:iron_ore:3, gather:minecraft:stone:8, gather:minecraft:diamond_ore:3, gather:minecraft:diamond_ore:3, gather:minecraft:diamond_ore:4, gather:minecraft:diamond_ore:8, gather:minecraft:diamond_ore:5, gather:minecraft:diamond_ore:2, gather:minecraft:diamond_ore:7, gather:minecraft:diamond_ore:1, gather:minecraft:acacia_log:1, gather:minecraft:diamond_ore:2] after=[gather:minecraft:stone:3, gather:minecraft:iron_ore:3, gather:minecraft:stone:8, gather:minecraft:diamond_ore:3, gather:minecraft:diamond_ore:3, gather:minecraft:diamond_ore:4, gather:minecraft:diamond_ore:8, gather:minecraft:diamond_ore:5, gather:minecraft:diamond_ore:2, gather:minecraft:diamond_ore:7, gather:minecraft:diamond_ore:1, gather:minecraft:acacia_log:1, gather:minecraft:diamond_ore:2]
[16:37:04] [lodekeeper-planner/INFO] (lodekeeper) [Lodekeeper] PLAN project=gear_diamond success=true steps=34 branches=160 elapsedMs=5.818892
[16:37:04] [Render thread/INFO] (lodekeeper) [Lodekeeper] STEP kind=PLACE_STATION source=place:minecraft:crafting_table output=null count=0 operations=1 auxiliary=false
[16:37:04] [Render thread/INFO] (lodekeeper) [Lodekeeper] TARGET target=-5,66,14 block=minecraft:crafting_table
[16:37:04] [Render thread/INFO] (lodekeeper) [Lodekeeper] TARGET target=none
[16:37:04] [lodekeeper-planner/INFO] (lodekeeper) [Lodekeeper] PROJECT_MATERIALS project=gear_diamond before=[gather:minecraft:stone:3, gather:minecraft:iron_ore:3, gather:minecraft:stone:8, gather:minecraft:diamond_ore:3, gather:minecraft:diamond_ore:3, gather:minecraft:diamond_ore:4, gather:minecraft:diamond_ore:8, gather:minecraft:diamond_ore:5, gather:minecraft:diamond_ore:2, gather:minecraft:diamond_ore:7, gather:minecraft:diamond_ore:1, gather:minecraft:acacia_log:1, gather:minecraft:diamond_ore:2] after=[gather:minecraft:stone:3, gather:minecraft:iron_ore:3, gather:minecraft:stone:8, gather:minecraft:diamond_ore:3, gather:minecraft:diamond_ore:3, gather:minecraft:diamond_ore:4, gather:minecraft:diamond_ore:8, gather:minecraft:diamond_ore:5, gather:minecraft:diamond_ore:2, gather:minecraft:diamond_ore:7, gather:minecraft:diamond_ore:1, gather:minecraft:acacia_log:1, gather:minecraft:diamond_ore:2]
[16:37:04] [lodekeeper-planner/INFO] (lodekeeper) [Lodekeeper] PLAN project=gear_diamond success=true steps=33 branches=159 elapsedMs=5.909336
[16:37:04] [Render thread/INFO] (lodekeeper) [Lodekeeper] STEP kind=CRAFT source=server:minecraft:wooden_pickaxe:1718 output=minecraft:wooden_pickaxe count=1 operations=1 auxiliary=false
[16:37:06] [Render thread/INFO] (lodekeeper) [Lodekeeper] PROGRESS elapsed_ms=30572 phase=crafting backend=baritone target=none navigation_elapsed_ms=0 navigation_ticks=0 searching=false path_index=0 path_length=0 retries=0 pending_route_events=0 dropped_route_events=0 status=CRAFT_server:minecraft:wooden_pickaxe:1718
[16:37:08] [Render thread/INFO] (lodekeeper) [Lodekeeper] PROGRESS elapsed_ms=32624 phase=crafting backend=baritone target=none navigation_elapsed_ms=0 navigation_ticks=0 searching=false path_index=0 path_length=0 retries=0 pending_route_events=0 dropped_route_events=0 status=CRAFT_server:minecraft:wooden_pickaxe:1718
[16:37:08] [lodekeeper-planner/INFO] (lodekeeper) [Lodekeeper] PROJECT_MATERIALS project=gear_diamond before=[gather:minecraft:stone:3, gather:minecraft:iron_ore:3, gather:minecraft:stone:8, gather:minecraft:diamond_ore:3, gather:minecraft:diamond_ore:3, gather:minecraft:diamond_ore:4, gather:minecraft:diamond_ore:8, gather:minecraft:diamond_ore:5, gather:minecraft:diamond_ore:2, gather:minecraft:diamond_ore:7, gather:minecraft:diamond_ore:1, gather:minecraft:acacia_log:1, gather:minecraft:diamond_ore:2] after=[gather:minecraft:stone:3, gather:minecraft:iron_ore:3, gather:minecraft:stone:8, gather:minecraft:diamond_ore:3, gather:minecraft:diamond_ore:3, gather:minecraft:diamond_ore:4, gather:minecraft:diamond_ore:8, gather:minecraft:diamond_ore:5, gather:minecraft:diamond_ore:2, gather:minecraft:diamond_ore:7, gather:minecraft:diamond_ore:1, gather:minecraft:acacia_log:1, gather:minecraft:diamond_ore:2]
[16:37:08] [lodekeeper-planner/INFO] (lodekeeper) [Lodekeeper] PLAN project=gear_diamond success=true steps=32 branches=154 elapsedMs=5.543852
[16:37:08] [Render thread/INFO] (lodekeeper) [Lodekeeper] STEP kind=GATHER source=gather:minecraft:stone output=minecraft:cobblestone count=3 operations=3 auxiliary=false
[16:37:10] [Render thread/INFO] (lodekeeper) [Lodekeeper] PROGRESS elapsed_ms=34671 phase=gathering backend=baritone target=none navigation_elapsed_ms=0 navigation_ticks=0 searching=false path_index=0 path_length=0 retries=0 pending_route_events=0 dropped_route_events=0 status=mining_the_recorded_owned_crafting_table
[16:37:12] [Render thread/INFO] (lodekeeper) [Lodekeeper] NAV backend=baritone mode=PICKUP event=CALC_STARTED elapsedMs=5
[16:37:12] [Render thread/INFO] (lodekeeper) [Lodekeeper] NAV calcTool=minecraft:birch_log slot=0
[16:37:12] [Render thread/INFO] (lodekeeper) [Lodekeeper] NAV backend=baritone mode=PICKUP event=CALC_FINISHED_NOW_EXECUTING elapsedMs=32
[16:37:12] [Render thread/INFO] (lodekeeper) [Lodekeeper] PROGRESS elapsed_ms=36722 phase=working backend=baritone target=none navigation_elapsed_ms=0 navigation_ticks=0 searching=false path_index=0 path_length=0 retries=0 pending_route_events=0 dropped_route_events=0 status=collecting_the_crafting-table_drop_at_the_owned_position
[16:37:12] [Render thread/INFO] (lodekeeper) [Lodekeeper] NAV backend=baritone mode=PICKUP event=AT_GOAL elapsedMs=303
[16:37:12] [Render thread/INFO] (lodekeeper) [Lodekeeper] NAV backend=baritone mode=IDLE event=CANCELED elapsedMs=371
[16:37:12] [Render thread/INFO] (lodekeeper) [Lodekeeper] NAV backend=baritone mode=IDLE event=CANCELED elapsedMs=372
[16:37:12] [Render thread/INFO] (lodekeeper) [Lodekeeper] NAV backend=baritone mode=IDLE event=CANCELED elapsedMs=438
[16:37:12] [lodekeeper-planner/INFO] (lodekeeper) [Lodekeeper] PROJECT_MATERIALS project=gear_diamond before=[gather:minecraft:stone:3, gather:minecraft:iron_ore:3, gather:minecraft:stone:8, gather:minecraft:diamond_ore:3, gather:minecraft:diamond_ore:3, gather:minecraft:diamond_ore:4, gather:minecraft:diamond_ore:8, gather:minecraft:diamond_ore:5, gather:minecraft:diamond_ore:2, gather:minecraft:diamond_ore:7, gather:minecraft:diamond_ore:1, gather:minecraft:acacia_log:1, gather:minecraft:diamond_ore:2] after=[gather:minecraft:stone:3, gather:minecraft:iron_ore:3, gather:minecraft:stone:8, gather:minecraft:diamond_ore:3, gather:minecraft:diamond_ore:3, gather:minecraft:diamond_ore:4, gather:minecraft:diamond_ore:8, gather:minecraft:diamond_ore:5, gather:minecraft:diamond_ore:2, gather:minecraft:diamond_ore:7, gather:minecraft:diamond_ore:1, gather:minecraft:acacia_log:1, gather:minecraft:diamond_ore:2]
[16:37:12] [lodekeeper-planner/INFO] (lodekeeper) [Lodekeeper] PLAN project=gear_diamond success=true steps=33 branches=155 elapsedMs=5.726391
[16:37:13] [Render thread/INFO] (lodekeeper) [Lodekeeper] STEP kind=GATHER source=gather:minecraft:stone output=minecraft:cobblestone count=3 operations=3 auxiliary=false
[16:37:13] [Render thread/INFO] (lodekeeper) [Lodekeeper] MINING_DEPTH policy=NEAREST desiredY=-2147483648 ceiling=2031 deficit=3 phase=MINE blocks=[Block{minecraft:stone}]
[16:37:13] [Render thread/INFO] (lodekeeper) [Lodekeeper] NAV scan=native-mine durationNanos=4510869 hits=-1 requestTicks=0
[16:37:13] [Render thread/INFO] (lodekeeper) [Lodekeeper] NAV backend=baritone mode=MINE event=CALC_STARTED elapsedMs=8
[16:37:13] [Render thread/INFO] (lodekeeper) [Lodekeeper] NAV calcTool=minecraft:wooden_pickaxe slot=6
[16:37:13] [Render thread/INFO] (lodekeeper) [Lodekeeper] NAV backend=baritone mode=MINE event=CALC_FINISHED_NOW_EXECUTING elapsedMs=99
[16:37:13] [Render thread/INFO] (lodekeeper) [Lodekeeper] TARGET target=-1,63,14 block=minecraft:stone
[16:37:13] [Render thread/INFO] (lodekeeper) [Lodekeeper] BREAK target=MutableBlockPos{x=-1, y=68, z=14} block=Block{minecraft:grass_block} tool=minecraft:birch_log slot=0 remaining=-1 required=route
[16:37:14] [Render thread/INFO] (lodekeeper) [Lodekeeper] PROGRESS elapsed_ms=38770 phase=traveling backend=baritone target=-1,63,14 block=minecraft:stone navigation_elapsed_ms=1607 navigation_ticks=32 searching=false path_index=0 path_length=6 retries=0 pending_route_events=0 dropped_route_events=0 status=mining_and_collecting_minecraft:cobblestone___0/3
[16:37:15] [Render thread/INFO] (lodekeeper) [Lodekeeper] BREAK target=MutableBlockPos{x=-1, y=67, z=14} block=Block{minecraft:dirt} tool=minecraft:birch_log slot=0 remaining=-1 required=route
[16:37:16] [Render thread/INFO] (lodekeeper) [Lodekeeper] BREAK target=MutableBlockPos{x=-1, y=66, z=14} block=Block{minecraft:dirt} tool=minecraft:birch_log slot=0 remaining=-1 required=route
[16:37:16] [Render thread/INFO] (lodekeeper) [Lodekeeper] PROGRESS elapsed_ms=40818 phase=traveling backend=baritone target=-1,63,14 block=minecraft:stone navigation_elapsed_ms=3589 navigation_ticks=72 searching=false path_index=0 path_length=5 retries=0 pending_route_events=0 dropped_route_events=0 status=mining_and_collecting_minecraft:cobblestone___0/3
[16:37:17] [Render thread/INFO] (lodekeeper) [Lodekeeper] BREAK target=MutableBlockPos{x=-1, y=65, z=14} block=Block{minecraft:dirt} tool=minecraft:birch_log slot=0 remaining=-1 required=route
[16:37:18] [Render thread/INFO] (lodekeeper) [Lodekeeper] BREAK target=MutableBlockPos{x=-1, y=64, z=14} block=Block{minecraft:stone} tool=minecraft:wooden_pickaxe slot=6 remaining=59 required=minecraft:wooden_pickaxe
[16:37:18] [Render thread/INFO] (lodekeeper) [Lodekeeper] PROGRESS elapsed_ms=42861 phase=traveling backend=baritone target=-1,63,14 block=minecraft:stone navigation_elapsed_ms=5598 navigation_ticks=112 searching=false path_index=0 path_length=3 retries=0 pending_route_events=0 dropped_route_events=0 status=mining_and_collecting_minecraft:cobblestone___0/3
[16:37:19] [Render thread/INFO] (lodekeeper) [Lodekeeper] NAV backend=baritone mode=MINE event=CALC_STARTED elapsedMs=6837
[16:37:19] [Render thread/INFO] (lodekeeper) [Lodekeeper] NAV calcTool=minecraft:wooden_pickaxe slot=6
[16:37:19] [Render thread/INFO] (lodekeeper) [Lodekeeper] NAV backend=baritone mode=MINE event=CALC_FINISHED_NOW_EXECUTING elapsedMs=6837
[16:37:20] [Render thread/INFO] (lodekeeper) [Lodekeeper] TARGET target=-1,63,15 block=minecraft:stone
[16:37:20] [Render thread/INFO] (lodekeeper) [Lodekeeper] BREAK target=MutableBlockPos{x=-1, y=65, z=15} block=Block{minecraft:dirt} tool=minecraft:birch_log slot=0 remaining=-1 required=route
[16:37:20] [Render thread/INFO] (lodekeeper) [Lodekeeper] PROGRESS elapsed_ms=44874 phase=traveling backend=baritone target=-1,63,15 block=minecraft:stone navigation_elapsed_ms=7610 navigation_ticks=152 searching=false path_index=0 path_length=2 retries=0 pending_route_events=0 dropped_route_events=0 status=mining_and_collecting_minecraft:cobblestone___1/3
[16:37:21] [Render thread/INFO] (lodekeeper) [Lodekeeper] BREAK target=MutableBlockPos{x=-1, y=64, z=15} block=Block{minecraft:stone} tool=minecraft:wooden_pickaxe slot=6 remaining=58 required=minecraft:wooden_pickaxe
[16:37:22] [Render thread/INFO] (lodekeeper) [Lodekeeper] BREAK target=MutableBlockPos{x=-1, y=63, z=15} block=Block{minecraft:stone} tool=minecraft:wooden_pickaxe slot=6 remaining=57 required=minecraft:wooden_pickaxe
[16:37:22] [Render thread/INFO] (lodekeeper) [Lodekeeper] NAV backend=baritone mode=MINE event=CALC_STARTED elapsedMs=9694
[16:37:22] [Render thread/INFO] (lodekeeper) [Lodekeeper] NAV calcTool=minecraft:wooden_pickaxe slot=6
[16:37:22] [Render thread/INFO] (lodekeeper) [Lodekeeper] PROGRESS elapsed_ms=46925 phase=traveling backend=baritone target=-1,63,15 block=minecraft:stone navigation_elapsed_ms=9593 navigation_ticks=192 searching=false path_index=0 path_length=2 retries=0 pending_route_events=0 dropped_route_events=0 status=mining_and_collecting_minecraft:cobblestone___2/3
[16:37:22] [Render thread/INFO] (lodekeeper) [Lodekeeper] TARGET target=none
[16:37:22] [Render thread/INFO] (lodekeeper) [Lodekeeper] ROUTE_SEARCH kind=unknown anchor=unknown feet_y16=0 candidates=0 target=none elapsed_ms=46958
[16:37:23] [Render thread/INFO] (lodekeeper) [Lodekeeper] TARGET target=-1,48,14 block=minecraft:stone
[16:37:23] [Render thread/INFO] (lodekeeper) [Lodekeeper] ROUTE_TRAVEL path_index=0 path_length=17 target=-1,48,14 block=minecraft:stone elapsed_ms=47363
[16:37:23] [Render thread/INFO] (lodekeeper) [Lodekeeper] NAV backend=baritone mode=MINE event=CALC_FINISHED_NOW_EXECUTING elapsedMs=10201
[16:37:23] [Render thread/INFO] (lodekeeper) [Lodekeeper] BREAK target=MutableBlockPos{x=-1, y=63, z=14} block=Block{minecraft:stone} tool=minecraft:wooden_pickaxe slot=6 remaining=57 required=minecraft:wooden_pickaxe
[16:37:24] [Render thread/INFO] (lodekeeper) [Lodekeeper] BREAK target=MutableBlockPos{x=-1, y=62, z=14} block=Block{minecraft:stone} tool=minecraft:wooden_pickaxe slot=6 remaining=56 required=minecraft:wooden_pickaxe
[16:37:24] [Render thread/INFO] (lodekeeper) [Lodekeeper] PROGRESS elapsed_ms=48971 phase=traveling backend=baritone target=-1,48,14 block=minecraft:stone navigation_elapsed_ms=11808 navigation_ticks=236 searching=false path_index=0 path_length=16 retries=0 pending_route_events=0 dropped_route_events=0 status=mining_and_collecting_minecraft:cobblestone___2/3
[16:37:24] [Render thread/INFO] (lodekeeper) [Lodekeeper] TARGET target=none
[16:37:25] [lodekeeper-planner/INFO] (lodekeeper) [Lodekeeper] PROJECT_MATERIALS project=gear_diamond before=[gather:minecraft:iron_ore:3, gather:minecraft:stone:8, gather:minecraft:diamond_ore:3, gather:minecraft:diamond_ore:3, gather:minecraft:diamond_ore:4, gather:minecraft:diamond_ore:8, gather:minecraft:diamond_ore:5, gather:minecraft:diamond_ore:2, gather:minecraft:diamond_ore:7, gather:minecraft:diamond_ore:1, gather:minecraft:acacia_log:1, gather:minecraft:diamond_ore:2] after=[gather:minecraft:iron_ore:3, gather:minecraft:stone:8, gather:minecraft:diamond_ore:3, gather:minecraft:diamond_ore:3, gather:minecraft:diamond_ore:4, gather:minecraft:diamond_ore:8, gather:minecraft:diamond_ore:5, gather:minecraft:diamond_ore:2, gather:minecraft:diamond_ore:7, gather:minecraft:diamond_ore:1, gather:minecraft:acacia_log:1, gather:minecraft:diamond_ore:2]
[16:37:25] [lodekeeper-planner/INFO] (lodekeeper) [Lodekeeper] PLAN project=gear_diamond success=true steps=32 branches=150 elapsedMs=5.400062
[16:37:25] [Render thread/INFO] (lodekeeper) [Lodekeeper] STEP kind=PLACE_STATION source=place:minecraft:crafting_table output=null count=0 operations=1 auxiliary=false
[16:37:25] [Render thread/INFO] (lodekeeper) [Lodekeeper] TARGET target=-1,64,15 block=minecraft:crafting_table
[16:37:25] [Render thread/INFO] (lodekeeper) [Lodekeeper] TARGET target=none
[16:37:25] [lodekeeper-planner/INFO] (lodekeeper) [Lodekeeper] PROJECT_MATERIALS project=gear_diamond before=[gather:minecraft:iron_ore:3, gather:minecraft:stone:8, gather:minecraft:diamond_ore:3, gather:minecraft:diamond_ore:3, gather:minecraft:diamond_ore:4, gather:minecraft:diamond_ore:8, gather:minecraft:diamond_ore:5, gather:minecraft:diamond_ore:2, gather:minecraft:diamond_ore:7, gather:minecraft:diamond_ore:1, gather:minecraft:acacia_log:1, gather:minecraft:diamond_ore:2] after=[gather:minecraft:iron_ore:3, gather:minecraft:stone:8, gather:minecraft:diamond_ore:3, gather:minecraft:diamond_ore:3, gather:minecraft:diamond_ore:4, gather:minecraft:diamond_ore:8, gather:minecraft:diamond_ore:5, gather:minecraft:diamond_ore:2, gather:minecraft:diamond_ore:7, gather:minecraft:diamond_ore:1, gather:minecraft:acacia_log:1, gather:minecraft:diamond_ore:2]
[16:37:25] [lodekeeper-planner/INFO] (lodekeeper) [Lodekeeper] PLAN project=gear_diamond success=true steps=31 branches=149 elapsedMs=4.934092
[16:37:25] [Render thread/INFO] (lodekeeper) [Lodekeeper] STEP kind=CRAFT source=server:minecraft:stone_pickaxe:1440 output=minecraft:stone_pickaxe count=1 operations=1 auxiliary=false
[16:37:26] [Render thread/INFO] (lodekeeper) [Lodekeeper] PROGRESS elapsed_ms=51018 phase=crafting backend=baritone target=none navigation_elapsed_ms=0 navigation_ticks=0 searching=false path_index=0 path_length=0 retries=0 pending_route_events=0 dropped_route_events=0 status=CRAFT_server:minecraft:stone_pickaxe:1440
[16:37:28] [Render thread/INFO] (lodekeeper) [Lodekeeper] PROGRESS elapsed_ms=53062 phase=crafting backend=baritone target=none navigation_elapsed_ms=0 navigation_ticks=0 searching=false path_index=0 path_length=0 retries=0 pending_route_events=0 dropped_route_events=0 status=CRAFT_server:minecraft:stone_pickaxe:1440
[16:37:29] [lodekeeper-planner/INFO] (lodekeeper) [Lodekeeper] PROJECT_MATERIALS project=gear_diamond before=[gather:minecraft:iron_ore:3, gather:minecraft:stone:8, gather:minecraft:diamond_ore:3, gather:minecraft:diamond_ore:3, gather:minecraft:diamond_ore:4, gather:minecraft:diamond_ore:8, gather:minecraft:diamond_ore:5, gather:minecraft:diamond_ore:2, gather:minecraft:diamond_ore:7, gather:minecraft:diamond_ore:1, gather:minecraft:diamond_ore:2] after=[gather:minecraft:iron_ore:3, gather:minecraft:stone:8, gather:minecraft:diamond_ore:3, gather:minecraft:diamond_ore:3, gather:minecraft:diamond_ore:4, gather:minecraft:diamond_ore:8, gather:minecraft:diamond_ore:5, gather:minecraft:diamond_ore:2, gather:minecraft:diamond_ore:7, gather:minecraft:diamond_ore:1, gather:minecraft:diamond_ore:2]
[16:37:29] [lodekeeper-planner/INFO] (lodekeeper) [Lodekeeper] PLAN project=gear_diamond success=true steps=29 branches=141 elapsedMs=4.763018
[16:37:29] [Render thread/INFO] (lodekeeper) [Lodekeeper] STEP kind=GATHER source=gather:minecraft:iron_ore output=minecraft:raw_iron count=3 operations=3 auxiliary=false
[16:37:30] [Render thread/INFO] (lodekeeper) [Lodekeeper] PROGRESS elapsed_ms=55112 phase=gathering backend=baritone target=none navigation_elapsed_ms=0 navigation_ticks=0 searching=false path_index=0 path_length=0 retries=0 pending_route_events=0 dropped_route_events=0 status=mining_the_recorded_owned_crafting_table
[16:37:32] [Render thread/INFO] (lodekeeper) [Lodekeeper] PROGRESS elapsed_ms=57125 phase=gathering backend=baritone target=none navigation_elapsed_ms=0 navigation_ticks=0 searching=false path_index=0 path_length=0 retries=0 pending_route_events=0 dropped_route_events=0 status=mining_the_recorded_owned_crafting_table
[16:37:33] [Render thread/INFO] (lodekeeper) [Lodekeeper] NAV backend=baritone mode=PICKUP event=CALC_STARTED elapsedMs=2
[16:37:33] [Render thread/INFO] (lodekeeper) [Lodekeeper] NAV calcTool=minecraft:birch_log slot=0
[16:37:33] [Render thread/INFO] (lodekeeper) [Lodekeeper] NAV backend=baritone mode=PICKUP event=CALC_FINISHED_NOW_EXECUTING elapsedMs=68
[16:37:33] [Render thread/INFO] (lodekeeper) [Lodekeeper] NAV backend=baritone mode=PICKUP event=AT_GOAL elapsedMs=368
[16:37:33] [Render thread/INFO] (lodekeeper) [Lodekeeper] NAV backend=baritone mode=PICKUP event=CALC_STARTED elapsedMs=402
[16:37:33] [Render thread/INFO] (lodekeeper) [Lodekeeper] NAV calcTool=minecraft:birch_log slot=0
[16:37:33] [Render thread/INFO] (lodekeeper) [Lodekeeper] NAV backend=baritone mode=PICKUP event=CALC_FINISHED_NOW_EXECUTING elapsedMs=402
[16:37:33] [Render thread/INFO] (lodekeeper) [Lodekeeper] NAV backend=baritone mode=IDLE event=CANCELED elapsedMs=468
[16:37:33] [Render thread/INFO] (lodekeeper) [Lodekeeper] NAV backend=baritone mode=IDLE event=CANCELED elapsedMs=468
[16:37:33] [Render thread/INFO] (lodekeeper) [Lodekeeper] NAV backend=baritone mode=IDLE event=CANCELED elapsedMs=501
[16:37:33] [lodekeeper-planner/INFO] (lodekeeper) [Lodekeeper] PROJECT_MATERIALS project=gear_diamond before=[gather:minecraft:iron_ore:3, gather:minecraft:stone:8, gather:minecraft:diamond_ore:3, gather:minecraft:diamond_ore:3, gather:minecraft:diamond_ore:4, gather:minecraft:diamond_ore:8, gather:minecraft:diamond_ore:5, gather:minecraft:diamond_ore:2, gather:minecraft:diamond_ore:7, gather:minecraft:diamond_ore:1, gather:minecraft:diamond_ore:2] after=[gather:minecraft:iron_ore:3, gather:minecraft:stone:8, gather:minecraft:diamond_ore:3, gather:minecraft:diamond_ore:3, gather:minecraft:diamond_ore:4, gather:minecraft:diamond_ore:8, gather:minecraft:diamond_ore:5, gather:minecraft:diamond_ore:2, gather:minecraft:diamond_ore:7, gather:minecraft:diamond_ore:1, gather:minecraft:diamond_ore:2]
[16:37:33] [lodekeeper-planner/INFO] (lodekeeper) [Lodekeeper] PLAN project=gear_diamond success=true steps=30 branches=142 elapsedMs=5.958504
[16:37:33] [Render thread/INFO] (lodekeeper) [Lodekeeper] FOOD_PURSUIT event=start target=aa8c4e65-49ad-4e3e-ba30-355153a73a18 routes=1 failedRoutes=0 attacks=0 health=10.0 closestBoxDistance=8.15 elapsedMs=0
[16:37:33] [Render thread/INFO] (lodekeeper) [Lodekeeper] NAV backend=baritone mode=FOLLOW event=CALC_STARTED elapsedMs=4
[16:37:33] [Render thread/INFO] (lodekeeper) [Lodekeeper] NAV calcTool=minecraft:stone_pickaxe slot=7
[16:37:33] [Render thread/INFO] (lodekeeper) [Lodekeeper] NAV backend=baritone mode=FOLLOW event=CALC_FINISHED_NOW_EXECUTING elapsedMs=31
[16:37:34] [Render thread/INFO] (lodekeeper) [Lodekeeper] BREAK target=MutableBlockPos{x=-1, y=66, z=15} block=Block{minecraft:dirt} tool=minecraft:birch_log slot=0 remaining=-1 required=route
[16:37:34] [Render thread/INFO] (lodekeeper) [Lodekeeper] NAV backend=baritone mode=FOLLOW event=CALC_STARTED elapsedMs=432
[16:37:34] [Render thread/INFO] (lodekeeper) [Lodekeeper] NAV calcTool=minecraft:birch_log slot=0
[16:37:34] [Render thread/INFO] (lodekeeper) [Lodekeeper] NAV backend=baritone mode=FOLLOW event=CALC_FINISHED_NOW_EXECUTING elapsedMs=433
[16:37:35] [Render thread/INFO] (lodekeeper) [Lodekeeper] PROGRESS elapsed_ms=59167 phase=traveling backend=baritone target=none navigation_elapsed_ms=1000 navigation_ticks=20 searching=false path_index=0 path_length=11 retries=0 pending_route_events=0 dropped_route_events=0 status=pursuing_cow__1_
[16:37:35] [Render thread/INFO] (lodekeeper) [Lodekeeper] BREAK target=MutableBlockPos{x=-2, y=66, z=14} block=Block{minecraft:dirt} tool=minecraft:birch_log slot=0 remaining=-1 required=route
[16:37:36] [Render thread/INFO] (lodekeeper) [Lodekeeper] BREAK target=MutableBlockPos{x=-2, y=67, z=14} block=Block{minecraft:grass_block} tool=minecraft:birch_log slot=0 remaining=-1 required=route
[16:37:36] [Render thread/INFO] (lodekeeper) [Lodekeeper] NAV backend=baritone mode=FOLLOW event=CALC_STARTED elapsedMs=2846
[16:37:36] [Render thread/INFO] (lodekeeper) [Lodekeeper] NAV calcTool=minecraft:birch_log slot=0
[16:37:36] [Render thread/INFO] (lodekeeper) [Lodekeeper] NAV backend=baritone mode=FOLLOW event=CALC_FINISHED_NOW_EXECUTING elapsedMs=2846
[16:37:37] [Render thread/INFO] (lodekeeper) [Lodekeeper] PROGRESS elapsed_ms=61217 phase=traveling backend=baritone target=none navigation_elapsed_ms=2979 navigation_ticks=60 searching=false path_index=0 path_length=7 retries=0 pending_route_events=0 dropped_route_events=0 status=pursuing_cow__1_
[16:37:39] [Render thread/INFO] (lodekeeper) [Lodekeeper] PROGRESS elapsed_ms=63224 phase=traveling backend=baritone target=none navigation_elapsed_ms=4989 navigation_ticks=100 searching=false path_index=0 path_length=5 retries=0 pending_route_events=0 dropped_route_events=0 status=pursuing_cow__1_
[16:37:39] [Render thread/INFO] (lodekeeper) [Lodekeeper] FOOD_PURSUIT event=in-reach target=aa8c4e65-49ad-4e3e-ba30-355153a73a18 routes=1 failedRoutes=0 attacks=0 health=10.0 closestBoxDistance=2.77 elapsedMs=5460
[16:37:39] [Render thread/INFO] (lodekeeper) [Lodekeeper] NAV backend=baritone mode=IDLE event=CANCELED elapsedMs=5461
[16:37:39] [Render thread/INFO] (lodekeeper) [Lodekeeper] NAV backend=baritone mode=IDLE event=CANCELED elapsedMs=5461
[16:37:39] [Render thread/INFO] (lodekeeper) [Lodekeeper] NAV backend=baritone mode=IDLE event=CANCELED elapsedMs=5493
[16:37:39] [Render thread/INFO] (lodekeeper) [Lodekeeper] NAV backend=baritone mode=IDLE event=CANCELED elapsedMs=5528
[16:37:39] [Render thread/INFO] (lodekeeper) [Lodekeeper] NAV backend=baritone mode=IDLE event=CANCELED elapsedMs=5595
[16:37:40] [Render thread/INFO] (lodekeeper) [Lodekeeper] FOOD_TOOL slot=7 item=minecraft:stone_pickaxe damage=3.0 wear=2 remainingDurability=131
[16:37:40] [Render thread/INFO] (lodekeeper) [Lodekeeper] FOOD_PURSUIT event=native-attack target=aa8c4e65-49ad-4e3e-ba30-355153a73a18 routes=1 failedRoutes=0 attacks=1 health=10.0 closestBoxDistance=2.3 elapsedMs=6605
[16:37:40] [Render thread/INFO] (lodekeeper) [Lodekeeper] FOOD_PURSUIT event=health-progress target=aa8c4e65-49ad-4e3e-ba30-355153a73a18 routes=1 failedRoutes=0 attacks=1 health=7.0 closestBoxDistance=2.27 elapsedMs=6641
[16:37:40] [Render thread/INFO] (lodekeeper) [Lodekeeper] FOOD_PURSUIT event=start target=aa8c4e65-49ad-4e3e-ba30-355153a73a18 routes=2 failedRoutes=0 attacks=1 health=7.0 closestBoxDistance=3.01 elapsedMs=7006
[16:37:40] [Render thread/INFO] (lodekeeper) [Lodekeeper] NAV backend=baritone mode=FOLLOW event=CALC_STARTED elapsedMs=1
[16:37:40] [Render thread/INFO] (lodekeeper) [Lodekeeper] NAV calcTool=minecraft:stone_pickaxe slot=7
[16:37:40] [Render thread/INFO] (lodekeeper) [Lodekeeper] NAV backend=baritone mode=FOLLOW event=CALC_FINISHED_NOW_EXECUTING elapsedMs=33
[16:37:41] [Render thread/INFO] (lodekeeper) [Lodekeeper] FOOD_PURSUIT event=in-reach target=aa8c4e65-49ad-4e3e-ba30-355153a73a18 routes=2 failedRoutes=0 attacks=1 health=7.0 closestBoxDistance=2.99 elapsedMs=7106
[16:37:41] [Render thread/INFO] (lodekeeper) [Lodekeeper] NAV backend=baritone mode=IDLE event=CANCELED elapsedMs=101
[16:37:41] [Render thread/INFO] (lodekeeper) [Lodekeeper] NAV backend=baritone mode=IDLE event=CANCELED elapsedMs=101
[16:37:41] [Render thread/INFO] (lodekeeper) [Lodekeeper] NAV backend=baritone mode=IDLE event=CANCELED elapsedMs=135
[16:37:41] [Render thread/INFO] (lodekeeper) [Lodekeeper] PROGRESS elapsed_ms=65274 phase=working backend=baritone target=none navigation_elapsed_ms=0 navigation_ticks=0 searching=false path_index=0 path_length=0 retries=0 pending_route_events=0 dropped_route_events=0 status=finishing_movement_before_inventory_actions
[16:37:41] [Render thread/INFO] (lodekeeper) [Lodekeeper] NAV backend=baritone mode=IDLE event=CANCELED elapsedMs=202
[16:37:41] [Render thread/INFO] (lodekeeper) [Lodekeeper] FOOD_TOOL slot=7 item=minecraft:stone_pickaxe damage=3.0 wear=2 remainingDurability=129
[16:37:41] [Render thread/INFO] (lodekeeper) [Lodekeeper] FOOD_PURSUIT event=native-attack target=aa8c4e65-49ad-4e3e-ba30-355153a73a18 routes=2 failedRoutes=0 attacks=2 health=7.0 closestBoxDistance=2.83 elapsedMs=7442
[16:37:41] [Render thread/INFO] (lodekeeper) [Lodekeeper] FOOD_PURSUIT event=health-progress target=aa8c4e65-49ad-4e3e-ba30-355153a73a18 routes=2 failedRoutes=0 attacks=2 health=4.0 closestBoxDistance=2.82 elapsedMs=7510
[16:37:41] [Render thread/INFO] (lodekeeper) [Lodekeeper] FOOD_PURSUIT event=start target=aa8c4e65-49ad-4e3e-ba30-355153a73a18 routes=3 failedRoutes=0 attacks=2 health=4.0 closestBoxDistance=3.04 elapsedMs=7578
[16:37:41] [Render thread/INFO] (lodekeeper) [Lodekeeper] NAV backend=baritone mode=FOLLOW event=CALC_STARTED elapsedMs=2
[16:37:41] [Render thread/INFO] (lodekeeper) [Lodekeeper] NAV calcTool=minecraft:stone_pickaxe slot=7
[16:37:41] [Render thread/INFO] (lodekeeper) [Lodekeeper] NAV backend=baritone mode=FOLLOW event=CALC_FINISHED_NOW_EXECUTING elapsedMs=67
[16:37:41] [Render thread/INFO] (lodekeeper) [Lodekeeper] NAV backend=baritone mode=FOLLOW event=CALC_STARTED elapsedMs=169
[16:37:41] [Render thread/INFO] (lodekeeper) [Lodekeeper] NAV calcTool=minecraft:stone_pickaxe slot=7
[16:37:41] [Render thread/INFO] (lodekeeper) [Lodekeeper] NAV backend=baritone mode=FOLLOW event=CALC_FINISHED_NOW_EXECUTING elapsedMs=170
[16:37:41] [Render thread/INFO] (lodekeeper) [Lodekeeper] NAV backend=baritone mode=FOLLOW event=CALC_STARTED elapsedMs=472
[16:37:41] [Render thread/INFO] (lodekeeper) [Lodekeeper] NAV calcTool=minecraft:stone_pickaxe slot=7
[16:37:41] [Render thread/INFO] (lodekeeper) [Lodekeeper] NAV backend=baritone mode=FOLLOW event=CALC_FINISHED_NOW_EXECUTING elapsedMs=472
[16:37:42] [Render thread/INFO] (lodekeeper) [Lodekeeper] NAV backend=baritone mode=FOLLOW event=CALC_STARTED elapsedMs=505
[16:37:42] [Render thread/INFO] (lodekeeper) [Lodekeeper] NAV calcTool=minecraft:stone_pickaxe slot=7
[16:37:42] [Render thread/INFO] (lodekeeper) [Lodekeeper] NAV backend=baritone mode=FOLLOW event=CALC_FINISHED_NOW_EXECUTING elapsedMs=505
[16:37:42] [Render thread/INFO] (lodekeeper) [Lodekeeper] NAV backend=baritone mode=FOLLOW event=CALC_STARTED elapsedMs=973
[16:37:42] [Render thread/INFO] (lodekeeper) [Lodekeeper] NAV calcTool=minecraft:stone_pickaxe slot=7
[16:37:42] [Render thread/INFO] (lodekeeper) [Lodekeeper] NAV backend=baritone mode=FOLLOW event=CALC_FINISHED_NOW_EXECUTING elapsedMs=973
[16:37:42] [Render thread/INFO] (lodekeeper) [Lodekeeper] NAV backend=baritone mode=FOLLOW event=CALC_STARTED elapsedMs=1173
[16:37:42] [Render thread/INFO] (lodekeeper) [Lodekeeper] NAV calcTool=minecraft:stone_pickaxe slot=7
[16:37:42] [Render thread/INFO] (lodekeeper) [Lodekeeper] NAV backend=baritone mode=FOLLOW event=CALC_FINISHED_NOW_EXECUTING elapsedMs=1174
[16:37:42] [Render thread/INFO] (lodekeeper) [Lodekeeper] NAV backend=baritone mode=FOLLOW event=CALC_STARTED elapsedMs=1206
[16:37:42] [Render thread/INFO] (lodekeeper) [Lodekeeper] NAV calcTool=minecraft:stone_pickaxe slot=7
[16:37:42] [Render thread/INFO] (lodekeeper) [Lodekeeper] NAV backend=baritone mode=FOLLOW event=CALC_FINISHED_NOW_EXECUTING elapsedMs=1207
[16:37:42] [Render thread/INFO] (lodekeeper) [Lodekeeper] FOOD_PURSUIT event=in-reach target=aa8c4e65-49ad-4e3e-ba30-355153a73a18 routes=3 failedRoutes=0 attacks=2 health=4.0 closestBoxDistance=3.0 elapsedMs=8885
[16:37:42] [Render thread/INFO] (lodekeeper) [Lodekeeper] NAV backend=baritone mode=IDLE event=CANCELED elapsedMs=1308
[16:37:42] [Render thread/INFO] (lodekeeper) [Lodekeeper] NAV backend=baritone mode=IDLE event=CANCELED elapsedMs=1308
[16:37:42] [Render thread/INFO] (lodekeeper) [Lodekeeper] NAV backend=baritone mode=IDLE event=CANCELED elapsedMs=1374
[16:37:42] [Render thread/INFO] (lodekeeper) [Lodekeeper] NAV backend=baritone mode=IDLE event=CANCELED elapsedMs=1407
[16:37:42] [Render thread/INFO] (lodekeeper) [Lodekeeper] NAV backend=baritone mode=IDLE event=CANCELED elapsedMs=1475
[16:37:43] [Render thread/INFO] (lodekeeper) [Lodekeeper] FOOD_TOOL slot=7 item=minecraft:stone_pickaxe damage=3.0 wear=2 remainingDurability=127
[16:37:43] [Render thread/INFO] (lodekeeper) [Lodekeeper] FOOD_PURSUIT event=native-attack target=aa8c4e65-49ad-4e3e-ba30-355153a73a18 routes=3 failedRoutes=0 attacks=3 health=4.0 closestBoxDistance=2.68 elapsedMs=9152
[16:37:43] [Render thread/INFO] (lodekeeper) [Lodekeeper] FOOD_PURSUIT event=health-progress target=aa8c4e65-49ad-4e3e-ba30-355153a73a18 routes=3 failedRoutes=0 attacks=3 health=1.0 closestBoxDistance=2.68 elapsedMs=9185
[16:37:43] [Render thread/INFO] (lodekeeper) [Lodekeeper] PROGRESS elapsed_ms=67318 phase=waiting backend=baritone target=none navigation_elapsed_ms=0 navigation_ticks=0 searching=false path_index=0 path_length=0 retries=0 pending_route_events=0 dropped_route_events=0 status=waiting_for_native_attack_cooldown
[16:37:43] [Render thread/INFO] (lodekeeper) [Lodekeeper] FOOD_PURSUIT event=start target=aa8c4e65-49ad-4e3e-ba30-355153a73a18 routes=4 failedRoutes=0 attacks=3 health=1.0 closestBoxDistance=3.08 elapsedMs=9385
[16:37:43] [Render thread/INFO] (lodekeeper) [Lodekeeper] NAV backend=baritone mode=FOLLOW event=CALC_STARTED elapsedMs=2
[16:37:43] [Render thread/INFO] (lodekeeper) [Lodekeeper] NAV calcTool=minecraft:stone_pickaxe slot=7
[16:37:43] [Render thread/INFO] (lodekeeper) [Lodekeeper] NAV backend=baritone mode=FOLLOW event=CALC_FINISHED_NOW_EXECUTING elapsedMs=67
[16:37:43] [Render thread/INFO] (lodekeeper) [Lodekeeper] NAV backend=baritone mode=FOLLOW event=CALC_STARTED elapsedMs=268
[16:37:43] [Render thread/INFO] (lodekeeper) [Lodekeeper] NAV calcTool=minecraft:stone_pickaxe slot=7
[16:37:43] [Render thread/INFO] (lodekeeper) [Lodekeeper] NAV backend=baritone mode=FOLLOW event=CALC_FINISHED_NOW_EXECUTING elapsedMs=269
[16:37:43] [Render thread/INFO] (lodekeeper) [Lodekeeper] FOOD_PURSUIT event=in-reach target=aa8c4e65-49ad-4e3e-ba30-355153a73a18 routes=4 failedRoutes=0 attacks=3 health=1.0 closestBoxDistance=2.98 elapsedMs=9954
[16:37:43] [Render thread/INFO] (lodekeeper) [Lodekeeper] NAV backend=baritone mode=IDLE event=CANCELED elapsedMs=570
[16:37:43] [Render thread/INFO] (lodekeeper) [Lodekeeper] NAV backend=baritone mode=IDLE event=CANCELED elapsedMs=570
[16:37:43] [Render thread/INFO] (lodekeeper) [Lodekeeper] NAV backend=baritone mode=IDLE event=CANCELED elapsedMs=603
[16:37:43] [Render thread/INFO] (lodekeeper) [Lodekeeper] NAV backend=baritone mode=IDLE event=CANCELED elapsedMs=669
[16:37:44] [Render thread/INFO] (lodekeeper) [Lodekeeper] NAV backend=baritone mode=IDLE event=CANCELED elapsedMs=704
[16:37:44] [Render thread/INFO] (lodekeeper) [Lodekeeper] NAV backend=baritone mode=IDLE event=CANCELED elapsedMs=771
[16:37:44] [Render thread/INFO] (lodekeeper) [Lodekeeper] NAV backend=baritone mode=IDLE event=CANCELED elapsedMs=804
[16:37:44] [Render thread/INFO] (lodekeeper) [Lodekeeper] NAV backend=baritone mode=IDLE event=CANCELED elapsedMs=871
[16:37:44] [Render thread/INFO] (lodekeeper) [Lodekeeper] NAV backend=baritone mode=IDLE event=CANCELED elapsedMs=905
[16:37:44] [Render thread/INFO] (lodekeeper) [Lodekeeper] NAV backend=baritone mode=IDLE event=CANCELED elapsedMs=973
[16:37:44] [Render thread/INFO] (lodekeeper) [Lodekeeper] NAV backend=baritone mode=IDLE event=CANCELED elapsedMs=1006
[16:37:44] [Render thread/INFO] (lodekeeper) [Lodekeeper] FOOD_TOOL slot=7 item=minecraft:stone_pickaxe damage=3.0 wear=2 remainingDurability=125
[16:37:44] [Render thread/INFO] (lodekeeper) [Lodekeeper] FOOD_PURSUIT event=native-attack target=aa8c4e65-49ad-4e3e-ba30-355153a73a18 routes=4 failedRoutes=0 attacks=4 health=1.0 closestBoxDistance=2.35 elapsedMs=10492
[16:37:44] [Render thread/INFO] (lodekeeper) [Lodekeeper] FOOD_PURSUIT event=health-progress target=aa8c4e65-49ad-4e3e-ba30-355153a73a18 routes=4 failedRoutes=0 attacks=4 health=0.0 closestBoxDistance=2.35 elapsedMs=10560
[16:37:44] [Render thread/INFO] (lodekeeper) [Lodekeeper] NAV backend=baritone mode=PICKUP event=CALC_STARTED elapsedMs=2
[16:37:44] [Render thread/INFO] (lodekeeper) [Lodekeeper] NAV calcTool=minecraft:stone_pickaxe slot=7
[16:37:44] [Render thread/INFO] (lodekeeper) [Lodekeeper] NAV backend=baritone mode=PICKUP event=CALC_FINISHED_NOW_EXECUTING elapsedMs=33
[16:37:44] [Render thread/INFO] (lodekeeper) [Lodekeeper] NAV backend=baritone mode=PICKUP event=CALC_STARTED elapsedMs=335
[16:37:44] [Render thread/INFO] (lodekeeper) [Lodekeeper] NAV calcTool=minecraft:stone_pickaxe slot=7
[16:37:44] [Render thread/INFO] (lodekeeper) [Lodekeeper] NAV backend=baritone mode=PICKUP event=CALC_FINISHED_NOW_EXECUTING elapsedMs=335
[16:37:45] [Render thread/INFO] (lodekeeper) [Lodekeeper] NAV backend=baritone mode=IDLE event=CANCELED elapsedMs=504
[16:37:45] [Render thread/INFO] (lodekeeper) [Lodekeeper] NAV backend=baritone mode=IDLE event=CANCELED elapsedMs=504
[16:37:45] [Render thread/INFO] (lodekeeper) [Lodekeeper] NAV backend=baritone mode=IDLE event=CANCELED elapsedMs=537
[16:37:45] [Render thread/INFO] (lodekeeper) [Lodekeeper] NAV backend=baritone mode=IDLE event=CANCELED elapsedMs=606
[16:37:45] [Render thread/INFO] (lodekeeper) [Lodekeeper] NAV backend=baritone mode=IDLE event=CANCELED elapsedMs=639
[16:37:45] [Render thread/INFO] (lodekeeper) [Lodekeeper] FOOD_PREPARATION decision=batch_raw_food nutrition=3 cooked_potential=8 target=36
[16:37:45] [Render thread/INFO] (lodekeeper) [Lodekeeper] PROGRESS elapsed_ms=69369 phase=planning backend=baritone target=none navigation_elapsed_ms=0 navigation_ticks=0 searching=false path_index=0 path_length=0 retries=0 pending_route_events=0 dropped_route_events=0 status=planning
[16:37:45] [lodekeeper-planner/INFO] (lodekeeper) [Lodekeeper] PROJECT_MATERIALS project=gear_diamond before=[gather:minecraft:iron_ore:3, gather:minecraft:stone:8, gather:minecraft:diamond_ore:3, gather:minecraft:diamond_ore:3, gather:minecraft:diamond_ore:4, gather:minecraft:diamond_ore:8, gather:minecraft:diamond_ore:5, gather:minecraft:diamond_ore:2, gather:minecraft:diamond_ore:7, gather:minecraft:diamond_ore:1, gather:minecraft:diamond_ore:2] after=[gather:minecraft:iron_ore:3, gather:minecraft:stone:8, gather:minecraft:diamond_ore:3, gather:minecraft:diamond_ore:3, gather:minecraft:diamond_ore:4, gather:minecraft:diamond_ore:8, gather:minecraft:diamond_ore:5, gather:minecraft:diamond_ore:2, gather:minecraft:diamond_ore:7, gather:minecraft:diamond_ore:1, gather:minecraft:diamond_ore:2]
[16:37:45] [lodekeeper-planner/INFO] (lodekeeper) [Lodekeeper] PLAN project=gear_diamond success=true steps=30 branches=142 elapsedMs=6.22608
[16:37:45] [Render thread/INFO] (lodekeeper) [Lodekeeper] STEP kind=GATHER source=gather:minecraft:iron_ore output=minecraft:raw_iron count=3 operations=3 auxiliary=false
[16:37:45] [Render thread/INFO] (lodekeeper) [Lodekeeper] MINING_DEPTH policy=NEAREST desiredY=16 ceiling=2031 deficit=3 phase=MINE blocks=[Block{minecraft:iron_ore}, Block{minecraft:deepslate_iron_ore}]
[16:37:45] [Render thread/INFO] (lodekeeper) [Lodekeeper] NAV scan=native-mine durationNanos=3928963 hits=-1 requestTicks=0
[16:37:45] [Render thread/INFO] (lodekeeper) [Lodekeeper] NAV backend=baritone mode=MINE event=CALC_STARTED elapsedMs=6
[16:37:45] [Render thread/INFO] (lodekeeper) [Lodekeeper] NAV calcTool=minecraft:stone_pickaxe slot=7
[16:37:45] [Render thread/INFO] (lodekeeper) [Lodekeeper] NAV discovered=1 retained=62 rejected=0 requestTicks=2 phase=MINE
[16:37:45] [Render thread/INFO] (lodekeeper) [Lodekeeper] ROUTE_SEARCH kind=unknown anchor=unknown feet_y16=0 candidates=0 target=none elapsed_ms=69603
[16:37:45] [Render thread/INFO] (lodekeeper) [Lodekeeper] NAV discovered=3 retained=64 rejected=0 requestTicks=6 phase=MINE
[16:37:45] [Render thread/INFO] (lodekeeper) [Lodekeeper] NAV discovered=2 retained=64 rejected=0 requestTicks=10 phase=MINE
[16:37:45] [Render thread/INFO] (lodekeeper) [Lodekeeper] NAV backend=baritone mode=MINE event=CALC_FINISHED_NOW_EXECUTING elapsedMs=572
[16:37:45] [Render thread/INFO] (lodekeeper) [Lodekeeper] NAV backend=baritone mode=MINE event=NEXT_SEGMENT_CALC_STARTED elapsedMs=573
[16:37:46] [Render thread/INFO] (lodekeeper) [Lodekeeper] NAV backend=baritone mode=IDLE event=CANCELED elapsedMs=952
[16:37:46] [Render thread/INFO] (lodekeeper) [Lodekeeper] NAV backend=baritone mode=IDLE event=CANCELED elapsedMs=953
[16:37:46] [Render thread/INFO] (lodekeeper) [Lodekeeper] NAV backend=baritone mode=IDLE event=CANCELED elapsedMs=1019
[16:37:46] [Render thread/INFO] (lodekeeper) [Lodekeeper] NAV backend=baritone mode=IDLE event=CANCELED elapsedMs=1054
[16:37:46] [Render thread/INFO] (lodekeeper) [Lodekeeper] NAV backend=baritone mode=IDLE event=CANCELED elapsedMs=1121
[16:37:46] [Render thread/INFO] (lodekeeper) [Lodekeeper] FOOD_PURSUIT event=start target=ab3c0003-ebbe-4bf0-91fa-82f232128f3f routes=1 failedRoutes=0 attacks=0 health=10.0 closestBoxDistance=17.3 elapsedMs=0
[16:37:46] [Render thread/INFO] (lodekeeper) [Lodekeeper] NAV backend=baritone mode=FOLLOW event=CALC_STARTED elapsedMs=1
[16:37:46] [Render thread/INFO] (lodekeeper) [Lodekeeper] NAV calcTool=minecraft:stone_pickaxe slot=7
[16:37:46] [Render thread/INFO] (lodekeeper) [Lodekeeper] NAV backend=baritone mode=FOLLOW event=CALC_FINISHED_NOW_EXECUTING elapsedMs=67
[16:37:47] [Render thread/INFO] (lodekeeper) [Lodekeeper] PROGRESS elapsed_ms=71397 phase=traveling backend=baritone target=none navigation_elapsed_ms=806 navigation_ticks=16 searching=false path_index=0 path_length=13 retries=0 pending_route_events=0 dropped_route_events=0 status=pursuing_cow__1_
[16:37:48] [Render thread/INFO] (lodekeeper) [Lodekeeper] NAV backend=baritone mode=FOLLOW event=CALC_STARTED elapsedMs=2014
[16:37:48] [Render thread/INFO] (lodekeeper) [Lodekeeper] NAV calcTool=minecraft:stone_pickaxe slot=7
[16:37:48] [Render thread/INFO] (lodekeeper) [Lodekeeper] NAV backend=baritone mode=FOLLOW event=CALC_FINISHED_NOW_EXECUTING elapsedMs=2014
[16:37:49] [Render thread/INFO] (lodekeeper) [Lodekeeper] FOOD_PURSUIT event=in-reach target=ab3c0003-ebbe-4bf0-91fa-82f232128f3f routes=1 failedRoutes=0 attacks=0 health=10.0 closestBoxDistance=2.79 elapsedMs=2649
[16:37:49] [Render thread/INFO] (lodekeeper) [Lodekeeper] NAV backend=baritone mode=IDLE event=CALC_STARTED elapsedMs=2650
[16:37:49] [Render thread/INFO] (lodekeeper) [Lodekeeper] NAV calcTool=minecraft:stone_pickaxe slot=7
[16:37:49] [Render thread/INFO] (lodekeeper) [Lodekeeper] NAV backend=baritone mode=IDLE event=CALC_FINISHED_NOW_EXECUTING elapsedMs=2651
[16:37:49] [Render thread/INFO] (lodekeeper) [Lodekeeper] NAV backend=baritone mode=IDLE event=CANCELED elapsedMs=2651
[16:37:49] [Render thread/INFO] (lodekeeper) [Lodekeeper] NAV backend=baritone mode=IDLE event=CANCELED elapsedMs=2651
[16:37:49] [Render thread/INFO] (lodekeeper) [Lodekeeper] NAV backend=baritone mode=IDLE event=CANCELED elapsedMs=2716
[16:37:49] [Render thread/INFO] (lodekeeper) [Lodekeeper] NAV backend=baritone mode=IDLE event=CANCELED elapsedMs=2750
[16:37:49] [Render thread/INFO] (lodekeeper) [Lodekeeper] NAV backend=baritone mode=IDLE event=CANCELED elapsedMs=2817
[16:37:49] [Render thread/INFO] (lodekeeper) [Lodekeeper] PROGRESS elapsed_ms=73408 phase=working backend=baritone target=none navigation_elapsed_ms=0 navigation_ticks=0 searching=false path_index=0 path_length=0 retries=0 pending_route_events=0 dropped_route_events=0 status=stopping_movement_before_attack
[16:37:49] [Render thread/INFO] (lodekeeper) [Lodekeeper] FOOD_TOOL slot=7 item=minecraft:stone_pickaxe damage=3.0 wear=2 remainingDurability=123
[16:37:49] [Render thread/INFO] (lodekeeper) [Lodekeeper] FOOD_PURSUIT event=native-attack target=ab3c0003-ebbe-4bf0-91fa-82f232128f3f routes=1 failedRoutes=0 attacks=1 health=10.0 closestBoxDistance=2.06 elapsedMs=2917
[16:37:49] [Render thread/INFO] (lodekeeper) [Lodekeeper] FOOD_PURSUIT event=health-progress target=ab3c0003-ebbe-4bf0-91fa-82f232128f3f routes=1 failedRoutes=0 attacks=1 health=7.0 closestBoxDistance=1.96 elapsedMs=2950
[16:37:50] [Render thread/INFO] (lodekeeper) [Lodekeeper] FOOD_TOOL slot=7 item=minecraft:stone_pickaxe damage=3.0 wear=2 remainingDurability=121
[16:37:50] [Render thread/INFO] (lodekeeper) [Lodekeeper] FOOD_PURSUIT event=native-attack target=ab3c0003-ebbe-4bf0-91fa-82f232128f3f routes=1 failedRoutes=0 attacks=2 health=7.0 closestBoxDistance=1.9 elapsedMs=3756
[16:37:50] [Render thread/INFO] (lodekeeper) [Lodekeeper] FOOD_PURSUIT event=health-progress target=ab3c0003-ebbe-4bf0-91fa-82f232128f3f routes=1 failedRoutes=0 attacks=2 health=4.0 closestBoxDistance=1.22 elapsedMs=3857
[16:37:51] [Render thread/INFO] (lodekeeper) [Lodekeeper] FOOD_TOOL slot=7 item=minecraft:stone_pickaxe damage=3.0 wear=2 remainingDurability=119
[16:37:51] [Render thread/INFO] (lodekeeper) [Lodekeeper] FOOD_PURSUIT event=native-attack target=ab3c0003-ebbe-4bf0-91fa-82f232128f3f routes=1 failedRoutes=0 attacks=3 health=4.0 closestBoxDistance=0.29 elapsedMs=4595
[16:37:51] [Render thread/INFO] (lodekeeper) [Lodekeeper] FOOD_PURSUIT event=health-progress target=ab3c0003-ebbe-4bf0-91fa-82f232128f3f routes=1 failedRoutes=0 attacks=3 health=1.0 closestBoxDistance=0.22 elapsedMs=4661
[16:37:51] [Render thread/INFO] (lodekeeper) [Lodekeeper] PROGRESS elapsed_ms=75420 phase=waiting backend=baritone target=none navigation_elapsed_ms=0 navigation_ticks=0 searching=false path_index=0 path_length=0 retries=0 pending_route_events=0 dropped_route_events=0 status=waiting_for_native_attack_cooldown
[16:37:51] [Render thread/INFO] (lodekeeper) [Lodekeeper] FOOD_TOOL slot=7 item=minecraft:stone_pickaxe damage=3.0 wear=2 remainingDurability=117
[16:37:51] [Render thread/INFO] (lodekeeper) [Lodekeeper] FOOD_PURSUIT event=native-attack target=ab3c0003-ebbe-4bf0-91fa-82f232128f3f routes=1 failedRoutes=0 attacks=4 health=1.0 closestBoxDistance=0.48 elapsedMs=5442
[16:37:51] [Render thread/INFO] (lodekeeper) [Lodekeeper] FOOD_PURSUIT event=health-progress target=ab3c0003-ebbe-4bf0-91fa-82f232128f3f routes=1 failedRoutes=0 attacks=4 health=0.0 closestBoxDistance=0.43 elapsedMs=5511
[16:37:51] [Render thread/INFO] (lodekeeper) [Lodekeeper] NAV backend=baritone mode=PICKUP event=CALC_STARTED elapsedMs=2
[16:37:51] [Render thread/INFO] (lodekeeper) [Lodekeeper] NAV calcTool=minecraft:stone_pickaxe slot=7
[16:37:52] [Render thread/INFO] (lodekeeper) [Lodekeeper] NAV backend=baritone mode=PICKUP event=CALC_FINISHED_NOW_EXECUTING elapsedMs=70
[16:37:52] [Render thread/INFO] (lodekeeper) [Lodekeeper] NAV backend=baritone mode=PICKUP event=AT_GOAL elapsedMs=170
[16:37:52] [lodekeeper-planner/INFO] (lodekeeper) [Lodekeeper] PROJECT_MATERIALS project=gear_diamond before=[gather:minecraft:iron_ore:3, gather:minecraft:stone:8, gather:minecraft:diamond_ore:3, gather:minecraft:diamond_ore:3, gather:minecraft:diamond_ore:4, gather:minecraft:diamond_ore:8, gather:minecraft:diamond_ore:5, gather:minecraft:diamond_ore:2, gather:minecraft:diamond_ore:7, gather:minecraft:diamond_ore:1, gather:minecraft:diamond_ore:2] after=[gather:minecraft:iron_ore:3, gather:minecraft:stone:8, gather:minecraft:diamond_ore:3, gather:minecraft:diamond_ore:3, gather:minecraft:diamond_ore:4, gather:minecraft:diamond_ore:8, gather:minecraft:diamond_ore:5, gather:minecraft:diamond_ore:2, gather:minecraft:diamond_ore:7, gather:minecraft:diamond_ore:1, gather:minecraft:diamond_ore:2]
[16:37:52] [lodekeeper-planner/INFO] (lodekeeper) [Lodekeeper] PLAN project=gear_diamond success=true steps=30 branches=142 elapsedMs=6.025753
[16:37:52] [Render thread/INFO] (lodekeeper) [Lodekeeper] STEP kind=GATHER source=gather:minecraft:iron_ore output=minecraft:raw_iron count=3 operations=3 auxiliary=false
[16:37:52] [Render thread/INFO] (lodekeeper) [Lodekeeper] MINING_DEPTH policy=NEAREST desiredY=16 ceiling=2031 deficit=3 phase=MINE blocks=[Block{minecraft:iron_ore}, Block{minecraft:deepslate_iron_ore}]
[16:37:52] [Render thread/INFO] (lodekeeper) [Lodekeeper] NAV backend=baritone mode=MINE event=CALC_STARTED elapsedMs=3
[16:37:52] [Render thread/INFO] (lodekeeper) [Lodekeeper] NAV calcTool=minecraft:stone_pickaxe slot=7
[16:37:52] [Render thread/INFO] (lodekeeper) [Lodekeeper] NAV discovered=2 retained=64 rejected=0 requestTicks=3 phase=MINE
[16:37:52] [Render thread/INFO] (lodekeeper) [Lodekeeper] TARGET target=-14,55,42 block=minecraft:iron_ore
[16:37:52] [Render thread/INFO] (lodekeeper) [Lodekeeper] NAV backend=baritone mode=MINE event=CALC_FINISHED_NOW_EXECUTING elapsedMs=201
[16:37:52] [Render thread/INFO] (lodekeeper) [Lodekeeper] NAV discovered=2 retained=64 rejected=0 requestTicks=7 phase=MINE
[16:37:53] [Render thread/INFO] (lodekeeper) [Lodekeeper] PROGRESS elapsed_ms=77445 phase=traveling backend=baritone target=-14,55,42 block=minecraft:iron_ore navigation_elapsed_ms=802 navigation_ticks=16 searching=false path_index=0 path_length=18 retries=0 pending_route_events=0 dropped_route_events=0 status=mining_and_collecting_minecraft:raw_iron___0/3
[16:37:53] [Render thread/INFO] (lodekeeper) [Lodekeeper] TARGET target=none
[16:37:53] [Render thread/INFO] (lodekeeper) [Lodekeeper] NAV backend=baritone mode=IDLE event=CANCELED elapsedMs=937
[16:37:53] [Render thread/INFO] (lodekeeper) [Lodekeeper] NAV backend=baritone mode=IDLE event=CANCELED elapsedMs=937
[16:37:53] [Render thread/INFO] (lodekeeper) [Lodekeeper] NAV backend=baritone mode=IDLE event=CANCELED elapsedMs=971
[16:37:53] [Render thread/INFO] (lodekeeper) [Lodekeeper] NAV backend=baritone mode=IDLE event=CANCELED elapsedMs=1037
[16:37:53] [Render thread/INFO] (lodekeeper) [Lodekeeper] NAV backend=baritone mode=IDLE event=CANCELED elapsedMs=1072
[16:37:53] [Render thread/INFO] (lodekeeper) [Lodekeeper] FOOD_PURSUIT event=start target=13e8a443-04af-4c1e-a373-69d31f7d687e routes=1 failedRoutes=0 attacks=0 health=10.0 closestBoxDistance=8.62 elapsedMs=0
[16:37:53] [Render thread/INFO] (lodekeeper) [Lodekeeper] NAV backend=baritone mode=FOLLOW event=CALC_STARTED elapsedMs=2
[16:37:53] [Render thread/INFO] (lodekeeper) [Lodekeeper] NAV calcTool=minecraft:stone_pickaxe slot=7
[16:37:53] [Render thread/INFO] (lodekeeper) [Lodekeeper] NAV backend=baritone mode=FOLLOW event=CALC_FINISHED_NOW_EXECUTING elapsedMs=34
[16:37:54] [Render thread/INFO] (lodekeeper) [Lodekeeper] FOOD_PURSUIT event=in-reach target=13e8a443-04af-4c1e-a373-69d31f7d687e routes=1 failedRoutes=0 attacks=0 health=10.0 closestBoxDistance=2.98 elapsedMs=1004
[16:37:54] [Render thread/INFO] (lodekeeper) [Lodekeeper] NAV backend=baritone mode=IDLE event=CANCELED elapsedMs=1005
[16:37:54] [Render thread/INFO] (lodekeeper) [Lodekeeper] NAV backend=baritone mode=IDLE event=CANCELED elapsedMs=1005
[16:37:54] [Render thread/INFO] (lodekeeper) [Lodekeeper] NAV backend=baritone mode=IDLE event=CANCELED elapsedMs=1037
[16:37:54] [Render thread/INFO] (lodekeeper) [Lodekeeper] NAV backend=baritone mode=IDLE event=CANCELED elapsedMs=1104
[16:37:54] [Render thread/INFO] (lodekeeper) [Lodekeeper] NAV backend=baritone mode=IDLE event=CANCELED elapsedMs=1138
[16:37:54] [Render thread/INFO] (lodekeeper) [Lodekeeper] NAV backend=baritone mode=IDLE event=CANCELED elapsedMs=1204
[16:37:54] [Render thread/INFO] (lodekeeper) [Lodekeeper] NAV backend=baritone mode=IDLE event=CANCELED elapsedMs=1239
[16:37:54] [Render thread/INFO] (lodekeeper) [Lodekeeper] NAV backend=baritone mode=IDLE event=CANCELED elapsedMs=1306
[16:37:54] [Render thread/INFO] (lodekeeper) [Lodekeeper] FOOD_TOOL slot=7 item=minecraft:stone_pickaxe damage=3.0 wear=2 remainingDurability=115
[16:37:54] [Render thread/INFO] (lodekeeper) [Lodekeeper] FOOD_PURSUIT event=native-attack target=13e8a443-04af-4c1e-a373-69d31f7d687e routes=1 failedRoutes=0 attacks=1 health=10.0 closestBoxDistance=1.95 elapsedMs=1406
[16:37:55] [Render thread/INFO] (lodekeeper) [Lodekeeper] FOOD_PURSUIT event=health-progress target=13e8a443-04af-4c1e-a373-69d31f7d687e routes=1 failedRoutes=0 attacks=1 health=7.0 closestBoxDistance=1.89 elapsedMs=1441
[16:37:55] [Render thread/INFO] (lodekeeper) [Lodekeeper] PROGRESS elapsed_ms=79456 phase=waiting backend=baritone target=none navigation_elapsed_ms=0 navigation_ticks=0 searching=false path_index=0 path_length=0 retries=0 pending_route_events=0 dropped_route_events=0 status=waiting_for_native_attack_cooldown
[16:37:55] [Render thread/INFO] (lodekeeper) [Lodekeeper] FOOD_PURSUIT event=start target=13e8a443-04af-4c1e-a373-69d31f7d687e routes=2 failedRoutes=0 attacks=1 health=7.0 closestBoxDistance=3.08 elapsedMs=1943
[16:37:55] [Render thread/INFO] (lodekeeper) [Lodekeeper] NAV backend=baritone mode=FOLLOW event=CALC_STARTED elapsedMs=2
[16:37:55] [Render thread/INFO] (lodekeeper) [Lodekeeper] NAV calcTool=minecraft:stone_pickaxe slot=7
[16:37:55] [Render thread/INFO] (lodekeeper) [Lodekeeper] NAV backend=baritone mode=FOLLOW event=CALC_FINISHED_NOW_EXECUTING elapsedMs=67
[16:37:55] [Render thread/INFO] (lodekeeper) [Lodekeeper] FOOD_PURSUIT event=in-reach target=13e8a443-04af-4c1e-a373-69d31f7d687e routes=2 failedRoutes=0 attacks=1 health=7.0 closestBoxDistance=2.85 elapsedMs=2144
[16:37:55] [Render thread/INFO] (lodekeeper) [Lodekeeper] NAV backend=baritone mode=IDLE event=CALC_STARTED elapsedMs=201
[16:37:55] [Render thread/INFO] (lodekeeper) [Lodekeeper] NAV calcTool=minecraft:stone_pickaxe slot=7
[16:37:55] [Render thread/INFO] (lodekeeper) [Lodekeeper] NAV backend=baritone mode=IDLE event=CALC_FINISHED_NOW_EXECUTING elapsedMs=202
[16:37:55] [Render thread/INFO] (lodekeeper) [Lodekeeper] NAV backend=baritone mode=IDLE event=CANCELED elapsedMs=202
[16:37:55] [Render thread/INFO] (lodekeeper) [Lodekeeper] NAV backend=baritone mode=IDLE event=CANCELED elapsedMs=202
[16:37:55] [Render thread/INFO] (lodekeeper) [Lodekeeper] NAV backend=baritone mode=IDLE event=CANCELED elapsedMs=268
[16:37:55] [Render thread/INFO] (lodekeeper) [Lodekeeper] NAV backend=baritone mode=IDLE event=CANCELED elapsedMs=303
[16:37:55] [Render thread/INFO] (lodekeeper) [Lodekeeper] NAV backend=baritone mode=IDLE event=CANCELED elapsedMs=368
[16:37:56] [Render thread/INFO] (lodekeeper) [Lodekeeper] FOOD_TOOL slot=7 item=minecraft:stone_pickaxe damage=3.0 wear=2 remainingDurability=113
[16:37:56] [Render thread/INFO] (lodekeeper) [Lodekeeper] FOOD_PURSUIT event=native-attack target=13e8a443-04af-4c1e-a373-69d31f7d687e routes=2 failedRoutes=0 attacks=2 health=7.0 closestBoxDistance=2.74 elapsedMs=2412
[16:37:56] [Render thread/INFO] (lodekeeper) [Lodekeeper] FOOD_PURSUIT event=health-progress target=13e8a443-04af-4c1e-a373-69d31f7d687e routes=2 failedRoutes=0 attacks=2 health=4.0 closestBoxDistance=2.96 elapsedMs=2446
[16:37:56] [Render thread/INFO] (lodekeeper) [Lodekeeper] FOOD_PURSUIT event=start target=13e8a443-04af-4c1e-a373-69d31f7d687e routes=3 failedRoutes=0 attacks=2 health=4.0 closestBoxDistance=3.21 elapsedMs=2480
[16:37:56] [Render thread/INFO] (lodekeeper) [Lodekeeper] NAV backend=baritone mode=FOLLOW event=CALC_STARTED elapsedMs=2
[16:37:56] [Render thread/INFO] (lodekeeper) [Lodekeeper] NAV calcTool=minecraft:stone_pickaxe slot=7
[16:37:56] [Render thread/INFO] (lodekeeper) [Lodekeeper] NAV backend=baritone mode=FOLLOW event=CALC_FINISHED_NOW_EXECUTING elapsedMs=69
[16:37:56] [Render thread/INFO] (lodekeeper) [Lodekeeper] NAV backend=baritone mode=FOLLOW event=CALC_STARTED elapsedMs=268
[16:37:56] [Render thread/INFO] (lodekeeper) [Lodekeeper] NAV calcTool=minecraft:stone_pickaxe slot=7
[16:37:56] [Render thread/INFO] (lodekeeper) [Lodekeeper] NAV backend=baritone mode=FOLLOW event=CALC_FINISHED_NOW_EXECUTING elapsedMs=269
[16:37:56] [Render thread/INFO] (lodekeeper) [Lodekeeper] FOOD_PURSUIT event=in-reach target=13e8a443-04af-4c1e-a373-69d31f7d687e routes=3 failedRoutes=0 attacks=2 health=4.0 closestBoxDistance=2.92 elapsedMs=3049
[16:37:56] [Render thread/INFO] (lodekeeper) [Lodekeeper] NAV backend=baritone mode=IDLE event=CANCELED elapsedMs=569
[16:37:56] [Render thread/INFO] (lodekeeper) [Lodekeeper] NAV backend=baritone mode=IDLE event=CANCELED elapsedMs=569
[16:37:56] [Render thread/INFO] (lodekeeper) [Lodekeeper] NAV backend=baritone mode=IDLE event=CANCELED elapsedMs=602
[16:37:56] [Render thread/INFO] (lodekeeper) [Lodekeeper] NAV backend=baritone mode=IDLE event=CANCELED elapsedMs=671
[16:37:56] [Render thread/INFO] (lodekeeper) [Lodekeeper] NAV backend=baritone mode=IDLE event=CANCELED elapsedMs=703
[16:37:56] [Render thread/INFO] (lodekeeper) [Lodekeeper] FOOD_TOOL slot=7 item=minecraft:stone_pickaxe damage=3.0 wear=2 remainingDurability=111
[16:37:56] [Render thread/INFO] (lodekeeper) [Lodekeeper] FOOD_PURSUIT event=native-attack target=13e8a443-04af-4c1e-a373-69d31f7d687e routes=3 failedRoutes=0 attacks=3 health=4.0 closestBoxDistance=2.95 elapsedMs=3284
[16:37:56] [Render thread/INFO] (lodekeeper) [Lodekeeper] FOOD_PURSUIT event=health-progress target=13e8a443-04af-4c1e-a373-69d31f7d687e routes=3 failedRoutes=0 attacks=3 health=1.0 closestBoxDistance=2.83 elapsedMs=3351
[16:37:57] [Render thread/INFO] (lodekeeper) [Lodekeeper] PROGRESS elapsed_ms=81467 phase=waiting backend=baritone target=none navigation_elapsed_ms=0 navigation_ticks=0 searching=false path_index=0 path_length=0 retries=0 pending_route_events=0 dropped_route_events=0 status=waiting_for_native_attack_cooldown
[16:37:57] [Render thread/INFO] (lodekeeper) [Lodekeeper] FOOD_TOOL slot=7 item=minecraft:stone_pickaxe damage=3.0 wear=2 remainingDurability=109
[16:37:57] [Render thread/INFO] (lodekeeper) [Lodekeeper] FOOD_PURSUIT event=native-attack target=13e8a443-04af-4c1e-a373-69d31f7d687e routes=3 failedRoutes=0 attacks=4 health=1.0 closestBoxDistance=2.46 elapsedMs=4159
[16:37:57] [Render thread/INFO] (lodekeeper) [Lodekeeper] FOOD_PURSUIT event=health-progress target=13e8a443-04af-4c1e-a373-69d31f7d687e routes=3 failedRoutes=0 attacks=4 health=0.0 closestBoxDistance=2.27 elapsedMs=4192
[16:37:57] [Render thread/INFO] (lodekeeper) [Lodekeeper] NAV backend=baritone mode=PICKUP event=CALC_STARTED elapsedMs=1
[16:37:57] [Render thread/INFO] (lodekeeper) [Lodekeeper] NAV calcTool=minecraft:stone_pickaxe slot=7
[16:37:57] [Render thread/INFO] (lodekeeper) [Lodekeeper] NAV backend=baritone mode=PICKUP event=CALC_FINISHED_NOW_EXECUTING elapsedMs=33
[16:37:58] [Render thread/INFO] (lodekeeper) [Lodekeeper] NAV backend=baritone mode=PICKUP event=CALC_STARTED elapsedMs=335
[16:37:58] [Render thread/INFO] (lodekeeper) [Lodekeeper] NAV calcTool=minecraft:stone_pickaxe slot=7
[16:37:58] [Render thread/INFO] (lodekeeper) [Lodekeeper] NAV backend=baritone mode=PICKUP event=CALC_FINISHED_NOW_EXECUTING elapsedMs=335
[16:37:58] [Render thread/INFO] (lodekeeper) [Lodekeeper] NAV backend=baritone mode=PICKUP event=CALC_STARTED elapsedMs=437
[16:37:58] [Render thread/INFO] (lodekeeper) [Lodekeeper] NAV calcTool=minecraft:stone_pickaxe slot=7
[16:37:58] [Render thread/INFO] (lodekeeper) [Lodekeeper] NAV backend=baritone mode=PICKUP event=CALC_FINISHED_NOW_EXECUTING elapsedMs=438
[16:37:58] [Render thread/INFO] (lodekeeper) [Lodekeeper] NAV backend=baritone mode=IDLE event=CANCELED elapsedMs=1074
[16:37:58] [Render thread/INFO] (lodekeeper) [Lodekeeper] NAV backend=baritone mode=IDLE event=CANCELED elapsedMs=1074
[16:37:58] [Render thread/INFO] (lodekeeper) [Lodekeeper] NAV backend=baritone mode=IDLE event=CANCELED elapsedMs=1140
[16:37:59] [Render thread/INFO] (lodekeeper) [Lodekeeper] NAV backend=baritone mode=IDLE event=CANCELED elapsedMs=1175
[16:37:59] [Render thread/INFO] (lodekeeper) [Lodekeeper] NAV backend=baritone mode=IDLE event=CANCELED elapsedMs=1242
[16:37:59] [Render thread/INFO] (lodekeeper) [Lodekeeper] NAV backend=baritone mode=IDLE event=CANCELED elapsedMs=1275
[16:37:59] [Render thread/INFO] (lodekeeper) [Lodekeeper] NAV backend=baritone mode=IDLE event=CANCELED elapsedMs=1342
[16:37:59] [lodekeeper-planner/INFO] (lodekeeper) [Lodekeeper] PROJECT_MATERIALS project=gear_diamond before=[gather:minecraft:iron_ore:3, gather:minecraft:stone:8, gather:minecraft:oak_log:1, gather:minecraft:diamond_ore:3, gather:minecraft:diamond_ore:3, gather:minecraft:diamond_ore:4, gather:minecraft:diamond_ore:8, gather:minecraft:diamond_ore:5, gather:minecraft:diamond_ore:2, gather:minecraft:diamond_ore:7, gather:minecraft:diamond_ore:1, gather:minecraft:acacia_log:1, gather:minecraft:diamond_ore:2] after=[gather:minecraft:iron_ore:3, gather:minecraft:stone:8, gather:minecraft:oak_log:1, gather:minecraft:diamond_ore:3, gather:minecraft:diamond_ore:3, gather:minecraft:diamond_ore:4, gather:minecraft:diamond_ore:8, gather:minecraft:diamond_ore:5, gather:minecraft:diamond_ore:2, gather:minecraft:diamond_ore:7, gather:minecraft:diamond_ore:1, gather:minecraft:acacia_log:1, gather:minecraft:diamond_ore:2]
[16:37:59] [lodekeeper-planner/INFO] (lodekeeper) [Lodekeeper] PLAN project=gear_diamond success=true steps=32 branches=148 elapsedMs=6.977266
[16:37:59] [Render thread/INFO] (lodekeeper) [Lodekeeper] STEP kind=GATHER source=gather:minecraft:iron_ore output=minecraft:raw_iron count=3 operations=3 auxiliary=false
[16:37:59] [Render thread/INFO] (lodekeeper) [Lodekeeper] MINING_DEPTH policy=NEAREST desiredY=16 ceiling=2031 deficit=3 phase=MINE blocks=[Block{minecraft:iron_ore}, Block{minecraft:deepslate_iron_ore}]
[16:37:59] [Render thread/INFO] (lodekeeper) [Lodekeeper] NAV scan=native-mine durationNanos=2668681 hits=-1 requestTicks=0
[16:37:59] [Render thread/INFO] (lodekeeper) [Lodekeeper] NAV backend=baritone mode=MINE event=CALC_STARTED elapsedMs=4
[16:37:59] [Render thread/INFO] (lodekeeper) [Lodekeeper] NAV calcTool=minecraft:stone_pickaxe slot=7
[16:37:59] [Render thread/INFO] (lodekeeper) [Lodekeeper] PROGRESS elapsed_ms=83518 phase=gathering backend=baritone target=none navigation_elapsed_ms=0 navigation_ticks=0 searching=false path_index=0 path_length=0 retries=0 pending_route_events=0 dropped_route_events=0 status=mining_and_collecting_minecraft:raw_iron___0/3
[16:37:59] [Render thread/INFO] (lodekeeper) [Lodekeeper] ROUTE_SEARCH kind=unknown anchor=unknown feet_y16=0 candidates=0 target=none elapsed_ms=83619
[16:37:59] [Render thread/INFO] (lodekeeper) [Lodekeeper] NAV backend=baritone mode=MINE event=CALC_FINISHED_NOW_EXECUTING elapsedMs=436
[16:37:59] [Render thread/INFO] (lodekeeper) [Lodekeeper] TARGET target=-25,47,45 block=minecraft:iron_ore
[16:37:59] [Render thread/INFO] (lodekeeper) [Lodekeeper] ROUTE_TRAVEL path_index=0 path_length=24 target=-25,47,45 block=minecraft:iron_ore elapsed_ms=84022
[16:38:00] [Render thread/INFO] (lodekeeper) [Lodekeeper] TARGET target=none
[16:38:00] [Render thread/INFO] (lodekeeper) [Lodekeeper] NAV backend=baritone mode=IDLE event=CANCELED elapsedMs=950
[16:38:00] [Render thread/INFO] (lodekeeper) [Lodekeeper] NAV backend=baritone mode=IDLE event=CANCELED elapsedMs=950
[16:38:00] [Render thread/INFO] (lodekeeper) [Lodekeeper] NAV backend=baritone mode=IDLE event=CANCELED elapsedMs=982
[16:38:00] [Render thread/INFO] (lodekeeper) [Lodekeeper] NAV backend=baritone mode=IDLE event=CANCELED elapsedMs=1049
[16:38:00] [Render thread/INFO] (lodekeeper) [Lodekeeper] NAV backend=baritone mode=IDLE event=CANCELED elapsedMs=1082
[16:38:00] [Render thread/INFO] (lodekeeper) [Lodekeeper] NAV backend=baritone mode=IDLE event=CANCELED elapsedMs=1149
[16:38:00] [Render thread/INFO] (lodekeeper) [Lodekeeper] NAV backend=baritone mode=IDLE event=CANCELED elapsedMs=1183
[16:38:00] [Render thread/INFO] (lodekeeper) [Lodekeeper] FOOD_PURSUIT event=start target=3284e027-303e-4373-8f34-7c4ddb1f7392 routes=1 failedRoutes=0 attacks=0 health=10.0 closestBoxDistance=8.86 elapsedMs=0
[16:38:00] [Render thread/INFO] (lodekeeper) [Lodekeeper] NAV backend=baritone mode=FOLLOW event=CALC_STARTED elapsedMs=1
[16:38:00] [Render thread/INFO] (lodekeeper) [Lodekeeper] NAV calcTool=minecraft:stone_pickaxe slot=7
[16:38:00] [Render thread/INFO] (lodekeeper) [Lodekeeper] NAV backend=baritone mode=FOLLOW event=CALC_FINISHED_NOW_EXECUTING elapsedMs=35
[16:38:01] [Render thread/INFO] (lodekeeper) [Lodekeeper] PROGRESS elapsed_ms=85576 phase=traveling backend=baritone target=none navigation_elapsed_ms=807 navigation_ticks=16 searching=false path_index=0 path_length=6 retries=0 pending_route_events=0 dropped_route_events=0 status=pursuing_cow__1_
[16:38:01] [Render thread/INFO] (lodekeeper) [Lodekeeper] FOOD_PURSUIT event=in-reach target=3284e027-303e-4373-8f34-7c4ddb1f7392 routes=1 failedRoutes=0 attacks=0 health=10.0 closestBoxDistance=2.92 elapsedMs=1342
[16:38:01] [Render thread/INFO] (lodekeeper) [Lodekeeper] NAV backend=baritone mode=IDLE event=CANCELED elapsedMs=1343
[16:38:01] [Render thread/INFO] (lodekeeper) [Lodekeeper] NAV backend=baritone mode=IDLE event=CANCELED elapsedMs=1343
[16:38:01] [Render thread/INFO] (lodekeeper) [Lodekeeper] NAV backend=baritone mode=IDLE event=CANCELED elapsedMs=1376
[16:38:01] [Render thread/INFO] (lodekeeper) [Lodekeeper] NAV backend=baritone mode=IDLE event=CANCELED elapsedMs=1443
[16:38:02] [Render thread/INFO] (lodekeeper) [Lodekeeper] NAV backend=baritone mode=IDLE event=CANCELED elapsedMs=1477
[16:38:02] [Render thread/INFO] (lodekeeper) [Lodekeeper] FOOD_TOOL slot=7 item=minecraft:stone_pickaxe damage=3.0 wear=2 remainingDurability=107
[16:38:02] [Render thread/INFO] (lodekeeper) [Lodekeeper] FOOD_PURSUIT event=native-attack target=3284e027-303e-4373-8f34-7c4ddb1f7392 routes=1 failedRoutes=0 attacks=1 health=10.0 closestBoxDistance=2.61 elapsedMs=1578
[16:38:02] [Render thread/INFO] (lodekeeper) [Lodekeeper] FOOD_PURSUIT event=health-progress target=3284e027-303e-4373-8f34-7c4ddb1f7392 routes=1 failedRoutes=0 attacks=1 health=7.0 closestBoxDistance=2.6 elapsedMs=1646
[16:38:02] [Render thread/INFO] (lodekeeper) [Lodekeeper] FOOD_PURSUIT event=start target=3284e027-303e-4373-8f34-7c4ddb1f7392 routes=2 failedRoutes=0 attacks=1 health=7.0 closestBoxDistance=3.19 elapsedMs=1880
[16:38:02] [Render thread/INFO] (lodekeeper) [Lodekeeper] NAV backend=baritone mode=FOLLOW event=CALC_STARTED elapsedMs=2
[16:38:02] [Render thread/INFO] (lodekeeper) [Lodekeeper] NAV calcTool=minecraft:stone_pickaxe slot=7
[16:38:02] [Render thread/INFO] (lodekeeper) [Lodekeeper] NAV backend=baritone mode=FOLLOW event=CALC_FINISHED_NOW_EXECUTING elapsedMs=67
[16:38:02] [Render thread/INFO] (lodekeeper) [Lodekeeper] NAV backend=baritone mode=FOLLOW event=CALC_STARTED elapsedMs=202
[16:38:02] [Render thread/INFO] (lodekeeper) [Lodekeeper] NAV calcTool=minecraft:stone_pickaxe slot=7
[16:38:02] [Render thread/INFO] (lodekeeper) [Lodekeeper] NAV backend=baritone mode=FOLLOW event=CALC_FINISHED_NOW_EXECUTING elapsedMs=202
[16:38:02] [Render thread/INFO] (lodekeeper) [Lodekeeper] FOOD_PURSUIT event=in-reach target=3284e027-303e-4373-8f34-7c4ddb1f7392 routes=2 failedRoutes=0 attacks=1 health=7.0 closestBoxDistance=2.96 elapsedMs=2182
[16:38:02] [Render thread/INFO] (lodekeeper) [Lodekeeper] NAV backend=baritone mode=IDLE event=CANCELED elapsedMs=303
[16:38:02] [Render thread/INFO] (lodekeeper) [Lodekeeper] NAV backend=baritone mode=IDLE event=CANCELED elapsedMs=303
[16:38:02] [Render thread/INFO] (lodekeeper) [Lodekeeper] NAV backend=baritone mode=IDLE event=CANCELED elapsedMs=369
[16:38:02] [Render thread/INFO] (lodekeeper) [Lodekeeper] NAV backend=baritone mode=IDLE event=CANCELED elapsedMs=403
[16:38:02] [Render thread/INFO] (lodekeeper) [Lodekeeper] NAV backend=baritone mode=IDLE event=CANCELED elapsedMs=469
[16:38:02] [Render thread/INFO] (lodekeeper) [Lodekeeper] FOOD_TOOL slot=7 item=minecraft:stone_pickaxe damage=3.0 wear=2 remainingDurability=105
[16:38:02] [Render thread/INFO] (lodekeeper) [Lodekeeper] FOOD_PURSUIT event=native-attack target=3284e027-303e-4373-8f34-7c4ddb1f7392 routes=2 failedRoutes=0 attacks=2 health=7.0 closestBoxDistance=2.62 elapsedMs=2450
[16:38:03] [Render thread/INFO] (lodekeeper) [Lodekeeper] FOOD_PURSUIT event=health-progress target=3284e027-303e-4373-8f34-7c4ddb1f7392 routes=2 failedRoutes=0 attacks=2 health=4.0 closestBoxDistance=2.46 elapsedMs=2483
[16:38:03] [Render thread/INFO] (lodekeeper) [Lodekeeper] PROGRESS elapsed_ms=87619 phase=waiting backend=baritone target=none navigation_elapsed_ms=0 navigation_ticks=0 searching=false path_index=0 path_length=0 retries=0 pending_route_events=0 dropped_route_events=0 status=waiting_for_native_attack_cooldown
[16:38:03] [Render thread/INFO] (lodekeeper) [Lodekeeper] FOOD_TOOL slot=7 item=minecraft:stone_pickaxe damage=3.0 wear=2 remainingDurability=103
[16:38:03] [Render thread/INFO] (lodekeeper) [Lodekeeper] FOOD_PURSUIT event=native-attack target=3284e027-303e-4373-8f34-7c4ddb1f7392 routes=2 failedRoutes=0 attacks=3 health=4.0 closestBoxDistance=1.68 elapsedMs=3301
[16:38:03] [Render thread/INFO] (lodekeeper) [Lodekeeper] FOOD_PURSUIT event=health-progress target=3284e027-303e-4373-8f34-7c4ddb1f7392 routes=2 failedRoutes=0 attacks=3 health=1.0 closestBoxDistance=1.37 elapsedMs=3354
[16:38:04] [Render thread/INFO] (lodekeeper) [Lodekeeper] FOOD_TOOL slot=7 item=minecraft:stone_pickaxe damage=3.0 wear=2 remainingDurability=101
[16:38:04] [Render thread/INFO] (lodekeeper) [Lodekeeper] FOOD_PURSUIT event=native-attack target=3284e027-303e-4373-8f34-7c4ddb1f7392 routes=2 failedRoutes=0 attacks=4 health=1.0 closestBoxDistance=0.41 elapsedMs=4156
[16:38:04] [Render thread/INFO] (lodekeeper) [Lodekeeper] FOOD_PURSUIT event=health-progress target=3284e027-303e-4373-8f34-7c4ddb1f7392 routes=2 failedRoutes=0 attacks=4 health=0.0 closestBoxDistance=0.29 elapsedMs=4189
[16:38:04] [Render thread/INFO] (lodekeeper) [Lodekeeper] NAV backend=baritone mode=PICKUP event=CALC_STARTED elapsedMs=1
[16:38:04] [Render thread/INFO] (lodekeeper) [Lodekeeper] NAV calcTool=minecraft:stone_pickaxe slot=7
[16:38:04] [Render thread/INFO] (lodekeeper) [Lodekeeper] NAV backend=baritone mode=PICKUP event=CALC_FINISHED_NOW_EXECUTING elapsedMs=34
[16:38:04] [Render thread/INFO] (lodekeeper) [Lodekeeper] NAV backend=baritone mode=PICKUP event=AT_GOAL elapsedMs=100
[16:38:05] [Render thread/INFO] (lodekeeper) [Lodekeeper] NAV backend=baritone mode=PICKUP event=CALC_STARTED elapsedMs=270
[16:38:05] [Render thread/INFO] (lodekeeper) [Lodekeeper] NAV calcTool=minecraft:stone_pickaxe slot=7
[16:38:05] [Render thread/INFO] (lodekeeper) [Lodekeeper] NAV backend=baritone mode=PICKUP event=CALC_FINISHED_NOW_EXECUTING elapsedMs=336
[16:38:05] [Render thread/INFO] (lodekeeper) [Lodekeeper] NAV backend=baritone mode=IDLE event=CANCELED elapsedMs=437
[16:38:05] [Render thread/INFO] (lodekeeper) [Lodekeeper] NAV backend=baritone mode=IDLE event=CANCELED elapsedMs=437
[16:38:05] [Render thread/INFO] (lodekeeper) [Lodekeeper] NAV backend=baritone mode=IDLE event=CANCELED elapsedMs=469
[16:38:05] [Render thread/INFO] (lodekeeper) [Lodekeeper] NAV backend=baritone mode=IDLE event=CANCELED elapsedMs=536
[16:38:05] [Render thread/INFO] (lodekeeper) [Lodekeeper] FOOD_PREPARATION decision=cook_stored_food nutrition=18 cooked_potential=48 target=36
[16:38:05] [lodekeeper-planner/INFO] (lodekeeper) [Lodekeeper] PROJECT_MATERIALS project=gear_diamond before=[gather:minecraft:iron_ore:3, gather:minecraft:stone:8, gather:minecraft:diamond_ore:3, gather:minecraft:diamond_ore:3, gather:minecraft:diamond_ore:4, gather:minecraft:diamond_ore:8, gather:minecraft:diamond_ore:5, gather:minecraft:diamond_ore:2, gather:minecraft:diamond_ore:7, gather:minecraft:diamond_ore:1, gather:minecraft:diamond_ore:2] after=[gather:minecraft:iron_ore:3, gather:minecraft:stone:8, gather:minecraft:diamond_ore:3, gather:minecraft:diamond_ore:3, gather:minecraft:diamond_ore:4, gather:minecraft:diamond_ore:8, gather:minecraft:diamond_ore:5, gather:minecraft:diamond_ore:2, gather:minecraft:diamond_ore:7, gather:minecraft:diamond_ore:1, gather:minecraft:diamond_ore:2]
[16:38:05] [lodekeeper-planner/INFO] (lodekeeper) [Lodekeeper] PLAN project=gear_diamond success=true steps=30 branches=142 elapsedMs=4.669807
[16:38:05] [Render thread/INFO] (lodekeeper) [Lodekeeper] STEP kind=GATHER source=gather:minecraft:iron_ore output=minecraft:raw_iron count=3 operations=3 auxiliary=false
[16:38:05] [Render thread/INFO] (lodekeeper) [Lodekeeper] MINING_DEPTH policy=NEAREST desiredY=16 ceiling=2031 deficit=3 phase=MINE blocks=[Block{minecraft:iron_ore}, Block{minecraft:deepslate_iron_ore}]
[16:38:05] [Render thread/INFO] (lodekeeper) [Lodekeeper] NAV backend=baritone mode=MINE event=CALC_STARTED elapsedMs=3
[16:38:05] [Render thread/INFO] (lodekeeper) [Lodekeeper] NAV calcTool=minecraft:stone_pickaxe slot=7
[16:38:05] [Render thread/INFO] (lodekeeper) [Lodekeeper] PROGRESS elapsed_ms=89662 phase=gathering backend=baritone target=none navigation_elapsed_ms=0 navigation_ticks=0 searching=false path_index=0 path_length=0 retries=0 pending_route_events=0 dropped_route_events=0 status=mining_and_collecting_minecraft:raw_iron___0/3
[16:38:05] [Render thread/INFO] (lodekeeper) [Lodekeeper] ROUTE_SEARCH kind=unknown anchor=unknown feet_y16=0 candidates=0 target=none elapsed_ms=89762
[16:38:05] [Render thread/INFO] (lodekeeper) [Lodekeeper] NAV backend=baritone mode=MINE event=CALC_FINISHED_NOW_EXECUTING elapsedMs=501
[16:38:06] [Render thread/INFO] (lodekeeper) [Lodekeeper] TARGET target=-24,47,46 block=minecraft:iron_ore
[16:38:06] [Render thread/INFO] (lodekeeper) [Lodekeeper] ROUTE_TRAVEL path_index=0 path_length=25 target=-24,47,46 block=minecraft:iron_ore elapsed_ms=90164
[16:38:07] [Render thread/INFO] (lodekeeper) [Lodekeeper] BREAK target=MutableBlockPos{x=-24, y=64, z=46} block=Block{minecraft:grass_block} tool=minecraft:birch_log slot=0 remaining=-1 required=route
[16:38:07] [Render thread/INFO] (lodekeeper) [Lodekeeper] PROGRESS elapsed_ms=91715 phase=traveling backend=baritone target=-24,47,46 block=minecraft:iron_ore navigation_elapsed_ms=1982 navigation_ticks=40 searching=false path_index=0 path_length=19 retries=0 pending_route_events=0 dropped_route_events=0 status=mining_and_collecting_minecraft:raw_iron___0/3
[16:38:08] [Render thread/INFO] (lodekeeper) [Lodekeeper] BREAK target=MutableBlockPos{x=-24, y=63, z=46} block=Block{minecraft:dirt} tool=minecraft:birch_log slot=0 remaining=-1 required=route
[16:38:09] [Render thread/INFO] (lodekeeper) [Lodekeeper] PROGRESS elapsed_ms=93762 phase=traveling backend=baritone target=-24,47,46 block=minecraft:iron_ore navigation_elapsed_ms=4198 navigation_ticks=84 searching=false path_index=0 path_length=17 retries=0 pending_route_events=0 dropped_route_events=0 status=mining_and_collecting_minecraft:raw_iron___0/3
[16:38:09] [Render thread/INFO] (lodekeeper) [Lodekeeper] BREAK target=MutableBlockPos{x=-24, y=62, z=46} block=Block{minecraft:dirt} tool=minecraft:birch_log slot=0 remaining=-1 required=route
[16:38:10] [Render thread/INFO] (lodekeeper) [Lodekeeper] BREAK target=MutableBlockPos{x=-24, y=61, z=46} block=Block{minecraft:stone} tool=minecraft:stone_pickaxe slot=7 remaining=99 required=route
[16:38:11] [Render thread/INFO] (lodekeeper) [Lodekeeper] BREAK target=MutableBlockPos{x=-24, y=60, z=46} block=Block{minecraft:stone} tool=minecraft:stone_pickaxe slot=7 remaining=98 required=route
[16:38:11] [Render thread/INFO] (lodekeeper) [Lodekeeper] PROGRESS elapsed_ms=95822 phase=traveling backend=baritone target=-24,47,46 block=minecraft:iron_ore navigation_elapsed_ms=6190 navigation_ticks=124 searching=false path_index=0 path_length=15 retries=0 pending_route_events=0 dropped_route_events=0 status=mining_and_collecting_minecraft:raw_iron___0/3
[16:38:12] [Render thread/INFO] (lodekeeper) [Lodekeeper] BREAK target=MutableBlockPos{x=-24, y=59, z=46} block=Block{minecraft:stone} tool=minecraft:stone_pickaxe slot=7 remaining=97 required=route
[16:38:13] [Render thread/INFO] (lodekeeper) [Lodekeeper] BREAK target=MutableBlockPos{x=-24, y=58, z=46} block=Block{minecraft:andesite} tool=minecraft:stone_pickaxe slot=7 remaining=96 required=route
[16:38:13] [Render thread/INFO] (lodekeeper) [Lodekeeper] PROGRESS elapsed_ms=97874 phase=traveling backend=baritone target=-24,47,46 block=minecraft:iron_ore navigation_elapsed_ms=8210 navigation_ticks=164 searching=false path_index=0 path_length=13 retries=0 pending_route_events=0 dropped_route_events=0 status=mining_and_collecting_minecraft:raw_iron___0/3
[16:38:14] [Render thread/INFO] (lodekeeper) [Lodekeeper] BREAK target=MutableBlockPos{x=-24, y=57, z=46} block=Block{minecraft:andesite} tool=minecraft:stone_pickaxe slot=7 remaining=95 required=route
[16:38:15] [Render thread/INFO] (lodekeeper) [Lodekeeper] BREAK target=MutableBlockPos{x=-24, y=56, z=46} block=Block{minecraft:andesite} tool=minecraft:stone_pickaxe slot=7 remaining=94 required=route
[16:38:15] [Render thread/INFO] (lodekeeper) [Lodekeeper] PROGRESS elapsed_ms=99918 phase=traveling backend=baritone target=-24,47,46 block=minecraft:iron_ore navigation_elapsed_ms=10188 navigation_ticks=204 searching=false path_index=0 path_length=11 retries=0 pending_route_events=0 dropped_route_events=0 status=mining_and_collecting_minecraft:raw_iron___0/3
[16:38:16] [Render thread/INFO] (lodekeeper) [Lodekeeper] BREAK target=MutableBlockPos{x=-24, y=55, z=46} block=Block{minecraft:diorite} tool=minecraft:stone_pickaxe slot=7 remaining=93 required=route
[16:38:17] [Render thread/INFO] (lodekeeper) [Lodekeeper] BREAK target=MutableBlockPos{x=-24, y=54, z=46} block=Block{minecraft:diorite} tool=minecraft:stone_pickaxe slot=7 remaining=92 required=route
[16:38:17] [Render thread/INFO] (lodekeeper) [Lodekeeper] PROGRESS elapsed_ms=101970 phase=traveling backend=baritone target=-24,47,46 block=minecraft:iron_ore navigation_elapsed_ms=12406 navigation_ticks=248 searching=false path_index=0 path_length=8 retries=0 pending_route_events=0 dropped_route_events=0 status=mining_and_collecting_minecraft:raw_iron___0/3
[16:38:17] [Render thread/INFO] (lodekeeper) [Lodekeeper] BREAK target=MutableBlockPos{x=-24, y=53, z=46} block=Block{minecraft:stone} tool=minecraft:stone_pickaxe slot=7 remaining=91 required=route
[16:38:18] [Render thread/INFO] (lodekeeper) [Lodekeeper] BREAK target=MutableBlockPos{x=-24, y=52, z=46} block=Block{minecraft:stone} tool=minecraft:stone_pickaxe slot=7 remaining=90 required=route
[16:38:19] [Render thread/INFO] (lodekeeper) [Lodekeeper] BREAK target=MutableBlockPos{x=-24, y=51, z=46} block=Block{minecraft:stone} tool=minecraft:stone_pickaxe slot=7 remaining=89 required=route
[16:38:19] [Render thread/INFO] (lodekeeper) [Lodekeeper] PROGRESS elapsed_ms=104014 phase=traveling backend=baritone target=-24,47,46 block=minecraft:iron_ore navigation_elapsed_ms=14384 navigation_ticks=288 searching=false path_index=0 path_length=6 retries=0 pending_route_events=0 dropped_route_events=0 status=mining_and_collecting_minecraft:raw_iron___0/3
[16:38:20] [Render thread/INFO] (lodekeeper) [Lodekeeper] BREAK target=MutableBlockPos{x=-24, y=50, z=46} block=Block{minecraft:stone} tool=minecraft:stone_pickaxe slot=7 remaining=88 required=route
[16:38:21] [Render thread/INFO] (lodekeeper) [Lodekeeper] BREAK target=MutableBlockPos{x=-24, y=49, z=46} block=Block{minecraft:stone} tool=minecraft:stone_pickaxe slot=7 remaining=87 required=route
[16:38:21] [Render thread/INFO] (lodekeeper) [Lodekeeper] PROGRESS elapsed_ms=106024 phase=traveling backend=baritone target=-24,47,46 block=minecraft:iron_ore navigation_elapsed_ms=16394 navigation_ticks=328 searching=false path_index=0 path_length=4 retries=0 pending_route_events=0 dropped_route_events=0 status=mining_and_collecting_minecraft:raw_iron___0/3
[16:38:22] [Render thread/INFO] (lodekeeper) [Lodekeeper] BREAK target=MutableBlockPos{x=-24, y=48, z=46} block=Block{minecraft:iron_ore} tool=minecraft:stone_pickaxe slot=7 remaining=86 required=minecraft:stone_pickaxe
[16:38:23] [Render thread/INFO] (lodekeeper) [Lodekeeper] NAV discovered=1 retained=64 rejected=0 requestTicks=365 phase=MINE
[16:38:23] [Render thread/INFO] (lodekeeper) [Lodekeeper] BREAK target=MutableBlockPos{x=-24, y=47, z=46} block=Block{minecraft:iron_ore} tool=minecraft:stone_pickaxe slot=7 remaining=85 required=minecraft:stone_pickaxe
[16:38:23] [Render thread/INFO] (lodekeeper) [Lodekeeper] PROGRESS elapsed_ms=108069 phase=traveling backend=baritone target=-24,47,46 block=minecraft:iron_ore navigation_elapsed_ms=18405 navigation_ticks=368 searching=false path_index=0 path_length=2 retries=0 pending_route_events=0 dropped_route_events=0 status=mining_and_collecting_minecraft:raw_iron___0/3
[16:38:25] [Render thread/INFO] (lodekeeper) [Lodekeeper] NAV discovered=1 retained=64 rejected=0 requestTicks=394 phase=MINE
[16:38:25] [Render thread/INFO] (lodekeeper) [Lodekeeper] NAV backend=baritone mode=MINE event=CALC_STARTED elapsedMs=19695
[16:38:25] [Render thread/INFO] (lodekeeper) [Lodekeeper] NAV calcTool=minecraft:stone_pickaxe slot=7
[16:38:25] [Render thread/INFO] (lodekeeper) [Lodekeeper] NAV backend=baritone mode=MINE event=CALC_FINISHED_NOW_EXECUTING elapsedMs=19695
[16:38:25] [Render thread/INFO] (lodekeeper) [Lodekeeper] TARGET target=-25,47,46 block=minecraft:iron_ore
[16:38:25] [Render thread/INFO] (lodekeeper) [Lodekeeper] BREAK target=MutableBlockPos{x=-25, y=48, z=46} block=Block{minecraft:iron_ore} tool=minecraft:stone_pickaxe slot=7 remaining=84 required=minecraft:stone_pickaxe
[16:38:25] [Render thread/INFO] (lodekeeper) [Lodekeeper] PROGRESS elapsed_ms=110097 phase=traveling backend=baritone target=-25,47,46 block=minecraft:iron_ore navigation_elapsed_ms=20400 navigation_ticks=408 searching=false path_index=0 path_length=2 retries=0 pending_route_events=0 dropped_route_events=0 status=mining_and_collecting_minecraft:raw_iron___2/3
[16:38:26] [Render thread/INFO] (lodekeeper) [Lodekeeper] NAV discovered=1 retained=64 rejected=0 requestTicks=423 phase=MINE
[16:38:26] [Render thread/INFO] (lodekeeper) [Lodekeeper] BREAK target=MutableBlockPos{x=-25, y=47, z=46} block=Block{minecraft:iron_ore} tool=minecraft:stone_pickaxe slot=7 remaining=83 required=minecraft:stone_pickaxe
[16:38:26] [Render thread/INFO] (lodekeeper) [Lodekeeper] TARGET target=none
[16:38:27] [lodekeeper-planner/INFO] (lodekeeper) [Lodekeeper] PROJECT_MATERIALS project=gear_diamond before=[gather:minecraft:diamond_ore:3, gather:minecraft:diamond_ore:3, gather:minecraft:diamond_ore:4, gather:minecraft:diamond_ore:8, gather:minecraft:diamond_ore:5, gather:minecraft:diamond_ore:2, gather:minecraft:diamond_ore:7, gather:minecraft:diamond_ore:1, gather:minecraft:diamond_ore:2] after=[gather:minecraft:diamond_ore:3, gather:minecraft:diamond_ore:3, gather:minecraft:diamond_ore:4, gather:minecraft:diamond_ore:8, gather:minecraft:diamond_ore:5, gather:minecraft:diamond_ore:2, gather:minecraft:diamond_ore:7, gather:minecraft:diamond_ore:1, gather:minecraft:diamond_ore:2]
[16:38:27] [lodekeeper-planner/INFO] (lodekeeper) [Lodekeeper] PLAN project=gear_diamond success=true steps=28 branches=133 elapsedMs=6.051157
[16:38:27] [Render thread/INFO] (lodekeeper) [Lodekeeper] STEP kind=PLACE_STATION source=place:minecraft:crafting_table output=null count=0 operations=1 auxiliary=false
[16:38:27] [Render thread/INFO] (lodekeeper) [Lodekeeper] TARGET target=-25,48,46 block=minecraft:crafting_table
[16:38:27] [Render thread/INFO] (lodekeeper) [Lodekeeper] TARGET target=none
[16:38:27] [lodekeeper-planner/INFO] (lodekeeper) [Lodekeeper] PROJECT_MATERIALS project=gear_diamond before=[gather:minecraft:diamond_ore:3, gather:minecraft:diamond_ore:3, gather:minecraft:diamond_ore:4, gather:minecraft:diamond_ore:8, gather:minecraft:diamond_ore:5, gather:minecraft:diamond_ore:2, gather:minecraft:diamond_ore:7, gather:minecraft:diamond_ore:1, gather:minecraft:diamond_ore:2] after=[gather:minecraft:diamond_ore:3, gather:minecraft:diamond_ore:3, gather:minecraft:diamond_ore:4, gather:minecraft:diamond_ore:8, gather:minecraft:diamond_ore:5, gather:minecraft:diamond_ore:2, gather:minecraft:diamond_ore:7, gather:minecraft:diamond_ore:1, gather:minecraft:diamond_ore:2]
[16:38:27] [lodekeeper-planner/INFO] (lodekeeper) [Lodekeeper] PLAN project=gear_diamond success=true steps=27 branches=132 elapsedMs=4.588512
[16:38:27] [Render thread/INFO] (lodekeeper) [Lodekeeper] STEP kind=CRAFT source=server:minecraft:furnace:657 output=minecraft:furnace count=1 operations=1 auxiliary=false
[16:38:27] [Render thread/INFO] (lodekeeper) [Lodekeeper] PROGRESS elapsed_ms=112118 phase=crafting backend=baritone target=none navigation_elapsed_ms=0 navigation_ticks=0 searching=false path_index=0 path_length=0 retries=0 pending_route_events=0 dropped_route_events=0 status=CRAFT_server:minecraft:furnace:657
[16:38:30] [Render thread/INFO] (lodekeeper) [Lodekeeper] PROGRESS elapsed_ms=114161 phase=crafting backend=baritone target=none navigation_elapsed_ms=0 navigation_ticks=0 searching=false path_index=0 path_length=0 retries=0 pending_route_events=0 dropped_route_events=0 status=CRAFT_server:minecraft:furnace:657
[16:38:32] [Render thread/INFO] (lodekeeper) [Lodekeeper] PROGRESS elapsed_ms=116174 phase=crafting backend=baritone target=none navigation_elapsed_ms=0 navigation_ticks=0 searching=false path_index=0 path_length=0 retries=0 pending_route_events=0 dropped_route_events=0 status=CRAFT_server:minecraft:furnace:657
[16:38:33] [lodekeeper-planner/INFO] (lodekeeper) [Lodekeeper] PROJECT_MATERIALS project=gear_diamond before=[gather:minecraft:diamond_ore:3, gather:minecraft:diamond_ore:3, gather:minecraft:diamond_ore:4, gather:minecraft:diamond_ore:8, gather:minecraft:diamond_ore:5, gather:minecraft:diamond_ore:2, gather:minecraft:diamond_ore:7, gather:minecraft:diamond_ore:1, gather:minecraft:diamond_ore:2] after=[gather:minecraft:diamond_ore:3, gather:minecraft:diamond_ore:3, gather:minecraft:diamond_ore:4, gather:minecraft:diamond_ore:8, gather:minecraft:diamond_ore:5, gather:minecraft:diamond_ore:2, gather:minecraft:diamond_ore:7, gather:minecraft:diamond_ore:1, gather:minecraft:diamond_ore:2]
[16:38:33] [lodekeeper-planner/INFO] (lodekeeper) [Lodekeeper] PLAN project=gear_diamond success=true steps=26 branches=129 elapsedMs=4.232018
[16:38:33] [Render thread/INFO] (lodekeeper) [Lodekeeper] STEP kind=PLACE_STATION source=place:minecraft:furnace output=null count=0 operations=1 auxiliary=false
[16:38:33] [Render thread/INFO] (lodekeeper) [Lodekeeper] TARGET target=-24,47,45 block=minecraft:stone
[16:38:34] [Render thread/INFO] (lodekeeper) [Lodekeeper] PROGRESS elapsed_ms=118221 phase=gathering backend=baritone target=-24,47,45 block=minecraft:stone navigation_elapsed_ms=0 navigation_ticks=0 searching=false path_index=0 path_length=0 retries=0 pending_route_events=0 dropped_route_events=0 status=mining_station_head_space
[16:38:35] [Render thread/INFO] (lodekeeper) [Lodekeeper] TARGET target=none
[16:38:35] [lodekeeper-planner/INFO] (lodekeeper) [Lodekeeper] PROJECT_MATERIALS project=gear_diamond before=[gather:minecraft:diamond_ore:3, gather:minecraft:diamond_ore:3, gather:minecraft:diamond_ore:4, gather:minecraft:diamond_ore:8, gather:minecraft:diamond_ore:5, gather:minecraft:diamond_ore:2, gather:minecraft:diamond_ore:7, gather:minecraft:diamond_ore:1, gather:minecraft:diamond_ore:2] after=[gather:minecraft:diamond_ore:3, gather:minecraft:diamond_ore:3, gather:minecraft:diamond_ore:4, gather:minecraft:diamond_ore:8, gather:minecraft:diamond_ore:5, gather:minecraft:diamond_ore:2, gather:minecraft:diamond_ore:7, gather:minecraft:diamond_ore:1, gather:minecraft:diamond_ore:2]
[16:38:35] [lodekeeper-planner/INFO] (lodekeeper) [Lodekeeper] PLAN project=gear_diamond success=true steps=25 branches=128 elapsedMs=3.933753
[16:38:35] [Render thread/INFO] (lodekeeper) [Lodekeeper] SMELT_REQUIREMENTS source=server:minecraft:iron_ingot_from_smelting_raw_iron:768 selected=[SelectedItemRequirement[item=minecraft:raw_iron, count=3, consumed=true, purpose=smelting input, recipeSlot=-1], SelectedItemRequirement[item=minecraft:birch_planks, count=2, consumed=true, purpose=smelting fuel, recipeSlot=-1], SelectedStationRequirement[station=minecraft:furnace, purpose=use station]]
[16:38:35] [Render thread/INFO] (lodekeeper) [Lodekeeper] STEP kind=SMELT source=server:minecraft:iron_ingot_from_smelting_raw_iron:768 output=minecraft:iron_ingot count=3 operations=3 auxiliary=false
[16:38:36] [Render thread/INFO] (lodekeeper) [Lodekeeper] PROGRESS elapsed_ms=120269 phase=smelting backend=baritone target=none navigation_elapsed_ms=0 navigation_ticks=0 searching=false path_index=0 path_length=0 retries=0 pending_route_events=0 dropped_route_events=0 status=SMELT_server:minecraft:iron_ingot_from_smelting_raw_iron:768
[16:38:38] [Render thread/INFO] (lodekeeper) [Lodekeeper] PROGRESS elapsed_ms=122318 phase=smelting backend=baritone target=none navigation_elapsed_ms=0 navigation_ticks=0 searching=false path_index=0 path_length=0 retries=0 pending_route_events=0 dropped_route_events=0 status=SMELT_server:minecraft:iron_ingot_from_smelting_raw_iron:768
[16:38:40] [Render thread/INFO] (lodekeeper) [Lodekeeper] PROGRESS elapsed_ms=124365 phase=smelting backend=baritone target=none navigation_elapsed_ms=0 navigation_ticks=0 searching=false path_index=0 path_length=0 retries=0 pending_route_events=0 dropped_route_events=0 status=SMELT_server:minecraft:iron_ingot_from_smelting_raw_iron:768
[16:38:42] [Render thread/INFO] (lodekeeper) [Lodekeeper] PROGRESS elapsed_ms=126376 phase=smelting backend=baritone target=none navigation_elapsed_ms=0 navigation_ticks=0 searching=false path_index=0 path_length=0 retries=0 pending_route_events=0 dropped_route_events=0 status=SMELT_server:minecraft:iron_ingot_from_smelting_raw_iron:768
[16:38:44] [Render thread/INFO] (lodekeeper) [Lodekeeper] PROGRESS elapsed_ms=128419 phase=smelting backend=baritone target=none navigation_elapsed_ms=0 navigation_ticks=0 searching=false path_index=0 path_length=0 retries=0 pending_route_events=0 dropped_route_events=0 status=SMELT_server:minecraft:iron_ingot_from_smelting_raw_iron:768
[16:38:46] [Render thread/INFO] (lodekeeper) [Lodekeeper] PROGRESS elapsed_ms=130467 phase=smelting backend=baritone target=none navigation_elapsed_ms=0 navigation_ticks=0 searching=false path_index=0 path_length=0 retries=0 pending_route_events=0 dropped_route_events=0 status=SMELT_server:minecraft:iron_ingot_from_smelting_raw_iron:768
[16:38:48] [Render thread/INFO] (lodekeeper) [Lodekeeper] PROGRESS elapsed_ms=132467 phase=smelting backend=baritone target=none navigation_elapsed_ms=0 navigation_ticks=0 searching=false path_index=0 path_length=0 retries=0 pending_route_events=0 dropped_route_events=0 status=SMELT_server:minecraft:iron_ingot_from_smelting_raw_iron:768
[16:38:50] [Render thread/INFO] (lodekeeper) [Lodekeeper] PROGRESS elapsed_ms=134513 phase=smelting backend=baritone target=none navigation_elapsed_ms=0 navigation_ticks=0 searching=false path_index=0 path_length=0 retries=0 pending_route_events=0 dropped_route_events=0 status=SMELT_server:minecraft:iron_ingot_from_smelting_raw_iron:768
[16:38:52] [Render thread/INFO] (lodekeeper) [Lodekeeper] PROGRESS elapsed_ms=136525 phase=smelting backend=baritone target=none navigation_elapsed_ms=0 navigation_ticks=0 searching=false path_index=0 path_length=0 retries=0 pending_route_events=0 dropped_route_events=0 status=SMELT_server:minecraft:iron_ingot_from_smelting_raw_iron:768
[16:38:54] [Render thread/INFO] (lodekeeper) [Lodekeeper] PROGRESS elapsed_ms=138574 phase=smelting backend=baritone target=none navigation_elapsed_ms=0 navigation_ticks=0 searching=false path_index=0 path_length=0 retries=0 pending_route_events=0 dropped_route_events=0 status=SMELT_server:minecraft:iron_ingot_from_smelting_raw_iron:768
[16:38:56] [Render thread/INFO] (lodekeeper) [Lodekeeper] PROGRESS elapsed_ms=140622 phase=smelting backend=baritone target=none navigation_elapsed_ms=0 navigation_ticks=0 searching=false path_index=0 path_length=0 retries=0 pending_route_events=0 dropped_route_events=0 status=SMELT_server:minecraft:iron_ingot_from_smelting_raw_iron:768
[16:38:58] [Render thread/INFO] (lodekeeper) [Lodekeeper] PROGRESS elapsed_ms=142670 phase=smelting backend=baritone target=none navigation_elapsed_ms=0 navigation_ticks=0 searching=false path_index=0 path_length=0 retries=0 pending_route_events=0 dropped_route_events=0 status=SMELT_server:minecraft:iron_ingot_from_smelting_raw_iron:768
[16:39:00] [Render thread/INFO] (lodekeeper) [Lodekeeper] PROGRESS elapsed_ms=144719 phase=smelting backend=baritone target=none navigation_elapsed_ms=0 navigation_ticks=0 searching=false path_index=0 path_length=0 retries=0 pending_route_events=0 dropped_route_events=0 status=SMELT_server:minecraft:iron_ingot_from_smelting_raw_iron:768
[16:39:02] [Render thread/INFO] (lodekeeper) [Lodekeeper] PROGRESS elapsed_ms=146725 phase=smelting backend=baritone target=none navigation_elapsed_ms=0 navigation_ticks=0 searching=false path_index=0 path_length=0 retries=0 pending_route_events=0 dropped_route_events=0 status=SMELT_server:minecraft:iron_ingot_from_smelting_raw_iron:768
[16:39:04] [Render thread/INFO] (lodekeeper) [Lodekeeper] PROGRESS elapsed_ms=148749 phase=smelting backend=baritone target=none navigation_elapsed_ms=0 navigation_ticks=0 searching=false path_index=0 path_length=0 retries=0 pending_route_events=0 dropped_route_events=0 status=SMELT_server:minecraft:iron_ingot_from_smelting_raw_iron:768
[16:39:06] [lodekeeper-planner/INFO] (lodekeeper) [Lodekeeper] PROJECT_MATERIALS project=gear_diamond before=[gather:minecraft:diamond_ore:3, gather:minecraft:diamond_ore:3, gather:minecraft:diamond_ore:4, gather:minecraft:diamond_ore:8, gather:minecraft:diamond_ore:5, gather:minecraft:diamond_ore:2, gather:minecraft:diamond_ore:7, gather:minecraft:diamond_ore:1, gather:minecraft:diamond_ore:2] after=[gather:minecraft:diamond_ore:3, gather:minecraft:diamond_ore:3, gather:minecraft:diamond_ore:4, gather:minecraft:diamond_ore:8, gather:minecraft:diamond_ore:5, gather:minecraft:diamond_ore:2, gather:minecraft:diamond_ore:7, gather:minecraft:diamond_ore:1, gather:minecraft:diamond_ore:2]
[16:39:06] [lodekeeper-planner/INFO] (lodekeeper) [Lodekeeper] PLAN project=gear_diamond success=true steps=24 branches=113 elapsedMs=4.366147
[16:39:06] [Render thread/INFO] (lodekeeper) [Lodekeeper] STEP kind=CRAFT source=server:minecraft:birch_planks:59 output=minecraft:birch_planks count=4 operations=1 auxiliary=false
[16:39:06] [Render thread/INFO] (lodekeeper) [Lodekeeper] PROGRESS elapsed_ms=150763 phase=crafting backend=baritone target=none navigation_elapsed_ms=0 navigation_ticks=0 searching=false path_index=0 path_length=0 retries=0 pending_route_events=0 dropped_route_events=0 status=CRAFT_server:minecraft:birch_planks:59
[16:39:07] [lodekeeper-planner/INFO] (lodekeeper) [Lodekeeper] PROJECT_MATERIALS project=gear_diamond before=[gather:minecraft:diamond_ore:3, gather:minecraft:diamond_ore:3, gather:minecraft:diamond_ore:4, gather:minecraft:diamond_ore:8, gather:minecraft:diamond_ore:5, gather:minecraft:diamond_ore:2, gather:minecraft:diamond_ore:7, gather:minecraft:diamond_ore:1, gather:minecraft:diamond_ore:2] after=[gather:minecraft:diamond_ore:3, gather:minecraft:diamond_ore:3, gather:minecraft:diamond_ore:4, gather:minecraft:diamond_ore:8, gather:minecraft:diamond_ore:5, gather:minecraft:diamond_ore:2, gather:minecraft:diamond_ore:7, gather:minecraft:diamond_ore:1, gather:minecraft:diamond_ore:2]
[16:39:07] [lodekeeper-planner/INFO] (lodekeeper) [Lodekeeper] PLAN project=gear_diamond success=true steps=23 branches=108 elapsedMs=1.780103
[16:39:07] [Render thread/INFO] (lodekeeper) [Lodekeeper] STEP kind=CRAFT source=server:minecraft:stick:1422 output=minecraft:stick count=4 operations=1 auxiliary=false
[16:39:08] [Render thread/INFO] (lodekeeper) [Lodekeeper] PROGRESS elapsed_ms=152771 phase=crafting backend=baritone target=none navigation_elapsed_ms=0 navigation_ticks=0 searching=false path_index=0 path_length=0 retries=0 pending_route_events=0 dropped_route_events=0 status=CRAFT_server:minecraft:stick:1422
[16:39:09] [lodekeeper-planner/INFO] (lodekeeper) [Lodekeeper] PROJECT_MATERIALS project=gear_diamond before=[gather:minecraft:diamond_ore:3, gather:minecraft:diamond_ore:3, gather:minecraft:diamond_ore:4, gather:minecraft:diamond_ore:8, gather:minecraft:diamond_ore:5, gather:minecraft:diamond_ore:2, gather:minecraft:diamond_ore:7, gather:minecraft:diamond_ore:1, gather:minecraft:diamond_ore:2] after=[gather:minecraft:diamond_ore:3, gather:minecraft:diamond_ore:3, gather:minecraft:diamond_ore:4, gather:minecraft:diamond_ore:8, gather:minecraft:diamond_ore:5, gather:minecraft:diamond_ore:2, gather:minecraft:diamond_ore:7, gather:minecraft:diamond_ore:1, gather:minecraft:diamond_ore:2]
[16:39:09] [lodekeeper-planner/INFO] (lodekeeper) [Lodekeeper] PLAN project=gear_diamond success=true steps=22 branches=104 elapsedMs=1.551666
[16:39:09] [Render thread/INFO] (lodekeeper) [Lodekeeper] STEP kind=CRAFT source=server:minecraft:iron_pickaxe:773 output=minecraft:iron_pickaxe count=1 operations=1 auxiliary=false
[16:39:10] [Render thread/INFO] (lodekeeper) [Lodekeeper] PROGRESS elapsed_ms=154818 phase=crafting backend=baritone target=none navigation_elapsed_ms=0 navigation_ticks=0 searching=false path_index=0 path_length=0 retries=0 pending_route_events=0 dropped_route_events=0 status=CRAFT_server:minecraft:iron_pickaxe:773
[16:39:12] [Render thread/INFO] (lodekeeper) [Lodekeeper] PROGRESS elapsed_ms=156869 phase=crafting backend=baritone target=none navigation_elapsed_ms=0 navigation_ticks=0 searching=false path_index=0 path_length=0 retries=0 pending_route_events=0 dropped_route_events=0 status=CRAFT_server:minecraft:iron_pickaxe:773
[16:39:13] [lodekeeper-planner/INFO] (lodekeeper) [Lodekeeper] PROJECT_MATERIALS project=gear_diamond before=[gather:minecraft:diamond_ore:3, gather:minecraft:diamond_ore:3, gather:minecraft:diamond_ore:4, gather:minecraft:diamond_ore:8, gather:minecraft:diamond_ore:5, gather:minecraft:diamond_ore:2, gather:minecraft:diamond_ore:7, gather:minecraft:diamond_ore:1, gather:minecraft:diamond_ore:2] after=[gather:minecraft:diamond_ore:3, gather:minecraft:diamond_ore:3, gather:minecraft:diamond_ore:4, gather:minecraft:diamond_ore:8, gather:minecraft:diamond_ore:5, gather:minecraft:diamond_ore:2, gather:minecraft:diamond_ore:7, gather:minecraft:diamond_ore:1, gather:minecraft:diamond_ore:2]
[16:39:13] [lodekeeper-planner/INFO] (lodekeeper) [Lodekeeper] PLAN project=gear_diamond success=true steps=21 branches=99 elapsedMs=1.706561
[16:39:13] [Render thread/INFO] (lodekeeper) [Lodekeeper] STEP kind=GATHER source=gather:minecraft:diamond_ore output=minecraft:diamond count=3 operations=3 auxiliary=false
[16:39:14] [Render thread/INFO] (lodekeeper) [Lodekeeper] PROGRESS elapsed_ms=158913 phase=gathering backend=baritone target=none navigation_elapsed_ms=0 navigation_ticks=0 searching=false path_index=0 path_length=0 retries=0 pending_route_events=0 dropped_route_events=0 status=mining_the_recorded_owned_crafting_table
[16:39:16] [Render thread/INFO] (lodekeeper) [Lodekeeper] PROGRESS elapsed_ms=160961 phase=gathering backend=baritone target=none navigation_elapsed_ms=0 navigation_ticks=0 searching=false path_index=0 path_length=0 retries=0 pending_route_events=0 dropped_route_events=0 status=mining_the_recorded_owned_crafting_table
[16:39:17] [Render thread/INFO] (lodekeeper) [Lodekeeper] NAV backend=baritone mode=PICKUP event=CALC_STARTED elapsedMs=3
[16:39:17] [Render thread/INFO] (lodekeeper) [Lodekeeper] NAV calcTool=minecraft:birch_log slot=0
[16:39:17] [Render thread/INFO] (lodekeeper) [Lodekeeper] NAV backend=baritone mode=PICKUP event=CALC_FINISHED_NOW_EXECUTING elapsedMs=34
[16:39:17] [Render thread/INFO] (lodekeeper) [Lodekeeper] BREAK target=MutableBlockPos{x=-25, y=49, z=46} block=Block{minecraft:stone} tool=minecraft:iron_pickaxe slot=1 remaining=250 required=route
[16:39:17] [lodekeeper-planner/INFO] (lodekeeper) [Lodekeeper] PROJECT_MATERIALS project=gear_diamond before=[gather:minecraft:diamond_ore:3, gather:minecraft:diamond_ore:3, gather:minecraft:diamond_ore:4, gather:minecraft:diamond_ore:8, gather:minecraft:diamond_ore:5, gather:minecraft:diamond_ore:2, gather:minecraft:diamond_ore:7, gather:minecraft:diamond_ore:1, gather:minecraft:diamond_ore:2] after=[gather:minecraft:diamond_ore:3, gather:minecraft:diamond_ore:3, gather:minecraft:diamond_ore:4, gather:minecraft:diamond_ore:8, gather:minecraft:diamond_ore:5, gather:minecraft:diamond_ore:2, gather:minecraft:diamond_ore:7, gather:minecraft:diamond_ore:1, gather:minecraft:diamond_ore:2]
[16:39:17] [lodekeeper-planner/INFO] (lodekeeper) [Lodekeeper] PLAN project=gear_diamond success=true steps=22 branches=100 elapsedMs=1.660021
[16:39:17] [Render thread/INFO] (lodekeeper) [Lodekeeper] STEP kind=GATHER source=gather:minecraft:diamond_ore output=minecraft:diamond count=3 operations=3 auxiliary=false
[16:39:17] [Render thread/INFO] (lodekeeper) [Lodekeeper] MINING_DEPTH policy=NEAREST desiredY=-55 ceiling=2031 deficit=3 phase=MINE blocks=[Block{minecraft:diamond_ore}, Block{minecraft:deepslate_diamond_ore}]
[16:39:17] [Render thread/INFO] (lodekeeper) [Lodekeeper] NAV scan=native-mine durationNanos=6020001 hits=-1 requestTicks=0
[16:39:17] [Render thread/INFO] (lodekeeper) [Lodekeeper] NAV backend=baritone mode=MINE event=CALC_STARTED elapsedMs=9
[16:39:17] [Render thread/INFO] (lodekeeper) [Lodekeeper] NAV calcTool=minecraft:iron_pickaxe slot=1
[16:39:18] [Render thread/INFO] (lodekeeper) [Lodekeeper] ROUTE_SEARCH kind=unknown anchor=unknown feet_y16=0 candidates=0 target=none elapsed_ms=162202
[16:39:18] [Render thread/INFO] (lodekeeper) [Lodekeeper] NAV backend=baritone mode=MINE event=CALC_FINISHED_NOW_EXECUTING elapsedMs=568
[16:39:18] [Render thread/INFO] (lodekeeper) [Lodekeeper] ROUTE_TRAVEL path_index=0 path_length=30 target=none elapsed_ms=162603
[16:39:18] [Render thread/INFO] (lodekeeper) [Lodekeeper] BREAK target=MutableBlockPos{x=-24, y=46, z=46} block=Block{minecraft:stone} tool=minecraft:iron_pickaxe slot=1 remaining=250 required=route
[16:39:18] [Render thread/INFO] (lodekeeper) [Lodekeeper] PROGRESS elapsed_ms=162970 phase=traveling backend=baritone target=none navigation_elapsed_ms=801 navigation_ticks=16 searching=false path_index=0 path_length=30 retries=0 pending_route_events=0 dropped_route_events=0 status=mining_and_collecting_minecraft:diamond___0/3
[16:39:19] [Render thread/INFO] (lodekeeper) [Lodekeeper] BREAK target=MutableBlockPos{x=-24, y=45, z=46} block=Block{minecraft:stone} tool=minecraft:iron_pickaxe slot=1 remaining=249 required=route
[16:39:19] [Render thread/INFO] (lodekeeper) [Lodekeeper] BREAK target=MutableBlockPos{x=-24, y=44, z=46} block=Block{minecraft:stone} tool=minecraft:iron_pickaxe slot=1 remaining=248 required=route
[16:39:20] [Render thread/INFO] (lodekeeper) [Lodekeeper] BREAK target=MutableBlockPos{x=-24, y=43, z=46} block=Block{minecraft:stone} tool=minecraft:iron_pickaxe slot=1 remaining=247 required=route
[16:39:20] [Render thread/INFO] (lodekeeper) [Lodekeeper] PROGRESS elapsed_ms=165019 phase=traveling backend=baritone target=none navigation_elapsed_ms=3016 navigation_ticks=60 searching=false path_index=0 path_length=27 retries=0 pending_route_events=0 dropped_route_events=0 status=mining_and_collecting_minecraft:diamond___0/3
[16:39:21] [Render thread/INFO] (lodekeeper) [Lodekeeper] BREAK target=MutableBlockPos{x=-23, y=44, z=46} block=Block{minecraft:stone} tool=minecraft:iron_pickaxe slot=1 remaining=246 required=route
[16:39:21] [Render thread/INFO] (lodekeeper) [Lodekeeper] BREAK target=MutableBlockPos{x=-23, y=43, z=46} block=Block{minecraft:stone} tool=minecraft:iron_pickaxe slot=1 remaining=245 required=route
[16:39:22] [Render thread/INFO] (lodekeeper) [Lodekeeper] BREAK target=MutableBlockPos{x=-23, y=42, z=46} block=Block{minecraft:stone} tool=minecraft:iron_pickaxe slot=1 remaining=244 required=route
[16:39:22] [Render thread/INFO] (lodekeeper) [Lodekeeper] PROGRESS elapsed_ms=167069 phase=traveling backend=baritone target=none navigation_elapsed_ms=5000 navigation_ticks=100 searching=false path_index=0 path_length=26 retries=0 pending_route_events=0 dropped_route_events=0 status=mining_and_collecting_minecraft:diamond___0/3
[16:39:23] [Render thread/INFO] (lodekeeper) [Lodekeeper] BREAK target=MutableBlockPos{x=-23, y=41, z=46} block=Block{minecraft:stone} tool=minecraft:iron_pickaxe slot=1 remaining=243 required=route
[16:39:24] [Render thread/INFO] (lodekeeper) [Lodekeeper] BREAK target=MutableBlockPos{x=-23, y=40, z=46} block=Block{minecraft:stone} tool=minecraft:iron_pickaxe slot=1 remaining=242 required=route
[16:39:24] [Render thread/INFO] (lodekeeper) [Lodekeeper] PROGRESS elapsed_ms=169120 phase=traveling backend=baritone target=none navigation_elapsed_ms=7015 navigation_ticks=140 searching=false path_index=0 path_length=24 retries=0 pending_route_events=0 dropped_route_events=0 status=mining_and_collecting_minecraft:diamond___0/3
[16:39:25] [Render thread/INFO] (lodekeeper) [Lodekeeper] BREAK target=MutableBlockPos{x=-23, y=39, z=46} block=Block{minecraft:stone} tool=minecraft:iron_pickaxe slot=1 remaining=241 required=route
[16:39:25] [Render thread/INFO] (lodekeeper) [Lodekeeper] BREAK target=MutableBlockPos{x=-23, y=38, z=46} block=Block{minecraft:stone} tool=minecraft:iron_pickaxe slot=1 remaining=240 required=route
[16:39:26] [Render thread/INFO] (lodekeeper) [Lodekeeper] BREAK target=MutableBlockPos{x=-23, y=37, z=46} block=Block{minecraft:stone} tool=minecraft:iron_pickaxe slot=1 remaining=239 required=route
[16:39:27] [Render thread/INFO] (lodekeeper) [Lodekeeper] PROGRESS elapsed_ms=171168 phase=traveling backend=baritone target=none navigation_elapsed_ms=8999 navigation_ticks=180 searching=false path_index=0 path_length=21 retries=0 pending_route_events=0 dropped_route_events=0 status=mining_and_collecting_minecraft:diamond___0/3
[16:39:27] [Render thread/INFO] (lodekeeper) [Lodekeeper] BREAK target=MutableBlockPos{x=-23, y=36, z=46} block=Block{minecraft:andesite} tool=minecraft:iron_pickaxe slot=1 remaining=238 required=route
[16:39:27] [Render thread/INFO] (lodekeeper) [Lodekeeper] BREAK target=MutableBlockPos{x=-23, y=35, z=46} block=Block{minecraft:andesite} tool=minecraft:iron_pickaxe slot=1 remaining=237 required=route
[16:39:28] [Render thread/INFO] (lodekeeper) [Lodekeeper] BREAK target=MutableBlockPos{x=-23, y=34, z=46} block=Block{minecraft:andesite} tool=minecraft:iron_pickaxe slot=1 remaining=236 required=route
[16:39:29] [Render thread/INFO] (lodekeeper) [Lodekeeper] PROGRESS elapsed_ms=173198 phase=traveling backend=baritone target=none navigation_elapsed_ms=11196 navigation_ticks=224 searching=false path_index=0 path_length=18 retries=0 pending_route_events=0 dropped_route_events=0 status=mining_and_collecting_minecraft:diamond___0/3
[16:39:29] [Render thread/INFO] (lodekeeper) [Lodekeeper] BREAK target=MutableBlockPos{x=-23, y=33, z=46} block=Block{minecraft:andesite} tool=minecraft:iron_pickaxe slot=1 remaining=235 required=route
[16:39:29] [Render thread/INFO] (lodekeeper) [Lodekeeper] BREAK target=MutableBlockPos{x=-23, y=32, z=46} block=Block{minecraft:andesite} tool=minecraft:iron_pickaxe slot=1 remaining=234 required=route
[16:39:30] [Render thread/INFO] (lodekeeper) [Lodekeeper] BREAK target=MutableBlockPos{x=-23, y=31, z=46} block=Block{minecraft:andesite} tool=minecraft:iron_pickaxe slot=1 remaining=233 required=route
[16:39:31] [Render thread/INFO] (lodekeeper) [Lodekeeper] PROGRESS elapsed_ms=175206 phase=traveling backend=baritone target=none navigation_elapsed_ms=13204 navigation_ticks=264 searching=false path_index=0 path_length=15 retries=0 pending_route_events=0 dropped_route_events=0 status=mining_and_collecting_minecraft:diamond___0/3
[16:39:31] [Render thread/INFO] (lodekeeper) [Lodekeeper] BREAK target=MutableBlockPos{x=-23, y=30, z=46} block=Block{minecraft:stone} tool=minecraft:iron_pickaxe slot=1 remaining=232 required=route
[16:39:32] [Render thread/INFO] (lodekeeper) [Lodekeeper] BREAK target=MutableBlockPos{x=-23, y=29, z=46} block=Block{minecraft:diorite} tool=minecraft:iron_pickaxe slot=1 remaining=231 required=route
[16:39:32] [Render thread/INFO] (lodekeeper) [Lodekeeper] BREAK target=MutableBlockPos{x=-23, y=28, z=46} block=Block{minecraft:diorite} tool=minecraft:iron_pickaxe slot=1 remaining=230 required=route
[16:39:33] [Render thread/INFO] (lodekeeper) [Lodekeeper] PROGRESS elapsed_ms=177210 phase=traveling backend=baritone target=none navigation_elapsed_ms=15207 navigation_ticks=304 searching=false path_index=0 path_length=12 retries=0 pending_route_events=0 dropped_route_events=0 status=mining_and_collecting_minecraft:diamond___0/3
[16:39:33] [Render thread/INFO] (lodekeeper) [Lodekeeper] NAV backend=baritone mode=MINE event=NEXT_SEGMENT_CALC_STARTED elapsedMs=15412
[16:39:33] [Render thread/INFO] (lodekeeper) [Lodekeeper] ROUTE_SEARCH kind=unknown anchor=unknown feet_y16=0 candidates=0 target=none elapsed_ms=177615
[16:39:33] [Render thread/INFO] (lodekeeper) [Lodekeeper] BREAK target=MutableBlockPos{x=-23, y=27, z=46} block=Block{minecraft:diorite} tool=minecraft:iron_pickaxe slot=1 remaining=229 required=route
[16:39:33] [Render thread/INFO] (lodekeeper) [Lodekeeper] NAV backend=baritone mode=MINE event=NEXT_SEGMENT_CALC_FINISHED elapsedMs=15850
[16:39:33] [Render thread/INFO] (lodekeeper) [Lodekeeper] TARGET target=-18,-10,42 block=minecraft:deepslate_diamond_ore
[16:39:33] [Render thread/INFO] (lodekeeper) [Lodekeeper] ROUTE_TRAVEL path_index=0 path_length=40 target=-18,-10,42 block=minecraft:deepslate_diamond_ore elapsed_ms=178020
[16:39:34] [Render thread/INFO] (lodekeeper) [Lodekeeper] BREAK target=MutableBlockPos{x=-23, y=26, z=46} block=Block{minecraft:diorite} tool=minecraft:iron_pickaxe slot=1 remaining=228 required=route
[16:39:34] [Render thread/INFO] (lodekeeper) [Lodekeeper] BREAK target=MutableBlockPos{x=-23, y=25, z=46} block=Block{minecraft:diorite} tool=minecraft:iron_pickaxe slot=1 remaining=227 required=route
[16:39:35] [Render thread/INFO] (lodekeeper) [Lodekeeper] PROGRESS elapsed_ms=179226 phase=traveling backend=baritone target=-18,-10,42 block=minecraft:deepslate_diamond_ore navigation_elapsed_ms=17223 navigation_ticks=344 searching=false path_index=0 path_length=38 retries=0 pending_route_events=0 dropped_route_events=0 status=mining_and_collecting_minecraft:diamond___0/3
[16:39:35] [Render thread/INFO] (lodekeeper) [Lodekeeper] BREAK target=MutableBlockPos{x=-23, y=24, z=46} block=Block{minecraft:stone} tool=minecraft:iron_pickaxe slot=1 remaining=226 required=route
[16:39:36] [Render thread/INFO] (lodekeeper) [Lodekeeper] BREAK target=MutableBlockPos{x=-23, y=23, z=46} block=Block{minecraft:stone} tool=minecraft:iron_pickaxe slot=1 remaining=225 required=route
[16:39:36] [Render thread/INFO] (lodekeeper) [Lodekeeper] BREAK target=MutableBlockPos{x=-23, y=22, z=46} block=Block{minecraft:stone} tool=minecraft:iron_pickaxe slot=1 remaining=224 required=route
[16:39:37] [Render thread/INFO] (lodekeeper) [Lodekeeper] PROGRESS elapsed_ms=181273 phase=traveling backend=baritone target=-18,-10,42 block=minecraft:deepslate_diamond_ore navigation_elapsed_ms=19204 navigation_ticks=384 searching=false path_index=0 path_length=35 retries=0 pending_route_events=0 dropped_route_events=0 status=mining_and_collecting_minecraft:diamond___0/3
[16:39:37] [Render thread/INFO] (lodekeeper) [Lodekeeper] BREAK target=MutableBlockPos{x=-23, y=21, z=46} block=Block{minecraft:stone} tool=minecraft:iron_pickaxe slot=1 remaining=223 required=route
[16:39:38] [Render thread/INFO] (lodekeeper) [Lodekeeper] BREAK target=MutableBlockPos{x=-23, y=20, z=46} block=Block{minecraft:stone} tool=minecraft:iron_pickaxe slot=1 remaining=222 required=route
[16:39:39] [Render thread/INFO] (lodekeeper) [Lodekeeper] BREAK target=MutableBlockPos{x=-23, y=19, z=46} block=Block{minecraft:granite} tool=minecraft:iron_pickaxe slot=1 remaining=221 required=route
[16:39:39] [Render thread/INFO] (lodekeeper) [Lodekeeper] PROGRESS elapsed_ms=183323 phase=traveling backend=baritone target=-18,-10,42 block=minecraft:deepslate_diamond_ore navigation_elapsed_ms=21220 navigation_ticks=424 searching=false path_index=0 path_length=32 retries=0 pending_route_events=0 dropped_route_events=0 status=mining_and_collecting_minecraft:diamond___0/3
[16:39:39] [Render thread/INFO] (lodekeeper) [Lodekeeper] BREAK target=MutableBlockPos{x=-23, y=18, z=46} block=Block{minecraft:granite} tool=minecraft:iron_pickaxe slot=1 remaining=220 required=route
[16:39:40] [Render thread/INFO] (lodekeeper) [Lodekeeper] BREAK target=MutableBlockPos{x=-23, y=17, z=46} block=Block{minecraft:granite} tool=minecraft:iron_pickaxe slot=1 remaining=219 required=route
[16:39:41] [Render thread/INFO] (lodekeeper) [Lodekeeper] BREAK target=MutableBlockPos{x=-23, y=18, z=45} block=Block{minecraft:granite} tool=minecraft:iron_pickaxe slot=1 remaining=218 required=route
[16:39:41] [Render thread/INFO] (lodekeeper) [Lodekeeper] PROGRESS elapsed_ms=185368 phase=traveling backend=baritone target=-18,-10,42 block=minecraft:deepslate_diamond_ore navigation_elapsed_ms=23198 navigation_ticks=464 searching=false path_index=0 path_length=29 retries=0 pending_route_events=0 dropped_route_events=0 status=mining_and_collecting_minecraft:diamond___0/3
[16:39:41] [Render thread/INFO] (lodekeeper) [Lodekeeper] BREAK target=MutableBlockPos{x=-23, y=17, z=45} block=Block{minecraft:granite} tool=minecraft:iron_pickaxe slot=1 remaining=217 required=route
[16:39:42] [Render thread/INFO] (lodekeeper) [Lodekeeper] BREAK target=MutableBlockPos{x=-23, y=16, z=45} block=Block{minecraft:granite} tool=minecraft:iron_pickaxe slot=1 remaining=216 required=route
[16:39:43] [Render thread/INFO] (lodekeeper) [Lodekeeper] PROGRESS elapsed_ms=187419 phase=traveling backend=baritone target=-18,-10,42 block=minecraft:deepslate_diamond_ore navigation_elapsed_ms=25416 navigation_ticks=508 searching=false path_index=0 path_length=29 retries=0 pending_route_events=0 dropped_route_events=0 status=mining_and_collecting_minecraft:diamond___0/3
[16:39:43] [Render thread/INFO] (lodekeeper) [Lodekeeper] BREAK target=MutableBlockPos{x=-23, y=15, z=45} block=Block{minecraft:granite} tool=minecraft:iron_pickaxe slot=1 remaining=215 required=route
[16:39:44] [Render thread/INFO] (lodekeeper) [Lodekeeper] BREAK target=MutableBlockPos{x=-23, y=14, z=45} block=Block{minecraft:diorite} tool=minecraft:iron_pickaxe slot=1 remaining=214 required=route
[16:39:44] [Render thread/INFO] (lodekeeper) [Lodekeeper] BREAK target=MutableBlockPos{x=-23, y=13, z=45} block=Block{minecraft:diorite} tool=minecraft:iron_pickaxe slot=1 remaining=213 required=route
[16:39:45] [Render thread/INFO] (lodekeeper) [Lodekeeper] PROGRESS elapsed_ms=189471 phase=traveling backend=baritone target=-18,-10,42 block=minecraft:deepslate_diamond_ore navigation_elapsed_ms=27401 navigation_ticks=548 searching=false path_index=0 path_length=26 retries=0 pending_route_events=0 dropped_route_events=0 status=mining_and_collecting_minecraft:diamond___0/3
[16:39:45] [Render thread/INFO] (lodekeeper) [Lodekeeper] BREAK target=MutableBlockPos{x=-23, y=12, z=45} block=Block{minecraft:granite} tool=minecraft:iron_pickaxe slot=1 remaining=212 required=route
[16:39:46] [Render thread/INFO] (lodekeeper) [Lodekeeper] BREAK target=MutableBlockPos{x=-23, y=11, z=45} block=Block{minecraft:granite} tool=minecraft:iron_pickaxe slot=1 remaining=211 required=route
[16:39:47] [Render thread/INFO] (lodekeeper) [Lodekeeper] BREAK target=MutableBlockPos{x=-23, y=10, z=45} block=Block{minecraft:granite} tool=minecraft:iron_pickaxe slot=1 remaining=210 required=route
[16:39:47] [Render thread/INFO] (lodekeeper) [Lodekeeper] PROGRESS elapsed_ms=191516 phase=traveling backend=baritone target=-18,-10,42 block=minecraft:deepslate_diamond_ore navigation_elapsed_ms=29413 navigation_ticks=588 searching=false path_index=0 path_length=23 retries=0 pending_route_events=0 dropped_route_events=0 status=mining_and_collecting_minecraft:diamond___0/3
[16:39:47] [Render thread/INFO] (lodekeeper) [Lodekeeper] BREAK target=MutableBlockPos{x=-23, y=9, z=45} block=Block{minecraft:granite} tool=minecraft:iron_pickaxe slot=1 remaining=209 required=route
[16:39:48] [Render thread/INFO] (lodekeeper) [Lodekeeper] BREAK target=MutableBlockPos{x=-22, y=10, z=45} block=Block{minecraft:granite} tool=minecraft:iron_pickaxe slot=1 remaining=208 required=route
[16:39:49] [Render thread/INFO] (lodekeeper) [Lodekeeper] BREAK target=MutableBlockPos{x=-22, y=9, z=45} block=Block{minecraft:granite} tool=minecraft:iron_pickaxe slot=1 remaining=207 required=route
[16:39:49] [Render thread/INFO] (lodekeeper) [Lodekeeper] PROGRESS elapsed_ms=193563 phase=traveling backend=baritone target=-18,-10,42 block=minecraft:deepslate_diamond_ore navigation_elapsed_ms=31391 navigation_ticks=628 searching=false path_index=0 path_length=21 retries=0 pending_route_events=0 dropped_route_events=0 status=mining_and_collecting_minecraft:diamond___0/3
[16:39:49] [Render thread/INFO] (lodekeeper) [Lodekeeper] BREAK target=MutableBlockPos{x=-22, y=8, z=45} block=Block{minecraft:granite} tool=minecraft:iron_pickaxe slot=1 remaining=206 required=route
[16:39:50] [Render thread/INFO] (lodekeeper) [Lodekeeper] BREAK target=MutableBlockPos{x=-22, y=9, z=44} block=Block{minecraft:granite} tool=minecraft:iron_pickaxe slot=1 remaining=205 required=route
[16:39:51] [Render thread/INFO] (lodekeeper) [Lodekeeper] PROGRESS elapsed_ms=195581 phase=traveling backend=baritone target=-18,-10,42 block=minecraft:deepslate_diamond_ore navigation_elapsed_ms=33408 navigation_ticks=668 searching=false path_index=0 path_length=20 retries=0 pending_route_events=0 dropped_route_events=0 status=mining_and_collecting_minecraft:diamond___0/3
[16:39:51] [Render thread/INFO] (lodekeeper) [Lodekeeper] BREAK target=MutableBlockPos{x=-22, y=8, z=44} block=Block{minecraft:granite} tool=minecraft:iron_pickaxe slot=1 remaining=204 required=route
[16:39:52] [Render thread/INFO] (lodekeeper) [Lodekeeper] BREAK target=MutableBlockPos{x=-22, y=7, z=44} block=Block{minecraft:granite} tool=minecraft:iron_pickaxe slot=1 remaining=203 required=route
[16:39:53] [Render thread/INFO] (lodekeeper) [Lodekeeper] BREAK target=MutableBlockPos{x=-22, y=8, z=43} block=Block{minecraft:granite} tool=minecraft:iron_pickaxe slot=1 remaining=202 required=route
[16:39:53] [Render thread/INFO] (lodekeeper) [Lodekeeper] PROGRESS elapsed_ms=197626 phase=traveling backend=baritone target=-18,-10,42 block=minecraft:deepslate_diamond_ore navigation_elapsed_ms=35623 navigation_ticks=712 searching=false path_index=0 path_length=19 retries=0 pending_route_events=0 dropped_route_events=0 status=mining_and_collecting_minecraft:diamond___0/3
[16:39:53] [Render thread/INFO] (lodekeeper) [Lodekeeper] BREAK target=MutableBlockPos{x=-22, y=7, z=43} block=Block{minecraft:granite} tool=minecraft:iron_pickaxe slot=1 remaining=201 required=route
[16:39:54] [Render thread/INFO] (lodekeeper) [Lodekeeper] BREAK target=MutableBlockPos{x=-22, y=6, z=43} block=Block{minecraft:stone} tool=minecraft:iron_pickaxe slot=1 remaining=200 required=route
[16:39:55] [Render thread/INFO] (lodekeeper) [Lodekeeper] BREAK target=MutableBlockPos{x=-21, y=7, z=43} block=Block{minecraft:granite} tool=minecraft:iron_pickaxe slot=1 remaining=199 required=route
[16:39:55] [Render thread/INFO] (lodekeeper) [Lodekeeper] PROGRESS elapsed_ms=199673 phase=traveling backend=baritone target=-18,-10,42 block=minecraft:deepslate_diamond_ore navigation_elapsed_ms=37603 navigation_ticks=752 searching=false path_index=0 path_length=18 retries=0 pending_route_events=0 dropped_route_events=0 status=mining_and_collecting_minecraft:diamond___0/3
[16:39:56] [Render thread/INFO] (lodekeeper) [Lodekeeper] BREAK target=MutableBlockPos{x=-21, y=6, z=43} block=Block{minecraft:stone} tool=minecraft:iron_pickaxe slot=1 remaining=198 required=route
[16:39:56] [Render thread/INFO] (lodekeeper) [Lodekeeper] BREAK target=MutableBlockPos{x=-21, y=5, z=43} block=Block{minecraft:iron_ore} tool=minecraft:iron_pickaxe slot=1 remaining=197 required=route
[16:39:57] [Render thread/INFO] (lodekeeper) [Lodekeeper] PROGRESS elapsed_ms=201716 phase=traveling backend=baritone target=-18,-10,42 block=minecraft:deepslate_diamond_ore navigation_elapsed_ms=39613 navigation_ticks=792 searching=false path_index=0 path_length=18 retries=0 pending_route_events=0 dropped_route_events=0 status=mining_and_collecting_minecraft:diamond___0/3
[16:39:58] [Render thread/INFO] (lodekeeper) [Lodekeeper] BREAK target=MutableBlockPos{x=-21, y=4, z=43} block=Block{minecraft:stone} tool=minecraft:iron_pickaxe slot=1 remaining=196 required=route
[16:39:58] [Render thread/INFO] (lodekeeper) [Lodekeeper] BREAK target=MutableBlockPos{x=-20, y=5, z=43} block=Block{minecraft:stone} tool=minecraft:iron_pickaxe slot=1 remaining=195 required=route
[16:39:59] [Render thread/INFO] (lodekeeper) [Lodekeeper] BREAK target=MutableBlockPos{x=-20, y=4, z=43} block=Block{minecraft:deepslate} tool=minecraft:iron_pickaxe slot=1 remaining=194 required=route
[16:39:59] [Render thread/INFO] (lodekeeper) [Lodekeeper] PROGRESS elapsed_ms=203762 phase=traveling backend=baritone target=-18,-10,42 block=minecraft:deepslate_diamond_ore navigation_elapsed_ms=41591 navigation_ticks=832 searching=false path_index=0 path_length=16 retries=0 pending_route_events=0 dropped_route_events=0 status=mining_and_collecting_minecraft:diamond___0/3
[16:40:00] [Render thread/INFO] (lodekeeper) [Lodekeeper] BREAK target=MutableBlockPos{x=-20, y=3, z=43} block=Block{minecraft:deepslate} tool=minecraft:iron_pickaxe slot=1 remaining=193 required=route
[16:40:01] [Render thread/INFO] (lodekeeper) [Lodekeeper] PROGRESS elapsed_ms=205821 phase=traveling backend=baritone target=-18,-10,42 block=minecraft:deepslate_diamond_ore navigation_elapsed_ms=43819 navigation_ticks=876 searching=false path_index=0 path_length=16 retries=0 pending_route_events=0 dropped_route_events=0 status=mining_and_collecting_minecraft:diamond___0/3
[16:40:01] [Render thread/INFO] (lodekeeper) [Lodekeeper] BREAK target=MutableBlockPos{x=-20, y=4, z=42} block=Block{minecraft:stone} tool=minecraft:iron_pickaxe slot=1 remaining=192 required=route
[16:40:02] [Render thread/INFO] (lodekeeper) [Lodekeeper] BREAK target=MutableBlockPos{x=-20, y=3, z=42} block=Block{minecraft:deepslate} tool=minecraft:iron_pickaxe slot=1 remaining=191 required=route
[16:40:03] [Render thread/INFO] (lodekeeper) [Lodekeeper] BREAK target=MutableBlockPos{x=-20, y=2, z=42} block=Block{minecraft:deepslate} tool=minecraft:iron_pickaxe slot=1 remaining=190 required=route
[16:40:03] [Render thread/INFO] (lodekeeper) [Lodekeeper] PROGRESS elapsed_ms=207864 phase=traveling backend=baritone target=-18,-10,42 block=minecraft:deepslate_diamond_ore navigation_elapsed_ms=45793 navigation_ticks=916 searching=false path_index=0 path_length=15 retries=0 pending_route_events=0 dropped_route_events=0 status=mining_and_collecting_minecraft:diamond___0/3
[16:40:04] [Render thread/INFO] (lodekeeper) [Lodekeeper] BREAK target=MutableBlockPos{x=-19, y=3, z=42} block=Block{minecraft:stone} tool=minecraft:iron_pickaxe slot=1 remaining=189 required=route
[16:40:05] [Render thread/INFO] (lodekeeper) [Lodekeeper] BREAK target=MutableBlockPos{x=-19, y=2, z=42} block=Block{minecraft:stone} tool=minecraft:iron_pickaxe slot=1 remaining=188 required=route
[16:40:05] [Render thread/INFO] (lodekeeper) [Lodekeeper] PROGRESS elapsed_ms=209911 phase=traveling backend=baritone target=-18,-10,42 block=minecraft:deepslate_diamond_ore navigation_elapsed_ms=47809 navigation_ticks=956 searching=false path_index=0 path_length=14 retries=0 pending_route_events=0 dropped_route_events=0 status=mining_and_collecting_minecraft:diamond___0/3
[16:40:06] [Render thread/INFO] (lodekeeper) [Lodekeeper] BREAK target=MutableBlockPos{x=-19, y=1, z=42} block=Block{minecraft:deepslate} tool=minecraft:iron_pickaxe slot=1 remaining=187 required=route
[16:40:07] [Render thread/INFO] (lodekeeper) [Lodekeeper] BREAK target=MutableBlockPos{x=-19, y=0, z=42} block=Block{minecraft:deepslate} tool=minecraft:iron_pickaxe slot=1 remaining=186 required=route
[16:40:07] [Render thread/INFO] (lodekeeper) [Lodekeeper] PROGRESS elapsed_ms=211919 phase=traveling backend=baritone target=-18,-10,42 block=minecraft:deepslate_diamond_ore navigation_elapsed_ms=49816 navigation_ticks=996 searching=false path_index=0 path_length=13 retries=0 pending_route_events=0 dropped_route_events=0 status=mining_and_collecting_minecraft:diamond___0/3
[16:40:08] [Render thread/INFO] (lodekeeper) [Lodekeeper] BREAK target=MutableBlockPos{x=-19, y=-1, z=42} block=Block{minecraft:deepslate} tool=minecraft:iron_pickaxe slot=1 remaining=185 required=route
[16:40:09] [Render thread/INFO] (lodekeeper) [Lodekeeper] BREAK target=MutableBlockPos{x=-19, y=-2, z=42} block=Block{minecraft:deepslate} tool=minecraft:iron_pickaxe slot=1 remaining=184 required=route
[16:40:09] [Render thread/INFO] (lodekeeper) [Lodekeeper] PROGRESS elapsed_ms=213965 phase=traveling backend=baritone target=-18,-10,42 block=minecraft:deepslate_diamond_ore navigation_elapsed_ms=51795 navigation_ticks=1036 searching=false path_index=0 path_length=11 retries=0 pending_route_events=0 dropped_route_events=0 status=mining_and_collecting_minecraft:diamond___0/3
[16:40:10] [Render thread/INFO] (lodekeeper) [Lodekeeper] BREAK target=MutableBlockPos{x=-19, y=-3, z=42} block=Block{minecraft:deepslate} tool=minecraft:iron_pickaxe slot=1 remaining=183 required=route
[16:40:11] [Render thread/INFO] (lodekeeper) [Lodekeeper] BREAK target=MutableBlockPos{x=-19, y=-4, z=42} block=Block{minecraft:deepslate} tool=minecraft:iron_pickaxe slot=1 remaining=182 required=route
[16:40:11] [Render thread/INFO] (lodekeeper) [Lodekeeper] PROGRESS elapsed_ms=216023 phase=traveling backend=baritone target=-18,-10,42 block=minecraft:deepslate_diamond_ore navigation_elapsed_ms=54020 navigation_ticks=1080 searching=false path_index=0 path_length=9 retries=0 pending_route_events=0 dropped_route_events=0 status=mining_and_collecting_minecraft:diamond___0/3
[16:40:12] [Render thread/INFO] (lodekeeper) [Lodekeeper] BREAK target=MutableBlockPos{x=-19, y=-5, z=42} block=Block{minecraft:deepslate} tool=minecraft:iron_pickaxe slot=1 remaining=181 required=route
[16:40:13] [Render thread/INFO] (lodekeeper) [Lodekeeper] BREAK target=MutableBlockPos{x=-19, y=-6, z=42} block=Block{minecraft:deepslate} tool=minecraft:iron_pickaxe slot=1 remaining=180 required=route
[16:40:13] [Render thread/INFO] (lodekeeper) [Lodekeeper] PROGRESS elapsed_ms=218074 phase=traveling backend=baritone target=-18,-10,42 block=minecraft:deepslate_diamond_ore navigation_elapsed_ms=56004 navigation_ticks=1120 searching=false path_index=0 path_length=7 retries=0 pending_route_events=0 dropped_route_events=0 status=mining_and_collecting_minecraft:diamond___0/3
[16:40:14] [Render thread/INFO] (lodekeeper) [Lodekeeper] BREAK target=MutableBlockPos{x=-19, y=-7, z=42} block=Block{minecraft:deepslate} tool=minecraft:iron_pickaxe slot=1 remaining=179 required=route
[16:40:15] [Render thread/INFO] (lodekeeper) [Lodekeeper] PROGRESS elapsed_ms=220122 phase=traveling backend=baritone target=-18,-10,42 block=minecraft:deepslate_diamond_ore navigation_elapsed_ms=58020 navigation_ticks=1160 searching=false path_index=0 path_length=5 retries=0 pending_route_events=0 dropped_route_events=0 status=mining_and_collecting_minecraft:diamond___0/3
[16:40:15] [Render thread/INFO] (lodekeeper) [Lodekeeper] BREAK target=MutableBlockPos{x=-19, y=-8, z=42} block=Block{minecraft:deepslate} tool=minecraft:iron_pickaxe slot=1 remaining=178 required=route
[16:40:17] [Render thread/INFO] (lodekeeper) [Lodekeeper] BREAK target=MutableBlockPos{x=-19, y=-9, z=42} block=Block{minecraft:deepslate} tool=minecraft:iron_pickaxe slot=1 remaining=177 required=route
[16:40:18] [Render thread/INFO] (lodekeeper) [Lodekeeper] PROGRESS elapsed_ms=222166 phase=traveling backend=baritone target=-18,-10,42 block=minecraft:deepslate_diamond_ore navigation_elapsed_ms=59994 navigation_ticks=1200 searching=false path_index=0 path_length=4 retries=0 pending_route_events=0 dropped_route_events=0 status=mining_and_collecting_minecraft:diamond___0/3
[16:40:18] [Render thread/INFO] (lodekeeper) [Lodekeeper] BREAK target=MutableBlockPos{x=-19, y=-10, z=42} block=Block{minecraft:deepslate} tool=minecraft:iron_pickaxe slot=1 remaining=176 required=route
[16:40:19] [Render thread/INFO] (lodekeeper) [Lodekeeper] BREAK target=MutableBlockPos{x=-18, y=-9, z=42} block=Block{minecraft:deepslate} tool=minecraft:iron_pickaxe slot=1 remaining=175 required=route
[16:40:20] [Render thread/INFO] (lodekeeper) [Lodekeeper] PROGRESS elapsed_ms=224216 phase=traveling backend=baritone target=-18,-10,42 block=minecraft:deepslate_diamond_ore navigation_elapsed_ms=62213 navigation_ticks=1244 searching=false path_index=0 path_length=2 retries=0 pending_route_events=0 dropped_route_events=0 status=mining_and_collecting_minecraft:diamond___0/3
[16:40:20] [Render thread/INFO] (lodekeeper) [Lodekeeper] BREAK target=MutableBlockPos{x=-18, y=-10, z=42} block=Block{minecraft:deepslate_diamond_ore} tool=minecraft:iron_pickaxe slot=1 remaining=174 required=minecraft:iron_pickaxe
[16:40:21] [Render thread/INFO] (lodekeeper) [Lodekeeper] NAV discovered=1 retained=64 rejected=0 requestTicks=1271 phase=MINE
[16:40:21] [Render thread/INFO] (lodekeeper) [Lodekeeper] NAV backend=baritone mode=MINE event=CALC_STARTED elapsedMs=63556
[16:40:21] [Render thread/INFO] (lodekeeper) [Lodekeeper] NAV calcTool=minecraft:iron_pickaxe slot=1
[16:40:21] [Render thread/INFO] (lodekeeper) [Lodekeeper] NAV backend=baritone mode=MINE event=CALC_FINISHED_NOW_EXECUTING elapsedMs=63556
[16:40:21] [Render thread/INFO] (lodekeeper) [Lodekeeper] TARGET target=-17,-10,42 block=minecraft:deepslate_diamond_ore
[16:40:21] [Render thread/INFO] (lodekeeper) [Lodekeeper] BREAK target=MutableBlockPos{x=-17, y=-9, z=42} block=Block{minecraft:deepslate_diamond_ore} tool=minecraft:iron_pickaxe slot=1 remaining=173 required=minecraft:iron_pickaxe
[16:40:22] [Render thread/INFO] (lodekeeper) [Lodekeeper] PROGRESS elapsed_ms=226261 phase=traveling backend=baritone target=-17,-10,42 block=minecraft:deepslate_diamond_ore navigation_elapsed_ms=64192 navigation_ticks=1284 searching=false path_index=0 path_length=2 retries=0 pending_route_events=0 dropped_route_events=0 status=mining_and_collecting_minecraft:diamond___1/3
[16:40:22] [Render thread/INFO] (lodekeeper) [Lodekeeper] NAV discovered=1 retained=64 rejected=0 requestTicks=1300 phase=MINE
[16:40:23] [Render thread/INFO] (lodekeeper) [Lodekeeper] BREAK target=MutableBlockPos{x=-17, y=-10, z=42} block=Block{minecraft:deepslate_diamond_ore} tool=minecraft:iron_pickaxe slot=1 remaining=172 required=minecraft:iron_pickaxe
[16:40:24] [Render thread/INFO] (lodekeeper) [Lodekeeper] PROGRESS elapsed_ms=228315 phase=traveling backend=baritone target=-17,-10,42 block=minecraft:deepslate_diamond_ore navigation_elapsed_ms=66212 navigation_ticks=1324 searching=false path_index=0 path_length=2 retries=0 pending_route_events=0 dropped_route_events=0 status=mining_and_collecting_minecraft:diamond___2/3
[16:40:24] [Render thread/INFO] (lodekeeper) [Lodekeeper] TARGET target=none
[16:40:24] [Render thread/INFO] (lodekeeper) [Lodekeeper] NAV discovered=1 retained=64 rejected=0 requestTicks=1329 phase=MINE
[16:40:24] [Render thread/INFO] (lodekeeper) [Lodekeeper] NAV backend=baritone mode=MINE event=CALC_STARTED elapsedMs=66448
[16:40:24] [Render thread/INFO] (lodekeeper) [Lodekeeper] NAV calcTool=minecraft:iron_pickaxe slot=1
[16:40:24] [Render thread/INFO] (lodekeeper) [Lodekeeper] NAV backend=baritone mode=MINE event=CALC_FINISHED_NOW_EXECUTING elapsedMs=66448
[16:40:24] [Render thread/INFO] (lodekeeper) [Lodekeeper] TARGET target=-17,-10,43 block=minecraft:deepslate_diamond_ore
[16:40:24] [Render thread/INFO] (lodekeeper) [Lodekeeper] BREAK target=MutableBlockPos{x=-17, y=-9, z=43} block=Block{minecraft:deepslate} tool=minecraft:iron_pickaxe slot=1 remaining=171 required=route
[16:40:24] [Render thread/INFO] (lodekeeper) [Lodekeeper] TARGET target=none
[16:40:25] [Render thread/INFO] (lodekeeper) [Lodekeeper] STEP kind=CRAFT source=server:minecraft:birch_planks:59 output=minecraft:birch_planks count=4 operations=1 auxiliary=true
[16:40:26] [Render thread/INFO] (lodekeeper) [Lodekeeper] STATION_POLICY decision=replace_distant station=minecraft:furnace position=BlockPos{x=-24, y=47, z=45}
[16:40:26] [lodekeeper-planner/INFO] (lodekeeper) [Lodekeeper] PROJECT_MATERIALS project=gear_diamond before=[gather:minecraft:deepslate_diamond_ore:3, gather:minecraft:deepslate_diamond_ore:4, gather:minecraft:deepslate_diamond_ore:8, gather:minecraft:deepslate_diamond_ore:5, gather:minecraft:deepslate_diamond_ore:2, gather:minecraft:deepslate_diamond_ore:7, gather:minecraft:deepslate_diamond_ore:1, gather:minecraft:deepslate_diamond_ore:2] after=[gather:minecraft:deepslate_diamond_ore:3, gather:minecraft:deepslate_diamond_ore:4, gather:minecraft:deepslate_diamond_ore:8, gather:minecraft:deepslate_diamond_ore:5, gather:minecraft:deepslate_diamond_ore:2, gather:minecraft:deepslate_diamond_ore:7, gather:minecraft:deepslate_diamond_ore:1, gather:minecraft:deepslate_diamond_ore:2]
[16:40:26] [lodekeeper-planner/INFO] (lodekeeper) [Lodekeeper] PLAN project=gear_diamond success=true steps=20 branches=90 elapsedMs=1.478551
[16:40:26] [Render thread/INFO] (lodekeeper) [Lodekeeper] STEP kind=PLACE_STATION source=place:minecraft:crafting_table output=null count=0 operations=1 auxiliary=false
[16:40:26] [Render thread/INFO] (lodekeeper) [Lodekeeper] TARGET target=-18,-10,42 block=minecraft:crafting_table
[16:40:26] [Render thread/INFO] (lodekeeper) [Lodekeeper] PROGRESS elapsed_ms=230368 phase=station backend=baritone target=-18,-10,42 block=minecraft:crafting_table navigation_elapsed_ms=0 navigation_ticks=0 searching=false path_index=0 path_length=0 retries=0 pending_route_events=0 dropped_route_events=0 status=PLACE_STATION_place:minecraft:crafting_table
[16:40:26] [Render thread/INFO] (lodekeeper) [Lodekeeper] STATION_POLICY decision=replace_distant station=minecraft:furnace position=BlockPos{x=-24, y=47, z=45}
[16:40:26] [Render thread/INFO] (lodekeeper) [Lodekeeper] TARGET target=none
[16:40:26] [Render thread/INFO] (lodekeeper) [Lodekeeper] STEP kind=CRAFT source=server:minecraft:furnace:657 output=minecraft:furnace count=1 operations=1 auxiliary=true
[16:40:28] [Render thread/INFO] (lodekeeper) [Lodekeeper] PROGRESS elapsed_ms=232423 phase=working backend=baritone target=none navigation_elapsed_ms=0 navigation_ticks=0 searching=false path_index=0 path_length=0 retries=0 pending_route_events=0 dropped_route_events=0 status=preparing_for_task___CRAFT_server:minecraft:furnace:657
[16:40:30] [Render thread/INFO] (lodekeeper) [Lodekeeper] PROGRESS elapsed_ms=234470 phase=working backend=baritone target=none navigation_elapsed_ms=0 navigation_ticks=0 searching=false path_index=0 path_length=0 retries=0 pending_route_events=0 dropped_route_events=0 status=preparing_for_task___CRAFT_server:minecraft:furnace:657
[16:40:32] [Render thread/INFO] (lodekeeper) [Lodekeeper] STATION_POLICY decision=replace_distant station=minecraft:furnace position=BlockPos{x=-24, y=47, z=45}
[16:40:32] [Render thread/INFO] (lodekeeper) [Lodekeeper] STEP kind=PLACE_STATION source=place:minecraft:furnace output=null count=0 operations=1 auxiliary=true
[16:40:32] [Render thread/INFO] (lodekeeper) [Lodekeeper] TARGET target=-19,-10,42 block=minecraft:air
[16:40:32] [Render thread/INFO] (lodekeeper) [Lodekeeper] PROGRESS elapsed_ms=236523 phase=working backend=baritone target=-19,-10,42 block=minecraft:air navigation_elapsed_ms=0 navigation_ticks=0 searching=false path_index=0 path_length=0 retries=0 pending_route_events=0 dropped_route_events=0 status=preparing_for_task___PLACE_STATION_place:minecraft:furnace
[16:40:32] [Render thread/INFO] (lodekeeper) [Lodekeeper] NAV backend=baritone mode=MOVE event=CALC_STARTED elapsedMs=1
[16:40:32] [Render thread/INFO] (lodekeeper) [Lodekeeper] NAV calcTool=minecraft:furnace slot=1
[16:40:32] [Render thread/INFO] (lodekeeper) [Lodekeeper] NAV backend=baritone mode=MOVE event=CALC_FINISHED_NOW_EXECUTING elapsedMs=30
[16:40:32] [Render thread/INFO] (lodekeeper) [Lodekeeper] BREAK target=MutableBlockPos{x=-17, y=-8, z=42} block=Block{minecraft:deepslate_copper_ore} tool=minecraft:iron_pickaxe slot=1 remaining=171 required=route
[16:40:33] [Render thread/INFO] (lodekeeper) [Lodekeeper] BREAK target=MutableBlockPos{x=-18, y=-8, z=42} block=Block{minecraft:deepslate_copper_ore} tool=minecraft:iron_pickaxe slot=1 remaining=170 required=route
[16:40:34] [Render thread/INFO] (lodekeeper) [Lodekeeper] PROGRESS elapsed_ms=238565 phase=traveling backend=baritone target=-19,-10,42 block=minecraft:air navigation_elapsed_ms=1974 navigation_ticks=40 searching=false path_index=0 path_length=3 retries=0 pending_route_events=0 dropped_route_events=0 status=following_route
[16:40:35] [Render thread/INFO] (lodekeeper) [Lodekeeper] NAV backend=baritone mode=IDLE event=CANCELED elapsedMs=3348
[16:40:35] [Render thread/INFO] (lodekeeper) [Lodekeeper] NAV backend=baritone mode=IDLE event=CANCELED elapsedMs=3349
[16:40:35] [Render thread/INFO] (lodekeeper) [Lodekeeper] NAV backend=baritone mode=IDLE event=CANCELED elapsedMs=3381
[16:40:35] [Render thread/INFO] (lodekeeper) [Lodekeeper] NAV backend=baritone mode=IDLE event=CANCELED elapsedMs=3449
[16:40:35] [Render thread/INFO] (lodekeeper) [Lodekeeper] NAV backend=baritone mode=IDLE event=CANCELED elapsedMs=3482
[16:40:35] [Render thread/INFO] (lodekeeper) [Lodekeeper] NAV backend=baritone mode=IDLE event=CANCELED elapsedMs=3549
[16:40:35] [Render thread/INFO] (lodekeeper) [Lodekeeper] NAV backend=baritone mode=IDLE event=CANCELED elapsedMs=3582
[16:40:36] [Render thread/INFO] (lodekeeper) [Lodekeeper] NAV backend=baritone mode=IDLE event=CANCELED elapsedMs=3649
[16:40:36] [Render thread/INFO] (lodekeeper) [Lodekeeper] TARGET target=none
[16:40:36] [Render thread/INFO] (lodekeeper) [Lodekeeper] TARGET target=-17,-10,42 block=minecraft:air
[16:40:36] [Render thread/INFO] (lodekeeper) [Lodekeeper] NAV backend=baritone mode=MOVE event=CALC_STARTED elapsedMs=1
[16:40:36] [Render thread/INFO] (lodekeeper) [Lodekeeper] NAV calcTool=minecraft:iron_pickaxe slot=1
[16:40:36] [Render thread/INFO] (lodekeeper) [Lodekeeper] NAV backend=baritone mode=MOVE event=CALC_FINISHED_NOW_EXECUTING elapsedMs=67
[16:40:36] [Render thread/INFO] (lodekeeper) [Lodekeeper] PROGRESS elapsed_ms=240575 phase=traveling backend=baritone target=-17,-10,42 block=minecraft:air navigation_elapsed_ms=199 navigation_ticks=4 searching=false path_index=0 path_length=3 retries=0 pending_route_events=0 dropped_route_events=0 status=following_route
[16:40:36] [Render thread/INFO] (lodekeeper) [Lodekeeper] NAV backend=baritone mode=IDLE event=CANCELED elapsedMs=601
[16:40:36] [Render thread/INFO] (lodekeeper) [Lodekeeper] NAV backend=baritone mode=IDLE event=CANCELED elapsedMs=601
[16:40:36] [Render thread/INFO] (lodekeeper) [Lodekeeper] NAV backend=baritone mode=IDLE event=CANCELED elapsedMs=635
[16:40:36] [Render thread/INFO] (lodekeeper) [Lodekeeper] NAV backend=baritone mode=IDLE event=CANCELED elapsedMs=702
[16:40:36] [Render thread/INFO] (lodekeeper) [Lodekeeper] TARGET target=none
[16:40:37] [Render thread/INFO] (Minecraft) [System] [CHAT] [Lodekeeper] Paused: Cannot place required station minecraft:furnace at BlockPos{x=-17, y=-10, z=42}: no visible, reachable full-floor placement site nearby; required minecraft:furnace (inventory 1), tried 2 site(s). The current goal and remaining project are preserved. Use resume or stop.
[16:40:37] [Render thread/INFO] (Minecraft) [STDOUT]: [Lodekeeper natural verification] failed; evidence: /private/tmp/lodekeeper-preview11-held-fuel-natural-263/run-verification/verification/2026-10-06T15-36-10.264823Z-40831ef4/evidence
