[18:04:57] [Render thread/INFO] (Minecraft) [STDOUT]: [Lodekeeper natural verification] Starting gear_diamond in a normal survival world; evidence under /private/tmp/lodekeeper-preview11-placement-natural-1211/run/verification/evidence
[18:04:57] [Render thread/INFO] (lodekeeper) [Lodekeeper] INIT mod=0.1.0-preview.11 minecraft=1.21.1
[18:05:28] [Render thread/INFO] (Minecraft) [System] [CHAT] [Lodekeeper] Queued project gear_diamond (9 inventory targets; A full diamond tool and armor set (35 diamonds in recipes).)
[18:05:28] [Render thread/INFO] (Minecraft) [STDOUT]: [Lodekeeper natural verification] Sent !lk project gear_diamond at server tick 93
[18:05:28] [Render thread/INFO] (lodekeeper) [Lodekeeper] BEGIN label=gear_diamond___diamond_pickaxe goal=1 inventory=0 startfeet=-1,73,40 elapsed_ms=0 continued=false
[18:05:28] [lodekeeper-planner/INFO] (lodekeeper) [Lodekeeper] PLAN project=gear_diamond success=false steps=0 branches=19 elapsedMs=25.952586
[18:05:28] [lodekeeper-planner/INFO] (lodekeeper) [Lodekeeper] PROJECT_MATERIALS project=gear_diamond before=[gather:minecraft:birch_log:1, gather:minecraft:birch_log:1, gather:minecraft:birch_log:1, gather:minecraft:stone:3, gather:minecraft:iron_ore:3, gather:minecraft:stone:8, gather:minecraft:birch_log:1, gather:minecraft:diamond_ore:3, gather:minecraft:diamond_ore:3, gather:minecraft:diamond_ore:4, gather:minecraft:diamond_ore:8, gather:minecraft:diamond_ore:5, gather:minecraft:diamond_ore:2, gather:minecraft:diamond_ore:7, gather:minecraft:diamond_ore:1, gather:minecraft:acacia_log:1, gather:minecraft:diamond_ore:2] after=[gather:minecraft:birch_log:1, gather:minecraft:birch_log:1, gather:minecraft:birch_log:1, gather:minecraft:stone:3, gather:minecraft:iron_ore:3, gather:minecraft:stone:8, gather:minecraft:birch_log:1, gather:minecraft:diamond_ore:3, gather:minecraft:diamond_ore:3, gather:minecraft:diamond_ore:4, gather:minecraft:diamond_ore:8, gather:minecraft:diamond_ore:5, gather:minecraft:diamond_ore:2, gather:minecraft:diamond_ore:7, gather:minecraft:diamond_ore:1, gather:minecraft:birch_log:1, gather:minecraft:diamond_ore:2]
[18:05:28] [lodekeeper-planner/INFO] (lodekeeper) [Lodekeeper] PLAN project=gear_diamond success=true steps=43 branches=424 elapsedMs=26.592312
[18:05:28] [Render thread/INFO] (lodekeeper) [Lodekeeper] STEP kind=GATHER source=gather:minecraft:birch_log output=minecraft:birch_log count=5 operations=5 auxiliary=false
[18:05:28] [Render thread/INFO] (lodekeeper) [Lodekeeper] MINING_DEPTH policy=NEAREST desiredY=-2147483648 ceiling=2031 deficit=5 phase=MINE blocks=[Block{minecraft:birch_log}]
[18:05:28] [Render thread/INFO] (lodekeeper) [Lodekeeper] NAV scan=native-mine durationNanos=526697246 hits=-1 requestTicks=0
[18:05:28] [Render thread/INFO] (lodekeeper) [Lodekeeper] NAV backend=baritone mode=MINE event=CALC_STARTED elapsedMs=541
[18:05:28] [Render thread/INFO] (lodekeeper) [Lodekeeper] NAV calcTool=minecraft:air slot=0
[18:05:28] [Render thread/INFO] (lodekeeper) [Lodekeeper] ROUTE_SEARCH kind=unknown anchor=unknown feet_y16=0 candidates=0 target=none elapsed_ms=881
[18:05:29] [Render thread/INFO] (lodekeeper) [Lodekeeper] NAV backend=baritone mode=MINE event=CALC_FINISHED_NOW_EXECUTING elapsedMs=735
[18:05:29] [Render thread/INFO] (lodekeeper) [Lodekeeper] TARGET target=-3,71,39 block=minecraft:birch_log
[18:05:29] [Render thread/INFO] (lodekeeper) [Lodekeeper] ROUTE_TRAVEL path_index=0 path_length=7 target=-3,71,39 block=minecraft:birch_log elapsed_ms=1146
[18:05:30] [Render thread/INFO] (lodekeeper) [Lodekeeper] PROGRESS elapsed_ms=2054 phase=traveling backend=baritone target=-3,71,39 block=minecraft:birch_log navigation_elapsed_ms=1637 navigation_ticks=32 searching=false path_index=0 path_length=6 retries=0 pending_route_events=0 dropped_route_events=0 status=mining_and_collecting_minecraft:birch_log___0/5
[18:05:30] [Render thread/INFO] (lodekeeper) [Lodekeeper] BREAK target=Mutable{x=-3, y=70, z=39} block=Block{minecraft:birch_log} tool=minecraft:air slot=0 remaining=-1 required=route
[18:05:32] [Render thread/INFO] (lodekeeper) [Lodekeeper] PROGRESS elapsed_ms=4084 phase=traveling backend=baritone target=-3,71,39 block=minecraft:birch_log navigation_elapsed_ms=3637 navigation_ticks=72 searching=false path_index=0 path_length=2 retries=0 pending_route_events=0 dropped_route_events=0 status=mining_and_collecting_minecraft:birch_log___0/5
[18:05:34] [Render thread/INFO] (lodekeeper) [Lodekeeper] PROGRESS elapsed_ms=6085 phase=traveling backend=baritone target=-3,71,39 block=minecraft:birch_log navigation_elapsed_ms=5627 navigation_ticks=112 searching=false path_index=0 path_length=2 retries=0 pending_route_events=0 dropped_route_events=0 status=mining_and_collecting_minecraft:birch_log___0/5
[18:05:34] [Render thread/INFO] (lodekeeper) [Lodekeeper] BREAK target=Mutable{x=-3, y=69, z=39} block=Block{minecraft:birch_log} tool=minecraft:air slot=0 remaining=-1 required=route
[18:05:34] [Render thread/INFO] (lodekeeper) [Lodekeeper] BREAK target=Mutable{x=-3, y=69, z=39} block=Block{minecraft:birch_log} tool=minecraft:birch_log slot=0 remaining=-1 required=route
[18:05:36] [Render thread/INFO] (lodekeeper) [Lodekeeper] PROGRESS elapsed_ms=8144 phase=traveling backend=baritone target=-3,71,39 block=minecraft:birch_log navigation_elapsed_ms=7836 navigation_ticks=156 searching=false path_index=0 path_length=2 retries=0 pending_route_events=0 dropped_route_events=0 status=mining_and_collecting_minecraft:birch_log___1/5
[18:05:37] [Render thread/INFO] (lodekeeper) [Lodekeeper] BREAK target=Mutable{x=-3, y=71, z=39} block=Block{minecraft:birch_log} tool=minecraft:birch_log slot=0 remaining=-1 required=route
[18:05:38] [Render thread/INFO] (lodekeeper) [Lodekeeper] PROGRESS elapsed_ms=10146 phase=traveling backend=baritone target=-3,71,39 block=minecraft:birch_log navigation_elapsed_ms=9837 navigation_ticks=196 searching=false path_index=0 path_length=2 retries=0 pending_route_events=0 dropped_route_events=0 status=mining_and_collecting_minecraft:birch_log___2/5
[18:05:40] [Render thread/INFO] (lodekeeper) [Lodekeeper] PROGRESS elapsed_ms=12155 phase=traveling backend=baritone target=-3,71,39 block=minecraft:birch_log navigation_elapsed_ms=11847 navigation_ticks=236 searching=false path_index=0 path_length=2 retries=0 pending_route_events=0 dropped_route_events=0 status=mining_and_collecting_minecraft:birch_log___2/5
[18:05:40] [Render thread/INFO] (lodekeeper) [Lodekeeper] TARGET target=-3,72,39 block=minecraft:birch_log
[18:05:41] [Render thread/INFO] (lodekeeper) [Lodekeeper] BREAK target=Mutable{x=-3, y=72, z=39} block=Block{minecraft:birch_log} tool=minecraft:birch_log slot=0 remaining=-1 required=route
[18:05:42] [Render thread/INFO] (lodekeeper) [Lodekeeper] PROGRESS elapsed_ms=14177 phase=traveling backend=baritone target=-3,72,39 block=minecraft:birch_log navigation_elapsed_ms=13834 navigation_ticks=276 searching=false path_index=0 path_length=2 retries=0 pending_route_events=0 dropped_route_events=0 status=mining_and_collecting_minecraft:birch_log___3/5
[18:05:44] [Render thread/INFO] (lodekeeper) [Lodekeeper] PROGRESS elapsed_ms=16183 phase=traveling backend=baritone target=-3,72,39 block=minecraft:birch_log navigation_elapsed_ms=15842 navigation_ticks=316 searching=false path_index=0 path_length=2 retries=0 pending_route_events=0 dropped_route_events=0 status=mining_and_collecting_minecraft:birch_log___3/5
[18:05:44] [Render thread/INFO] (lodekeeper) [Lodekeeper] TARGET target=-3,73,39 block=minecraft:birch_log
[18:05:44] [Render thread/INFO] (lodekeeper) [Lodekeeper] BREAK target=Mutable{x=-3, y=73, z=39} block=Block{minecraft:birch_log} tool=minecraft:birch_log slot=0 remaining=-1 required=route
[18:05:46] [Render thread/INFO] (lodekeeper) [Lodekeeper] PROGRESS elapsed_ms=18186 phase=traveling backend=baritone target=-3,73,39 block=minecraft:birch_log navigation_elapsed_ms=17843 navigation_ticks=356 searching=false path_index=0 path_length=2 retries=0 pending_route_events=0 dropped_route_events=0 status=mining_and_collecting_minecraft:birch_log___4/5
[18:05:47] [Render thread/INFO] (lodekeeper) [Lodekeeper] NAV backend=baritone mode=MINE event=CALC_STARTED elapsedMs=19317
[18:05:47] [Render thread/INFO] (lodekeeper) [Lodekeeper] NAV calcTool=minecraft:birch_log slot=0
[18:05:47] [Render thread/INFO] (lodekeeper) [Lodekeeper] NAV backend=baritone mode=MINE event=CALC_FINISHED_NOW_EXECUTING elapsedMs=19384
[18:05:47] [Render thread/INFO] (lodekeeper) [Lodekeeper] TARGET target=-5,69,34 block=minecraft:birch_log
[18:05:48] [Render thread/INFO] (lodekeeper) [Lodekeeper] PROGRESS elapsed_ms=20244 phase=traveling backend=baritone target=-5,69,34 block=minecraft:birch_log navigation_elapsed_ms=19835 navigation_ticks=396 searching=false path_index=0 path_length=4 retries=0 pending_route_events=0 dropped_route_events=0 status=mining_and_collecting_minecraft:birch_log___4/5
[18:05:48] [Render thread/INFO] (lodekeeper) [Lodekeeper] BREAK target=Mutable{x=-5, y=70, z=34} block=Block{minecraft:birch_log} tool=minecraft:birch_log slot=0 remaining=-1 required=route
[18:05:50] [Render thread/INFO] (lodekeeper) [Lodekeeper] PROGRESS elapsed_ms=22273 phase=traveling backend=baritone target=-5,69,34 block=minecraft:birch_log navigation_elapsed_ms=21827 navigation_ticks=436 searching=false path_index=0 path_length=2 retries=0 pending_route_events=0 dropped_route_events=0 status=mining_and_collecting_minecraft:birch_log___4/5
[18:05:51] [Render thread/INFO] (lodekeeper) [Lodekeeper] BREAK target=Mutable{x=-5, y=69, z=34} block=Block{minecraft:birch_log} tool=minecraft:birch_log slot=0 remaining=-1 required=route
[18:05:52] [Render thread/INFO] (lodekeeper) [Lodekeeper] TARGET target=none
[18:05:52] [Render thread/INFO] (lodekeeper) [Lodekeeper] PROGRESS elapsed_ms=24290 phase=gathering backend=baritone target=none navigation_elapsed_ms=0 navigation_ticks=0 searching=false path_index=0 path_length=0 retries=0 pending_route_events=0 dropped_route_events=0 status=mining_and_collecting_minecraft:birch_log___4/5
[18:05:52] [lodekeeper-planner/INFO] (lodekeeper) [Lodekeeper] PROJECT_MATERIALS project=gear_diamond before=[gather:minecraft:stone:3, gather:minecraft:iron_ore:3, gather:minecraft:stone:8, gather:minecraft:diamond_ore:3, gather:minecraft:diamond_ore:3, gather:minecraft:diamond_ore:4, gather:minecraft:diamond_ore:8, gather:minecraft:diamond_ore:5, gather:minecraft:diamond_ore:2, gather:minecraft:diamond_ore:7, gather:minecraft:diamond_ore:1, gather:minecraft:acacia_log:1, gather:minecraft:diamond_ore:2] after=[gather:minecraft:stone:3, gather:minecraft:iron_ore:3, gather:minecraft:stone:8, gather:minecraft:diamond_ore:3, gather:minecraft:diamond_ore:3, gather:minecraft:diamond_ore:4, gather:minecraft:diamond_ore:8, gather:minecraft:diamond_ore:5, gather:minecraft:diamond_ore:2, gather:minecraft:diamond_ore:7, gather:minecraft:diamond_ore:1, gather:minecraft:acacia_log:1, gather:minecraft:diamond_ore:2]
[18:05:52] [lodekeeper-planner/INFO] (lodekeeper) [Lodekeeper] PLAN project=gear_diamond success=true steps=39 branches=181 elapsedMs=11.990289
[18:05:52] [Render thread/INFO] (lodekeeper) [Lodekeeper] STEP kind=CRAFT source=minecraft:birch_planks output=minecraft:birch_planks count=4 operations=1 auxiliary=false
[18:05:53] [lodekeeper-planner/INFO] (lodekeeper) [Lodekeeper] PROJECT_MATERIALS project=gear_diamond before=[gather:minecraft:stone:3, gather:minecraft:iron_ore:3, gather:minecraft:stone:8, gather:minecraft:diamond_ore:3, gather:minecraft:diamond_ore:3, gather:minecraft:diamond_ore:4, gather:minecraft:diamond_ore:8, gather:minecraft:diamond_ore:5, gather:minecraft:diamond_ore:2, gather:minecraft:diamond_ore:7, gather:minecraft:diamond_ore:1, gather:minecraft:diamond_ore:2] after=[gather:minecraft:stone:3, gather:minecraft:iron_ore:3, gather:minecraft:stone:8, gather:minecraft:diamond_ore:3, gather:minecraft:diamond_ore:3, gather:minecraft:diamond_ore:4, gather:minecraft:diamond_ore:8, gather:minecraft:diamond_ore:5, gather:minecraft:diamond_ore:2, gather:minecraft:diamond_ore:7, gather:minecraft:diamond_ore:1, gather:minecraft:diamond_ore:2]
[18:05:53] [lodekeeper-planner/INFO] (lodekeeper) [Lodekeeper] PLAN project=gear_diamond success=true steps=37 branches=174 elapsedMs=7.434616
[18:05:53] [Render thread/INFO] (lodekeeper) [Lodekeeper] STEP kind=CRAFT source=minecraft:stick output=minecraft:stick count=4 operations=1 auxiliary=false
[18:05:54] [Render thread/INFO] (lodekeeper) [Lodekeeper] PROGRESS elapsed_ms=26355 phase=crafting backend=baritone target=none navigation_elapsed_ms=0 navigation_ticks=0 searching=false path_index=0 path_length=0 retries=0 pending_route_events=0 dropped_route_events=0 status=CRAFT_minecraft:stick
[18:05:55] [lodekeeper-planner/INFO] (lodekeeper) [Lodekeeper] PROJECT_MATERIALS project=gear_diamond before=[gather:minecraft:stone:3, gather:minecraft:iron_ore:3, gather:minecraft:stone:8, gather:minecraft:diamond_ore:3, gather:minecraft:diamond_ore:3, gather:minecraft:diamond_ore:4, gather:minecraft:diamond_ore:8, gather:minecraft:diamond_ore:5, gather:minecraft:diamond_ore:2, gather:minecraft:diamond_ore:7, gather:minecraft:diamond_ore:1, gather:minecraft:diamond_ore:2] after=[gather:minecraft:stone:3, gather:minecraft:iron_ore:3, gather:minecraft:stone:8, gather:minecraft:diamond_ore:3, gather:minecraft:diamond_ore:3, gather:minecraft:diamond_ore:4, gather:minecraft:diamond_ore:8, gather:minecraft:diamond_ore:5, gather:minecraft:diamond_ore:2, gather:minecraft:diamond_ore:7, gather:minecraft:diamond_ore:1, gather:minecraft:diamond_ore:2]
[18:05:55] [lodekeeper-planner/INFO] (lodekeeper) [Lodekeeper] PLAN project=gear_diamond success=true steps=36 branches=170 elapsedMs=8.44929
[18:05:55] [Render thread/INFO] (lodekeeper) [Lodekeeper] STEP kind=CRAFT source=minecraft:birch_planks output=minecraft:birch_planks count=4 operations=1 auxiliary=false
[18:05:56] [Render thread/INFO] (lodekeeper) [Lodekeeper] PROGRESS elapsed_ms=28378 phase=crafting backend=baritone target=none navigation_elapsed_ms=0 navigation_ticks=0 searching=false path_index=0 path_length=0 retries=0 pending_route_events=0 dropped_route_events=0 status=CRAFT_minecraft:birch_planks
[18:05:56] [lodekeeper-planner/INFO] (lodekeeper) [Lodekeeper] PROJECT_MATERIALS project=gear_diamond before=[gather:minecraft:stone:3, gather:minecraft:iron_ore:3, gather:minecraft:stone:8, gather:minecraft:diamond_ore:3, gather:minecraft:diamond_ore:3, gather:minecraft:diamond_ore:4, gather:minecraft:diamond_ore:8, gather:minecraft:diamond_ore:5, gather:minecraft:diamond_ore:2, gather:minecraft:diamond_ore:7, gather:minecraft:diamond_ore:1, gather:minecraft:diamond_ore:2] after=[gather:minecraft:stone:3, gather:minecraft:iron_ore:3, gather:minecraft:stone:8, gather:minecraft:diamond_ore:3, gather:minecraft:diamond_ore:3, gather:minecraft:diamond_ore:4, gather:minecraft:diamond_ore:8, gather:minecraft:diamond_ore:5, gather:minecraft:diamond_ore:2, gather:minecraft:diamond_ore:7, gather:minecraft:diamond_ore:1, gather:minecraft:diamond_ore:2]
[18:05:56] [lodekeeper-planner/INFO] (lodekeeper) [Lodekeeper] PLAN project=gear_diamond success=true steps=35 branches=165 elapsedMs=7.06018
[18:05:56] [Render thread/INFO] (lodekeeper) [Lodekeeper] STEP kind=CRAFT source=minecraft:birch_planks output=minecraft:birch_planks count=4 operations=1 auxiliary=false
[18:05:57] [lodekeeper-planner/INFO] (lodekeeper) [Lodekeeper] PROJECT_MATERIALS project=gear_diamond before=[gather:minecraft:stone:3, gather:minecraft:iron_ore:3, gather:minecraft:stone:8, gather:minecraft:diamond_ore:3, gather:minecraft:diamond_ore:3, gather:minecraft:diamond_ore:4, gather:minecraft:diamond_ore:8, gather:minecraft:diamond_ore:5, gather:minecraft:diamond_ore:2, gather:minecraft:diamond_ore:7, gather:minecraft:diamond_ore:1, gather:minecraft:diamond_ore:2] after=[gather:minecraft:stone:3, gather:minecraft:iron_ore:3, gather:minecraft:stone:8, gather:minecraft:diamond_ore:3, gather:minecraft:diamond_ore:3, gather:minecraft:diamond_ore:4, gather:minecraft:diamond_ore:8, gather:minecraft:diamond_ore:5, gather:minecraft:diamond_ore:2, gather:minecraft:diamond_ore:7, gather:minecraft:diamond_ore:1, gather:minecraft:diamond_ore:2]
[18:05:57] [lodekeeper-planner/INFO] (lodekeeper) [Lodekeeper] PLAN project=gear_diamond success=true steps=34 branches=160 elapsedMs=5.889087
[18:05:57] [Render thread/INFO] (lodekeeper) [Lodekeeper] STEP kind=CRAFT source=minecraft:crafting_table output=minecraft:crafting_table count=1 operations=1 auxiliary=false
[18:05:58] [Render thread/INFO] (lodekeeper) [Lodekeeper] PROGRESS elapsed_ms=30401 phase=crafting backend=baritone target=none navigation_elapsed_ms=0 navigation_ticks=0 searching=false path_index=0 path_length=0 retries=0 pending_route_events=0 dropped_route_events=0 status=CRAFT_minecraft:crafting_table
[18:06:00] [Render thread/INFO] (lodekeeper) [Lodekeeper] PROGRESS elapsed_ms=32423 phase=crafting backend=baritone target=none navigation_elapsed_ms=0 navigation_ticks=0 searching=false path_index=0 path_length=0 retries=0 pending_route_events=0 dropped_route_events=0 status=CRAFT_minecraft:crafting_table
[18:06:01] [lodekeeper-planner/INFO] (lodekeeper) [Lodekeeper] PROJECT_MATERIALS project=gear_diamond before=[gather:minecraft:stone:3, gather:minecraft:iron_ore:3, gather:minecraft:stone:8, gather:minecraft:diamond_ore:3, gather:minecraft:diamond_ore:3, gather:minecraft:diamond_ore:4, gather:minecraft:diamond_ore:8, gather:minecraft:diamond_ore:5, gather:minecraft:diamond_ore:2, gather:minecraft:diamond_ore:7, gather:minecraft:diamond_ore:1, gather:minecraft:diamond_ore:2] after=[gather:minecraft:stone:3, gather:minecraft:iron_ore:3, gather:minecraft:stone:8, gather:minecraft:diamond_ore:3, gather:minecraft:diamond_ore:3, gather:minecraft:diamond_ore:4, gather:minecraft:diamond_ore:8, gather:minecraft:diamond_ore:5, gather:minecraft:diamond_ore:2, gather:minecraft:diamond_ore:7, gather:minecraft:diamond_ore:1, gather:minecraft:diamond_ore:2]
[18:06:01] [lodekeeper-planner/INFO] (lodekeeper) [Lodekeeper] PLAN project=gear_diamond success=true steps=33 branches=157 elapsedMs=5.387473
[18:06:01] [Render thread/INFO] (lodekeeper) [Lodekeeper] STEP kind=PLACE_STATION source=place:minecraft:crafting_table output=null count=0 operations=1 auxiliary=false
[18:06:01] [Render thread/INFO] (lodekeeper) [Lodekeeper] TARGET target=-5,69,36 block=minecraft:crafting_table
[18:06:01] [Render thread/INFO] (lodekeeper) [Lodekeeper] TARGET target=none
[18:06:01] [lodekeeper-planner/INFO] (lodekeeper) [Lodekeeper] PROJECT_MATERIALS project=gear_diamond before=[gather:minecraft:stone:3, gather:minecraft:iron_ore:3, gather:minecraft:stone:8, gather:minecraft:diamond_ore:3, gather:minecraft:diamond_ore:3, gather:minecraft:diamond_ore:4, gather:minecraft:diamond_ore:8, gather:minecraft:diamond_ore:5, gather:minecraft:diamond_ore:2, gather:minecraft:diamond_ore:7, gather:minecraft:diamond_ore:1, gather:minecraft:diamond_ore:2] after=[gather:minecraft:stone:3, gather:minecraft:iron_ore:3, gather:minecraft:stone:8, gather:minecraft:diamond_ore:3, gather:minecraft:diamond_ore:3, gather:minecraft:diamond_ore:4, gather:minecraft:diamond_ore:8, gather:minecraft:diamond_ore:5, gather:minecraft:diamond_ore:2, gather:minecraft:diamond_ore:7, gather:minecraft:diamond_ore:1, gather:minecraft:diamond_ore:2]
[18:06:01] [lodekeeper-planner/INFO] (lodekeeper) [Lodekeeper] PLAN project=gear_diamond success=true steps=32 branches=156 elapsedMs=6.14602
[18:06:01] [Render thread/INFO] (lodekeeper) [Lodekeeper] STEP kind=CRAFT source=minecraft:wooden_pickaxe output=minecraft:wooden_pickaxe count=1 operations=1 auxiliary=false
[18:06:02] [Render thread/INFO] (lodekeeper) [Lodekeeper] PROGRESS elapsed_ms=34449 phase=crafting backend=baritone target=none navigation_elapsed_ms=0 navigation_ticks=0 searching=false path_index=0 path_length=0 retries=0 pending_route_events=0 dropped_route_events=0 status=CRAFT_minecraft:wooden_pickaxe
[18:06:04] [Render thread/INFO] (lodekeeper) [Lodekeeper] PROGRESS elapsed_ms=36474 phase=crafting backend=baritone target=none navigation_elapsed_ms=0 navigation_ticks=0 searching=false path_index=0 path_length=0 retries=0 pending_route_events=0 dropped_route_events=0 status=CRAFT_minecraft:wooden_pickaxe
[18:06:05] [lodekeeper-planner/INFO] (lodekeeper) [Lodekeeper] PROJECT_MATERIALS project=gear_diamond before=[gather:minecraft:stone:3, gather:minecraft:iron_ore:3, gather:minecraft:stone:8, gather:minecraft:diamond_ore:3, gather:minecraft:diamond_ore:3, gather:minecraft:diamond_ore:4, gather:minecraft:diamond_ore:8, gather:minecraft:diamond_ore:5, gather:minecraft:diamond_ore:2, gather:minecraft:diamond_ore:7, gather:minecraft:diamond_ore:1, gather:minecraft:diamond_ore:2] after=[gather:minecraft:stone:3, gather:minecraft:iron_ore:3, gather:minecraft:stone:8, gather:minecraft:diamond_ore:3, gather:minecraft:diamond_ore:3, gather:minecraft:diamond_ore:4, gather:minecraft:diamond_ore:8, gather:minecraft:diamond_ore:5, gather:minecraft:diamond_ore:2, gather:minecraft:diamond_ore:7, gather:minecraft:diamond_ore:1, gather:minecraft:diamond_ore:2]
[18:06:05] [lodekeeper-planner/INFO] (lodekeeper) [Lodekeeper] PLAN project=gear_diamond success=true steps=31 branches=151 elapsedMs=5.369257
[18:06:05] [Render thread/INFO] (lodekeeper) [Lodekeeper] STEP kind=GATHER source=gather:minecraft:stone output=minecraft:cobblestone count=3 operations=3 auxiliary=false
[18:06:06] [Render thread/INFO] (lodekeeper) [Lodekeeper] PROGRESS elapsed_ms=38489 phase=gathering backend=baritone target=none navigation_elapsed_ms=0 navigation_ticks=0 searching=false path_index=0 path_length=0 retries=0 pending_route_events=0 dropped_route_events=0 status=mining_the_recorded_owned_crafting_table
[18:06:08] [Render thread/INFO] (lodekeeper) [Lodekeeper] PROGRESS elapsed_ms=40503 phase=gathering backend=baritone target=none navigation_elapsed_ms=0 navigation_ticks=0 searching=false path_index=0 path_length=0 retries=0 pending_route_events=0 dropped_route_events=0 status=mining_the_recorded_owned_crafting_table
[18:06:09] [Render thread/INFO] (lodekeeper) [Lodekeeper] NAV backend=baritone mode=PICKUP event=CALC_STARTED elapsedMs=5
[18:06:09] [Render thread/INFO] (lodekeeper) [Lodekeeper] NAV calcTool=minecraft:birch_log slot=0
[18:06:09] [Render thread/INFO] (lodekeeper) [Lodekeeper] NAV backend=baritone mode=PICKUP event=CALC_FINISHED_NOW_EXECUTING elapsedMs=33
[18:06:09] [Render thread/INFO] (lodekeeper) [Lodekeeper] NAV backend=baritone mode=PICKUP event=AT_GOAL elapsedMs=236
[18:06:09] [Render thread/INFO] (lodekeeper) [Lodekeeper] NAV backend=baritone mode=PICKUP event=CALC_STARTED elapsedMs=340
[18:06:09] [Render thread/INFO] (lodekeeper) [Lodekeeper] NAV calcTool=minecraft:birch_log slot=0
[18:06:09] [Render thread/INFO] (lodekeeper) [Lodekeeper] ROUTE_SEARCH kind=near anchor=-5,69,36 feet_y16=1104 candidates=1 target=none elapsed_ms=41524
[18:06:09] [lodekeeper-planner/INFO] (lodekeeper) [Lodekeeper] PROJECT_MATERIALS project=gear_diamond before=[gather:minecraft:stone:3, gather:minecraft:iron_ore:3, gather:minecraft:stone:8, gather:minecraft:diamond_ore:3, gather:minecraft:diamond_ore:3, gather:minecraft:diamond_ore:4, gather:minecraft:diamond_ore:8, gather:minecraft:diamond_ore:5, gather:minecraft:diamond_ore:2, gather:minecraft:diamond_ore:7, gather:minecraft:diamond_ore:1, gather:minecraft:diamond_ore:2] after=[gather:minecraft:stone:3, gather:minecraft:iron_ore:3, gather:minecraft:stone:8, gather:minecraft:diamond_ore:3, gather:minecraft:diamond_ore:3, gather:minecraft:diamond_ore:4, gather:minecraft:diamond_ore:8, gather:minecraft:diamond_ore:5, gather:minecraft:diamond_ore:2, gather:minecraft:diamond_ore:7, gather:minecraft:diamond_ore:1, gather:minecraft:diamond_ore:2]
[18:06:09] [lodekeeper-planner/INFO] (lodekeeper) [Lodekeeper] PLAN project=gear_diamond success=true steps=32 branches=152 elapsedMs=4.261576
[18:06:09] [Render thread/INFO] (lodekeeper) [Lodekeeper] STEP kind=GATHER source=gather:minecraft:stone output=minecraft:cobblestone count=3 operations=3 auxiliary=false
[18:06:09] [Render thread/INFO] (lodekeeper) [Lodekeeper] MINING_DEPTH policy=NEAREST desiredY=-2147483648 ceiling=2031 deficit=3 phase=MINE blocks=[Block{minecraft:stone}]
[18:06:09] [Render thread/INFO] (lodekeeper) [Lodekeeper] NAV scan=native-mine durationNanos=3041262 hits=-1 requestTicks=0
[18:06:09] [Render thread/INFO] (lodekeeper) [Lodekeeper] NAV backend=baritone mode=MINE event=CALC_STARTED elapsedMs=5
[18:06:09] [Render thread/INFO] (lodekeeper) [Lodekeeper] NAV calcTool=minecraft:wooden_pickaxe slot=6
[18:06:09] [Render thread/INFO] (lodekeeper) [Lodekeeper] NAV backend=baritone mode=MINE event=CALC_FINISHED_NOW_EXECUTING elapsedMs=31
[18:06:09] [Render thread/INFO] (lodekeeper) [Lodekeeper] BREAK target=Mutable{x=-5, y=68, z=36} block=Block{minecraft:grass_block} tool=minecraft:birch_log slot=0 remaining=-1 required=route
[18:06:09] [Render thread/INFO] (lodekeeper) [Lodekeeper] TARGET target=-5,64,36 block=minecraft:stone
[18:06:10] [Render thread/INFO] (lodekeeper) [Lodekeeper] PROGRESS elapsed_ms=42554 phase=traveling backend=baritone target=-5,64,36 block=minecraft:stone navigation_elapsed_ms=811 navigation_ticks=16 searching=false path_index=0 path_length=6 retries=0 pending_route_events=0 dropped_route_events=0 status=mining_and_collecting_minecraft:cobblestone___0/3
[18:06:11] [Render thread/INFO] (lodekeeper) [Lodekeeper] BREAK target=Mutable{x=-5, y=67, z=36} block=Block{minecraft:dirt} tool=minecraft:birch_log slot=0 remaining=-1 required=route
[18:06:12] [Render thread/INFO] (lodekeeper) [Lodekeeper] BREAK target=Mutable{x=-5, y=66, z=36} block=Block{minecraft:dirt} tool=minecraft:birch_log slot=0 remaining=-1 required=route
[18:06:12] [Render thread/INFO] (lodekeeper) [Lodekeeper] PROGRESS elapsed_ms=44598 phase=traveling backend=baritone target=-5,64,36 block=minecraft:stone navigation_elapsed_ms=2783 navigation_ticks=56 searching=false path_index=0 path_length=4 retries=0 pending_route_events=0 dropped_route_events=0 status=mining_and_collecting_minecraft:cobblestone___0/3
[18:06:13] [Render thread/INFO] (lodekeeper) [Lodekeeper] BREAK target=Mutable{x=-5, y=65, z=36} block=Block{minecraft:stone} tool=minecraft:wooden_pickaxe slot=6 remaining=59 required=minecraft:wooden_pickaxe
[18:06:14] [Render thread/INFO] (lodekeeper) [Lodekeeper] PROGRESS elapsed_ms=46648 phase=traveling backend=baritone target=-5,64,36 block=minecraft:stone navigation_elapsed_ms=5007 navigation_ticks=100 searching=false path_index=0 path_length=2 retries=0 pending_route_events=0 dropped_route_events=0 status=mining_and_collecting_minecraft:cobblestone___0/3
[18:06:14] [Render thread/INFO] (lodekeeper) [Lodekeeper] BREAK target=Mutable{x=-5, y=64, z=36} block=Block{minecraft:stone} tool=minecraft:wooden_pickaxe slot=6 remaining=58 required=minecraft:wooden_pickaxe
[18:06:16] [Render thread/INFO] (lodekeeper) [Lodekeeper] NAV backend=baritone mode=MINE event=CALC_STARTED elapsedMs=6342
[18:06:16] [Render thread/INFO] (lodekeeper) [Lodekeeper] NAV calcTool=minecraft:wooden_pickaxe slot=6
[18:06:16] [Render thread/INFO] (lodekeeper) [Lodekeeper] NAV backend=baritone mode=MINE event=CALC_FINISHED_NOW_EXECUTING elapsedMs=6343
[18:06:16] [Render thread/INFO] (lodekeeper) [Lodekeeper] TARGET target=-4,64,36 block=minecraft:stone
[18:06:16] [Render thread/INFO] (lodekeeper) [Lodekeeper] BREAK target=Mutable{x=-4, y=65, z=36} block=Block{minecraft:stone} tool=minecraft:wooden_pickaxe slot=6 remaining=57 required=minecraft:wooden_pickaxe
[18:06:16] [Render thread/INFO] (lodekeeper) [Lodekeeper] PROGRESS elapsed_ms=48673 phase=traveling backend=baritone target=-4,64,36 block=minecraft:stone navigation_elapsed_ms=6997 navigation_ticks=140 searching=false path_index=0 path_length=2 retries=0 pending_route_events=0 dropped_route_events=0 status=mining_and_collecting_minecraft:cobblestone___2/3
[18:06:17] [Render thread/INFO] (lodekeeper) [Lodekeeper] BREAK target=Mutable{x=-4, y=64, z=36} block=Block{minecraft:stone} tool=minecraft:wooden_pickaxe slot=6 remaining=56 required=minecraft:wooden_pickaxe
[18:06:17] [Render thread/INFO] (lodekeeper) [Lodekeeper] TARGET target=none
[18:06:18] [lodekeeper-planner/INFO] (lodekeeper) [Lodekeeper] PROJECT_MATERIALS project=gear_diamond before=[gather:minecraft:iron_ore:3, gather:minecraft:stone:8, gather:minecraft:diamond_ore:3, gather:minecraft:diamond_ore:3, gather:minecraft:diamond_ore:4, gather:minecraft:diamond_ore:8, gather:minecraft:diamond_ore:5, gather:minecraft:diamond_ore:2, gather:minecraft:diamond_ore:7, gather:minecraft:diamond_ore:1, gather:minecraft:diamond_ore:2] after=[gather:minecraft:iron_ore:3, gather:minecraft:stone:8, gather:minecraft:diamond_ore:3, gather:minecraft:diamond_ore:3, gather:minecraft:diamond_ore:4, gather:minecraft:diamond_ore:8, gather:minecraft:diamond_ore:5, gather:minecraft:diamond_ore:2, gather:minecraft:diamond_ore:7, gather:minecraft:diamond_ore:1, gather:minecraft:diamond_ore:2]
[18:06:18] [lodekeeper-planner/INFO] (lodekeeper) [Lodekeeper] PLAN project=gear_diamond success=true steps=31 branches=147 elapsedMs=6.296408
[18:06:18] [Render thread/INFO] (lodekeeper) [Lodekeeper] STEP kind=PLACE_STATION source=place:minecraft:crafting_table output=null count=0 operations=1 auxiliary=false
[18:06:18] [Render thread/INFO] (lodekeeper) [Lodekeeper] TARGET target=-4,65,36 block=minecraft:crafting_table
[18:06:18] [Render thread/INFO] (lodekeeper) [Lodekeeper] TARGET target=none
[18:06:18] [lodekeeper-planner/INFO] (lodekeeper) [Lodekeeper] PROJECT_MATERIALS project=gear_diamond before=[gather:minecraft:iron_ore:3, gather:minecraft:stone:8, gather:minecraft:diamond_ore:3, gather:minecraft:diamond_ore:3, gather:minecraft:diamond_ore:4, gather:minecraft:diamond_ore:8, gather:minecraft:diamond_ore:5, gather:minecraft:diamond_ore:2, gather:minecraft:diamond_ore:7, gather:minecraft:diamond_ore:1, gather:minecraft:diamond_ore:2] after=[gather:minecraft:iron_ore:3, gather:minecraft:stone:8, gather:minecraft:diamond_ore:3, gather:minecraft:diamond_ore:3, gather:minecraft:diamond_ore:4, gather:minecraft:diamond_ore:8, gather:minecraft:diamond_ore:5, gather:minecraft:diamond_ore:2, gather:minecraft:diamond_ore:7, gather:minecraft:diamond_ore:1, gather:minecraft:diamond_ore:2]
[18:06:18] [lodekeeper-planner/INFO] (lodekeeper) [Lodekeeper] PLAN project=gear_diamond success=true steps=30 branches=146 elapsedMs=8.348394
[18:06:18] [Render thread/INFO] (lodekeeper) [Lodekeeper] STEP kind=CRAFT source=minecraft:stone_pickaxe output=minecraft:stone_pickaxe count=1 operations=1 auxiliary=false
[18:06:18] [Render thread/INFO] (lodekeeper) [Lodekeeper] PROGRESS elapsed_ms=50703 phase=crafting backend=baritone target=none navigation_elapsed_ms=0 navigation_ticks=0 searching=false path_index=0 path_length=0 retries=0 pending_route_events=0 dropped_route_events=0 status=CRAFT_minecraft:stone_pickaxe
[18:06:20] [Render thread/INFO] (lodekeeper) [Lodekeeper] PROGRESS elapsed_ms=52753 phase=crafting backend=baritone target=none navigation_elapsed_ms=0 navigation_ticks=0 searching=false path_index=0 path_length=0 retries=0 pending_route_events=0 dropped_route_events=0 status=CRAFT_minecraft:stone_pickaxe
[18:06:22] [lodekeeper-planner/INFO] (lodekeeper) [Lodekeeper] PROJECT_MATERIALS project=gear_diamond before=[gather:minecraft:iron_ore:3, gather:minecraft:stone:8, gather:minecraft:diamond_ore:3, gather:minecraft:diamond_ore:3, gather:minecraft:diamond_ore:4, gather:minecraft:diamond_ore:8, gather:minecraft:diamond_ore:5, gather:minecraft:diamond_ore:2, gather:minecraft:diamond_ore:7, gather:minecraft:diamond_ore:1, gather:minecraft:diamond_ore:2] after=[gather:minecraft:iron_ore:3, gather:minecraft:stone:8, gather:minecraft:diamond_ore:3, gather:minecraft:diamond_ore:3, gather:minecraft:diamond_ore:4, gather:minecraft:diamond_ore:8, gather:minecraft:diamond_ore:5, gather:minecraft:diamond_ore:2, gather:minecraft:diamond_ore:7, gather:minecraft:diamond_ore:1, gather:minecraft:diamond_ore:2]
[18:06:22] [lodekeeper-planner/INFO] (lodekeeper) [Lodekeeper] PLAN project=gear_diamond success=true steps=29 branches=141 elapsedMs=4.026182
[18:06:22] [Render thread/INFO] (lodekeeper) [Lodekeeper] STEP kind=GATHER source=gather:minecraft:iron_ore output=minecraft:raw_iron count=3 operations=3 auxiliary=false
[18:06:22] [Render thread/INFO] (lodekeeper) [Lodekeeper] PROGRESS elapsed_ms=54800 phase=gathering backend=baritone target=none navigation_elapsed_ms=0 navigation_ticks=0 searching=false path_index=0 path_length=0 retries=0 pending_route_events=0 dropped_route_events=0 status=mining_the_recorded_owned_crafting_table
[18:06:24] [Render thread/INFO] (lodekeeper) [Lodekeeper] PROGRESS elapsed_ms=56838 phase=gathering backend=baritone target=none navigation_elapsed_ms=0 navigation_ticks=0 searching=false path_index=0 path_length=0 retries=0 pending_route_events=0 dropped_route_events=0 status=mining_the_recorded_owned_crafting_table
[18:06:26] [Render thread/INFO] (lodekeeper) [Lodekeeper] NAV backend=baritone mode=PICKUP event=CALC_STARTED elapsedMs=1
[18:06:26] [Render thread/INFO] (lodekeeper) [Lodekeeper] NAV calcTool=minecraft:birch_log slot=0
[18:06:26] [Render thread/INFO] (lodekeeper) [Lodekeeper] NAV backend=baritone mode=PICKUP event=CALC_FINISHED_NOW_EXECUTING elapsedMs=34
[18:06:26] [Render thread/INFO] (lodekeeper) [Lodekeeper] BREAK target=Mutable{x=-4, y=66, z=36} block=Block{minecraft:dirt} tool=minecraft:birch_log slot=0 remaining=-1 required=route
[18:06:26] [lodekeeper-planner/INFO] (lodekeeper) [Lodekeeper] PROJECT_MATERIALS project=gear_diamond before=[gather:minecraft:iron_ore:3, gather:minecraft:stone:8, gather:minecraft:diamond_ore:3, gather:minecraft:diamond_ore:3, gather:minecraft:diamond_ore:4, gather:minecraft:diamond_ore:8, gather:minecraft:diamond_ore:5, gather:minecraft:diamond_ore:2, gather:minecraft:diamond_ore:7, gather:minecraft:diamond_ore:1, gather:minecraft:diamond_ore:2] after=[gather:minecraft:iron_ore:3, gather:minecraft:stone:8, gather:minecraft:diamond_ore:3, gather:minecraft:diamond_ore:3, gather:minecraft:diamond_ore:4, gather:minecraft:diamond_ore:8, gather:minecraft:diamond_ore:5, gather:minecraft:diamond_ore:2, gather:minecraft:diamond_ore:7, gather:minecraft:diamond_ore:1, gather:minecraft:diamond_ore:2]
[18:06:26] [lodekeeper-planner/INFO] (lodekeeper) [Lodekeeper] PLAN project=gear_diamond success=true steps=30 branches=142 elapsedMs=6.199766
[18:06:26] [Render thread/INFO] (lodekeeper) [Lodekeeper] FOOD_PURSUIT event=start target=98b121d4-ca91-4deb-b1af-545dc2b3ed05 routes=1 failedRoutes=0 attacks=0 health=10.0 closestBoxDistance=5.49 elapsedMs=0
[18:06:26] [Render thread/INFO] (lodekeeper) [Lodekeeper] PROGRESS elapsed_ms=58849 phase=working backend=baritone target=none navigation_elapsed_ms=0 navigation_ticks=0 searching=false path_index=0 path_length=0 retries=0 pending_route_events=0 dropped_route_events=0 status=pursuing_cow__1_
[18:06:26] [Render thread/INFO] (lodekeeper) [Lodekeeper] NAV backend=baritone mode=FOLLOW event=CALC_STARTED elapsedMs=3
[18:06:26] [Render thread/INFO] (lodekeeper) [Lodekeeper] NAV calcTool=minecraft:stone_pickaxe slot=7
[18:06:26] [Render thread/INFO] (lodekeeper) [Lodekeeper] NAV backend=baritone mode=FOLLOW event=CALC_FINISHED_NOW_EXECUTING elapsedMs=33
[18:06:27] [Render thread/INFO] (lodekeeper) [Lodekeeper] BREAK target=Mutable{x=-6, y=67, z=36} block=Block{minecraft:grass_block} tool=minecraft:birch_log slot=0 remaining=-1 required=route
[18:06:27] [Render thread/INFO] (lodekeeper) [Lodekeeper] NAV backend=baritone mode=FOLLOW event=CALC_STARTED elapsedMs=993
[18:06:27] [Render thread/INFO] (lodekeeper) [Lodekeeper] NAV calcTool=minecraft:birch_log slot=0
[18:06:27] [Render thread/INFO] (lodekeeper) [Lodekeeper] NAV backend=baritone mode=FOLLOW event=CALC_FINISHED_NOW_EXECUTING elapsedMs=993
[18:06:28] [Render thread/INFO] (lodekeeper) [Lodekeeper] PROGRESS elapsed_ms=60896 phase=traveling backend=baritone target=none navigation_elapsed_ms=1979 navigation_ticks=40 searching=false path_index=0 path_length=5 retries=0 pending_route_events=0 dropped_route_events=0 status=pursuing_cow__1_
[18:06:29] [Render thread/INFO] (lodekeeper) [Lodekeeper] NAV backend=baritone mode=FOLLOW event=CALC_STARTED elapsedMs=2253
[18:06:29] [Render thread/INFO] (lodekeeper) [Lodekeeper] NAV calcTool=minecraft:birch_log slot=0
[18:06:29] [Render thread/INFO] (lodekeeper) [Lodekeeper] NAV backend=baritone mode=FOLLOW event=CALC_FINISHED_NOW_EXECUTING elapsedMs=2253
[18:06:29] [Render thread/INFO] (lodekeeper) [Lodekeeper] FOOD_PURSUIT event=in-reach target=98b121d4-ca91-4deb-b1af-545dc2b3ed05 routes=1 failedRoutes=0 attacks=0 health=10.0 closestBoxDistance=2.8 elapsedMs=2595
[18:06:29] [Render thread/INFO] (lodekeeper) [Lodekeeper] NAV backend=baritone mode=IDLE event=CANCELED elapsedMs=2596
[18:06:29] [Render thread/INFO] (lodekeeper) [Lodekeeper] NAV backend=baritone mode=IDLE event=CANCELED elapsedMs=2596
[18:06:29] [Render thread/INFO] (lodekeeper) [Lodekeeper] NAV backend=baritone mode=IDLE event=CANCELED elapsedMs=2629
[18:06:29] [Render thread/INFO] (lodekeeper) [Lodekeeper] NAV backend=baritone mode=IDLE event=CANCELED elapsedMs=2698
[18:06:29] [Render thread/INFO] (lodekeeper) [Lodekeeper] NAV backend=baritone mode=IDLE event=CANCELED elapsedMs=2731
[18:06:29] [Render thread/INFO] (lodekeeper) [Lodekeeper] NAV backend=baritone mode=IDLE event=CANCELED elapsedMs=2799
[18:06:29] [Render thread/INFO] (lodekeeper) [Lodekeeper] NAV backend=baritone mode=IDLE event=CANCELED elapsedMs=2834
[18:06:29] [Render thread/INFO] (lodekeeper) [Lodekeeper] FOOD_PURSUIT event=start target=98b121d4-ca91-4deb-b1af-545dc2b3ed05 routes=2 failedRoutes=0 attacks=0 health=10.0 closestBoxDistance=2.89 elapsedMs=2903
[18:06:29] [Render thread/INFO] (lodekeeper) [Lodekeeper] NAV backend=baritone mode=FOLLOW event=CALC_STARTED elapsedMs=1
[18:06:29] [Render thread/INFO] (lodekeeper) [Lodekeeper] NAV calcTool=minecraft:birch_log slot=0
[18:06:29] [Render thread/INFO] (lodekeeper) [Lodekeeper] NAV backend=baritone mode=FOLLOW event=CALC_FINISHED_NOW_EXECUTING elapsedMs=34
[18:06:29] [Render thread/INFO] (lodekeeper) [Lodekeeper] FOOD_PURSUIT event=in-reach target=98b121d4-ca91-4deb-b1af-545dc2b3ed05 routes=2 failedRoutes=0 attacks=0 health=10.0 closestBoxDistance=2.87 elapsedMs=3006
[18:06:29] [Render thread/INFO] (lodekeeper) [Lodekeeper] NAV backend=baritone mode=IDLE event=CALC_STARTED elapsedMs=103
[18:06:29] [Render thread/INFO] (lodekeeper) [Lodekeeper] NAV calcTool=minecraft:birch_log slot=0
[18:06:29] [Render thread/INFO] (lodekeeper) [Lodekeeper] NAV backend=baritone mode=IDLE event=CALC_FINISHED_NOW_EXECUTING elapsedMs=103
[18:06:29] [Render thread/INFO] (lodekeeper) [Lodekeeper] NAV backend=baritone mode=IDLE event=CANCELED elapsedMs=103
[18:06:29] [Render thread/INFO] (lodekeeper) [Lodekeeper] NAV backend=baritone mode=IDLE event=CANCELED elapsedMs=103
[18:06:29] [Render thread/INFO] (lodekeeper) [Lodekeeper] NAV backend=baritone mode=IDLE event=CANCELED elapsedMs=138
[18:06:29] [Render thread/INFO] (lodekeeper) [Lodekeeper] NAV backend=baritone mode=IDLE event=CANCELED elapsedMs=172
[18:06:30] [Render thread/INFO] (lodekeeper) [Lodekeeper] NAV backend=baritone mode=IDLE event=CANCELED elapsedMs=240
[18:06:30] [Render thread/INFO] (lodekeeper) [Lodekeeper] NAV backend=baritone mode=IDLE event=CANCELED elapsedMs=274
[18:06:30] [Render thread/INFO] (lodekeeper) [Lodekeeper] NAV backend=baritone mode=IDLE event=CANCELED elapsedMs=343
[18:06:30] [Render thread/INFO] (lodekeeper) [Lodekeeper] NAV backend=baritone mode=IDLE event=CANCELED elapsedMs=377
[18:06:30] [Render thread/INFO] (lodekeeper) [Lodekeeper] NAV backend=baritone mode=IDLE event=CANCELED elapsedMs=446
[18:06:30] [Render thread/INFO] (lodekeeper) [Lodekeeper] NAV backend=baritone mode=IDLE event=CANCELED elapsedMs=479
[18:06:30] [Render thread/INFO] (lodekeeper) [Lodekeeper] NAV backend=baritone mode=IDLE event=CANCELED elapsedMs=548
[18:06:30] [Render thread/INFO] (lodekeeper) [Lodekeeper] NAV backend=baritone mode=IDLE event=CANCELED elapsedMs=582
[18:06:30] [Render thread/INFO] (lodekeeper) [Lodekeeper] FOOD_PURSUIT event=start target=98b121d4-ca91-4deb-b1af-545dc2b3ed05 routes=3 failedRoutes=0 attacks=0 health=10.0 closestBoxDistance=3.01 elapsedMs=3897
[18:06:30] [Render thread/INFO] (lodekeeper) [Lodekeeper] NAV backend=baritone mode=FOLLOW event=CALC_STARTED elapsedMs=1
[18:06:30] [Render thread/INFO] (lodekeeper) [Lodekeeper] NAV calcTool=minecraft:stone_pickaxe slot=7
[18:06:30] [Render thread/INFO] (lodekeeper) [Lodekeeper] NAV backend=baritone mode=FOLLOW event=CALC_FINISHED_NOW_EXECUTING elapsedMs=34
[18:06:30] [Render thread/INFO] (lodekeeper) [Lodekeeper] PROGRESS elapsed_ms=62949 phase=traveling backend=baritone target=none navigation_elapsed_ms=204 navigation_ticks=4 searching=false path_index=0 path_length=5 retries=0 pending_route_events=0 dropped_route_events=0 status=pursuing_cow__3_
[18:06:30] [Render thread/INFO] (lodekeeper) [Lodekeeper] NAV backend=baritone mode=FOLLOW event=CALC_STARTED elapsedMs=205
[18:06:30] [Render thread/INFO] (lodekeeper) [Lodekeeper] NAV calcTool=minecraft:stone_pickaxe slot=7
[18:06:30] [Render thread/INFO] (lodekeeper) [Lodekeeper] NAV backend=baritone mode=FOLLOW event=CALC_FINISHED_NOW_EXECUTING elapsedMs=205
[18:06:31] [Render thread/INFO] (lodekeeper) [Lodekeeper] FOOD_PURSUIT event=in-reach target=98b121d4-ca91-4deb-b1af-545dc2b3ed05 routes=3 failedRoutes=0 attacks=0 health=10.0 closestBoxDistance=2.95 elapsedMs=4239
[18:06:31] [Render thread/INFO] (lodekeeper) [Lodekeeper] NAV backend=baritone mode=IDLE event=CANCELED elapsedMs=342
[18:06:31] [Render thread/INFO] (lodekeeper) [Lodekeeper] NAV backend=baritone mode=IDLE event=CANCELED elapsedMs=342
[18:06:31] [Render thread/INFO] (lodekeeper) [Lodekeeper] NAV backend=baritone mode=IDLE event=CANCELED elapsedMs=410
[18:06:31] [Render thread/INFO] (lodekeeper) [Lodekeeper] NAV backend=baritone mode=IDLE event=CANCELED elapsedMs=444
[18:06:31] [Render thread/INFO] (lodekeeper) [Lodekeeper] NAV backend=baritone mode=IDLE event=CANCELED elapsedMs=478
[18:06:31] [Render thread/INFO] (lodekeeper) [Lodekeeper] NAV backend=baritone mode=IDLE event=CANCELED elapsedMs=545
[18:06:31] [Render thread/INFO] (lodekeeper) [Lodekeeper] FOOD_TOOL slot=7 item=minecraft:stone_pickaxe damage=3.0 wear=2 remainingDurability=131
[18:06:31] [Render thread/INFO] (lodekeeper) [Lodekeeper] FOOD_PURSUIT event=native-attack target=98b121d4-ca91-4deb-b1af-545dc2b3ed05 routes=3 failedRoutes=0 attacks=1 health=10.0 closestBoxDistance=2.69 elapsedMs=4548
[18:06:31] [Render thread/INFO] (lodekeeper) [Lodekeeper] FOOD_PURSUIT event=health-progress target=98b121d4-ca91-4deb-b1af-545dc2b3ed05 routes=3 failedRoutes=0 attacks=1 health=7.0 closestBoxDistance=2.67 elapsedMs=4647
[18:06:31] [Render thread/INFO] (lodekeeper) [Lodekeeper] FOOD_PURSUIT event=start target=98b121d4-ca91-4deb-b1af-545dc2b3ed05 routes=4 failedRoutes=0 attacks=1 health=7.0 closestBoxDistance=3.16 elapsedMs=4854
[18:06:31] [Render thread/INFO] (lodekeeper) [Lodekeeper] NAV backend=baritone mode=FOLLOW event=CALC_STARTED elapsedMs=0
[18:06:31] [Render thread/INFO] (lodekeeper) [Lodekeeper] NAV calcTool=minecraft:stone_pickaxe slot=7
[18:06:31] [Render thread/INFO] (lodekeeper) [Lodekeeper] NAV backend=baritone mode=FOLLOW event=CALC_FINISHED_NOW_EXECUTING elapsedMs=34
[18:06:31] [Render thread/INFO] (lodekeeper) [Lodekeeper] NAV backend=baritone mode=FOLLOW event=CALC_STARTED elapsedMs=138
[18:06:31] [Render thread/INFO] (lodekeeper) [Lodekeeper] NAV calcTool=minecraft:stone_pickaxe slot=7
[18:06:31] [Render thread/INFO] (lodekeeper) [Lodekeeper] NAV backend=baritone mode=FOLLOW event=CALC_FINISHED_NOW_EXECUTING elapsedMs=138
[18:06:32] [Render thread/INFO] (lodekeeper) [Lodekeeper] FOOD_PURSUIT event=in-reach target=98b121d4-ca91-4deb-b1af-545dc2b3ed05 routes=4 failedRoutes=0 attacks=1 health=7.0 closestBoxDistance=2.99 elapsedMs=5303
[18:06:32] [Render thread/INFO] (lodekeeper) [Lodekeeper] NAV backend=baritone mode=IDLE event=CANCELED elapsedMs=449
[18:06:32] [Render thread/INFO] (lodekeeper) [Lodekeeper] NAV backend=baritone mode=IDLE event=CANCELED elapsedMs=449
[18:06:32] [Render thread/INFO] (lodekeeper) [Lodekeeper] NAV backend=baritone mode=IDLE event=CANCELED elapsedMs=482
[18:06:32] [Render thread/INFO] (lodekeeper) [Lodekeeper] NAV backend=baritone mode=IDLE event=CANCELED elapsedMs=549
[18:06:32] [Render thread/INFO] (lodekeeper) [Lodekeeper] NAV backend=baritone mode=IDLE event=CANCELED elapsedMs=583
[18:06:32] [Render thread/INFO] (lodekeeper) [Lodekeeper] FOOD_TOOL slot=7 item=minecraft:stone_pickaxe damage=3.0 wear=2 remainingDurability=129
[18:06:32] [Render thread/INFO] (lodekeeper) [Lodekeeper] FOOD_PURSUIT event=native-attack target=98b121d4-ca91-4deb-b1af-545dc2b3ed05 routes=4 failedRoutes=0 attacks=2 health=7.0 closestBoxDistance=1.43 elapsedMs=5543
[18:06:32] [Render thread/INFO] (lodekeeper) [Lodekeeper] FOOD_PURSUIT event=health-progress target=98b121d4-ca91-4deb-b1af-545dc2b3ed05 routes=4 failedRoutes=0 attacks=2 health=4.0 closestBoxDistance=1.43 elapsedMs=5577
[18:06:32] [Render thread/INFO] (lodekeeper) [Lodekeeper] FOOD_PURSUIT event=start target=98b121d4-ca91-4deb-b1af-545dc2b3ed05 routes=5 failedRoutes=0 attacks=2 health=4.0 closestBoxDistance=3.08 elapsedMs=5952
[18:06:32] [Render thread/INFO] (lodekeeper) [Lodekeeper] NAV backend=baritone mode=FOLLOW event=CALC_STARTED elapsedMs=1
[18:06:32] [Render thread/INFO] (lodekeeper) [Lodekeeper] NAV calcTool=minecraft:stone_pickaxe slot=7
[18:06:32] [Render thread/INFO] (lodekeeper) [Lodekeeper] NAV backend=baritone mode=FOLLOW event=CALC_FINISHED_NOW_EXECUTING elapsedMs=36
[18:06:32] [Render thread/INFO] (lodekeeper) [Lodekeeper] NAV backend=baritone mode=FOLLOW event=CALC_STARTED elapsedMs=138
[18:06:32] [Render thread/INFO] (lodekeeper) [Lodekeeper] NAV calcTool=minecraft:stone_pickaxe slot=7
[18:06:32] [Render thread/INFO] (lodekeeper) [Lodekeeper] NAV backend=baritone mode=FOLLOW event=CALC_FINISHED_NOW_EXECUTING elapsedMs=138
[18:06:33] [Render thread/INFO] (lodekeeper) [Lodekeeper] PROGRESS elapsed_ms=65005 phase=traveling backend=baritone target=none navigation_elapsed_ms=206 navigation_ticks=4 searching=false path_index=0 path_length=5 retries=0 pending_route_events=0 dropped_route_events=0 status=pursuing_cow__5_
[18:06:33] [Render thread/INFO] (lodekeeper) [Lodekeeper] NAV backend=baritone mode=FOLLOW event=CALC_STARTED elapsedMs=342
[18:06:33] [Render thread/INFO] (lodekeeper) [Lodekeeper] NAV calcTool=minecraft:stone_pickaxe slot=7
[18:06:33] [Render thread/INFO] (lodekeeper) [Lodekeeper] NAV backend=baritone mode=FOLLOW event=CALC_FINISHED_NOW_EXECUTING elapsedMs=342
[18:06:33] [Render thread/INFO] (lodekeeper) [Lodekeeper] FOOD_PURSUIT event=in-reach target=98b121d4-ca91-4deb-b1af-545dc2b3ed05 routes=5 failedRoutes=0 attacks=2 health=4.0 closestBoxDistance=2.99 elapsedMs=6394
[18:06:33] [Render thread/INFO] (lodekeeper) [Lodekeeper] NAV backend=baritone mode=IDLE event=CANCELED elapsedMs=443
[18:06:33] [Render thread/INFO] (lodekeeper) [Lodekeeper] NAV backend=baritone mode=IDLE event=CANCELED elapsedMs=443
[18:06:33] [Render thread/INFO] (lodekeeper) [Lodekeeper] NAV backend=baritone mode=IDLE event=CANCELED elapsedMs=477
[18:06:33] [Render thread/INFO] (lodekeeper) [Lodekeeper] NAV backend=baritone mode=IDLE event=CANCELED elapsedMs=545
[18:06:33] [Render thread/INFO] (lodekeeper) [Lodekeeper] NAV backend=baritone mode=IDLE event=CANCELED elapsedMs=580
[18:06:33] [Render thread/INFO] (lodekeeper) [Lodekeeper] NAV backend=baritone mode=IDLE event=CANCELED elapsedMs=650
[18:06:33] [Render thread/INFO] (lodekeeper) [Lodekeeper] NAV backend=baritone mode=IDLE event=CANCELED elapsedMs=683
[18:06:33] [Render thread/INFO] (lodekeeper) [Lodekeeper] NAV backend=baritone mode=IDLE event=CANCELED elapsedMs=752
[18:06:33] [Render thread/INFO] (lodekeeper) [Lodekeeper] NAV backend=baritone mode=IDLE event=CANCELED elapsedMs=787
[18:06:33] [Render thread/INFO] (lodekeeper) [Lodekeeper] NAV backend=baritone mode=IDLE event=CANCELED elapsedMs=822
[18:06:33] [Render thread/INFO] (lodekeeper) [Lodekeeper] FOOD_TOOL slot=7 item=minecraft:stone_pickaxe damage=3.0 wear=2 remainingDurability=127
[18:06:33] [Render thread/INFO] (lodekeeper) [Lodekeeper] FOOD_PURSUIT event=native-attack target=98b121d4-ca91-4deb-b1af-545dc2b3ed05 routes=5 failedRoutes=0 attacks=3 health=4.0 closestBoxDistance=1.95 elapsedMs=6877
[18:06:33] [Render thread/INFO] (lodekeeper) [Lodekeeper] FOOD_PURSUIT event=health-progress target=98b121d4-ca91-4deb-b1af-545dc2b3ed05 routes=5 failedRoutes=0 attacks=3 health=1.0 closestBoxDistance=2.18 elapsedMs=6944
[18:06:33] [Render thread/INFO] (lodekeeper) [Lodekeeper] FOOD_PURSUIT event=start target=98b121d4-ca91-4deb-b1af-545dc2b3ed05 routes=6 failedRoutes=0 attacks=3 health=1.0 closestBoxDistance=3.32 elapsedMs=7080
[18:06:33] [Render thread/INFO] (lodekeeper) [Lodekeeper] NAV backend=baritone mode=FOLLOW event=CALC_STARTED elapsedMs=1
[18:06:33] [Render thread/INFO] (lodekeeper) [Lodekeeper] NAV calcTool=minecraft:stone_pickaxe slot=7
[18:06:34] [Render thread/INFO] (lodekeeper) [Lodekeeper] NAV backend=baritone mode=FOLLOW event=CALC_FINISHED_NOW_EXECUTING elapsedMs=69
[18:06:34] [Render thread/INFO] (lodekeeper) [Lodekeeper] NAV backend=baritone mode=FOLLOW event=CALC_STARTED elapsedMs=207
[18:06:34] [Render thread/INFO] (lodekeeper) [Lodekeeper] NAV calcTool=minecraft:stone_pickaxe slot=7
[18:06:34] [Render thread/INFO] (lodekeeper) [Lodekeeper] NAV backend=baritone mode=FOLLOW event=CALC_FINISHED_NOW_EXECUTING elapsedMs=207
[18:06:34] [Render thread/INFO] (lodekeeper) [Lodekeeper] NAV backend=baritone mode=FOLLOW event=CALC_STARTED elapsedMs=957
[18:06:34] [Render thread/INFO] (lodekeeper) [Lodekeeper] NAV calcTool=minecraft:stone_pickaxe slot=7
[18:06:34] [Render thread/INFO] (lodekeeper) [Lodekeeper] NAV backend=baritone mode=FOLLOW event=CALC_FINISHED_NOW_EXECUTING elapsedMs=957
[18:06:35] [Render thread/INFO] (lodekeeper) [Lodekeeper] PROGRESS elapsed_ms=67022 phase=traveling backend=baritone target=none navigation_elapsed_ms=1025 navigation_ticks=20 searching=false path_index=0 path_length=4 retries=0 pending_route_events=0 dropped_route_events=0 status=pursuing_cow__6_
[18:06:35] [Render thread/INFO] (lodekeeper) [Lodekeeper] NAV backend=baritone mode=FOLLOW event=CALC_STARTED elapsedMs=1163
[18:06:35] [Render thread/INFO] (lodekeeper) [Lodekeeper] NAV calcTool=minecraft:stone_pickaxe slot=7
[18:06:35] [Render thread/INFO] (lodekeeper) [Lodekeeper] NAV backend=baritone mode=FOLLOW event=CALC_FINISHED_NOW_EXECUTING elapsedMs=1163
[18:06:35] [Render thread/INFO] (lodekeeper) [Lodekeeper] NAV backend=baritone mode=FOLLOW event=CALC_STARTED elapsedMs=1368
[18:06:35] [Render thread/INFO] (lodekeeper) [Lodekeeper] NAV calcTool=minecraft:stone_pickaxe slot=7
[18:06:35] [Render thread/INFO] (lodekeeper) [Lodekeeper] NAV backend=baritone mode=FOLLOW event=CALC_FINISHED_NOW_EXECUTING elapsedMs=1369
[18:06:35] [Render thread/INFO] (lodekeeper) [Lodekeeper] NAV backend=baritone mode=FOLLOW event=CALC_STARTED elapsedMs=1544
[18:06:35] [Render thread/INFO] (lodekeeper) [Lodekeeper] NAV calcTool=minecraft:stone_pickaxe slot=7
[18:06:35] [Render thread/INFO] (lodekeeper) [Lodekeeper] NAV backend=baritone mode=FOLLOW event=CALC_FINISHED_NOW_EXECUTING elapsedMs=1545
[18:06:35] [Render thread/INFO] (lodekeeper) [Lodekeeper] NAV backend=baritone mode=FOLLOW event=CALC_STARTED elapsedMs=1614
[18:06:35] [Render thread/INFO] (lodekeeper) [Lodekeeper] NAV calcTool=minecraft:stone_pickaxe slot=7
[18:06:35] [Render thread/INFO] (lodekeeper) [Lodekeeper] NAV backend=baritone mode=FOLLOW event=CALC_FINISHED_NOW_EXECUTING elapsedMs=1614
[18:06:36] [Render thread/INFO] (lodekeeper) [Lodekeeper] FOOD_PURSUIT event=in-reach target=98b121d4-ca91-4deb-b1af-545dc2b3ed05 routes=6 failedRoutes=0 attacks=3 health=1.0 closestBoxDistance=2.98 elapsedMs=9140
[18:06:36] [Render thread/INFO] (lodekeeper) [Lodekeeper] NAV backend=baritone mode=IDLE event=CANCELED elapsedMs=2061
[18:06:36] [Render thread/INFO] (lodekeeper) [Lodekeeper] NAV backend=baritone mode=IDLE event=CANCELED elapsedMs=2061
[18:06:36] [Render thread/INFO] (lodekeeper) [Lodekeeper] NAV backend=baritone mode=IDLE event=CANCELED elapsedMs=2094
[18:06:36] [Render thread/INFO] (lodekeeper) [Lodekeeper] NAV backend=baritone mode=IDLE event=CANCELED elapsedMs=2161
[18:06:36] [Render thread/INFO] (lodekeeper) [Lodekeeper] NAV backend=baritone mode=IDLE event=CANCELED elapsedMs=2196
[18:06:36] [Render thread/INFO] (lodekeeper) [Lodekeeper] FOOD_PURSUIT event=start target=98b121d4-ca91-4deb-b1af-545dc2b3ed05 routes=7 failedRoutes=0 attacks=3 health=1.0 closestBoxDistance=3.22 elapsedMs=9346
[18:06:36] [Render thread/INFO] (lodekeeper) [Lodekeeper] NAV backend=baritone mode=FOLLOW event=CALC_STARTED elapsedMs=1
[18:06:36] [Render thread/INFO] (lodekeeper) [Lodekeeper] NAV calcTool=minecraft:stone_pickaxe slot=7
[18:06:36] [Render thread/INFO] (lodekeeper) [Lodekeeper] NAV backend=baritone mode=FOLLOW event=CALC_FINISHED_NOW_EXECUTING elapsedMs=34
[18:06:36] [Render thread/INFO] (lodekeeper) [Lodekeeper] NAV backend=baritone mode=FOLLOW event=CALC_STARTED elapsedMs=204
[18:06:36] [Render thread/INFO] (lodekeeper) [Lodekeeper] NAV calcTool=minecraft:stone_pickaxe slot=7
[18:06:36] [Render thread/INFO] (lodekeeper) [Lodekeeper] NAV backend=baritone mode=FOLLOW event=CALC_FINISHED_NOW_EXECUTING elapsedMs=205
[18:06:36] [Render thread/INFO] (lodekeeper) [Lodekeeper] NAV backend=baritone mode=FOLLOW event=CALC_STARTED elapsedMs=408
[18:06:36] [Render thread/INFO] (lodekeeper) [Lodekeeper] NAV calcTool=minecraft:stone_pickaxe slot=7
[18:06:36] [Render thread/INFO] (lodekeeper) [Lodekeeper] NAV backend=baritone mode=FOLLOW event=CALC_FINISHED_NOW_EXECUTING elapsedMs=408
[18:06:36] [Render thread/INFO] (lodekeeper) [Lodekeeper] NAV backend=baritone mode=FOLLOW event=CALC_STARTED elapsedMs=546
[18:06:36] [Render thread/INFO] (lodekeeper) [Lodekeeper] NAV calcTool=minecraft:stone_pickaxe slot=7
[18:06:36] [Render thread/INFO] (lodekeeper) [Lodekeeper] NAV backend=baritone mode=FOLLOW event=CALC_FINISHED_NOW_EXECUTING elapsedMs=546
[18:06:37] [Render thread/INFO] (lodekeeper) [Lodekeeper] PROGRESS elapsed_ms=69025 phase=traveling backend=baritone target=none navigation_elapsed_ms=798 navigation_ticks=16 searching=false path_index=0 path_length=5 retries=0 pending_route_events=0 dropped_route_events=0 status=pursuing_cow__7_
[18:06:37] [Render thread/INFO] (lodekeeper) [Lodekeeper] NAV backend=baritone mode=FOLLOW event=CALC_STARTED elapsedMs=833
[18:06:37] [Render thread/INFO] (lodekeeper) [Lodekeeper] NAV calcTool=minecraft:stone_pickaxe slot=7
[18:06:37] [Render thread/INFO] (lodekeeper) [Lodekeeper] NAV backend=baritone mode=FOLLOW event=CALC_FINISHED_NOW_EXECUTING elapsedMs=833
[18:06:37] [Render thread/INFO] (lodekeeper) [Lodekeeper] FOOD_PURSUIT event=in-reach target=98b121d4-ca91-4deb-b1af-545dc2b3ed05 routes=7 failedRoutes=0 attacks=3 health=1.0 closestBoxDistance=2.97 elapsedMs=10451
[18:06:37] [Render thread/INFO] (lodekeeper) [Lodekeeper] NAV backend=baritone mode=IDLE event=CANCELED elapsedMs=1107
[18:06:37] [Render thread/INFO] (lodekeeper) [Lodekeeper] NAV backend=baritone mode=IDLE event=CANCELED elapsedMs=1107
[18:06:37] [Render thread/INFO] (lodekeeper) [Lodekeeper] NAV backend=baritone mode=IDLE event=CANCELED elapsedMs=1141
[18:06:37] [Render thread/INFO] (lodekeeper) [Lodekeeper] NAV backend=baritone mode=IDLE event=CANCELED elapsedMs=1210
[18:06:37] [Render thread/INFO] (lodekeeper) [Lodekeeper] NAV backend=baritone mode=IDLE event=CANCELED elapsedMs=1245
[18:06:37] [Render thread/INFO] (lodekeeper) [Lodekeeper] FOOD_TOOL slot=7 item=minecraft:stone_pickaxe damage=3.0 wear=2 remainingDurability=125
[18:06:37] [Render thread/INFO] (lodekeeper) [Lodekeeper] FOOD_PURSUIT event=native-attack target=98b121d4-ca91-4deb-b1af-545dc2b3ed05 routes=7 failedRoutes=0 attacks=4 health=1.0 closestBoxDistance=2.73 elapsedMs=10695
[18:06:37] [Render thread/INFO] (lodekeeper) [Lodekeeper] FOOD_PURSUIT event=health-progress target=98b121d4-ca91-4deb-b1af-545dc2b3ed05 routes=7 failedRoutes=0 attacks=4 health=0.0 closestBoxDistance=2.72 elapsedMs=10729
[18:06:37] [Render thread/INFO] (lodekeeper) [Lodekeeper] NAV backend=baritone mode=PICKUP event=CALC_STARTED elapsedMs=1
[18:06:37] [Render thread/INFO] (lodekeeper) [Lodekeeper] NAV calcTool=minecraft:stone_pickaxe slot=7
[18:06:37] [Render thread/INFO] (lodekeeper) [Lodekeeper] NAV backend=baritone mode=PICKUP event=CALC_FINISHED_NOW_EXECUTING elapsedMs=34
[18:06:37] [Render thread/INFO] (lodekeeper) [Lodekeeper] NAV backend=baritone mode=PICKUP event=CALC_STARTED elapsedMs=238
[18:06:37] [Render thread/INFO] (lodekeeper) [Lodekeeper] NAV calcTool=minecraft:stone_pickaxe slot=7
[18:06:37] [Render thread/INFO] (lodekeeper) [Lodekeeper] NAV backend=baritone mode=PICKUP event=CALC_FINISHED_NOW_EXECUTING elapsedMs=239
[18:06:38] [Render thread/INFO] (lodekeeper) [Lodekeeper] NAV backend=baritone mode=IDLE event=CANCELED elapsedMs=752
[18:06:38] [Render thread/INFO] (lodekeeper) [Lodekeeper] NAV backend=baritone mode=IDLE event=CANCELED elapsedMs=752
[18:06:38] [Render thread/INFO] (lodekeeper) [Lodekeeper] NAV backend=baritone mode=IDLE event=CANCELED elapsedMs=785
[18:06:38] [Render thread/INFO] (lodekeeper) [Lodekeeper] NAV backend=baritone mode=IDLE event=CANCELED elapsedMs=853
[18:06:38] [Render thread/INFO] (lodekeeper) [Lodekeeper] NAV backend=baritone mode=IDLE event=CANCELED elapsedMs=887
[18:06:38] [Render thread/INFO] (lodekeeper) [Lodekeeper] NAV backend=baritone mode=IDLE event=CANCELED elapsedMs=954
[18:06:38] [Render thread/INFO] (lodekeeper) [Lodekeeper] NAV backend=baritone mode=IDLE event=CANCELED elapsedMs=988
[18:06:38] [Render thread/INFO] (lodekeeper) [Lodekeeper] FOOD_PREPARATION decision=batch_raw_food nutrition=3 cooked_potential=8 target=36
[18:06:38] [lodekeeper-planner/INFO] (lodekeeper) [Lodekeeper] PROJECT_MATERIALS project=gear_diamond before=[gather:minecraft:iron_ore:3, gather:minecraft:stone:8, gather:minecraft:diamond_ore:3, gather:minecraft:diamond_ore:3, gather:minecraft:diamond_ore:4, gather:minecraft:diamond_ore:8, gather:minecraft:diamond_ore:5, gather:minecraft:diamond_ore:2, gather:minecraft:diamond_ore:7, gather:minecraft:diamond_ore:1, gather:minecraft:diamond_ore:2] after=[gather:minecraft:iron_ore:3, gather:minecraft:stone:8, gather:minecraft:diamond_ore:3, gather:minecraft:diamond_ore:3, gather:minecraft:diamond_ore:4, gather:minecraft:diamond_ore:8, gather:minecraft:diamond_ore:5, gather:minecraft:diamond_ore:2, gather:minecraft:diamond_ore:7, gather:minecraft:diamond_ore:1, gather:minecraft:diamond_ore:2]
[18:06:38] [lodekeeper-planner/INFO] (lodekeeper) [Lodekeeper] PLAN project=gear_diamond success=true steps=30 branches=142 elapsedMs=4.768131
[18:06:38] [Render thread/INFO] (lodekeeper) [Lodekeeper] STEP kind=GATHER source=gather:minecraft:iron_ore output=minecraft:raw_iron count=3 operations=3 auxiliary=false
[18:06:38] [Render thread/INFO] (lodekeeper) [Lodekeeper] MINING_DEPTH policy=NEAREST desiredY=16 ceiling=2031 deficit=3 phase=MINE blocks=[Block{minecraft:iron_ore}, Block{minecraft:deepslate_iron_ore}]
[18:06:38] [Render thread/INFO] (lodekeeper) [Lodekeeper] NAV backend=baritone mode=MINE event=CALC_STARTED elapsedMs=2
[18:06:38] [Render thread/INFO] (lodekeeper) [Lodekeeper] NAV calcTool=minecraft:stone_pickaxe slot=7
[18:06:38] [Render thread/INFO] (lodekeeper) [Lodekeeper] ROUTE_SEARCH kind=unknown anchor=unknown feet_y16=0 candidates=0 target=none elapsed_ms=70940
[18:06:39] [Render thread/INFO] (lodekeeper) [Lodekeeper] PROGRESS elapsed_ms=71052 phase=searching backend=baritone target=none navigation_elapsed_ms=203 navigation_ticks=4 searching=true path_index=0 path_length=0 retries=0 pending_route_events=0 dropped_route_events=0 status=mining_and_collecting_minecraft:raw_iron___0/3___planning_next_route
[18:06:39] [Render thread/INFO] (lodekeeper) [Lodekeeper] NAV backend=baritone mode=MINE event=CALC_FINISHED_NOW_EXECUTING elapsedMs=555
[18:06:39] [Render thread/INFO] (lodekeeper) [Lodekeeper] NAV backend=baritone mode=MINE event=NEXT_SEGMENT_CALC_STARTED elapsedMs=557
[18:06:39] [Render thread/INFO] (lodekeeper) [Lodekeeper] NAV backend=baritone mode=IDLE event=CANCELED elapsedMs=973
[18:06:39] [Render thread/INFO] (lodekeeper) [Lodekeeper] NAV backend=baritone mode=IDLE event=CANCELED elapsedMs=974
[18:06:39] [Render thread/INFO] (lodekeeper) [Lodekeeper] NAV backend=baritone mode=IDLE event=CANCELED elapsedMs=1008
[18:06:39] [Render thread/INFO] (lodekeeper) [Lodekeeper] NAV backend=baritone mode=IDLE event=CANCELED elapsedMs=1042
[18:06:39] [Render thread/INFO] (lodekeeper) [Lodekeeper] NAV backend=baritone mode=IDLE event=CANCELED elapsedMs=1112
[18:06:39] [Render thread/INFO] (lodekeeper) [Lodekeeper] NAV backend=baritone mode=IDLE event=CANCELED elapsedMs=1145
[18:06:39] [Render thread/INFO] (lodekeeper) [Lodekeeper] NAV backend=baritone mode=IDLE event=CANCELED elapsedMs=1215
[18:06:40] [Render thread/INFO] (lodekeeper) [Lodekeeper] NAV backend=baritone mode=IDLE event=CANCELED elapsedMs=1249
[18:06:40] [Render thread/INFO] (lodekeeper) [Lodekeeper] NAV backend=baritone mode=IDLE event=CANCELED elapsedMs=1318
[18:06:40] [Render thread/INFO] (lodekeeper) [Lodekeeper] NAV backend=baritone mode=IDLE event=CANCELED elapsedMs=1353
[18:06:40] [Render thread/INFO] (lodekeeper) [Lodekeeper] FOOD_PURSUIT event=start target=5dd37efd-4b4f-4ef0-a699-9239a947006d routes=1 failedRoutes=0 attacks=0 health=10.0 closestBoxDistance=9.87 elapsedMs=0
[18:06:40] [Render thread/INFO] (lodekeeper) [Lodekeeper] NAV backend=baritone mode=FOLLOW event=CALC_STARTED elapsedMs=1
[18:06:40] [Render thread/INFO] (lodekeeper) [Lodekeeper] NAV calcTool=minecraft:stone_pickaxe slot=7
[18:06:40] [Render thread/INFO] (lodekeeper) [Lodekeeper] NAV backend=baritone mode=FOLLOW event=CALC_FINISHED_NOW_EXECUTING elapsedMs=68
[18:06:41] [Render thread/INFO] (lodekeeper) [Lodekeeper] PROGRESS elapsed_ms=73080 phase=traveling backend=baritone target=none navigation_elapsed_ms=818 navigation_ticks=16 searching=false path_index=0 path_length=9 retries=0 pending_route_events=0 dropped_route_events=0 status=pursuing_cow__1_
[18:06:41] [Render thread/INFO] (lodekeeper) [Lodekeeper] NAV backend=baritone mode=FOLLOW event=CALC_STARTED elapsedMs=1266
[18:06:41] [Render thread/INFO] (lodekeeper) [Lodekeeper] NAV calcTool=minecraft:stone_pickaxe slot=7
[18:06:41] [Render thread/INFO] (lodekeeper) [Lodekeeper] NAV backend=baritone mode=FOLLOW event=CALC_FINISHED_NOW_EXECUTING elapsedMs=1266
[18:06:41] [Render thread/INFO] (lodekeeper) [Lodekeeper] FOOD_PURSUIT event=in-reach target=5dd37efd-4b4f-4ef0-a699-9239a947006d routes=1 failedRoutes=0 attacks=0 health=10.0 closestBoxDistance=2.74 elapsedMs=1508
[18:06:41] [Render thread/INFO] (lodekeeper) [Lodekeeper] NAV backend=baritone mode=IDLE event=CANCELED elapsedMs=1508
[18:06:41] [Render thread/INFO] (lodekeeper) [Lodekeeper] NAV backend=baritone mode=IDLE event=CANCELED elapsedMs=1509
[18:06:41] [Render thread/INFO] (lodekeeper) [Lodekeeper] NAV backend=baritone mode=IDLE event=CANCELED elapsedMs=1577
[18:06:41] [Render thread/INFO] (lodekeeper) [Lodekeeper] NAV backend=baritone mode=IDLE event=CANCELED elapsedMs=1610
[18:06:41] [Render thread/INFO] (lodekeeper) [Lodekeeper] NAV backend=baritone mode=IDLE event=CANCELED elapsedMs=1679
[18:06:41] [Render thread/INFO] (lodekeeper) [Lodekeeper] NAV backend=baritone mode=IDLE event=CANCELED elapsedMs=1713
[18:06:41] [Render thread/INFO] (lodekeeper) [Lodekeeper] NAV backend=baritone mode=IDLE event=CANCELED elapsedMs=1748
[18:06:41] [Render thread/INFO] (lodekeeper) [Lodekeeper] NAV backend=baritone mode=IDLE event=CANCELED elapsedMs=1815
[18:06:42] [Render thread/INFO] (lodekeeper) [Lodekeeper] NAV backend=baritone mode=IDLE event=CANCELED elapsedMs=1850
[18:06:42] [Render thread/INFO] (lodekeeper) [Lodekeeper] NAV backend=baritone mode=IDLE event=CANCELED elapsedMs=1919
[18:06:42] [Render thread/INFO] (lodekeeper) [Lodekeeper] NAV backend=baritone mode=IDLE event=CANCELED elapsedMs=1953
[18:06:42] [Render thread/INFO] (lodekeeper) [Lodekeeper] FOOD_TOOL slot=7 item=minecraft:stone_pickaxe damage=3.0 wear=2 remainingDurability=123
[18:06:42] [Render thread/INFO] (lodekeeper) [Lodekeeper] FOOD_PURSUIT event=native-attack target=5dd37efd-4b4f-4ef0-a699-9239a947006d routes=1 failedRoutes=0 attacks=1 health=10.0 closestBoxDistance=0.67 elapsedMs=2055
[18:06:42] [Render thread/INFO] (lodekeeper) [Lodekeeper] FOOD_PURSUIT event=health-progress target=5dd37efd-4b4f-4ef0-a699-9239a947006d routes=1 failedRoutes=0 attacks=1 health=7.0 closestBoxDistance=0.68 elapsedMs=2123
[18:06:43] [Render thread/INFO] (lodekeeper) [Lodekeeper] FOOD_TOOL slot=7 item=minecraft:stone_pickaxe damage=3.0 wear=2 remainingDurability=121
[18:06:43] [Render thread/INFO] (lodekeeper) [Lodekeeper] FOOD_PURSUIT event=native-attack target=5dd37efd-4b4f-4ef0-a699-9239a947006d routes=1 failedRoutes=0 attacks=2 health=7.0 closestBoxDistance=2.02 elapsedMs=2910
[18:06:43] [Render thread/INFO] (lodekeeper) [Lodekeeper] FOOD_PURSUIT event=health-progress target=5dd37efd-4b4f-4ef0-a699-9239a947006d routes=1 failedRoutes=0 attacks=2 health=4.0 closestBoxDistance=2.08 elapsedMs=2978
[18:06:43] [Render thread/INFO] (lodekeeper) [Lodekeeper] PROGRESS elapsed_ms=75103 phase=working backend=baritone target=none navigation_elapsed_ms=0 navigation_ticks=0 searching=false path_index=0 path_length=0 retries=0 pending_route_events=0 dropped_route_events=0 status=attacking_cow__2_
[18:06:43] [Render thread/INFO] (lodekeeper) [Lodekeeper] FOOD_TOOL slot=7 item=minecraft:stone_pickaxe damage=3.0 wear=2 remainingDurability=119
[18:06:43] [Render thread/INFO] (lodekeeper) [Lodekeeper] FOOD_PURSUIT event=native-attack target=5dd37efd-4b4f-4ef0-a699-9239a947006d routes=1 failedRoutes=0 attacks=3 health=4.0 closestBoxDistance=2.16 elapsedMs=3762
[18:06:43] [Render thread/INFO] (lodekeeper) [Lodekeeper] FOOD_PURSUIT event=health-progress target=5dd37efd-4b4f-4ef0-a699-9239a947006d routes=1 failedRoutes=0 attacks=3 health=1.0 closestBoxDistance=2.04 elapsedMs=3829
[18:06:44] [Render thread/INFO] (lodekeeper) [Lodekeeper] FOOD_TOOL slot=7 item=minecraft:stone_pickaxe damage=3.0 wear=2 remainingDurability=117
[18:06:44] [Render thread/INFO] (lodekeeper) [Lodekeeper] FOOD_PURSUIT event=native-attack target=5dd37efd-4b4f-4ef0-a699-9239a947006d routes=1 failedRoutes=0 attacks=4 health=1.0 closestBoxDistance=2.13 elapsedMs=4615
[18:06:44] [Render thread/INFO] (lodekeeper) [Lodekeeper] FOOD_PURSUIT event=health-progress target=5dd37efd-4b4f-4ef0-a699-9239a947006d routes=1 failedRoutes=0 attacks=4 health=0.0 closestBoxDistance=2.02 elapsedMs=4650
[18:06:44] [Render thread/INFO] (lodekeeper) [Lodekeeper] NAV backend=baritone mode=PICKUP event=CALC_STARTED elapsedMs=0
[18:06:44] [Render thread/INFO] (lodekeeper) [Lodekeeper] NAV calcTool=minecraft:stone_pickaxe slot=7
[18:06:44] [Render thread/INFO] (lodekeeper) [Lodekeeper] NAV backend=baritone mode=PICKUP event=CALC_FINISHED_NOW_EXECUTING elapsedMs=35
[18:06:45] [Render thread/INFO] (lodekeeper) [Lodekeeper] PROGRESS elapsed_ms=77152 phase=traveling backend=baritone target=none navigation_elapsed_ms=205 navigation_ticks=4 searching=false path_index=0 path_length=3 retries=0 pending_route_events=0 dropped_route_events=0 status=collecting_minecraft:beef
[18:06:45] [Render thread/INFO] (lodekeeper) [Lodekeeper] NAV backend=baritone mode=IDLE event=CANCELED elapsedMs=413
[18:06:45] [Render thread/INFO] (lodekeeper) [Lodekeeper] NAV backend=baritone mode=IDLE event=CANCELED elapsedMs=413
[18:06:45] [Render thread/INFO] (lodekeeper) [Lodekeeper] NAV backend=baritone mode=IDLE event=CANCELED elapsedMs=447
[18:06:45] [Render thread/INFO] (lodekeeper) [Lodekeeper] NAV backend=baritone mode=IDLE event=CANCELED elapsedMs=481
[18:06:45] [Render thread/INFO] (lodekeeper) [Lodekeeper] NAV backend=baritone mode=IDLE event=CANCELED elapsedMs=550
[18:06:45] [Render thread/INFO] (lodekeeper) [Lodekeeper] NAV backend=baritone mode=IDLE event=CANCELED elapsedMs=585
[18:06:45] [Render thread/INFO] (lodekeeper) [Lodekeeper] NAV backend=baritone mode=IDLE event=CANCELED elapsedMs=654
[18:06:45] [Render thread/INFO] (lodekeeper) [Lodekeeper] FOOD_PREPARATION decision=cook_stored_food nutrition=6 cooked_potential=16 target=36
[18:06:45] [lodekeeper-planner/INFO] (lodekeeper) [Lodekeeper] PROJECT_MATERIALS project=gear_diamond before=[gather:minecraft:iron_ore:3, gather:minecraft:stone:8, gather:minecraft:diamond_ore:3, gather:minecraft:diamond_ore:3, gather:minecraft:diamond_ore:4, gather:minecraft:diamond_ore:8, gather:minecraft:diamond_ore:5, gather:minecraft:diamond_ore:2, gather:minecraft:diamond_ore:7, gather:minecraft:diamond_ore:1, gather:minecraft:diamond_ore:2] after=[gather:minecraft:iron_ore:3, gather:minecraft:stone:8, gather:minecraft:diamond_ore:3, gather:minecraft:diamond_ore:3, gather:minecraft:diamond_ore:4, gather:minecraft:diamond_ore:8, gather:minecraft:diamond_ore:5, gather:minecraft:diamond_ore:2, gather:minecraft:diamond_ore:7, gather:minecraft:diamond_ore:1, gather:minecraft:diamond_ore:2]
[18:06:45] [lodekeeper-planner/INFO] (lodekeeper) [Lodekeeper] PLAN project=gear_diamond success=true steps=30 branches=142 elapsedMs=4.520921
[18:06:45] [Render thread/INFO] (lodekeeper) [Lodekeeper] STEP kind=GATHER source=gather:minecraft:iron_ore output=minecraft:raw_iron count=3 operations=3 auxiliary=false
[18:06:45] [Render thread/INFO] (lodekeeper) [Lodekeeper] MINING_DEPTH policy=NEAREST desiredY=16 ceiling=2031 deficit=3 phase=MINE blocks=[Block{minecraft:iron_ore}, Block{minecraft:deepslate_iron_ore}]
[18:06:45] [Render thread/INFO] (lodekeeper) [Lodekeeper] NAV backend=baritone mode=MINE event=CALC_STARTED elapsedMs=2
[18:06:45] [Render thread/INFO] (lodekeeper) [Lodekeeper] NAV calcTool=minecraft:stone_pickaxe slot=7
[18:06:45] [Render thread/INFO] (lodekeeper) [Lodekeeper] ROUTE_SEARCH kind=unknown anchor=unknown feet_y16=0 candidates=0 target=none elapsed_ms=77773
[18:06:46] [Render thread/INFO] (lodekeeper) [Lodekeeper] NAV backend=baritone mode=MINE event=CALC_FINISHED_NOW_EXECUTING elapsedMs=445
[18:06:46] [Render thread/INFO] (lodekeeper) [Lodekeeper] TARGET target=-25,47,45 block=minecraft:iron_ore
[18:06:46] [Render thread/INFO] (lodekeeper) [Lodekeeper] ROUTE_TRAVEL path_index=0 path_length=26 target=-25,47,45 block=minecraft:iron_ore elapsed_ms=78183
[18:06:47] [Render thread/INFO] (lodekeeper) [Lodekeeper] PROGRESS elapsed_ms=79175 phase=traveling backend=baritone target=-25,47,45 block=minecraft:iron_ore navigation_elapsed_ms=1573 navigation_ticks=32 searching=false path_index=0 path_length=22 retries=0 pending_route_events=0 dropped_route_events=0 status=mining_and_collecting_minecraft:raw_iron___0/3
[18:06:47] [Render thread/INFO] (lodekeeper) [Lodekeeper] TARGET target=none
[18:06:47] [Render thread/INFO] (lodekeeper) [Lodekeeper] NAV backend=baritone mode=IDLE event=CANCELED elapsedMs=1880
[18:06:47] [Render thread/INFO] (lodekeeper) [Lodekeeper] NAV backend=baritone mode=IDLE event=CANCELED elapsedMs=1880
[18:06:47] [Render thread/INFO] (lodekeeper) [Lodekeeper] NAV backend=baritone mode=IDLE event=CANCELED elapsedMs=1948
[18:06:47] [Render thread/INFO] (lodekeeper) [Lodekeeper] NAV backend=baritone mode=IDLE event=CANCELED elapsedMs=1982
[18:06:47] [Render thread/INFO] (lodekeeper) [Lodekeeper] FOOD_PURSUIT event=start target=131a99a4-c28f-49a7-a60b-93d7ef1694ef routes=1 failedRoutes=0 attacks=0 health=10.0 closestBoxDistance=30.73 elapsedMs=0
[18:06:47] [Render thread/INFO] (lodekeeper) [Lodekeeper] NAV backend=baritone mode=FOLLOW event=CALC_STARTED elapsedMs=0
[18:06:47] [Render thread/INFO] (lodekeeper) [Lodekeeper] NAV calcTool=minecraft:stone_pickaxe slot=7
[18:06:47] [Render thread/INFO] (lodekeeper) [Lodekeeper] NAV backend=baritone mode=FOLLOW event=CALC_FINISHED_NOW_EXECUTING elapsedMs=34
[18:06:48] [Render thread/INFO] (lodekeeper) [Lodekeeper] NAV backend=baritone mode=FOLLOW event=CALC_STARTED elapsedMs=543
[18:06:48] [Render thread/INFO] (lodekeeper) [Lodekeeper] NAV calcTool=minecraft:stone_pickaxe slot=7
[18:06:48] [Render thread/INFO] (lodekeeper) [Lodekeeper] NAV backend=baritone mode=FOLLOW event=CALC_FINISHED_NOW_EXECUTING elapsedMs=543
[18:06:49] [Render thread/INFO] (lodekeeper) [Lodekeeper] PROGRESS elapsed_ms=81184 phase=traveling backend=baritone target=none navigation_elapsed_ms=1398 navigation_ticks=28 searching=false path_index=0 path_length=26 retries=0 pending_route_events=0 dropped_route_events=0 status=pursuing_cow__1_
[18:06:49] [Render thread/INFO] (lodekeeper) [Lodekeeper] NAV backend=baritone mode=FOLLOW event=CALC_STARTED elapsedMs=2180
[18:06:49] [Render thread/INFO] (lodekeeper) [Lodekeeper] NAV calcTool=minecraft:stone_pickaxe slot=7
[18:06:49] [Render thread/INFO] (lodekeeper) [Lodekeeper] NAV backend=baritone mode=FOLLOW event=CALC_FINISHED_NOW_EXECUTING elapsedMs=2184
[18:06:51] [Render thread/INFO] (lodekeeper) [Lodekeeper] PROGRESS elapsed_ms=83202 phase=traveling backend=baritone target=none navigation_elapsed_ms=3382 navigation_ticks=68 searching=false path_index=0 path_length=17 retries=0 pending_route_events=0 dropped_route_events=0 status=pursuing_cow__1_
[18:06:52] [Render thread/INFO] (lodekeeper) [Lodekeeper] NAV backend=baritone mode=FOLLOW event=CALC_STARTED elapsedMs=4334
[18:06:52] [Render thread/INFO] (lodekeeper) [Lodekeeper] NAV calcTool=minecraft:stone_pickaxe slot=7
[18:06:52] [Render thread/INFO] (lodekeeper) [Lodekeeper] NAV backend=baritone mode=FOLLOW event=CALC_FINISHED_NOW_EXECUTING elapsedMs=4335
[18:06:52] [Render thread/INFO] (lodekeeper) [Lodekeeper] NAV backend=baritone mode=FOLLOW event=CALC_STARTED elapsedMs=4437
[18:06:52] [Render thread/INFO] (lodekeeper) [Lodekeeper] NAV calcTool=minecraft:stone_pickaxe slot=7
[18:06:52] [Render thread/INFO] (lodekeeper) [Lodekeeper] NAV backend=baritone mode=FOLLOW event=CALC_FINISHED_NOW_EXECUTING elapsedMs=4437
[18:06:53] [Render thread/INFO] (lodekeeper) [Lodekeeper] PROGRESS elapsed_ms=85246 phase=traveling backend=baritone target=none navigation_elapsed_ms=5595 navigation_ticks=112 searching=false path_index=0 path_length=9 retries=0 pending_route_events=0 dropped_route_events=0 status=pursuing_cow__1_
[18:06:55] [Render thread/INFO] (lodekeeper) [Lodekeeper] FOOD_PURSUIT event=in-reach target=131a99a4-c28f-49a7-a60b-93d7ef1694ef routes=1 failedRoutes=0 attacks=0 health=10.0 closestBoxDistance=2.91 elapsedMs=7376
[18:06:55] [Render thread/INFO] (lodekeeper) [Lodekeeper] NAV backend=baritone mode=IDLE event=CANCELED elapsedMs=7378
[18:06:55] [Render thread/INFO] (lodekeeper) [Lodekeeper] NAV backend=baritone mode=IDLE event=CANCELED elapsedMs=7378
[18:06:55] [Render thread/INFO] (lodekeeper) [Lodekeeper] NAV backend=baritone mode=IDLE event=CANCELED elapsedMs=7444
[18:06:55] [Render thread/INFO] (lodekeeper) [Lodekeeper] NAV backend=baritone mode=IDLE event=CANCELED elapsedMs=7477
[18:06:55] [Render thread/INFO] (lodekeeper) [Lodekeeper] NAV backend=baritone mode=IDLE event=CANCELED elapsedMs=7549
[18:06:55] [Render thread/INFO] (lodekeeper) [Lodekeeper] FOOD_TOOL slot=7 item=minecraft:stone_pickaxe damage=3.0 wear=2 remainingDurability=115
[18:06:55] [Render thread/INFO] (lodekeeper) [Lodekeeper] FOOD_PURSUIT event=native-attack target=131a99a4-c28f-49a7-a60b-93d7ef1694ef routes=1 failedRoutes=0 attacks=1 health=10.0 closestBoxDistance=2.65 elapsedMs=7653
[18:06:55] [Render thread/INFO] (lodekeeper) [Lodekeeper] PROGRESS elapsed_ms=87304 phase=working backend=baritone target=none navigation_elapsed_ms=0 navigation_ticks=0 searching=false path_index=0 path_length=0 retries=0 pending_route_events=0 dropped_route_events=0 status=attacking_cow
[18:06:55] [Render thread/INFO] (lodekeeper) [Lodekeeper] FOOD_PURSUIT event=health-progress target=131a99a4-c28f-49a7-a60b-93d7ef1694ef routes=1 failedRoutes=0 attacks=1 health=7.0 closestBoxDistance=2.65 elapsedMs=7721
[18:06:55] [Render thread/INFO] (lodekeeper) [Lodekeeper] FOOD_PURSUIT event=start target=131a99a4-c28f-49a7-a60b-93d7ef1694ef routes=2 failedRoutes=0 attacks=1 health=7.0 closestBoxDistance=3.19 elapsedMs=7997
[18:06:55] [Render thread/INFO] (lodekeeper) [Lodekeeper] NAV backend=baritone mode=FOLLOW event=CALC_STARTED elapsedMs=1
[18:06:55] [Render thread/INFO] (lodekeeper) [Lodekeeper] NAV calcTool=minecraft:stone_pickaxe slot=7
[18:06:55] [Render thread/INFO] (lodekeeper) [Lodekeeper] NAV backend=baritone mode=FOLLOW event=CALC_FINISHED_NOW_EXECUTING elapsedMs=34
[18:06:56] [Render thread/INFO] (lodekeeper) [Lodekeeper] NAV backend=baritone mode=FOLLOW event=CALC_STARTED elapsedMs=376
[18:06:56] [Render thread/INFO] (lodekeeper) [Lodekeeper] NAV calcTool=minecraft:stone_pickaxe slot=7
[18:06:56] [Render thread/INFO] (lodekeeper) [Lodekeeper] NAV backend=baritone mode=FOLLOW event=CALC_FINISHED_NOW_EXECUTING elapsedMs=376
[18:06:56] [Render thread/INFO] (lodekeeper) [Lodekeeper] NAV backend=baritone mode=FOLLOW event=CALC_STARTED elapsedMs=443
[18:06:56] [Render thread/INFO] (lodekeeper) [Lodekeeper] NAV calcTool=minecraft:stone_pickaxe slot=7
[18:06:56] [Render thread/INFO] (lodekeeper) [Lodekeeper] NAV backend=baritone mode=FOLLOW event=CALC_FINISHED_NOW_EXECUTING elapsedMs=444
[18:06:56] [Render thread/INFO] (lodekeeper) [Lodekeeper] NAV backend=baritone mode=FOLLOW event=CALC_STARTED elapsedMs=752
[18:06:56] [Render thread/INFO] (lodekeeper) [Lodekeeper] NAV calcTool=minecraft:stone_pickaxe slot=7
[18:06:56] [Render thread/INFO] (lodekeeper) [Lodekeeper] NAV backend=baritone mode=FOLLOW event=CALC_FINISHED_NOW_EXECUTING elapsedMs=752
[18:06:56] [Render thread/INFO] (lodekeeper) [Lodekeeper] NAV backend=baritone mode=FOLLOW event=CALC_STARTED elapsedMs=957
[18:06:56] [Render thread/INFO] (lodekeeper) [Lodekeeper] NAV calcTool=minecraft:stone_pickaxe slot=7
[18:06:56] [Render thread/INFO] (lodekeeper) [Lodekeeper] NAV backend=baritone mode=FOLLOW event=CALC_FINISHED_NOW_EXECUTING elapsedMs=957
[18:06:56] [Render thread/INFO] (lodekeeper) [Lodekeeper] NAV backend=baritone mode=FOLLOW event=CALC_STARTED elapsedMs=991
[18:06:56] [Render thread/INFO] (lodekeeper) [Lodekeeper] NAV calcTool=minecraft:stone_pickaxe slot=7
[18:06:56] [Render thread/INFO] (lodekeeper) [Lodekeeper] NAV backend=baritone mode=FOLLOW event=CALC_FINISHED_NOW_EXECUTING elapsedMs=991
[18:06:56] [Render thread/INFO] (lodekeeper) [Lodekeeper] NAV backend=baritone mode=FOLLOW event=CALC_STARTED elapsedMs=1024
[18:06:56] [Render thread/INFO] (lodekeeper) [Lodekeeper] NAV calcTool=minecraft:stone_pickaxe slot=7
[18:06:56] [Render thread/INFO] (lodekeeper) [Lodekeeper] NAV backend=baritone mode=FOLLOW event=CALC_FINISHED_NOW_EXECUTING elapsedMs=1025
[18:06:56] [Render thread/INFO] (lodekeeper) [Lodekeeper] FOOD_PURSUIT event=in-reach target=131a99a4-c28f-49a7-a60b-93d7ef1694ef routes=2 failedRoutes=0 attacks=1 health=7.0 closestBoxDistance=2.82 elapsedMs=9123
[18:06:56] [Render thread/INFO] (lodekeeper) [Lodekeeper] NAV backend=baritone mode=IDLE event=CANCELED elapsedMs=1127
[18:06:56] [Render thread/INFO] (lodekeeper) [Lodekeeper] NAV backend=baritone mode=IDLE event=CANCELED elapsedMs=1127
[18:06:56] [Render thread/INFO] (lodekeeper) [Lodekeeper] NAV backend=baritone mode=IDLE event=CANCELED elapsedMs=1195
[18:06:56] [Render thread/INFO] (lodekeeper) [Lodekeeper] NAV backend=baritone mode=IDLE event=CANCELED elapsedMs=1229
[18:06:56] [Render thread/INFO] (lodekeeper) [Lodekeeper] NAV backend=baritone mode=IDLE event=CANCELED elapsedMs=1300
[18:06:57] [Render thread/INFO] (lodekeeper) [Lodekeeper] FOOD_PURSUIT event=start target=131a99a4-c28f-49a7-a60b-93d7ef1694ef routes=3 failedRoutes=0 attacks=1 health=7.0 closestBoxDistance=3.11 elapsedMs=9330
[18:06:57] [Render thread/INFO] (lodekeeper) [Lodekeeper] NAV backend=baritone mode=FOLLOW event=CALC_STARTED elapsedMs=0
[18:06:57] [Render thread/INFO] (lodekeeper) [Lodekeeper] NAV calcTool=minecraft:stone_pickaxe slot=7
[18:06:57] [Render thread/INFO] (lodekeeper) [Lodekeeper] NAV backend=baritone mode=FOLLOW event=CALC_FINISHED_NOW_EXECUTING elapsedMs=68
[18:06:57] [Render thread/INFO] (lodekeeper) [Lodekeeper] NAV backend=baritone mode=FOLLOW event=CALC_STARTED elapsedMs=102
[18:06:57] [Render thread/INFO] (lodekeeper) [Lodekeeper] NAV calcTool=minecraft:stone_pickaxe slot=7
[18:06:57] [Render thread/INFO] (lodekeeper) [Lodekeeper] NAV backend=baritone mode=FOLLOW event=CALC_FINISHED_NOW_EXECUTING elapsedMs=102
[18:06:57] [Render thread/INFO] (lodekeeper) [Lodekeeper] FOOD_PURSUIT event=abort target=131a99a4-c28f-49a7-a60b-93d7ef1694ef routes=3 failedRoutes=0 attacks=1 health=7.0 closestBoxDistance=3.69 elapsedMs=9602
[18:06:57] [Render thread/INFO] (Minecraft) [System] [CHAT] [Lodekeeper] Food acquisition is replanning: passive food action failed: tracked animal changed or became unsafe before attack; movement cancellation remains pending
[18:06:57] [Render thread/INFO] (lodekeeper) [Lodekeeper] NAV backend=baritone mode=IDLE event=CALC_STARTED elapsedMs=274
[18:06:57] [Render thread/INFO] (lodekeeper) [Lodekeeper] NAV calcTool=minecraft:stone_pickaxe slot=7
[18:06:57] [Render thread/INFO] (lodekeeper) [Lodekeeper] NAV backend=baritone mode=IDLE event=CALC_FINISHED_NOW_EXECUTING elapsedMs=274
[18:06:57] [Render thread/INFO] (lodekeeper) [Lodekeeper] NAV backend=baritone mode=IDLE event=CANCELED elapsedMs=274
[18:06:57] [Render thread/INFO] (lodekeeper) [Lodekeeper] NAV backend=baritone mode=IDLE event=CANCELED elapsedMs=274
[18:06:57] [Render thread/INFO] (lodekeeper) [Lodekeeper] NAV backend=baritone mode=IDLE event=CANCELED elapsedMs=306
[18:06:57] [Render thread/INFO] (lodekeeper) [Lodekeeper] PROGRESS elapsed_ms=89321 phase=working backend=baritone target=none navigation_elapsed_ms=0 navigation_ticks=0 searching=false path_index=0 path_length=0 retries=0 pending_route_events=0 dropped_route_events=0 status=finishing_movement_before_inventory_actions
[18:06:57] [Render thread/INFO] (lodekeeper) [Lodekeeper] NAV backend=baritone mode=IDLE event=CANCELED elapsedMs=340
[18:06:57] [Render thread/INFO] (lodekeeper) [Lodekeeper] FOOD_PREPARATION decision=batch_raw_food nutrition=6 cooked_potential=16 target=36
[18:06:57] [lodekeeper-planner/INFO] (lodekeeper) [Lodekeeper] PROJECT_MATERIALS project=gear_diamond before=[gather:minecraft:iron_ore:3, gather:minecraft:stone:8, gather:minecraft:diamond_ore:3, gather:minecraft:diamond_ore:3, gather:minecraft:diamond_ore:4, gather:minecraft:diamond_ore:8, gather:minecraft:diamond_ore:5, gather:minecraft:diamond_ore:2, gather:minecraft:diamond_ore:7, gather:minecraft:diamond_ore:1, gather:minecraft:diamond_ore:2] after=[gather:minecraft:iron_ore:3, gather:minecraft:stone:8, gather:minecraft:diamond_ore:3, gather:minecraft:diamond_ore:3, gather:minecraft:diamond_ore:4, gather:minecraft:diamond_ore:8, gather:minecraft:diamond_ore:5, gather:minecraft:diamond_ore:2, gather:minecraft:diamond_ore:7, gather:minecraft:diamond_ore:1, gather:minecraft:diamond_ore:2]
[18:06:57] [lodekeeper-planner/INFO] (lodekeeper) [Lodekeeper] PLAN project=gear_diamond success=true steps=30 branches=142 elapsedMs=4.310902
[18:06:57] [Render thread/INFO] (lodekeeper) [Lodekeeper] STEP kind=GATHER source=gather:minecraft:iron_ore output=minecraft:raw_iron count=3 operations=3 auxiliary=false
[18:06:57] [Render thread/INFO] (lodekeeper) [Lodekeeper] MINING_DEPTH policy=NEAREST desiredY=16 ceiling=2031 deficit=3 phase=MINE blocks=[Block{minecraft:iron_ore}, Block{minecraft:deepslate_iron_ore}]
[18:06:57] [Render thread/INFO] (lodekeeper) [Lodekeeper] NAV scan=native-mine durationNanos=2634442 hits=-1 requestTicks=0
[18:06:57] [Render thread/INFO] (lodekeeper) [Lodekeeper] NAV backend=baritone mode=MINE event=CALC_STARTED elapsedMs=3
[18:06:57] [Render thread/INFO] (lodekeeper) [Lodekeeper] NAV calcTool=minecraft:stone_pickaxe slot=7
[18:06:57] [Render thread/INFO] (lodekeeper) [Lodekeeper] NAV discovered=3 retained=64 rejected=0 requestTicks=3 phase=MINE
[18:06:57] [Render thread/INFO] (lodekeeper) [Lodekeeper] ROUTE_SEARCH kind=unknown anchor=unknown feet_y16=0 candidates=0 target=none elapsed_ms=89634
[18:06:57] [Render thread/INFO] (lodekeeper) [Lodekeeper] NAV discovered=3 retained=64 rejected=0 requestTicks=7 phase=MINE
[18:06:58] [Render thread/INFO] (lodekeeper) [Lodekeeper] NAV backend=baritone mode=MINE event=CALC_FINISHED_NOW_EXECUTING elapsedMs=548
[18:06:58] [Render thread/INFO] (lodekeeper) [Lodekeeper] NAV backend=baritone mode=MINE event=NEXT_SEGMENT_CALC_STARTED elapsedMs=548
[18:06:59] [Render thread/INFO] (lodekeeper) [Lodekeeper] PROGRESS elapsed_ms=91351 phase=searching backend=baritone target=none navigation_elapsed_ms=1820 navigation_ticks=36 searching=true path_index=0 path_length=5 retries=0 pending_route_events=0 dropped_route_events=0 status=mining_and_collecting_minecraft:raw_iron___0/3___planning_next_route
[18:06:59] [Render thread/INFO] (lodekeeper) [Lodekeeper] NAV backend=baritone mode=MINE event=NEXT_SEGMENT_CALC_FINISHED elapsedMs=1958
[18:06:59] [Render thread/INFO] (lodekeeper) [Lodekeeper] TARGET target=-14,43,61 block=minecraft:iron_ore
[18:06:59] [Render thread/INFO] (lodekeeper) [Lodekeeper] ROUTE_TRAVEL path_index=0 path_length=35 target=-14,43,61 block=minecraft:iron_ore elapsed_ms=91452
[18:07:01] [Render thread/INFO] (lodekeeper) [Lodekeeper] PROGRESS elapsed_ms=93404 phase=traveling backend=baritone target=-14,43,61 block=minecraft:iron_ore navigation_elapsed_ms=3807 navigation_ticks=76 searching=false path_index=0 path_length=30 retries=0 pending_route_events=0 dropped_route_events=0 status=mining_and_collecting_minecraft:raw_iron___0/3
[18:07:02] [Render thread/INFO] (lodekeeper) [Lodekeeper] BREAK target=Mutable{x=-14, y=67, z=61} block=Block{minecraft:grass_block} tool=minecraft:birch_log slot=0 remaining=-1 required=route
[18:07:03] [Render thread/INFO] (lodekeeper) [Lodekeeper] PROGRESS elapsed_ms=95433 phase=traveling backend=baritone target=-14,43,61 block=minecraft:iron_ore navigation_elapsed_ms=6005 navigation_ticks=120 searching=false path_index=0 path_length=26 retries=0 pending_route_events=0 dropped_route_events=0 status=mining_and_collecting_minecraft:raw_iron___0/3
[18:07:03] [Render thread/INFO] (lodekeeper) [Lodekeeper] BREAK target=Mutable{x=-14, y=66, z=61} block=Block{minecraft:dirt} tool=minecraft:birch_log slot=0 remaining=-1 required=route
[18:07:04] [Render thread/INFO] (lodekeeper) [Lodekeeper] BREAK target=Mutable{x=-14, y=65, z=61} block=Block{minecraft:dirt} tool=minecraft:birch_log slot=0 remaining=-1 required=route
[18:07:05] [Render thread/INFO] (lodekeeper) [Lodekeeper] PROGRESS elapsed_ms=97489 phase=traveling backend=baritone target=-14,43,61 block=minecraft:iron_ore navigation_elapsed_ms=7994 navigation_ticks=160 searching=false path_index=0 path_length=24 retries=0 pending_route_events=0 dropped_route_events=0 status=mining_and_collecting_minecraft:raw_iron___0/3
[18:07:05] [Render thread/INFO] (lodekeeper) [Lodekeeper] BREAK target=Mutable{x=-14, y=64, z=61} block=Block{minecraft:stone} tool=minecraft:stone_pickaxe slot=7 remaining=113 required=route
[18:07:06] [Render thread/INFO] (lodekeeper) [Lodekeeper] BREAK target=Mutable{x=-14, y=63, z=61} block=Block{minecraft:stone} tool=minecraft:stone_pickaxe slot=7 remaining=112 required=route
[18:07:07] [Render thread/INFO] (lodekeeper) [Lodekeeper] TARGET target=none
[18:07:07] [Render thread/INFO] (lodekeeper) [Lodekeeper] NAV backend=baritone mode=IDLE event=CANCELED elapsedMs=9902
[18:07:07] [Render thread/INFO] (lodekeeper) [Lodekeeper] NAV backend=baritone mode=IDLE event=CANCELED elapsedMs=9902
[18:07:07] [Render thread/INFO] (lodekeeper) [Lodekeeper] NAV backend=baritone mode=IDLE event=CANCELED elapsedMs=9969
[18:07:07] [Render thread/INFO] (lodekeeper) [Lodekeeper] NAV backend=baritone mode=IDLE event=CANCELED elapsedMs=10003
[18:07:07] [Render thread/INFO] (lodekeeper) [Lodekeeper] PROGRESS elapsed_ms=99500 phase=working backend=baritone target=none navigation_elapsed_ms=0 navigation_ticks=0 searching=false path_index=0 path_length=0 retries=0 pending_route_events=0 dropped_route_events=0 status=finishing_movement_before_inventory_actions
[18:07:07] [Render thread/INFO] (lodekeeper) [Lodekeeper] NAV backend=baritone mode=IDLE event=CANCELED elapsedMs=10073
[18:07:07] [Render thread/INFO] (lodekeeper) [Lodekeeper] FOOD_PURSUIT event=start target=131a99a4-c28f-49a7-a60b-93d7ef1694ef routes=1 failedRoutes=0 attacks=0 health=7.0 closestBoxDistance=20.02 elapsedMs=0
[18:07:07] [Render thread/INFO] (lodekeeper) [Lodekeeper] NAV backend=baritone mode=FOLLOW event=CALC_STARTED elapsedMs=1
[18:07:07] [Render thread/INFO] (lodekeeper) [Lodekeeper] NAV calcTool=minecraft:stone_pickaxe slot=7
[18:07:07] [Render thread/INFO] (lodekeeper) [Lodekeeper] NAV backend=baritone mode=FOLLOW event=CALC_FINISHED_NOW_EXECUTING elapsedMs=67
[18:07:09] [Render thread/INFO] (lodekeeper) [Lodekeeper] PROGRESS elapsed_ms=101522 phase=traveling backend=baritone target=none navigation_elapsed_ms=1988 navigation_ticks=40 searching=false path_index=0 path_length=22 retries=0 pending_route_events=0 dropped_route_events=0 status=pursuing_cow__1_
[18:07:11] [Render thread/INFO] (lodekeeper) [Lodekeeper] NAV backend=baritone mode=FOLLOW event=CALC_STARTED elapsedMs=3709
[18:07:11] [Render thread/INFO] (lodekeeper) [Lodekeeper] NAV calcTool=minecraft:dirt slot=2
[18:07:11] [Render thread/INFO] (lodekeeper) [Lodekeeper] NAV backend=baritone mode=FOLLOW event=CALC_FINISHED_NOW_EXECUTING elapsedMs=3709
[18:07:11] [Render thread/INFO] (lodekeeper) [Lodekeeper] PROGRESS elapsed_ms=103548 phase=traveling backend=baritone target=none navigation_elapsed_ms=4014 navigation_ticks=80 searching=false path_index=0 path_length=18 retries=0 pending_route_events=0 dropped_route_events=0 status=pursuing_cow__1_
[18:07:12] [Render thread/INFO] (lodekeeper) [Lodekeeper] NAV backend=baritone mode=FOLLOW event=CALC_STARTED elapsedMs=4905
[18:07:12] [Render thread/INFO] (lodekeeper) [Lodekeeper] NAV calcTool=minecraft:dirt slot=2
[18:07:12] [Render thread/INFO] (lodekeeper) [Lodekeeper] NAV backend=baritone mode=FOLLOW event=CALC_FINISHED_NOW_EXECUTING elapsedMs=4905
[18:07:13] [Render thread/INFO] (lodekeeper) [Lodekeeper] NAV backend=baritone mode=FOLLOW event=CALC_STARTED elapsedMs=5620
[18:07:13] [Render thread/INFO] (lodekeeper) [Lodekeeper] NAV calcTool=minecraft:dirt slot=2
[18:07:13] [Render thread/INFO] (lodekeeper) [Lodekeeper] NAV backend=baritone mode=FOLLOW event=CALC_FINISHED_NOW_EXECUTING elapsedMs=5620
[18:07:13] [Render thread/INFO] (lodekeeper) [Lodekeeper] NAV backend=baritone mode=FOLLOW event=CALC_STARTED elapsedMs=5962
[18:07:13] [Render thread/INFO] (lodekeeper) [Lodekeeper] NAV calcTool=minecraft:dirt slot=2
[18:07:13] [Render thread/INFO] (lodekeeper) [Lodekeeper] NAV backend=baritone mode=FOLLOW event=CALC_FINISHED_NOW_EXECUTING elapsedMs=5962
[18:07:13] [Render thread/INFO] (lodekeeper) [Lodekeeper] PROGRESS elapsed_ms=105597 phase=traveling backend=baritone target=none navigation_elapsed_ms=5995 navigation_ticks=120 searching=false path_index=0 path_length=10 retries=0 pending_route_events=0 dropped_route_events=0 status=pursuing_cow__1_
[18:07:15] [Render thread/INFO] (lodekeeper) [Lodekeeper] PROGRESS elapsed_ms=107623 phase=traveling backend=baritone target=none navigation_elapsed_ms=8020 navigation_ticks=160 searching=false path_index=0 path_length=10 retries=0 pending_route_events=0 dropped_route_events=0 status=pursuing_cow__1_
[18:07:17] [Render thread/INFO] (lodekeeper) [Lodekeeper] PROGRESS elapsed_ms=109643 phase=traveling backend=baritone target=none navigation_elapsed_ms=10006 navigation_ticks=200 searching=false path_index=0 path_length=10 retries=0 pending_route_events=0 dropped_route_events=0 status=pursuing_cow__1_
[18:07:18] [Render thread/INFO] (lodekeeper) [Lodekeeper] NAV backend=baritone mode=FOLLOW event=CALC_STARTED elapsedMs=11110
[18:07:18] [Render thread/INFO] (lodekeeper) [Lodekeeper] NAV calcTool=minecraft:dirt slot=2
[18:07:18] [Render thread/INFO] (lodekeeper) [Lodekeeper] NAV backend=baritone mode=FOLLOW event=CALC_FINISHED_NOW_EXECUTING elapsedMs=11143
[18:07:19] [Render thread/INFO] (lodekeeper) [Lodekeeper] PROGRESS elapsed_ms=111672 phase=traveling backend=baritone target=none navigation_elapsed_ms=12001 navigation_ticks=240 searching=false path_index=0 path_length=5 retries=0 pending_route_events=0 dropped_route_events=0 status=pursuing_cow__1_
[18:07:20] [Render thread/INFO] (lodekeeper) [Lodekeeper] FOOD_PURSUIT event=in-reach target=131a99a4-c28f-49a7-a60b-93d7ef1694ef routes=1 failedRoutes=0 attacks=0 health=7.0 closestBoxDistance=2.86 elapsedMs=12516
[18:07:20] [Render thread/INFO] (lodekeeper) [Lodekeeper] NAV backend=baritone mode=IDLE event=CANCELED elapsedMs=12517
[18:07:20] [Render thread/INFO] (lodekeeper) [Lodekeeper] NAV backend=baritone mode=IDLE event=CANCELED elapsedMs=12517
[18:07:20] [Render thread/INFO] (lodekeeper) [Lodekeeper] NAV backend=baritone mode=IDLE event=CANCELED elapsedMs=12552
[18:07:20] [Render thread/INFO] (lodekeeper) [Lodekeeper] NAV backend=baritone mode=IDLE event=CANCELED elapsedMs=12620
[18:07:20] [Render thread/INFO] (lodekeeper) [Lodekeeper] NAV backend=baritone mode=IDLE event=CANCELED elapsedMs=12655
[18:07:21] [Render thread/INFO] (lodekeeper) [Lodekeeper] FOOD_TOOL slot=7 item=minecraft:stone_pickaxe damage=3.0 wear=2 remainingDurability=111
[18:07:21] [Render thread/INFO] (lodekeeper) [Lodekeeper] FOOD_PURSUIT event=native-attack target=131a99a4-c28f-49a7-a60b-93d7ef1694ef routes=1 failedRoutes=0 attacks=1 health=7.0 closestBoxDistance=2.51 elapsedMs=13650
[18:07:21] [Render thread/INFO] (lodekeeper) [Lodekeeper] FOOD_PURSUIT event=health-progress target=131a99a4-c28f-49a7-a60b-93d7ef1694ef routes=1 failedRoutes=0 attacks=1 health=4.0 closestBoxDistance=2.51 elapsedMs=13720
[18:07:21] [Render thread/INFO] (lodekeeper) [Lodekeeper] PROGRESS elapsed_ms=113700 phase=waiting backend=baritone target=none navigation_elapsed_ms=0 navigation_ticks=0 searching=false path_index=0 path_length=0 retries=0 pending_route_events=0 dropped_route_events=0 status=waiting_for_native_attack_cooldown
[18:07:22] [Render thread/INFO] (lodekeeper) [Lodekeeper] FOOD_TOOL slot=7 item=minecraft:stone_pickaxe damage=3.0 wear=2 remainingDurability=109
[18:07:22] [Render thread/INFO] (lodekeeper) [Lodekeeper] FOOD_PURSUIT event=native-attack target=131a99a4-c28f-49a7-a60b-93d7ef1694ef routes=1 failedRoutes=0 attacks=2 health=4.0 closestBoxDistance=2.71 elapsedMs=14508
[18:07:22] [Render thread/INFO] (lodekeeper) [Lodekeeper] FOOD_PURSUIT event=health-progress target=131a99a4-c28f-49a7-a60b-93d7ef1694ef routes=1 failedRoutes=0 attacks=2 health=1.0 closestBoxDistance=2.71 elapsedMs=14542
[18:07:22] [Render thread/INFO] (lodekeeper) [Lodekeeper] FOOD_PURSUIT event=start target=131a99a4-c28f-49a7-a60b-93d7ef1694ef routes=2 failedRoutes=0 attacks=2 health=1.0 closestBoxDistance=3.24 elapsedMs=14747
[18:07:22] [Render thread/INFO] (lodekeeper) [Lodekeeper] NAV backend=baritone mode=FOLLOW event=CALC_STARTED elapsedMs=0
[18:07:22] [Render thread/INFO] (lodekeeper) [Lodekeeper] NAV calcTool=minecraft:stone_pickaxe slot=7
[18:07:22] [Render thread/INFO] (lodekeeper) [Lodekeeper] NAV backend=baritone mode=FOLLOW event=CALC_FINISHED_NOW_EXECUTING elapsedMs=68
[18:07:22] [Render thread/INFO] (lodekeeper) [Lodekeeper] NAV backend=baritone mode=FOLLOW event=CALC_STARTED elapsedMs=103
[18:07:22] [Render thread/INFO] (lodekeeper) [Lodekeeper] NAV calcTool=minecraft:stone_pickaxe slot=7
[18:07:22] [Render thread/INFO] (lodekeeper) [Lodekeeper] NAV backend=baritone mode=FOLLOW event=CALC_FINISHED_NOW_EXECUTING elapsedMs=104
[18:07:22] [Render thread/INFO] (lodekeeper) [Lodekeeper] NAV backend=baritone mode=FOLLOW event=CALC_STARTED elapsedMs=242
[18:07:22] [Render thread/INFO] (lodekeeper) [Lodekeeper] NAV calcTool=minecraft:stone_pickaxe slot=7
[18:07:22] [Render thread/INFO] (lodekeeper) [Lodekeeper] NAV backend=baritone mode=FOLLOW event=CALC_FINISHED_NOW_EXECUTING elapsedMs=242
[18:07:22] [Render thread/INFO] (lodekeeper) [Lodekeeper] NAV backend=baritone mode=FOLLOW event=CALC_STARTED elapsedMs=413
[18:07:22] [Render thread/INFO] (lodekeeper) [Lodekeeper] NAV calcTool=minecraft:stone_pickaxe slot=7
[18:07:22] [Render thread/INFO] (lodekeeper) [Lodekeeper] NAV backend=baritone mode=FOLLOW event=CALC_FINISHED_NOW_EXECUTING elapsedMs=414
[18:07:22] [Render thread/INFO] (lodekeeper) [Lodekeeper] NAV backend=baritone mode=FOLLOW event=CALC_STARTED elapsedMs=652
[18:07:22] [Render thread/INFO] (lodekeeper) [Lodekeeper] NAV calcTool=minecraft:stone_pickaxe slot=7
[18:07:22] [Render thread/INFO] (lodekeeper) [Lodekeeper] NAV backend=baritone mode=FOLLOW event=CALC_FINISHED_NOW_EXECUTING elapsedMs=653
[18:07:23] [Render thread/INFO] (lodekeeper) [Lodekeeper] NAV backend=baritone mode=FOLLOW event=CALC_STARTED elapsedMs=1109
[18:07:23] [Render thread/INFO] (lodekeeper) [Lodekeeper] NAV calcTool=minecraft:stone_pickaxe slot=7
[18:07:23] [Render thread/INFO] (lodekeeper) [Lodekeeper] NAV backend=baritone mode=FOLLOW event=CALC_FINISHED_NOW_EXECUTING elapsedMs=1109
[18:07:23] [Render thread/INFO] (lodekeeper) [Lodekeeper] NAV backend=baritone mode=FOLLOW event=CALC_STARTED elapsedMs=1313
[18:07:23] [Render thread/INFO] (lodekeeper) [Lodekeeper] NAV calcTool=minecraft:stone_pickaxe slot=7
[18:07:23] [Render thread/INFO] (lodekeeper) [Lodekeeper] NAV backend=baritone mode=FOLLOW event=CALC_FINISHED_NOW_EXECUTING elapsedMs=1313
[18:07:23] [Render thread/INFO] (lodekeeper) [Lodekeeper] NAV backend=baritone mode=FOLLOW event=CALC_STARTED elapsedMs=1347
[18:07:23] [Render thread/INFO] (lodekeeper) [Lodekeeper] NAV calcTool=minecraft:stone_pickaxe slot=7
[18:07:23] [Render thread/INFO] (lodekeeper) [Lodekeeper] NAV backend=baritone mode=FOLLOW event=CALC_FINISHED_NOW_EXECUTING elapsedMs=1348
[18:07:23] [Render thread/INFO] (lodekeeper) [Lodekeeper] PROGRESS elapsed_ms=115733 phase=traveling backend=baritone target=none navigation_elapsed_ms=1418 navigation_ticks=28 searching=false path_index=0 path_length=5 retries=0 pending_route_events=0 dropped_route_events=0 status=pursuing_cow__2_
[18:07:24] [Render thread/INFO] (lodekeeper) [Lodekeeper] FOOD_PURSUIT event=in-reach target=131a99a4-c28f-49a7-a60b-93d7ef1694ef routes=2 failedRoutes=0 attacks=2 health=1.0 closestBoxDistance=2.99 elapsedMs=16440
[18:07:24] [Render thread/INFO] (lodekeeper) [Lodekeeper] NAV backend=baritone mode=IDLE event=CALC_STARTED elapsedMs=1693
[18:07:24] [Render thread/INFO] (lodekeeper) [Lodekeeper] NAV calcTool=minecraft:stone_pickaxe slot=7
[18:07:24] [Render thread/INFO] (lodekeeper) [Lodekeeper] NAV backend=baritone mode=IDLE event=CALC_FINISHED_NOW_EXECUTING elapsedMs=1694
[18:07:24] [Render thread/INFO] (lodekeeper) [Lodekeeper] NAV backend=baritone mode=IDLE event=CANCELED elapsedMs=1694
[18:07:24] [Render thread/INFO] (lodekeeper) [Lodekeeper] NAV backend=baritone mode=IDLE event=CANCELED elapsedMs=1694
[18:07:24] [Render thread/INFO] (lodekeeper) [Lodekeeper] NAV backend=baritone mode=IDLE event=CANCELED elapsedMs=1761
[18:07:24] [Render thread/INFO] (lodekeeper) [Lodekeeper] NAV backend=baritone mode=IDLE event=CANCELED elapsedMs=1796
[18:07:24] [Render thread/INFO] (lodekeeper) [Lodekeeper] NAV backend=baritone mode=IDLE event=CANCELED elapsedMs=1864
[18:07:24] [Render thread/INFO] (lodekeeper) [Lodekeeper] FOOD_PURSUIT event=start target=131a99a4-c28f-49a7-a60b-93d7ef1694ef routes=3 failedRoutes=0 attacks=2 health=1.0 closestBoxDistance=3.61 elapsedMs=16645
[18:07:24] [Render thread/INFO] (lodekeeper) [Lodekeeper] NAV backend=baritone mode=FOLLOW event=CALC_STARTED elapsedMs=0
[18:07:24] [Render thread/INFO] (lodekeeper) [Lodekeeper] NAV calcTool=minecraft:stone_pickaxe slot=7
[18:07:24] [Render thread/INFO] (lodekeeper) [Lodekeeper] NAV backend=baritone mode=FOLLOW event=CALC_FINISHED_NOW_EXECUTING elapsedMs=68
[18:07:24] [Render thread/INFO] (lodekeeper) [Lodekeeper] NAV backend=baritone mode=FOLLOW event=CALC_STARTED elapsedMs=274
[18:07:24] [Render thread/INFO] (lodekeeper) [Lodekeeper] NAV calcTool=minecraft:stone_pickaxe slot=7
[18:07:24] [Render thread/INFO] (lodekeeper) [Lodekeeper] NAV backend=baritone mode=FOLLOW event=CALC_FINISHED_NOW_EXECUTING elapsedMs=274
[18:07:24] [Render thread/INFO] (lodekeeper) [Lodekeeper] NAV backend=baritone mode=FOLLOW event=CALC_STARTED elapsedMs=445
[18:07:24] [Render thread/INFO] (lodekeeper) [Lodekeeper] NAV calcTool=minecraft:stone_pickaxe slot=7
[18:07:24] [Render thread/INFO] (lodekeeper) [Lodekeeper] NAV backend=baritone mode=FOLLOW event=CALC_FINISHED_NOW_EXECUTING elapsedMs=446
[18:07:25] [Render thread/INFO] (lodekeeper) [Lodekeeper] FOOD_PURSUIT event=in-reach target=131a99a4-c28f-49a7-a60b-93d7ef1694ef routes=3 failedRoutes=0 attacks=2 health=1.0 closestBoxDistance=2.76 elapsedMs=17463
[18:07:25] [Render thread/INFO] (lodekeeper) [Lodekeeper] NAV backend=baritone mode=IDLE event=CANCELED elapsedMs=818
[18:07:25] [Render thread/INFO] (lodekeeper) [Lodekeeper] NAV backend=baritone mode=IDLE event=CANCELED elapsedMs=818
[18:07:25] [Render thread/INFO] (lodekeeper) [Lodekeeper] NAV backend=baritone mode=IDLE event=CANCELED elapsedMs=852
[18:07:25] [Render thread/INFO] (lodekeeper) [Lodekeeper] NAV backend=baritone mode=IDLE event=CANCELED elapsedMs=921
[18:07:25] [Render thread/INFO] (lodekeeper) [Lodekeeper] NAV backend=baritone mode=IDLE event=CANCELED elapsedMs=956
[18:07:25] [Render thread/INFO] (lodekeeper) [Lodekeeper] FOOD_TOOL slot=7 item=minecraft:stone_pickaxe damage=3.0 wear=2 remainingDurability=107
[18:07:25] [Render thread/INFO] (lodekeeper) [Lodekeeper] FOOD_PURSUIT event=native-attack target=131a99a4-c28f-49a7-a60b-93d7ef1694ef routes=3 failedRoutes=0 attacks=3 health=1.0 closestBoxDistance=2.45 elapsedMs=17703
[18:07:25] [Render thread/INFO] (lodekeeper) [Lodekeeper] FOOD_PURSUIT event=health-progress target=131a99a4-c28f-49a7-a60b-93d7ef1694ef routes=3 failedRoutes=0 attacks=3 health=0.0 closestBoxDistance=2.44 elapsedMs=17738
[18:07:25] [Render thread/INFO] (lodekeeper) [Lodekeeper] NAV backend=baritone mode=PICKUP event=CALC_STARTED elapsedMs=0
[18:07:25] [Render thread/INFO] (lodekeeper) [Lodekeeper] NAV calcTool=minecraft:stone_pickaxe slot=7
[18:07:25] [Render thread/INFO] (lodekeeper) [Lodekeeper] NAV backend=baritone mode=PICKUP event=CALC_FINISHED_NOW_EXECUTING elapsedMs=33
[18:07:25] [Render thread/INFO] (lodekeeper) [Lodekeeper] PROGRESS elapsed_ms=117751 phase=traveling backend=baritone target=none navigation_elapsed_ms=412 navigation_ticks=8 searching=false path_index=0 path_length=2 retries=0 pending_route_events=0 dropped_route_events=0 status=collecting_minecraft:beef
[18:07:25] [Render thread/INFO] (lodekeeper) [Lodekeeper] NAV backend=baritone mode=IDLE event=CANCELED elapsedMs=514
[18:07:25] [Render thread/INFO] (lodekeeper) [Lodekeeper] NAV backend=baritone mode=IDLE event=CANCELED elapsedMs=514
[18:07:25] [Render thread/INFO] (lodekeeper) [Lodekeeper] NAV backend=baritone mode=IDLE event=CANCELED elapsedMs=548
[18:07:25] [Render thread/INFO] (lodekeeper) [Lodekeeper] NAV backend=baritone mode=IDLE event=CANCELED elapsedMs=584
[18:07:26] [Render thread/INFO] (lodekeeper) [Lodekeeper] NAV backend=baritone mode=IDLE event=CANCELED elapsedMs=652
[18:07:26] [lodekeeper-planner/INFO] (lodekeeper) [Lodekeeper] PROJECT_MATERIALS project=gear_diamond before=[gather:minecraft:iron_ore:3, gather:minecraft:stone:6, gather:minecraft:diamond_ore:3, gather:minecraft:diamond_ore:3, gather:minecraft:diamond_ore:4, gather:minecraft:diamond_ore:8, gather:minecraft:diamond_ore:5, gather:minecraft:diamond_ore:2, gather:minecraft:diamond_ore:7, gather:minecraft:diamond_ore:1, gather:minecraft:diamond_ore:2] after=[gather:minecraft:iron_ore:3, gather:minecraft:stone:6, gather:minecraft:diamond_ore:3, gather:minecraft:diamond_ore:3, gather:minecraft:diamond_ore:4, gather:minecraft:diamond_ore:8, gather:minecraft:diamond_ore:5, gather:minecraft:diamond_ore:2, gather:minecraft:diamond_ore:7, gather:minecraft:diamond_ore:1, gather:minecraft:diamond_ore:2]
[18:07:26] [lodekeeper-planner/INFO] (lodekeeper) [Lodekeeper] PLAN project=gear_diamond success=true steps=30 branches=143 elapsedMs=4.105955
[18:07:26] [Render thread/INFO] (lodekeeper) [Lodekeeper] STEP kind=GATHER source=gather:minecraft:iron_ore output=minecraft:raw_iron count=3 operations=3 auxiliary=false
[18:07:26] [Render thread/INFO] (lodekeeper) [Lodekeeper] MINING_DEPTH policy=NEAREST desiredY=16 ceiling=2031 deficit=3 phase=MINE blocks=[Block{minecraft:iron_ore}, Block{minecraft:deepslate_iron_ore}]
[18:07:26] [Render thread/INFO] (lodekeeper) [Lodekeeper] NAV backend=baritone mode=MINE event=CALC_STARTED elapsedMs=2
[18:07:26] [Render thread/INFO] (lodekeeper) [Lodekeeper] NAV calcTool=minecraft:stone_pickaxe slot=7
[18:07:26] [Render thread/INFO] (lodekeeper) [Lodekeeper] ROUTE_SEARCH kind=unknown anchor=unknown feet_y16=0 candidates=0 target=none elapsed_ms=118279
[18:07:26] [Render thread/INFO] (lodekeeper) [Lodekeeper] NAV discovered=1 retained=64 rejected=0 requestTicks=5 phase=MINE
[18:07:26] [Render thread/INFO] (lodekeeper) [Lodekeeper] NAV discovered=1 retained=64 rejected=0 requestTicks=9 phase=MINE
[18:07:26] [Render thread/INFO] (lodekeeper) [Lodekeeper] NAV backend=baritone mode=MINE event=CALC_FINISHED_NOW_EXECUTING elapsedMs=477
[18:07:26] [Render thread/INFO] (lodekeeper) [Lodekeeper] TARGET target=8,65,64 block=minecraft:iron_ore
[18:07:26] [Render thread/INFO] (lodekeeper) [Lodekeeper] ROUTE_TRAVEL path_index=0 path_length=25 target=8,65,64 block=minecraft:iron_ore elapsed_ms=118687
[18:07:27] [Render thread/INFO] (lodekeeper) [Lodekeeper] TARGET target=none
[18:07:27] [Render thread/INFO] (lodekeeper) [Lodekeeper] NAV backend=baritone mode=IDLE event=CANCELED elapsedMs=952
[18:07:27] [Render thread/INFO] (lodekeeper) [Lodekeeper] NAV backend=baritone mode=IDLE event=CANCELED elapsedMs=952
[18:07:27] [Render thread/INFO] (lodekeeper) [Lodekeeper] NAV backend=baritone mode=IDLE event=CANCELED elapsedMs=1020
[18:07:27] [Render thread/INFO] (lodekeeper) [Lodekeeper] NAV backend=baritone mode=IDLE event=CANCELED elapsedMs=1054
[18:07:27] [Render thread/INFO] (lodekeeper) [Lodekeeper] NAV backend=baritone mode=IDLE event=CANCELED elapsedMs=1121
[18:07:27] [Render thread/INFO] (lodekeeper) [Lodekeeper] FOOD_PURSUIT event=start target=a12cb750-efc9-4886-86ec-9ed774817364 routes=1 failedRoutes=0 attacks=0 health=10.0 closestBoxDistance=19.53 elapsedMs=0
[18:07:27] [Render thread/INFO] (lodekeeper) [Lodekeeper] NAV backend=baritone mode=FOLLOW event=CALC_STARTED elapsedMs=0
[18:07:27] [Render thread/INFO] (lodekeeper) [Lodekeeper] NAV calcTool=minecraft:stone_pickaxe slot=7
[18:07:27] [Render thread/INFO] (lodekeeper) [Lodekeeper] NAV backend=baritone mode=FOLLOW event=CALC_FINISHED_NOW_EXECUTING elapsedMs=67
[18:07:27] [Render thread/INFO] (lodekeeper) [Lodekeeper] PROGRESS elapsed_ms=119775 phase=traveling backend=baritone target=none navigation_elapsed_ms=405 navigation_ticks=8 searching=false path_index=0 path_length=18 retries=0 pending_route_events=0 dropped_route_events=0 status=pursuing_cow__1_
[18:07:29] [Render thread/INFO] (lodekeeper) [Lodekeeper] NAV backend=baritone mode=FOLLOW event=CALC_STARTED elapsedMs=1842
[18:07:29] [Render thread/INFO] (lodekeeper) [Lodekeeper] NAV calcTool=minecraft:stone_pickaxe slot=7
[18:07:29] [Render thread/INFO] (lodekeeper) [Lodekeeper] NAV backend=baritone mode=FOLLOW event=CALC_FINISHED_NOW_EXECUTING elapsedMs=1842
[18:07:29] [Render thread/INFO] (lodekeeper) [Lodekeeper] PROGRESS elapsed_ms=121789 phase=traveling backend=baritone target=none navigation_elapsed_ms=2421 navigation_ticks=48 searching=false path_index=0 path_length=7 retries=0 pending_route_events=0 dropped_route_events=0 status=pursuing_cow__1_
[18:07:30] [Render thread/INFO] (lodekeeper) [Lodekeeper] FOOD_PURSUIT event=in-reach target=a12cb750-efc9-4886-86ec-9ed774817364 routes=1 failedRoutes=0 attacks=0 health=10.0 closestBoxDistance=2.8 elapsedMs=3142
[18:07:30] [Render thread/INFO] (lodekeeper) [Lodekeeper] NAV backend=baritone mode=IDLE event=CANCELED elapsedMs=3143
[18:07:30] [Render thread/INFO] (lodekeeper) [Lodekeeper] NAV backend=baritone mode=IDLE event=CANCELED elapsedMs=3143
[18:07:30] [Render thread/INFO] (lodekeeper) [Lodekeeper] NAV backend=baritone mode=IDLE event=CANCELED elapsedMs=3211
[18:07:30] [Render thread/INFO] (lodekeeper) [Lodekeeper] NAV backend=baritone mode=IDLE event=CANCELED elapsedMs=3246
[18:07:30] [Render thread/INFO] (lodekeeper) [Lodekeeper] FOOD_TOOL slot=7 item=minecraft:stone_pickaxe damage=3.0 wear=2 remainingDurability=105
[18:07:30] [Render thread/INFO] (lodekeeper) [Lodekeeper] FOOD_PURSUIT event=native-attack target=a12cb750-efc9-4886-86ec-9ed774817364 routes=1 failedRoutes=0 attacks=1 health=10.0 closestBoxDistance=2.45 elapsedMs=3347
[18:07:30] [Render thread/INFO] (lodekeeper) [Lodekeeper] FOOD_PURSUIT event=health-progress target=a12cb750-efc9-4886-86ec-9ed774817364 routes=1 failedRoutes=0 attacks=1 health=7.0 closestBoxDistance=2.42 elapsedMs=3413
[18:07:31] [Render thread/INFO] (lodekeeper) [Lodekeeper] FOOD_PURSUIT event=start target=a12cb750-efc9-4886-86ec-9ed774817364 routes=2 failedRoutes=0 attacks=1 health=7.0 closestBoxDistance=3.15 elapsedMs=3854
[18:07:31] [Render thread/INFO] (lodekeeper) [Lodekeeper] NAV backend=baritone mode=FOLLOW event=CALC_STARTED elapsedMs=1
[18:07:31] [Render thread/INFO] (lodekeeper) [Lodekeeper] NAV calcTool=minecraft:stone_pickaxe slot=7
[18:07:31] [Render thread/INFO] (lodekeeper) [Lodekeeper] NAV backend=baritone mode=FOLLOW event=CALC_FINISHED_NOW_EXECUTING elapsedMs=35
[18:07:31] [Render thread/INFO] (lodekeeper) [Lodekeeper] NAV backend=baritone mode=FOLLOW event=CALC_STARTED elapsedMs=513
[18:07:31] [Render thread/INFO] (lodekeeper) [Lodekeeper] NAV calcTool=minecraft:stone_pickaxe slot=7
[18:07:31] [Render thread/INFO] (lodekeeper) [Lodekeeper] NAV backend=baritone mode=FOLLOW event=CALC_FINISHED_NOW_EXECUTING elapsedMs=514
[18:07:31] [Render thread/INFO] (lodekeeper) [Lodekeeper] PROGRESS elapsed_ms=123807 phase=traveling backend=baritone target=none navigation_elapsed_ms=616 navigation_ticks=12 searching=false path_index=0 path_length=4 retries=0 pending_route_events=0 dropped_route_events=0 status=pursuing_cow__2_
[18:07:31] [Render thread/INFO] (lodekeeper) [Lodekeeper] NAV backend=baritone mode=FOLLOW event=CALC_STARTED elapsedMs=721
[18:07:31] [Render thread/INFO] (lodekeeper) [Lodekeeper] NAV calcTool=minecraft:stone_pickaxe slot=7
[18:07:31] [Render thread/INFO] (lodekeeper) [Lodekeeper] NAV backend=baritone mode=FOLLOW event=CALC_FINISHED_NOW_EXECUTING elapsedMs=721
[18:07:31] [Render thread/INFO] (lodekeeper) [Lodekeeper] NAV backend=baritone mode=FOLLOW event=CALC_STARTED elapsedMs=755
[18:07:31] [Render thread/INFO] (lodekeeper) [Lodekeeper] NAV calcTool=minecraft:stone_pickaxe slot=7
[18:07:31] [Render thread/INFO] (lodekeeper) [Lodekeeper] NAV backend=baritone mode=FOLLOW event=CALC_FINISHED_NOW_EXECUTING elapsedMs=756
[18:07:31] [Render thread/INFO] (lodekeeper) [Lodekeeper] NAV backend=baritone mode=FOLLOW event=CALC_STARTED elapsedMs=790
[18:07:31] [Render thread/INFO] (lodekeeper) [Lodekeeper] NAV calcTool=minecraft:stone_pickaxe slot=7
[18:07:31] [Render thread/INFO] (lodekeeper) [Lodekeeper] NAV backend=baritone mode=FOLLOW event=CALC_FINISHED_NOW_EXECUTING elapsedMs=790
[18:07:32] [Render thread/INFO] (lodekeeper) [Lodekeeper] NAV backend=baritone mode=FOLLOW event=CALC_STARTED elapsedMs=1062
[18:07:32] [Render thread/INFO] (lodekeeper) [Lodekeeper] NAV calcTool=minecraft:stone_pickaxe slot=7
[18:07:32] [Render thread/INFO] (lodekeeper) [Lodekeeper] NAV backend=baritone mode=FOLLOW event=CALC_FINISHED_NOW_EXECUTING elapsedMs=1063
[18:07:32] [Render thread/INFO] (lodekeeper) [Lodekeeper] NAV backend=baritone mode=FOLLOW event=CALC_STARTED elapsedMs=1507
[18:07:32] [Render thread/INFO] (lodekeeper) [Lodekeeper] NAV calcTool=minecraft:stone_pickaxe slot=7
[18:07:32] [Render thread/INFO] (lodekeeper) [Lodekeeper] NAV backend=baritone mode=FOLLOW event=CALC_FINISHED_NOW_EXECUTING elapsedMs=1508
[18:07:32] [Render thread/INFO] (lodekeeper) [Lodekeeper] NAV backend=baritone mode=FOLLOW event=CALC_STARTED elapsedMs=1610
[18:07:32] [Render thread/INFO] (lodekeeper) [Lodekeeper] NAV calcTool=minecraft:stone_pickaxe slot=7
[18:07:32] [Render thread/INFO] (lodekeeper) [Lodekeeper] NAV backend=baritone mode=FOLLOW event=CALC_FINISHED_NOW_EXECUTING elapsedMs=1610
[18:07:33] [Render thread/INFO] (lodekeeper) [Lodekeeper] NAV backend=baritone mode=FOLLOW event=CALC_STARTED elapsedMs=2020
[18:07:33] [Render thread/INFO] (lodekeeper) [Lodekeeper] NAV calcTool=minecraft:stone_pickaxe slot=7
[18:07:33] [Render thread/INFO] (lodekeeper) [Lodekeeper] NAV backend=baritone mode=FOLLOW event=CALC_FINISHED_NOW_EXECUTING elapsedMs=2020
[18:07:33] [Render thread/INFO] (lodekeeper) [Lodekeeper] FOOD_PURSUIT event=in-reach target=a12cb750-efc9-4886-86ec-9ed774817364 routes=2 failedRoutes=0 attacks=1 health=7.0 closestBoxDistance=2.88 elapsedMs=6319
[18:07:33] [Render thread/INFO] (lodekeeper) [Lodekeeper] NAV backend=baritone mode=IDLE event=CANCELED elapsedMs=2465
[18:07:33] [Render thread/INFO] (lodekeeper) [Lodekeeper] NAV backend=baritone mode=IDLE event=CANCELED elapsedMs=2465
[18:07:33] [Render thread/INFO] (lodekeeper) [Lodekeeper] NAV backend=baritone mode=IDLE event=CANCELED elapsedMs=2499
[18:07:33] [Render thread/INFO] (lodekeeper) [Lodekeeper] NAV backend=baritone mode=IDLE event=CANCELED elapsedMs=2567
[18:07:33] [Render thread/INFO] (lodekeeper) [Lodekeeper] NAV backend=baritone mode=IDLE event=CANCELED elapsedMs=2601
[18:07:33] [Render thread/INFO] (lodekeeper) [Lodekeeper] FOOD_TOOL slot=7 item=minecraft:stone_pickaxe damage=3.0 wear=2 remainingDurability=103
[18:07:33] [Render thread/INFO] (lodekeeper) [Lodekeeper] FOOD_PURSUIT event=native-attack target=a12cb750-efc9-4886-86ec-9ed774817364 routes=2 failedRoutes=0 attacks=2 health=7.0 closestBoxDistance=2.71 elapsedMs=6556
[18:07:33] [Render thread/INFO] (lodekeeper) [Lodekeeper] FOOD_PURSUIT event=health-progress target=a12cb750-efc9-4886-86ec-9ed774817364 routes=2 failedRoutes=0 attacks=2 health=4.0 closestBoxDistance=2.71 elapsedMs=6590
[18:07:33] [Render thread/INFO] (lodekeeper) [Lodekeeper] PROGRESS elapsed_ms=125823 phase=working backend=baritone target=none navigation_elapsed_ms=0 navigation_ticks=0 searching=false path_index=0 path_length=0 retries=0 pending_route_events=0 dropped_route_events=0 status=attacking_cow__2_
[18:07:34] [Render thread/INFO] (lodekeeper) [Lodekeeper] FOOD_PURSUIT event=start target=a12cb750-efc9-4886-86ec-9ed774817364 routes=3 failedRoutes=0 attacks=2 health=4.0 closestBoxDistance=3.01 elapsedMs=6899
[18:07:34] [Render thread/INFO] (lodekeeper) [Lodekeeper] NAV backend=baritone mode=FOLLOW event=CALC_STARTED elapsedMs=0
[18:07:34] [Render thread/INFO] (lodekeeper) [Lodekeeper] NAV calcTool=minecraft:stone_pickaxe slot=7
[18:07:34] [Render thread/INFO] (lodekeeper) [Lodekeeper] NAV backend=baritone mode=FOLLOW event=CALC_FINISHED_NOW_EXECUTING elapsedMs=69
[18:07:34] [Render thread/INFO] (lodekeeper) [Lodekeeper] FOOD_PURSUIT event=in-reach target=a12cb750-efc9-4886-86ec-9ed774817364 routes=3 failedRoutes=0 attacks=2 health=4.0 closestBoxDistance=2.91 elapsedMs=7103
[18:07:34] [Render thread/INFO] (lodekeeper) [Lodekeeper] NAV backend=baritone mode=IDLE event=CALC_STARTED elapsedMs=205
[18:07:34] [Render thread/INFO] (lodekeeper) [Lodekeeper] NAV calcTool=minecraft:stone_pickaxe slot=7
[18:07:34] [Render thread/INFO] (lodekeeper) [Lodekeeper] NAV backend=baritone mode=IDLE event=CALC_FINISHED_NOW_EXECUTING elapsedMs=205
[18:07:34] [Render thread/INFO] (lodekeeper) [Lodekeeper] NAV backend=baritone mode=IDLE event=CANCELED elapsedMs=206
[18:07:34] [Render thread/INFO] (lodekeeper) [Lodekeeper] NAV backend=baritone mode=IDLE event=CANCELED elapsedMs=207
[18:07:34] [Render thread/INFO] (lodekeeper) [Lodekeeper] NAV backend=baritone mode=IDLE event=CANCELED elapsedMs=273
[18:07:34] [Render thread/INFO] (lodekeeper) [Lodekeeper] NAV backend=baritone mode=IDLE event=CANCELED elapsedMs=306
[18:07:34] [Render thread/INFO] (lodekeeper) [Lodekeeper] NAV backend=baritone mode=IDLE event=CANCELED elapsedMs=341
[18:07:34] [Render thread/INFO] (lodekeeper) [Lodekeeper] FOOD_TOOL slot=7 item=minecraft:stone_pickaxe damage=3.0 wear=2 remainingDurability=101
[18:07:34] [Render thread/INFO] (lodekeeper) [Lodekeeper] FOOD_PURSUIT event=native-attack target=a12cb750-efc9-4886-86ec-9ed774817364 routes=3 failedRoutes=0 attacks=3 health=4.0 closestBoxDistance=2.34 elapsedMs=7411
[18:07:34] [Render thread/INFO] (lodekeeper) [Lodekeeper] FOOD_PURSUIT event=health-progress target=a12cb750-efc9-4886-86ec-9ed774817364 routes=3 failedRoutes=0 attacks=3 health=1.0 closestBoxDistance=2.12 elapsedMs=7445
[18:07:35] [Render thread/INFO] (lodekeeper) [Lodekeeper] FOOD_TOOL slot=7 item=minecraft:stone_pickaxe damage=3.0 wear=2 remainingDurability=99
[18:07:35] [Render thread/INFO] (lodekeeper) [Lodekeeper] FOOD_PURSUIT event=native-attack target=a12cb750-efc9-4886-86ec-9ed774817364 routes=3 failedRoutes=0 attacks=4 health=1.0 closestBoxDistance=0.83 elapsedMs=8270
[18:07:35] [Render thread/INFO] (lodekeeper) [Lodekeeper] FOOD_PURSUIT event=health-progress target=a12cb750-efc9-4886-86ec-9ed774817364 routes=3 failedRoutes=0 attacks=4 health=0.0 closestBoxDistance=0.75 elapsedMs=8304
[18:07:35] [Render thread/INFO] (lodekeeper) [Lodekeeper] NAV backend=baritone mode=PICKUP event=CALC_STARTED elapsedMs=0
[18:07:35] [Render thread/INFO] (lodekeeper) [Lodekeeper] NAV calcTool=minecraft:stone_pickaxe slot=7
[18:07:35] [Render thread/INFO] (lodekeeper) [Lodekeeper] NAV backend=baritone mode=PICKUP event=CALC_FINISHED_NOW_EXECUTING elapsedMs=34
[18:07:35] [Render thread/INFO] (lodekeeper) [Lodekeeper] PROGRESS elapsed_ms=127844 phase=traveling backend=baritone target=none navigation_elapsed_ms=170 navigation_ticks=4 searching=false path_index=0 path_length=3 retries=0 pending_route_events=0 dropped_route_events=0 status=collecting_minecraft:beef
[18:07:36] [Render thread/INFO] (lodekeeper) [Lodekeeper] NAV backend=baritone mode=PICKUP event=CALC_STARTED elapsedMs=443
[18:07:36] [Render thread/INFO] (lodekeeper) [Lodekeeper] NAV calcTool=minecraft:air slot=2
[18:07:36] [Render thread/INFO] (lodekeeper) [Lodekeeper] NAV backend=baritone mode=PICKUP event=CALC_FINISHED_NOW_EXECUTING elapsedMs=443
[18:07:36] [Render thread/INFO] (lodekeeper) [Lodekeeper] NAV backend=baritone mode=IDLE event=CANCELED elapsedMs=546
[18:07:36] [Render thread/INFO] (lodekeeper) [Lodekeeper] NAV backend=baritone mode=IDLE event=CANCELED elapsedMs=546
[18:07:36] [Render thread/INFO] (lodekeeper) [Lodekeeper] NAV backend=baritone mode=IDLE event=CANCELED elapsedMs=581
[18:07:36] [Render thread/INFO] (lodekeeper) [Lodekeeper] NAV backend=baritone mode=IDLE event=CANCELED elapsedMs=651
[18:07:36] [Render thread/INFO] (lodekeeper) [Lodekeeper] NAV backend=baritone mode=IDLE event=CANCELED elapsedMs=686
[18:07:36] [Render thread/INFO] (lodekeeper) [Lodekeeper] FOOD_PREPARATION decision=cook_stored_food nutrition=18 cooked_potential=48 target=36
[18:07:36] [lodekeeper-planner/INFO] (lodekeeper) [Lodekeeper] PROJECT_MATERIALS project=gear_diamond before=[gather:minecraft:iron_ore:3, gather:minecraft:stone:6, gather:minecraft:diamond_ore:3, gather:minecraft:diamond_ore:3, gather:minecraft:diamond_ore:4, gather:minecraft:diamond_ore:8, gather:minecraft:diamond_ore:5, gather:minecraft:diamond_ore:2, gather:minecraft:diamond_ore:7, gather:minecraft:diamond_ore:1, gather:minecraft:diamond_ore:2] after=[gather:minecraft:iron_ore:3, gather:minecraft:stone:6, gather:minecraft:diamond_ore:3, gather:minecraft:diamond_ore:3, gather:minecraft:diamond_ore:4, gather:minecraft:diamond_ore:8, gather:minecraft:diamond_ore:5, gather:minecraft:diamond_ore:2, gather:minecraft:diamond_ore:7, gather:minecraft:diamond_ore:1, gather:minecraft:diamond_ore:2]
[18:07:36] [lodekeeper-planner/INFO] (lodekeeper) [Lodekeeper] PLAN project=gear_diamond success=true steps=30 branches=143 elapsedMs=3.583504
[18:07:36] [Render thread/INFO] (lodekeeper) [Lodekeeper] STEP kind=GATHER source=gather:minecraft:iron_ore output=minecraft:raw_iron count=3 operations=3 auxiliary=false
[18:07:36] [Render thread/INFO] (lodekeeper) [Lodekeeper] MINING_DEPTH policy=NEAREST desiredY=16 ceiling=2031 deficit=3 phase=MINE blocks=[Block{minecraft:iron_ore}, Block{minecraft:deepslate_iron_ore}]
[18:07:36] [Render thread/INFO] (lodekeeper) [Lodekeeper] NAV backend=baritone mode=MINE event=CALC_STARTED elapsedMs=1
[18:07:36] [Render thread/INFO] (lodekeeper) [Lodekeeper] NAV calcTool=minecraft:stone_pickaxe slot=7
[18:07:36] [Render thread/INFO] (lodekeeper) [Lodekeeper] NAV backend=baritone mode=MINE event=CALC_FINISHED_NOW_EXECUTING elapsedMs=100
[18:07:36] [Render thread/INFO] (lodekeeper) [Lodekeeper] TARGET target=-28,63,77 block=minecraft:iron_ore
[18:07:37] [Render thread/INFO] (lodekeeper) [Lodekeeper] PROGRESS elapsed_ms=129902 phase=traveling backend=baritone target=-28,63,77 block=minecraft:iron_ore navigation_elapsed_ms=1405 navigation_ticks=28 searching=false path_index=0 path_length=12 retries=0 pending_route_events=0 dropped_route_events=0 status=mining_and_collecting_minecraft:raw_iron___0/3
[18:07:39] [Render thread/INFO] (lodekeeper) [Lodekeeper] BREAK target=Mutable{x=-28, y=68, z=77} block=Block{minecraft:grass_block} tool=minecraft:birch_log slot=0 remaining=-1 required=route
[18:07:39] [Render thread/INFO] (lodekeeper) [Lodekeeper] PROGRESS elapsed_ms=131953 phase=traveling backend=baritone target=-28,63,77 block=minecraft:iron_ore navigation_elapsed_ms=3388 navigation_ticks=68 searching=false path_index=0 path_length=7 retries=0 pending_route_events=0 dropped_route_events=0 status=mining_and_collecting_minecraft:raw_iron___0/3
[18:07:40] [Render thread/INFO] (lodekeeper) [Lodekeeper] NAV backend=baritone mode=MINE event=CALC_STARTED elapsedMs=3799
[18:07:40] [Render thread/INFO] (lodekeeper) [Lodekeeper] NAV calcTool=minecraft:birch_log slot=0
[18:07:40] [Render thread/INFO] (lodekeeper) [Lodekeeper] NAV backend=baritone mode=MINE event=CALC_FINISHED_NOW_EXECUTING elapsedMs=3834
[18:07:40] [Render thread/INFO] (lodekeeper) [Lodekeeper] BREAK target=Mutable{x=-28, y=67, z=77} block=Block{minecraft:dirt} tool=minecraft:birch_log slot=0 remaining=-1 required=route
[18:07:41] [Render thread/INFO] (lodekeeper) [Lodekeeper] BREAK target=Mutable{x=-28, y=66, z=77} block=Block{minecraft:dirt} tool=minecraft:birch_log slot=0 remaining=-1 required=route
[18:07:42] [Render thread/INFO] (lodekeeper) [Lodekeeper] PROGRESS elapsed_ms=133976 phase=traveling backend=baritone target=-28,63,77 block=minecraft:iron_ore navigation_elapsed_ms=5582 navigation_ticks=112 searching=false path_index=0 path_length=5 retries=0 pending_route_events=0 dropped_route_events=0 status=mining_and_collecting_minecraft:raw_iron___0/3
[18:07:42] [Render thread/INFO] (lodekeeper) [Lodekeeper] BREAK target=Mutable{x=-28, y=65, z=77} block=Block{minecraft:dirt} tool=minecraft:birch_log slot=0 remaining=-1 required=route
[18:07:43] [Render thread/INFO] (lodekeeper) [Lodekeeper] BREAK target=Mutable{x=-28, y=64, z=77} block=Block{minecraft:stone} tool=minecraft:stone_pickaxe slot=7 remaining=97 required=route
[18:07:44] [Render thread/INFO] (lodekeeper) [Lodekeeper] PROGRESS elapsed_ms=135994 phase=traveling backend=baritone target=-28,63,77 block=minecraft:iron_ore navigation_elapsed_ms=7600 navigation_ticks=152 searching=false path_index=0 path_length=3 retries=0 pending_route_events=0 dropped_route_events=0 status=mining_and_collecting_minecraft:raw_iron___0/3
[18:07:44] [Render thread/INFO] (lodekeeper) [Lodekeeper] BREAK target=Mutable{x=-28, y=63, z=77} block=Block{minecraft:iron_ore} tool=minecraft:stone_pickaxe slot=7 remaining=96 required=minecraft:stone_pickaxe
[18:07:46] [Render thread/INFO] (lodekeeper) [Lodekeeper] NAV discovered=1 retained=64 rejected=0 requestTicks=192 phase=MINE
[18:07:46] [Render thread/INFO] (lodekeeper) [Lodekeeper] TARGET target=-28,63,78 block=minecraft:iron_ore
[18:07:46] [Render thread/INFO] (lodekeeper) [Lodekeeper] NAV backend=baritone mode=MINE event=CALC_STARTED elapsedMs=9586
[18:07:46] [Render thread/INFO] (lodekeeper) [Lodekeeper] NAV calcTool=minecraft:stone_pickaxe slot=7
[18:07:46] [Render thread/INFO] (lodekeeper) [Lodekeeper] NAV backend=baritone mode=MINE event=CALC_FINISHED_NOW_EXECUTING elapsedMs=9586
[18:07:46] [Render thread/INFO] (lodekeeper) [Lodekeeper] PROGRESS elapsed_ms=138049 phase=traveling backend=baritone target=-28,63,78 block=minecraft:iron_ore navigation_elapsed_ms=9585 navigation_ticks=192 searching=false path_index=0 path_length=2 retries=0 pending_route_events=0 dropped_route_events=0 status=mining_and_collecting_minecraft:raw_iron___0/3
[18:07:46] [Render thread/INFO] (lodekeeper) [Lodekeeper] BREAK target=Mutable{x=-28, y=64, z=78} block=Block{minecraft:stone} tool=minecraft:stone_pickaxe slot=7 remaining=95 required=route
[18:07:47] [Render thread/INFO] (lodekeeper) [Lodekeeper] BREAK target=Mutable{x=-28, y=63, z=78} block=Block{minecraft:iron_ore} tool=minecraft:stone_pickaxe slot=7 remaining=94 required=minecraft:stone_pickaxe
[18:07:48] [Render thread/INFO] (lodekeeper) [Lodekeeper] PROGRESS elapsed_ms=140097 phase=traveling backend=baritone target=-28,63,78 block=minecraft:iron_ore navigation_elapsed_ms=11600 navigation_ticks=232 searching=false path_index=0 path_length=2 retries=0 pending_route_events=0 dropped_route_events=0 status=mining_and_collecting_minecraft:raw_iron___1/3
[18:07:48] [Render thread/INFO] (lodekeeper) [Lodekeeper] NAV discovered=1 retained=64 rejected=0 requestTicks=239 phase=MINE
[18:07:48] [Render thread/INFO] (lodekeeper) [Lodekeeper] NAV backend=baritone mode=MINE event=CALC_STARTED elapsedMs=11944
[18:07:48] [Render thread/INFO] (lodekeeper) [Lodekeeper] NAV calcTool=minecraft:stone_pickaxe slot=7
[18:07:48] [Render thread/INFO] (lodekeeper) [Lodekeeper] NAV backend=baritone mode=MINE event=CALC_FINISHED_NOW_EXECUTING elapsedMs=11944
[18:07:48] [Render thread/INFO] (lodekeeper) [Lodekeeper] TARGET target=-27,63,77 block=minecraft:iron_ore
[18:07:48] [Render thread/INFO] (lodekeeper) [Lodekeeper] BREAK target=Mutable{x=-27, y=64, z=77} block=Block{minecraft:stone} tool=minecraft:stone_pickaxe slot=7 remaining=93 required=route
[18:07:49] [Render thread/INFO] (lodekeeper) [Lodekeeper] BREAK target=Mutable{x=-27, y=63, z=77} block=Block{minecraft:iron_ore} tool=minecraft:stone_pickaxe slot=7 remaining=92 required=minecraft:stone_pickaxe
[18:07:50] [Render thread/INFO] (lodekeeper) [Lodekeeper] PROGRESS elapsed_ms=142150 phase=traveling backend=baritone target=-27,63,77 block=minecraft:iron_ore navigation_elapsed_ms=13584 navigation_ticks=272 searching=false path_index=0 path_length=2 retries=0 pending_route_events=0 dropped_route_events=0 status=mining_and_collecting_minecraft:raw_iron___2/3
[18:07:50] [Render thread/INFO] (lodekeeper) [Lodekeeper] NAV discovered=1 retained=64 rejected=0 requestTicks=286 phase=MINE
[18:07:50] [Render thread/INFO] (lodekeeper) [Lodekeeper] NAV backend=baritone mode=MINE event=CALC_STARTED elapsedMs=14300
[18:07:50] [Render thread/INFO] (lodekeeper) [Lodekeeper] NAV calcTool=minecraft:stone_pickaxe slot=7
[18:07:50] [Render thread/INFO] (lodekeeper) [Lodekeeper] NAV backend=baritone mode=MINE event=CALC_FINISHED_NOW_EXECUTING elapsedMs=14300
[18:07:50] [Render thread/INFO] (lodekeeper) [Lodekeeper] TARGET target=-27,62,78 block=minecraft:iron_ore
[18:07:50] [Render thread/INFO] (lodekeeper) [Lodekeeper] BREAK target=Mutable{x=-27, y=64, z=78} block=Block{minecraft:stone} tool=minecraft:stone_pickaxe slot=7 remaining=91 required=route
[18:07:51] [Render thread/INFO] (lodekeeper) [Lodekeeper] TARGET target=none
[18:07:51] [lodekeeper-planner/INFO] (lodekeeper) [Lodekeeper] PROJECT_MATERIALS project=gear_diamond before=[gather:minecraft:stone:3, gather:minecraft:diamond_ore:3, gather:minecraft:diamond_ore:3, gather:minecraft:diamond_ore:4, gather:minecraft:diamond_ore:8, gather:minecraft:diamond_ore:5, gather:minecraft:diamond_ore:2, gather:minecraft:diamond_ore:7, gather:minecraft:diamond_ore:1, gather:minecraft:diamond_ore:2] after=[gather:minecraft:stone:3, gather:minecraft:diamond_ore:3, gather:minecraft:diamond_ore:3, gather:minecraft:diamond_ore:4, gather:minecraft:diamond_ore:8, gather:minecraft:diamond_ore:5, gather:minecraft:diamond_ore:2, gather:minecraft:diamond_ore:7, gather:minecraft:diamond_ore:1, gather:minecraft:diamond_ore:2]
[18:07:51] [lodekeeper-planner/INFO] (lodekeeper) [Lodekeeper] PLAN project=gear_diamond success=true steps=29 branches=139 elapsedMs=4.157315
[18:07:51] [Render thread/INFO] (lodekeeper) [Lodekeeper] STEP kind=GATHER source=gather:minecraft:stone output=minecraft:cobblestone count=3 operations=3 auxiliary=false
[18:07:51] [Render thread/INFO] (lodekeeper) [Lodekeeper] MINING_DEPTH policy=NEAREST desiredY=-2147483648 ceiling=2031 deficit=3 phase=MINE blocks=[Block{minecraft:stone}]
[18:07:51] [Render thread/INFO] (lodekeeper) [Lodekeeper] NAV backend=baritone mode=MINE event=CALC_STARTED elapsedMs=1
[18:07:51] [Render thread/INFO] (lodekeeper) [Lodekeeper] NAV calcTool=minecraft:stone_pickaxe slot=7
[18:07:51] [Render thread/INFO] (lodekeeper) [Lodekeeper] ROUTE_SEARCH kind=unknown anchor=unknown feet_y16=0 candidates=0 target=none elapsed_ms=143684
[18:07:52] [Render thread/INFO] (lodekeeper) [Lodekeeper] NAV backend=baritone mode=MINE event=CALC_FINISHED_NOW_EXECUTING elapsedMs=512
[18:07:52] [Render thread/INFO] (lodekeeper) [Lodekeeper] ROUTE_TRAVEL path_index=0 path_length=18 target=none elapsed_ms=144096
[18:07:52] [Render thread/INFO] (lodekeeper) [Lodekeeper] PROGRESS elapsed_ms=144197 phase=traveling backend=baritone target=none navigation_elapsed_ms=615 navigation_ticks=12 searching=false path_index=0 path_length=18 retries=0 pending_route_events=0 dropped_route_events=0 status=mining_and_collecting_minecraft:cobblestone___5/8
[18:07:52] [Render thread/INFO] (lodekeeper) [Lodekeeper] BREAK target=Mutable{x=-27, y=62, z=77} block=Block{minecraft:stone} tool=minecraft:stone_pickaxe slot=7 remaining=91 required=minecraft:stone_pickaxe
[18:07:53] [Render thread/INFO] (lodekeeper) [Lodekeeper] BREAK target=Mutable{x=-27, y=61, z=77} block=Block{minecraft:stone} tool=minecraft:stone_pickaxe slot=7 remaining=90 required=minecraft:stone_pickaxe
[18:07:54] [Render thread/INFO] (lodekeeper) [Lodekeeper] BREAK target=Mutable{x=-27, y=60, z=77} block=Block{minecraft:stone} tool=minecraft:stone_pickaxe slot=7 remaining=89 required=minecraft:stone_pickaxe
[18:07:54] [Render thread/INFO] (lodekeeper) [Lodekeeper] PROGRESS elapsed_ms=146251 phase=traveling backend=baritone target=none navigation_elapsed_ms=2600 navigation_ticks=52 searching=false path_index=0 path_length=14 retries=0 pending_route_events=0 dropped_route_events=0 status=mining_and_collecting_minecraft:cobblestone___6/8
[18:07:55] [Render thread/INFO] (lodekeeper) [Lodekeeper] BREAK target=Mutable{x=-27, y=59, z=77} block=Block{minecraft:stone} tool=minecraft:stone_pickaxe slot=7 remaining=88 required=minecraft:stone_pickaxe
[18:07:55] [lodekeeper-planner/INFO] (lodekeeper) [Lodekeeper] PROJECT_MATERIALS project=gear_diamond before=[gather:minecraft:diamond_ore:3, gather:minecraft:diamond_ore:3, gather:minecraft:diamond_ore:4, gather:minecraft:diamond_ore:8, gather:minecraft:diamond_ore:5, gather:minecraft:diamond_ore:2, gather:minecraft:diamond_ore:7, gather:minecraft:diamond_ore:1, gather:minecraft:diamond_ore:2] after=[gather:minecraft:diamond_ore:3, gather:minecraft:diamond_ore:3, gather:minecraft:diamond_ore:4, gather:minecraft:diamond_ore:8, gather:minecraft:diamond_ore:5, gather:minecraft:diamond_ore:2, gather:minecraft:diamond_ore:7, gather:minecraft:diamond_ore:1, gather:minecraft:diamond_ore:2]
[18:07:55] [lodekeeper-planner/INFO] (lodekeeper) [Lodekeeper] PLAN project=gear_diamond success=true steps=28 branches=133 elapsedMs=6.362336
[18:07:55] [Render thread/INFO] (lodekeeper) [Lodekeeper] STEP kind=PLACE_STATION source=place:minecraft:crafting_table output=null count=0 operations=1 auxiliary=false
[18:07:55] [Render thread/INFO] (lodekeeper) [Lodekeeper] STATION_ROUTE event=start destination=BlockPos{x=-28, y=63, z=77} stances=12
[18:07:55] [Render thread/INFO] (lodekeeper) [Lodekeeper] TARGET target=-28,63,77 block=minecraft:air
[18:07:55] [Render thread/INFO] (lodekeeper) [Lodekeeper] NAV backend=baritone mode=MOVE event=CALC_STARTED elapsedMs=1
[18:07:55] [Render thread/INFO] (lodekeeper) [Lodekeeper] NAV calcTool=minecraft:stone_pickaxe slot=7
[18:07:55] [Render thread/INFO] (lodekeeper) [Lodekeeper] NAV backend=baritone mode=MOVE event=CALC_FINISHED_NOW_EXECUTING elapsedMs=59
[18:07:56] [Render thread/INFO] (lodekeeper) [Lodekeeper] PROGRESS elapsed_ms=148283 phase=traveling backend=baritone target=-28,63,77 block=minecraft:air navigation_elapsed_ms=601 navigation_ticks=12 searching=false path_index=0 path_length=2 retries=0 pending_route_events=0 dropped_route_events=0 status=following_route
[18:07:56] [Render thread/INFO] (lodekeeper) [Lodekeeper] STATION_ROUTE event=arrival destination=BlockPos{x=-28, y=63, z=77} player=BlockPos{x=-27, y=62, z=77}
[18:07:56] [Render thread/INFO] (lodekeeper) [Lodekeeper] NAV backend=baritone mode=IDLE event=CANCELED elapsedMs=671
[18:07:56] [Render thread/INFO] (lodekeeper) [Lodekeeper] NAV backend=baritone mode=IDLE event=CANCELED elapsedMs=671
[18:07:56] [Render thread/INFO] (lodekeeper) [Lodekeeper] NAV backend=baritone mode=IDLE event=CANCELED elapsedMs=705
[18:07:56] [Render thread/INFO] (lodekeeper) [Lodekeeper] NAV backend=baritone mode=IDLE event=CANCELED elapsedMs=773
[18:07:56] [Render thread/INFO] (lodekeeper) [Lodekeeper] NAV backend=baritone mode=IDLE event=CANCELED elapsedMs=807
[18:07:56] [Render thread/INFO] (lodekeeper) [Lodekeeper] NAV backend=baritone mode=IDLE event=CANCELED elapsedMs=841
[18:07:56] [Render thread/INFO] (lodekeeper) [Lodekeeper] NAV backend=baritone mode=IDLE event=CANCELED elapsedMs=909
[18:07:56] [Render thread/INFO] (lodekeeper) [Lodekeeper] NAV backend=baritone mode=IDLE event=CANCELED elapsedMs=942
[18:07:56] [Render thread/INFO] (lodekeeper) [Lodekeeper] NAV backend=baritone mode=IDLE event=CANCELED elapsedMs=1011
[18:07:56] [Render thread/INFO] (lodekeeper) [Lodekeeper] NAV backend=baritone mode=IDLE event=CANCELED elapsedMs=1045
[18:07:56] [Render thread/INFO] (lodekeeper) [Lodekeeper] TARGET target=none
[18:07:56] [lodekeeper-planner/INFO] (lodekeeper) [Lodekeeper] PROJECT_MATERIALS project=gear_diamond before=[gather:minecraft:diamond_ore:3, gather:minecraft:diamond_ore:3, gather:minecraft:diamond_ore:4, gather:minecraft:diamond_ore:8, gather:minecraft:diamond_ore:5, gather:minecraft:diamond_ore:2, gather:minecraft:diamond_ore:7, gather:minecraft:diamond_ore:1, gather:minecraft:diamond_ore:2] after=[gather:minecraft:diamond_ore:3, gather:minecraft:diamond_ore:3, gather:minecraft:diamond_ore:4, gather:minecraft:diamond_ore:8, gather:minecraft:diamond_ore:5, gather:minecraft:diamond_ore:2, gather:minecraft:diamond_ore:7, gather:minecraft:diamond_ore:1, gather:minecraft:diamond_ore:2]
[18:07:56] [lodekeeper-planner/INFO] (lodekeeper) [Lodekeeper] PLAN project=gear_diamond success=true steps=27 branches=132 elapsedMs=4.382248
[18:07:56] [Render thread/INFO] (lodekeeper) [Lodekeeper] STEP kind=CRAFT source=minecraft:furnace output=minecraft:furnace count=1 operations=1 auxiliary=false
[18:07:58] [Render thread/INFO] (lodekeeper) [Lodekeeper] PROGRESS elapsed_ms=150299 phase=crafting backend=baritone target=none navigation_elapsed_ms=0 navigation_ticks=0 searching=false path_index=0 path_length=0 retries=0 pending_route_events=0 dropped_route_events=0 status=CRAFT_minecraft:furnace
[18:08:00] [Render thread/INFO] (lodekeeper) [Lodekeeper] PROGRESS elapsed_ms=152304 phase=crafting backend=baritone target=none navigation_elapsed_ms=0 navigation_ticks=0 searching=false path_index=0 path_length=0 retries=0 pending_route_events=0 dropped_route_events=0 status=CRAFT_minecraft:furnace
[18:08:02] [Render thread/INFO] (lodekeeper) [Lodekeeper] PROGRESS elapsed_ms=154354 phase=crafting backend=baritone target=none navigation_elapsed_ms=0 navigation_ticks=0 searching=false path_index=0 path_length=0 retries=0 pending_route_events=0 dropped_route_events=0 status=CRAFT_minecraft:furnace
[18:08:03] [lodekeeper-planner/INFO] (lodekeeper) [Lodekeeper] PROJECT_MATERIALS project=gear_diamond before=[gather:minecraft:diamond_ore:3, gather:minecraft:diamond_ore:3, gather:minecraft:diamond_ore:4, gather:minecraft:diamond_ore:8, gather:minecraft:diamond_ore:5, gather:minecraft:diamond_ore:2, gather:minecraft:diamond_ore:7, gather:minecraft:diamond_ore:1, gather:minecraft:diamond_ore:2] after=[gather:minecraft:diamond_ore:3, gather:minecraft:diamond_ore:3, gather:minecraft:diamond_ore:4, gather:minecraft:diamond_ore:8, gather:minecraft:diamond_ore:5, gather:minecraft:diamond_ore:2, gather:minecraft:diamond_ore:7, gather:minecraft:diamond_ore:1, gather:minecraft:diamond_ore:2]
[18:08:03] [lodekeeper-planner/INFO] (lodekeeper) [Lodekeeper] PLAN project=gear_diamond success=true steps=26 branches=129 elapsedMs=4.862926
[18:08:03] [Render thread/INFO] (lodekeeper) [Lodekeeper] STEP kind=PLACE_STATION source=place:minecraft:furnace output=null count=0 operations=1 auxiliary=false
[18:08:03] [Render thread/INFO] (lodekeeper) [Lodekeeper] STATION_ROUTE event=start destination=BlockPos{x=-28, y=63, z=78} stances=12
[18:08:03] [Render thread/INFO] (lodekeeper) [Lodekeeper] TARGET target=-28,63,78 block=minecraft:air
[18:08:03] [Render thread/INFO] (lodekeeper) [Lodekeeper] NAV backend=baritone mode=MOVE event=CALC_STARTED elapsedMs=1
[18:08:03] [Render thread/INFO] (lodekeeper) [Lodekeeper] NAV calcTool=minecraft:air slot=1
[18:08:03] [Render thread/INFO] (lodekeeper) [Lodekeeper] NAV backend=baritone mode=MOVE event=CALC_FINISHED_NOW_EXECUTING elapsedMs=65
[18:08:03] [Render thread/INFO] (lodekeeper) [Lodekeeper] BREAK target=Mutable{x=-27, y=62, z=78} block=Block{minecraft:iron_ore} tool=minecraft:stone_pickaxe slot=7 remaining=88 required=route
[18:08:04] [Render thread/INFO] (lodekeeper) [Lodekeeper] PROGRESS elapsed_ms=156393 phase=traveling backend=baritone target=-28,63,78 block=minecraft:air navigation_elapsed_ms=1185 navigation_ticks=24 searching=false path_index=0 path_length=2 retries=0 pending_route_events=0 dropped_route_events=0 status=following_route
[18:08:04] [Render thread/INFO] (lodekeeper) [Lodekeeper] BREAK target=Mutable{x=-27, y=63, z=78} block=Block{minecraft:iron_ore} tool=minecraft:stone_pickaxe slot=7 remaining=87 required=route
[18:08:06] [Render thread/INFO] (lodekeeper) [Lodekeeper] STATION_ROUTE event=arrival destination=BlockPos{x=-28, y=63, z=78} player=BlockPos{x=-27, y=62, z=78}
[18:08:06] [Render thread/INFO] (lodekeeper) [Lodekeeper] NAV backend=baritone mode=IDLE event=CANCELED elapsedMs=3062
[18:08:06] [Render thread/INFO] (lodekeeper) [Lodekeeper] NAV backend=baritone mode=IDLE event=CANCELED elapsedMs=3062
[18:08:06] [Render thread/INFO] (lodekeeper) [Lodekeeper] NAV backend=baritone mode=IDLE event=CANCELED elapsedMs=3096
[18:08:06] [Render thread/INFO] (lodekeeper) [Lodekeeper] NAV backend=baritone mode=IDLE event=CANCELED elapsedMs=3165
[18:08:06] [Render thread/INFO] (lodekeeper) [Lodekeeper] NAV backend=baritone mode=IDLE event=CANCELED elapsedMs=3199
[18:08:06] [Render thread/INFO] (lodekeeper) [Lodekeeper] TARGET target=none
[18:08:06] [lodekeeper-planner/INFO] (lodekeeper) [Lodekeeper] PROJECT_MATERIALS project=gear_diamond before=[gather:minecraft:diamond_ore:3, gather:minecraft:diamond_ore:3, gather:minecraft:diamond_ore:4, gather:minecraft:diamond_ore:8, gather:minecraft:diamond_ore:5, gather:minecraft:diamond_ore:2, gather:minecraft:diamond_ore:7, gather:minecraft:diamond_ore:1, gather:minecraft:diamond_ore:2] after=[gather:minecraft:diamond_ore:3, gather:minecraft:diamond_ore:3, gather:minecraft:diamond_ore:4, gather:minecraft:diamond_ore:8, gather:minecraft:diamond_ore:5, gather:minecraft:diamond_ore:2, gather:minecraft:diamond_ore:7, gather:minecraft:diamond_ore:1, gather:minecraft:diamond_ore:2]
[18:08:06] [lodekeeper-planner/INFO] (lodekeeper) [Lodekeeper] PLAN project=gear_diamond success=true steps=25 branches=128 elapsedMs=4.368871
[18:08:06] [Render thread/INFO] (lodekeeper) [Lodekeeper] SMELT_REQUIREMENTS source=minecraft:iron_ingot_from_smelting_raw_iron selected=[SelectedItemRequirement[item=minecraft:raw_iron, count=3, consumed=true, purpose=smelting input, recipeSlot=-1], SelectedItemRequirement[item=minecraft:birch_planks, count=2, consumed=true, purpose=smelting fuel, recipeSlot=-1], SelectedStationRequirement[station=minecraft:furnace, purpose=use station]]
[18:08:06] [Render thread/INFO] (lodekeeper) [Lodekeeper] STEP kind=SMELT source=minecraft:iron_ingot_from_smelting_raw_iron output=minecraft:iron_ingot count=3 operations=3 auxiliary=false
[18:08:06] [Render thread/INFO] (lodekeeper) [Lodekeeper] PROGRESS elapsed_ms=158461 phase=smelting backend=baritone target=none navigation_elapsed_ms=0 navigation_ticks=0 searching=false path_index=0 path_length=0 retries=0 pending_route_events=0 dropped_route_events=0 status=SMELT_minecraft:iron_ingot_from_smelting_raw_iron
[18:08:08] [Render thread/INFO] (lodekeeper) [Lodekeeper] PROGRESS elapsed_ms=160494 phase=smelting backend=baritone target=none navigation_elapsed_ms=0 navigation_ticks=0 searching=false path_index=0 path_length=0 retries=0 pending_route_events=0 dropped_route_events=0 status=SMELT_minecraft:iron_ingot_from_smelting_raw_iron
[18:08:10] [Render thread/INFO] (lodekeeper) [Lodekeeper] PROGRESS elapsed_ms=162554 phase=smelting backend=baritone target=none navigation_elapsed_ms=0 navigation_ticks=0 searching=false path_index=0 path_length=0 retries=0 pending_route_events=0 dropped_route_events=0 status=SMELT_minecraft:iron_ingot_from_smelting_raw_iron
[18:08:12] [Render thread/INFO] (lodekeeper) [Lodekeeper] PROGRESS elapsed_ms=164585 phase=smelting backend=baritone target=none navigation_elapsed_ms=0 navigation_ticks=0 searching=false path_index=0 path_length=0 retries=0 pending_route_events=0 dropped_route_events=0 status=SMELT_minecraft:iron_ingot_from_smelting_raw_iron
[18:08:14] [Render thread/INFO] (lodekeeper) [Lodekeeper] PROGRESS elapsed_ms=166650 phase=smelting backend=baritone target=none navigation_elapsed_ms=0 navigation_ticks=0 searching=false path_index=0 path_length=0 retries=0 pending_route_events=0 dropped_route_events=0 status=SMELT_minecraft:iron_ingot_from_smelting_raw_iron
[18:08:16] [Render thread/INFO] (lodekeeper) [Lodekeeper] PROGRESS elapsed_ms=168697 phase=smelting backend=baritone target=none navigation_elapsed_ms=0 navigation_ticks=0 searching=false path_index=0 path_length=0 retries=0 pending_route_events=0 dropped_route_events=0 status=SMELT_minecraft:iron_ingot_from_smelting_raw_iron
[18:08:18] [Render thread/INFO] (lodekeeper) [Lodekeeper] PROGRESS elapsed_ms=170750 phase=smelting backend=baritone target=none navigation_elapsed_ms=0 navigation_ticks=0 searching=false path_index=0 path_length=0 retries=0 pending_route_events=0 dropped_route_events=0 status=SMELT_minecraft:iron_ingot_from_smelting_raw_iron
[18:08:20] [Render thread/INFO] (lodekeeper) [Lodekeeper] PROGRESS elapsed_ms=172802 phase=smelting backend=baritone target=none navigation_elapsed_ms=0 navigation_ticks=0 searching=false path_index=0 path_length=0 retries=0 pending_route_events=0 dropped_route_events=0 status=SMELT_minecraft:iron_ingot_from_smelting_raw_iron
[18:08:22] [Render thread/INFO] (lodekeeper) [Lodekeeper] PROGRESS elapsed_ms=174848 phase=smelting backend=baritone target=none navigation_elapsed_ms=0 navigation_ticks=0 searching=false path_index=0 path_length=0 retries=0 pending_route_events=0 dropped_route_events=0 status=SMELT_minecraft:iron_ingot_from_smelting_raw_iron
[18:08:24] [Render thread/INFO] (lodekeeper) [Lodekeeper] PROGRESS elapsed_ms=176907 phase=smelting backend=baritone target=none navigation_elapsed_ms=0 navigation_ticks=0 searching=false path_index=0 path_length=0 retries=0 pending_route_events=0 dropped_route_events=0 status=SMELT_minecraft:iron_ingot_from_smelting_raw_iron
[18:08:26] [Render thread/INFO] (lodekeeper) [Lodekeeper] PROGRESS elapsed_ms=178954 phase=smelting backend=baritone target=none navigation_elapsed_ms=0 navigation_ticks=0 searching=false path_index=0 path_length=0 retries=0 pending_route_events=0 dropped_route_events=0 status=SMELT_minecraft:iron_ingot_from_smelting_raw_iron
[18:08:29] [Render thread/INFO] (lodekeeper) [Lodekeeper] PROGRESS elapsed_ms=181006 phase=smelting backend=baritone target=none navigation_elapsed_ms=0 navigation_ticks=0 searching=false path_index=0 path_length=0 retries=0 pending_route_events=0 dropped_route_events=0 status=SMELT_minecraft:iron_ingot_from_smelting_raw_iron
[18:08:31] [Render thread/INFO] (lodekeeper) [Lodekeeper] PROGRESS elapsed_ms=183030 phase=smelting backend=baritone target=none navigation_elapsed_ms=0 navigation_ticks=0 searching=false path_index=0 path_length=0 retries=0 pending_route_events=0 dropped_route_events=0 status=SMELT_minecraft:iron_ingot_from_smelting_raw_iron
[18:08:33] [Render thread/INFO] (lodekeeper) [Lodekeeper] PROGRESS elapsed_ms=185045 phase=smelting backend=baritone target=none navigation_elapsed_ms=0 navigation_ticks=0 searching=false path_index=0 path_length=0 retries=0 pending_route_events=0 dropped_route_events=0 status=SMELT_minecraft:iron_ingot_from_smelting_raw_iron
[18:08:35] [Render thread/INFO] (lodekeeper) [Lodekeeper] PROGRESS elapsed_ms=187101 phase=smelting backend=baritone target=none navigation_elapsed_ms=0 navigation_ticks=0 searching=false path_index=0 path_length=0 retries=0 pending_route_events=0 dropped_route_events=0 status=SMELT_minecraft:iron_ingot_from_smelting_raw_iron
[18:08:37] [Render thread/INFO] (lodekeeper) [Lodekeeper] PROGRESS elapsed_ms=189151 phase=smelting backend=baritone target=none navigation_elapsed_ms=0 navigation_ticks=0 searching=false path_index=0 path_length=0 retries=0 pending_route_events=0 dropped_route_events=0 status=SMELT_minecraft:iron_ingot_from_smelting_raw_iron
[18:08:37] [lodekeeper-planner/INFO] (lodekeeper) [Lodekeeper] PROJECT_MATERIALS project=gear_diamond before=[gather:minecraft:diamond_ore:3, gather:minecraft:diamond_ore:3, gather:minecraft:diamond_ore:4, gather:minecraft:diamond_ore:8, gather:minecraft:diamond_ore:5, gather:minecraft:diamond_ore:2, gather:minecraft:diamond_ore:7, gather:minecraft:diamond_ore:1, gather:minecraft:diamond_ore:2] after=[gather:minecraft:diamond_ore:3, gather:minecraft:diamond_ore:3, gather:minecraft:diamond_ore:4, gather:minecraft:diamond_ore:8, gather:minecraft:diamond_ore:5, gather:minecraft:diamond_ore:2, gather:minecraft:diamond_ore:7, gather:minecraft:diamond_ore:1, gather:minecraft:diamond_ore:2]
[18:08:37] [lodekeeper-planner/INFO] (lodekeeper) [Lodekeeper] PLAN project=gear_diamond success=true steps=24 branches=113 elapsedMs=1.97973
[18:08:37] [Render thread/INFO] (lodekeeper) [Lodekeeper] STEP kind=CRAFT source=minecraft:birch_planks output=minecraft:birch_planks count=4 operations=1 auxiliary=false
[18:08:38] [lodekeeper-planner/INFO] (lodekeeper) [Lodekeeper] PROJECT_MATERIALS project=gear_diamond before=[gather:minecraft:diamond_ore:3, gather:minecraft:diamond_ore:3, gather:minecraft:diamond_ore:4, gather:minecraft:diamond_ore:8, gather:minecraft:diamond_ore:5, gather:minecraft:diamond_ore:2, gather:minecraft:diamond_ore:7, gather:minecraft:diamond_ore:1, gather:minecraft:diamond_ore:2] after=[gather:minecraft:diamond_ore:3, gather:minecraft:diamond_ore:3, gather:minecraft:diamond_ore:4, gather:minecraft:diamond_ore:8, gather:minecraft:diamond_ore:5, gather:minecraft:diamond_ore:2, gather:minecraft:diamond_ore:7, gather:minecraft:diamond_ore:1, gather:minecraft:diamond_ore:2]
[18:08:38] [lodekeeper-planner/INFO] (lodekeeper) [Lodekeeper] PLAN project=gear_diamond success=true steps=23 branches=108 elapsedMs=1.800445
[18:08:38] [Render thread/INFO] (lodekeeper) [Lodekeeper] STEP kind=CRAFT source=minecraft:stick output=minecraft:stick count=4 operations=1 auxiliary=false
[18:08:39] [Render thread/INFO] (lodekeeper) [Lodekeeper] PROGRESS elapsed_ms=191204 phase=crafting backend=baritone target=none navigation_elapsed_ms=0 navigation_ticks=0 searching=false path_index=0 path_length=0 retries=0 pending_route_events=0 dropped_route_events=0 status=CRAFT_minecraft:stick
[18:08:40] [lodekeeper-planner/INFO] (lodekeeper) [Lodekeeper] PROJECT_MATERIALS project=gear_diamond before=[gather:minecraft:diamond_ore:3, gather:minecraft:diamond_ore:3, gather:minecraft:diamond_ore:4, gather:minecraft:diamond_ore:8, gather:minecraft:diamond_ore:5, gather:minecraft:diamond_ore:2, gather:minecraft:diamond_ore:7, gather:minecraft:diamond_ore:1, gather:minecraft:diamond_ore:2] after=[gather:minecraft:diamond_ore:3, gather:minecraft:diamond_ore:3, gather:minecraft:diamond_ore:4, gather:minecraft:diamond_ore:8, gather:minecraft:diamond_ore:5, gather:minecraft:diamond_ore:2, gather:minecraft:diamond_ore:7, gather:minecraft:diamond_ore:1, gather:minecraft:diamond_ore:2]
[18:08:40] [lodekeeper-planner/INFO] (lodekeeper) [Lodekeeper] PLAN project=gear_diamond success=true steps=22 branches=104 elapsedMs=1.610036
[18:08:40] [Render thread/INFO] (lodekeeper) [Lodekeeper] STEP kind=CRAFT source=minecraft:iron_pickaxe output=minecraft:iron_pickaxe count=1 operations=1 auxiliary=false
[18:08:41] [Render thread/INFO] (lodekeeper) [Lodekeeper] PROGRESS elapsed_ms=193225 phase=crafting backend=baritone target=none navigation_elapsed_ms=0 navigation_ticks=0 searching=false path_index=0 path_length=0 retries=0 pending_route_events=0 dropped_route_events=0 status=CRAFT_minecraft:iron_pickaxe
[18:08:43] [Render thread/INFO] (lodekeeper) [Lodekeeper] PROGRESS elapsed_ms=195244 phase=crafting backend=baritone target=none navigation_elapsed_ms=0 navigation_ticks=0 searching=false path_index=0 path_length=0 retries=0 pending_route_events=0 dropped_route_events=0 status=CRAFT_minecraft:iron_pickaxe
[18:08:44] [lodekeeper-planner/INFO] (lodekeeper) [Lodekeeper] PROJECT_MATERIALS project=gear_diamond before=[gather:minecraft:diamond_ore:3, gather:minecraft:diamond_ore:3, gather:minecraft:diamond_ore:4, gather:minecraft:diamond_ore:8, gather:minecraft:diamond_ore:5, gather:minecraft:diamond_ore:2, gather:minecraft:diamond_ore:7, gather:minecraft:diamond_ore:1, gather:minecraft:diamond_ore:2] after=[gather:minecraft:diamond_ore:3, gather:minecraft:diamond_ore:3, gather:minecraft:diamond_ore:4, gather:minecraft:diamond_ore:8, gather:minecraft:diamond_ore:5, gather:minecraft:diamond_ore:2, gather:minecraft:diamond_ore:7, gather:minecraft:diamond_ore:1, gather:minecraft:diamond_ore:2]
[18:08:44] [lodekeeper-planner/INFO] (lodekeeper) [Lodekeeper] PLAN project=gear_diamond success=true steps=21 branches=99 elapsedMs=1.525493
[18:08:44] [Render thread/INFO] (lodekeeper) [Lodekeeper] STEP kind=GATHER source=gather:minecraft:diamond_ore output=minecraft:diamond count=3 operations=3 auxiliary=false
[18:08:45] [Render thread/INFO] (lodekeeper) [Lodekeeper] PROGRESS elapsed_ms=197252 phase=gathering backend=baritone target=none navigation_elapsed_ms=0 navigation_ticks=0 searching=false path_index=0 path_length=0 retries=0 pending_route_events=0 dropped_route_events=0 status=mining_the_recorded_owned_crafting_table
[18:08:47] [Render thread/INFO] (lodekeeper) [Lodekeeper] PROGRESS elapsed_ms=199300 phase=gathering backend=baritone target=none navigation_elapsed_ms=0 navigation_ticks=0 searching=false path_index=0 path_length=0 retries=0 pending_route_events=0 dropped_route_events=0 status=mining_the_recorded_owned_crafting_table
[18:08:48] [Render thread/INFO] (lodekeeper) [Lodekeeper] NAV backend=baritone mode=PICKUP event=CALC_STARTED elapsedMs=0
[18:08:48] [Render thread/INFO] (lodekeeper) [Lodekeeper] NAV calcTool=minecraft:birch_log slot=0
[18:08:48] [Render thread/INFO] (lodekeeper) [Lodekeeper] NAV backend=baritone mode=PICKUP event=CALC_FINISHED_NOW_EXECUTING elapsedMs=35
[18:08:49] [Render thread/INFO] (lodekeeper) [Lodekeeper] NAV backend=baritone mode=IDLE event=CANCELED elapsedMs=409
[18:08:49] [Render thread/INFO] (lodekeeper) [Lodekeeper] NAV backend=baritone mode=IDLE event=CANCELED elapsedMs=409
[18:08:49] [Render thread/INFO] (lodekeeper) [Lodekeeper] NAV backend=baritone mode=IDLE event=CANCELED elapsedMs=444
[18:08:49] [Render thread/INFO] (lodekeeper) [Lodekeeper] NAV backend=baritone mode=IDLE event=CANCELED elapsedMs=479
[18:08:49] [lodekeeper-planner/INFO] (lodekeeper) [Lodekeeper] PROJECT_MATERIALS project=gear_diamond before=[gather:minecraft:diamond_ore:3, gather:minecraft:diamond_ore:3, gather:minecraft:diamond_ore:4, gather:minecraft:diamond_ore:8, gather:minecraft:diamond_ore:5, gather:minecraft:diamond_ore:2, gather:minecraft:diamond_ore:7, gather:minecraft:diamond_ore:1, gather:minecraft:diamond_ore:2] after=[gather:minecraft:diamond_ore:3, gather:minecraft:diamond_ore:3, gather:minecraft:diamond_ore:4, gather:minecraft:diamond_ore:8, gather:minecraft:diamond_ore:5, gather:minecraft:diamond_ore:2, gather:minecraft:diamond_ore:7, gather:minecraft:diamond_ore:1, gather:minecraft:diamond_ore:2]
[18:08:49] [lodekeeper-planner/INFO] (lodekeeper) [Lodekeeper] PLAN project=gear_diamond success=true steps=22 branches=100 elapsedMs=1.325558
[18:08:49] [Render thread/INFO] (lodekeeper) [Lodekeeper] STEP kind=GATHER source=gather:minecraft:diamond_ore output=minecraft:diamond count=3 operations=3 auxiliary=false
[18:08:49] [Render thread/INFO] (lodekeeper) [Lodekeeper] MINING_DEPTH policy=NEAREST desiredY=-55 ceiling=2031 deficit=3 phase=MINE blocks=[Block{minecraft:diamond_ore}, Block{minecraft:deepslate_diamond_ore}]
[18:08:49] [Render thread/INFO] (lodekeeper) [Lodekeeper] NAV backend=baritone mode=MINE event=CALC_STARTED elapsedMs=3
[18:08:49] [Render thread/INFO] (lodekeeper) [Lodekeeper] NAV calcTool=minecraft:iron_pickaxe slot=5
[18:08:49] [Render thread/INFO] (lodekeeper) [Lodekeeper] PROGRESS elapsed_ms=201348 phase=gathering backend=baritone target=none navigation_elapsed_ms=0 navigation_ticks=0 searching=false path_index=0 path_length=0 retries=0 pending_route_events=0 dropped_route_events=0 status=mining_and_collecting_minecraft:diamond___0/3
[18:08:49] [Render thread/INFO] (lodekeeper) [Lodekeeper] ROUTE_SEARCH kind=unknown anchor=unknown feet_y16=0 candidates=0 target=none elapsed_ms=201383
[18:08:49] [Render thread/INFO] (lodekeeper) [Lodekeeper] NAV backend=baritone mode=MINE event=CALC_FINISHED_NOW_EXECUTING elapsedMs=514
[18:08:49] [Render thread/INFO] (lodekeeper) [Lodekeeper] ROUTE_TRAVEL path_index=0 path_length=30 target=none elapsed_ms=201794
[18:08:49] [Render thread/INFO] (lodekeeper) [Lodekeeper] BREAK target=Mutable{x=-27, y=61, z=78} block=Block{minecraft:stone} tool=minecraft:iron_pickaxe slot=5 remaining=250 required=route
[18:08:50] [Render thread/INFO] (lodekeeper) [Lodekeeper] BREAK target=Mutable{x=-27, y=60, z=78} block=Block{minecraft:stone} tool=minecraft:iron_pickaxe slot=5 remaining=249 required=route
[18:08:51] [Render thread/INFO] (lodekeeper) [Lodekeeper] PROGRESS elapsed_ms=203382 phase=traveling backend=baritone target=none navigation_elapsed_ms=2203 navigation_ticks=44 searching=false path_index=0 path_length=27 retries=0 pending_route_events=0 dropped_route_events=0 status=mining_and_collecting_minecraft:diamond___0/3
[18:08:51] [Render thread/INFO] (lodekeeper) [Lodekeeper] BREAK target=Mutable{x=-27, y=59, z=78} block=Block{minecraft:stone} tool=minecraft:iron_pickaxe slot=5 remaining=248 required=route
[18:08:52] [Render thread/INFO] (lodekeeper) [Lodekeeper] BREAK target=Mutable{x=-27, y=58, z=78} block=Block{minecraft:diorite} tool=minecraft:iron_pickaxe slot=5 remaining=247 required=route
[18:08:52] [Render thread/INFO] (lodekeeper) [Lodekeeper] BREAK target=Mutable{x=-27, y=57, z=78} block=Block{minecraft:diorite} tool=minecraft:iron_pickaxe slot=5 remaining=246 required=route
[18:08:53] [Render thread/INFO] (lodekeeper) [Lodekeeper] PROGRESS elapsed_ms=205399 phase=traveling backend=baritone target=none navigation_elapsed_ms=4221 navigation_ticks=84 searching=false path_index=0 path_length=25 retries=0 pending_route_events=0 dropped_route_events=0 status=mining_and_collecting_minecraft:diamond___0/3
[18:08:53] [Render thread/INFO] (lodekeeper) [Lodekeeper] BREAK target=Mutable{x=-27, y=56, z=78} block=Block{minecraft:diorite} tool=minecraft:iron_pickaxe slot=5 remaining=245 required=route
[18:08:54] [Render thread/INFO] (lodekeeper) [Lodekeeper] BREAK target=Mutable{x=-27, y=55, z=78} block=Block{minecraft:diorite} tool=minecraft:iron_pickaxe slot=5 remaining=244 required=route
[18:08:55] [Render thread/INFO] (lodekeeper) [Lodekeeper] BREAK target=Mutable{x=-27, y=54, z=78} block=Block{minecraft:stone} tool=minecraft:iron_pickaxe slot=5 remaining=243 required=route
[18:08:55] [Render thread/INFO] (lodekeeper) [Lodekeeper] PROGRESS elapsed_ms=207446 phase=traveling backend=baritone target=none navigation_elapsed_ms=6200 navigation_ticks=124 searching=false path_index=0 path_length=22 retries=0 pending_route_events=0 dropped_route_events=0 status=mining_and_collecting_minecraft:diamond___0/3
[18:08:55] [Render thread/INFO] (lodekeeper) [Lodekeeper] BREAK target=Mutable{x=-27, y=53, z=78} block=Block{minecraft:stone} tool=minecraft:iron_pickaxe slot=5 remaining=242 required=route
[18:08:56] [Render thread/INFO] (lodekeeper) [Lodekeeper] BREAK target=Mutable{x=-27, y=52, z=78} block=Block{minecraft:stone} tool=minecraft:iron_pickaxe slot=5 remaining=241 required=route
[18:08:57] [Render thread/INFO] (lodekeeper) [Lodekeeper] BREAK target=Mutable{x=-27, y=51, z=78} block=Block{minecraft:stone} tool=minecraft:iron_pickaxe slot=5 remaining=240 required=route
[18:08:57] [Render thread/INFO] (lodekeeper) [Lodekeeper] PROGRESS elapsed_ms=209495 phase=traveling backend=baritone target=none navigation_elapsed_ms=8214 navigation_ticks=164 searching=false path_index=0 path_length=19 retries=0 pending_route_events=0 dropped_route_events=0 status=mining_and_collecting_minecraft:diamond___0/3
[18:08:57] [Render thread/INFO] (lodekeeper) [Lodekeeper] BREAK target=Mutable{x=-27, y=50, z=78} block=Block{minecraft:stone} tool=minecraft:iron_pickaxe slot=5 remaining=239 required=route
[18:08:58] [Render thread/INFO] (lodekeeper) [Lodekeeper] BREAK target=Mutable{x=-27, y=49, z=78} block=Block{minecraft:stone} tool=minecraft:iron_pickaxe slot=5 remaining=238 required=route
[18:08:59] [Render thread/INFO] (lodekeeper) [Lodekeeper] BREAK target=Mutable{x=-27, y=48, z=78} block=Block{minecraft:stone} tool=minecraft:iron_pickaxe slot=5 remaining=237 required=route
[18:08:59] [Render thread/INFO] (lodekeeper) [Lodekeeper] PROGRESS elapsed_ms=211544 phase=traveling backend=baritone target=none navigation_elapsed_ms=10227 navigation_ticks=204 searching=false path_index=0 path_length=16 retries=0 pending_route_events=0 dropped_route_events=0 status=mining_and_collecting_minecraft:diamond___0/3
[18:08:59] [Render thread/INFO] (lodekeeper) [Lodekeeper] BREAK target=Mutable{x=-27, y=47, z=78} block=Block{minecraft:stone} tool=minecraft:iron_pickaxe slot=5 remaining=236 required=route
[18:09:00] [Render thread/INFO] (lodekeeper) [Lodekeeper] BREAK target=Mutable{x=-27, y=46, z=78} block=Block{minecraft:stone} tool=minecraft:iron_pickaxe slot=5 remaining=235 required=route
[18:09:01] [Render thread/INFO] (lodekeeper) [Lodekeeper] BREAK target=Mutable{x=-27, y=45, z=78} block=Block{minecraft:stone} tool=minecraft:iron_pickaxe slot=5 remaining=234 required=route
[18:09:01] [Render thread/INFO] (lodekeeper) [Lodekeeper] PROGRESS elapsed_ms=213577 phase=traveling backend=baritone target=none navigation_elapsed_ms=12399 navigation_ticks=248 searching=false path_index=0 path_length=13 retries=0 pending_route_events=0 dropped_route_events=0 status=mining_and_collecting_minecraft:diamond___0/3
[18:09:02] [Render thread/INFO] (lodekeeper) [Lodekeeper] BREAK target=Mutable{x=-27, y=44, z=78} block=Block{minecraft:andesite} tool=minecraft:iron_pickaxe slot=5 remaining=233 required=route
[18:09:02] [Render thread/INFO] (lodekeeper) [Lodekeeper] NAV backend=baritone mode=MINE event=NEXT_SEGMENT_CALC_STARTED elapsedMs=13359
[18:09:02] [Render thread/INFO] (lodekeeper) [Lodekeeper] ROUTE_SEARCH kind=unknown anchor=unknown feet_y16=0 candidates=0 target=none elapsed_ms=214572
[18:09:02] [Render thread/INFO] (lodekeeper) [Lodekeeper] BREAK target=Mutable{x=-27, y=43, z=78} block=Block{minecraft:andesite} tool=minecraft:iron_pickaxe slot=5 remaining=232 required=route
[18:09:03] [Render thread/INFO] (lodekeeper) [Lodekeeper] BREAK target=Mutable{x=-27, y=42, z=78} block=Block{minecraft:andesite} tool=minecraft:iron_pickaxe slot=5 remaining=231 required=route
[18:09:03] [Render thread/INFO] (lodekeeper) [Lodekeeper] PROGRESS elapsed_ms=215604 phase=searching backend=baritone target=none navigation_elapsed_ms=14425 navigation_ticks=288 searching=true path_index=0 path_length=10 retries=0 pending_route_events=0 dropped_route_events=0 status=mining_and_collecting_minecraft:diamond___0/3___planning_next_route
[18:09:04] [Render thread/INFO] (lodekeeper) [Lodekeeper] BREAK target=Mutable{x=-27, y=41, z=78} block=Block{minecraft:andesite} tool=minecraft:iron_pickaxe slot=5 remaining=230 required=route
[18:09:04] [Render thread/INFO] (lodekeeper) [Lodekeeper] ROUTE_TRAVEL path_index=0 path_length=9 target=none elapsed_ms=216392
[18:09:04] [Render thread/INFO] (lodekeeper) [Lodekeeper] NAV backend=baritone mode=MINE event=NEXT_SEGMENT_CALC_FINISHED elapsedMs=15214
[18:09:04] [Render thread/INFO] (lodekeeper) [Lodekeeper] TARGET target=-29,-6,95 block=minecraft:deepslate_diamond_ore
[18:09:04] [Render thread/INFO] (lodekeeper) [Lodekeeper] BREAK target=Mutable{x=-27, y=40, z=78} block=Block{minecraft:andesite} tool=minecraft:iron_pickaxe slot=5 remaining=229 required=route
[18:09:05] [Render thread/INFO] (lodekeeper) [Lodekeeper] BREAK target=Mutable{x=-27, y=39, z=78} block=Block{minecraft:andesite} tool=minecraft:iron_pickaxe slot=5 remaining=228 required=route
[18:09:05] [Render thread/INFO] (lodekeeper) [Lodekeeper] PROGRESS elapsed_ms=217626 phase=traveling backend=baritone target=-29,-6,95 block=minecraft:deepslate_diamond_ore navigation_elapsed_ms=16414 navigation_ticks=328 searching=false path_index=0 path_length=47 retries=0 pending_route_events=0 dropped_route_events=0 status=mining_and_collecting_minecraft:diamond___0/3
[18:09:06] [Render thread/INFO] (lodekeeper) [Lodekeeper] BREAK target=Mutable{x=-27, y=38, z=78} block=Block{minecraft:stone} tool=minecraft:iron_pickaxe slot=5 remaining=227 required=route
[18:09:06] [Render thread/INFO] (lodekeeper) [Lodekeeper] BREAK target=Mutable{x=-27, y=37, z=78} block=Block{minecraft:stone} tool=minecraft:iron_pickaxe slot=5 remaining=226 required=route
[18:09:07] [Render thread/INFO] (lodekeeper) [Lodekeeper] PROGRESS elapsed_ms=219651 phase=traveling backend=baritone target=-29,-6,95 block=minecraft:deepslate_diamond_ore navigation_elapsed_ms=18405 navigation_ticks=368 searching=false path_index=0 path_length=44 retries=0 pending_route_events=0 dropped_route_events=0 status=mining_and_collecting_minecraft:diamond___0/3
[18:09:07] [Render thread/INFO] (lodekeeper) [Lodekeeper] BREAK target=Mutable{x=-27, y=36, z=78} block=Block{minecraft:stone} tool=minecraft:iron_pickaxe slot=5 remaining=225 required=route
[18:09:08] [Render thread/INFO] (lodekeeper) [Lodekeeper] BREAK target=Mutable{x=-27, y=35, z=78} block=Block{minecraft:andesite} tool=minecraft:iron_pickaxe slot=5 remaining=224 required=route
[18:09:09] [Render thread/INFO] (lodekeeper) [Lodekeeper] BREAK target=Mutable{x=-27, y=34, z=78} block=Block{minecraft:andesite} tool=minecraft:iron_pickaxe slot=5 remaining=223 required=route
[18:09:09] [Render thread/INFO] (lodekeeper) [Lodekeeper] PROGRESS elapsed_ms=221703 phase=traveling backend=baritone target=-29,-6,95 block=minecraft:deepslate_diamond_ore navigation_elapsed_ms=20422 navigation_ticks=408 searching=false path_index=0 path_length=41 retries=0 pending_route_events=0 dropped_route_events=0 status=mining_and_collecting_minecraft:diamond___0/3
[18:09:09] [Render thread/INFO] (lodekeeper) [Lodekeeper] BREAK target=Mutable{x=-27, y=35, z=79} block=Block{minecraft:andesite} tool=minecraft:iron_pickaxe slot=5 remaining=222 required=route
[18:09:10] [Render thread/INFO] (lodekeeper) [Lodekeeper] BREAK target=Mutable{x=-27, y=34, z=79} block=Block{minecraft:andesite} tool=minecraft:iron_pickaxe slot=5 remaining=221 required=route
[18:09:11] [Render thread/INFO] (lodekeeper) [Lodekeeper] BREAK target=Mutable{x=-27, y=33, z=79} block=Block{minecraft:andesite} tool=minecraft:iron_pickaxe slot=5 remaining=220 required=route
[18:09:11] [Render thread/INFO] (lodekeeper) [Lodekeeper] PROGRESS elapsed_ms=223751 phase=traveling backend=baritone target=-29,-6,95 block=minecraft:deepslate_diamond_ore navigation_elapsed_ms=22402 navigation_ticks=448 searching=false path_index=0 path_length=41 retries=0 pending_route_events=0 dropped_route_events=0 status=mining_and_collecting_minecraft:diamond___0/3
[18:09:11] [Render thread/INFO] (lodekeeper) [Lodekeeper] BREAK target=Mutable{x=-27, y=34, z=80} block=Block{minecraft:andesite} tool=minecraft:iron_pickaxe slot=5 remaining=219 required=route
[18:09:12] [Render thread/INFO] (lodekeeper) [Lodekeeper] BREAK target=Mutable{x=-27, y=33, z=80} block=Block{minecraft:andesite} tool=minecraft:iron_pickaxe slot=5 remaining=218 required=route
[18:09:13] [Render thread/INFO] (lodekeeper) [Lodekeeper] BREAK target=Mutable{x=-27, y=32, z=80} block=Block{minecraft:andesite} tool=minecraft:iron_pickaxe slot=5 remaining=217 required=route
[18:09:13] [Render thread/INFO] (lodekeeper) [Lodekeeper] PROGRESS elapsed_ms=225805 phase=traveling backend=baritone target=-29,-6,95 block=minecraft:deepslate_diamond_ore navigation_elapsed_ms=24627 navigation_ticks=492 searching=false path_index=0 path_length=40 retries=0 pending_route_events=0 dropped_route_events=0 status=mining_and_collecting_minecraft:diamond___0/3
[18:09:14] [Render thread/INFO] (lodekeeper) [Lodekeeper] BREAK target=Mutable{x=-27, y=31, z=80} block=Block{minecraft:andesite} tool=minecraft:iron_pickaxe slot=5 remaining=216 required=route
[18:09:15] [Render thread/INFO] (lodekeeper) [Lodekeeper] BREAK target=Mutable{x=-27, y=30, z=80} block=Block{minecraft:andesite} tool=minecraft:iron_pickaxe slot=5 remaining=215 required=route
[18:09:15] [Render thread/INFO] (lodekeeper) [Lodekeeper] BREAK target=Mutable{x=-27, y=31, z=81} block=Block{minecraft:andesite} tool=minecraft:iron_pickaxe slot=5 remaining=214 required=route
[18:09:15] [Render thread/INFO] (lodekeeper) [Lodekeeper] PROGRESS elapsed_ms=227854 phase=traveling backend=baritone target=-29,-6,95 block=minecraft:deepslate_diamond_ore navigation_elapsed_ms=26608 navigation_ticks=532 searching=false path_index=0 path_length=37 retries=0 pending_route_events=0 dropped_route_events=0 status=mining_and_collecting_minecraft:diamond___0/3
[18:09:16] [Render thread/INFO] (lodekeeper) [Lodekeeper] BREAK target=Mutable{x=-27, y=30, z=81} block=Block{minecraft:andesite} tool=minecraft:iron_pickaxe slot=5 remaining=213 required=route
[18:09:17] [Render thread/INFO] (lodekeeper) [Lodekeeper] BREAK target=Mutable{x=-27, y=29, z=81} block=Block{minecraft:andesite} tool=minecraft:iron_pickaxe slot=5 remaining=212 required=route
[18:09:17] [Render thread/INFO] (lodekeeper) [Lodekeeper] PROGRESS elapsed_ms=229875 phase=traveling backend=baritone target=-29,-6,95 block=minecraft:deepslate_diamond_ore navigation_elapsed_ms=28594 navigation_ticks=572 searching=false path_index=0 path_length=37 retries=0 pending_route_events=0 dropped_route_events=0 status=mining_and_collecting_minecraft:diamond___0/3
[18:09:17] [Render thread/INFO] (lodekeeper) [Lodekeeper] BREAK target=Mutable{x=-27, y=30, z=82} block=Block{minecraft:andesite} tool=minecraft:iron_pickaxe slot=5 remaining=211 required=route
[18:09:18] [Render thread/INFO] (lodekeeper) [Lodekeeper] BREAK target=Mutable{x=-27, y=29, z=82} block=Block{minecraft:andesite} tool=minecraft:iron_pickaxe slot=5 remaining=210 required=route
[18:09:19] [Render thread/INFO] (lodekeeper) [Lodekeeper] BREAK target=Mutable{x=-27, y=28, z=82} block=Block{minecraft:stone} tool=minecraft:iron_pickaxe slot=5 remaining=209 required=route
[18:09:19] [Render thread/INFO] (lodekeeper) [Lodekeeper] PROGRESS elapsed_ms=231896 phase=traveling backend=baritone target=-29,-6,95 block=minecraft:deepslate_diamond_ore navigation_elapsed_ms=30615 navigation_ticks=612 searching=false path_index=0 path_length=36 retries=0 pending_route_events=0 dropped_route_events=0 status=mining_and_collecting_minecraft:diamond___0/3
[18:09:20] [Render thread/INFO] (lodekeeper) [Lodekeeper] BREAK target=Mutable{x=-27, y=29, z=83} block=Block{minecraft:stone} tool=minecraft:iron_pickaxe slot=5 remaining=208 required=route
[18:09:20] [Render thread/INFO] (lodekeeper) [Lodekeeper] BREAK target=Mutable{x=-27, y=28, z=83} block=Block{minecraft:stone} tool=minecraft:iron_pickaxe slot=5 remaining=207 required=route
[18:09:21] [Render thread/INFO] (lodekeeper) [Lodekeeper] BREAK target=Mutable{x=-27, y=27, z=83} block=Block{minecraft:stone} tool=minecraft:iron_pickaxe slot=5 remaining=206 required=route
[18:09:21] [Render thread/INFO] (lodekeeper) [Lodekeeper] PROGRESS elapsed_ms=233942 phase=traveling backend=baritone target=-29,-6,95 block=minecraft:deepslate_diamond_ore navigation_elapsed_ms=32627 navigation_ticks=652 searching=false path_index=0 path_length=35 retries=0 pending_route_events=0 dropped_route_events=0 status=mining_and_collecting_minecraft:diamond___0/3
[18:09:22] [Render thread/INFO] (lodekeeper) [Lodekeeper] BREAK target=Mutable{x=-27, y=28, z=84} block=Block{minecraft:stone} tool=minecraft:iron_pickaxe slot=5 remaining=205 required=route
[18:09:23] [Render thread/INFO] (lodekeeper) [Lodekeeper] BREAK target=Mutable{x=-27, y=27, z=84} block=Block{minecraft:stone} tool=minecraft:iron_pickaxe slot=5 remaining=204 required=route
[18:09:23] [Render thread/INFO] (lodekeeper) [Lodekeeper] BREAK target=Mutable{x=-27, y=26, z=84} block=Block{minecraft:diorite} tool=minecraft:iron_pickaxe slot=5 remaining=203 required=route
[18:09:24] [Render thread/INFO] (lodekeeper) [Lodekeeper] PROGRESS elapsed_ms=235997 phase=traveling backend=baritone target=-29,-6,95 block=minecraft:deepslate_diamond_ore navigation_elapsed_ms=34819 navigation_ticks=696 searching=false path_index=0 path_length=34 retries=0 pending_route_events=0 dropped_route_events=0 status=mining_and_collecting_minecraft:diamond___0/3
[18:09:24] [Render thread/INFO] (lodekeeper) [Lodekeeper] BREAK target=Mutable{x=-27, y=27, z=85} block=Block{minecraft:stone} tool=minecraft:iron_pickaxe slot=5 remaining=202 required=route
[18:09:25] [Render thread/INFO] (lodekeeper) [Lodekeeper] BREAK target=Mutable{x=-27, y=26, z=85} block=Block{minecraft:diorite} tool=minecraft:iron_pickaxe slot=5 remaining=201 required=route
[18:09:26] [Render thread/INFO] (lodekeeper) [Lodekeeper] PROGRESS elapsed_ms=238070 phase=traveling backend=baritone target=-29,-6,95 block=minecraft:deepslate_diamond_ore navigation_elapsed_ms=36808 navigation_ticks=736 searching=false path_index=0 path_length=33 retries=0 pending_route_events=0 dropped_route_events=0 status=mining_and_collecting_minecraft:diamond___0/3
[18:09:26] [Render thread/INFO] (lodekeeper) [Lodekeeper] BREAK target=Mutable{x=-27, y=25, z=85} block=Block{minecraft:diorite} tool=minecraft:iron_pickaxe slot=5 remaining=200 required=route
[18:09:26] [Render thread/INFO] (lodekeeper) [Lodekeeper] BREAK target=Mutable{x=-27, y=26, z=86} block=Block{minecraft:diorite} tool=minecraft:iron_pickaxe slot=5 remaining=199 required=route
[18:09:27] [Render thread/INFO] (lodekeeper) [Lodekeeper] BREAK target=Mutable{x=-27, y=25, z=86} block=Block{minecraft:diorite} tool=minecraft:iron_pickaxe slot=5 remaining=198 required=route
[18:09:28] [Render thread/INFO] (lodekeeper) [Lodekeeper] PROGRESS elapsed_ms=240092 phase=traveling backend=baritone target=-29,-6,95 block=minecraft:deepslate_diamond_ore navigation_elapsed_ms=38811 navigation_ticks=776 searching=false path_index=0 path_length=32 retries=0 pending_route_events=0 dropped_route_events=0 status=mining_and_collecting_minecraft:diamond___0/3
[18:09:28] [Render thread/INFO] (lodekeeper) [Lodekeeper] BREAK target=Mutable{x=-27, y=24, z=86} block=Block{minecraft:diorite} tool=minecraft:iron_pickaxe slot=5 remaining=197 required=route
[18:09:29] [Render thread/INFO] (lodekeeper) [Lodekeeper] BREAK target=Mutable{x=-27, y=25, z=87} block=Block{minecraft:diorite} tool=minecraft:iron_pickaxe slot=5 remaining=196 required=route
[18:09:29] [Render thread/INFO] (lodekeeper) [Lodekeeper] BREAK target=Mutable{x=-27, y=24, z=87} block=Block{minecraft:diorite} tool=minecraft:iron_pickaxe slot=5 remaining=195 required=route
[18:09:30] [Render thread/INFO] (lodekeeper) [Lodekeeper] PROGRESS elapsed_ms=242103 phase=traveling backend=baritone target=-29,-6,95 block=minecraft:deepslate_diamond_ore navigation_elapsed_ms=40821 navigation_ticks=816 searching=false path_index=0 path_length=31 retries=0 pending_route_events=0 dropped_route_events=0 status=mining_and_collecting_minecraft:diamond___0/3
[18:09:30] [Render thread/INFO] (lodekeeper) [Lodekeeper] BREAK target=Mutable{x=-27, y=23, z=87} block=Block{minecraft:diorite} tool=minecraft:iron_pickaxe slot=5 remaining=194 required=route
[18:09:31] [Render thread/INFO] (lodekeeper) [Lodekeeper] BREAK target=Mutable{x=-27, y=24, z=88} block=Block{minecraft:diorite} tool=minecraft:iron_pickaxe slot=5 remaining=193 required=route
[18:09:32] [Render thread/INFO] (lodekeeper) [Lodekeeper] PROGRESS elapsed_ms=244153 phase=traveling backend=baritone target=-29,-6,95 block=minecraft:deepslate_diamond_ore navigation_elapsed_ms=42805 navigation_ticks=856 searching=false path_index=0 path_length=30 retries=0 pending_route_events=0 dropped_route_events=0 status=mining_and_collecting_minecraft:diamond___0/3
[18:09:32] [Render thread/INFO] (lodekeeper) [Lodekeeper] BREAK target=Mutable{x=-27, y=23, z=88} block=Block{minecraft:diorite} tool=minecraft:iron_pickaxe slot=5 remaining=192 required=route
[18:09:32] [Render thread/INFO] (lodekeeper) [Lodekeeper] BREAK target=Mutable{x=-27, y=22, z=88} block=Block{minecraft:stone} tool=minecraft:iron_pickaxe slot=5 remaining=191 required=route
[18:09:33] [Render thread/INFO] (lodekeeper) [Lodekeeper] BREAK target=Mutable{x=-27, y=23, z=89} block=Block{minecraft:diorite} tool=minecraft:iron_pickaxe slot=5 remaining=190 required=route
[18:09:34] [Render thread/INFO] (lodekeeper) [Lodekeeper] PROGRESS elapsed_ms=246206 phase=traveling backend=baritone target=-29,-6,95 block=minecraft:deepslate_diamond_ore navigation_elapsed_ms=45027 navigation_ticks=900 searching=false path_index=0 path_length=29 retries=0 pending_route_events=0 dropped_route_events=0 status=mining_and_collecting_minecraft:diamond___0/3
[18:09:34] [Render thread/INFO] (lodekeeper) [Lodekeeper] BREAK target=Mutable{x=-27, y=22, z=89} block=Block{minecraft:stone} tool=minecraft:iron_pickaxe slot=5 remaining=189 required=route
[18:09:35] [Render thread/INFO] (lodekeeper) [Lodekeeper] BREAK target=Mutable{x=-27, y=21, z=89} block=Block{minecraft:stone} tool=minecraft:iron_pickaxe slot=5 remaining=188 required=route
[18:09:35] [Render thread/INFO] (lodekeeper) [Lodekeeper] BREAK target=Mutable{x=-27, y=22, z=90} block=Block{minecraft:stone} tool=minecraft:iron_pickaxe slot=5 remaining=187 required=route
[18:09:36] [Render thread/INFO] (lodekeeper) [Lodekeeper] PROGRESS elapsed_ms=248229 phase=traveling backend=baritone target=-29,-6,95 block=minecraft:deepslate_diamond_ore navigation_elapsed_ms=47015 navigation_ticks=940 searching=false path_index=0 path_length=28 retries=0 pending_route_events=0 dropped_route_events=0 status=mining_and_collecting_minecraft:diamond___0/3
[18:09:36] [Render thread/INFO] (lodekeeper) [Lodekeeper] BREAK target=Mutable{x=-27, y=21, z=90} block=Block{minecraft:stone} tool=minecraft:iron_pickaxe slot=5 remaining=186 required=route
[18:09:37] [Render thread/INFO] (lodekeeper) [Lodekeeper] BREAK target=Mutable{x=-27, y=20, z=90} block=Block{minecraft:stone} tool=minecraft:iron_pickaxe slot=5 remaining=185 required=route
[18:09:38] [Render thread/INFO] (lodekeeper) [Lodekeeper] PROGRESS elapsed_ms=250231 phase=traveling backend=baritone target=-29,-6,95 block=minecraft:deepslate_diamond_ore navigation_elapsed_ms=49018 navigation_ticks=980 searching=false path_index=0 path_length=28 retries=0 pending_route_events=0 dropped_route_events=0 status=mining_and_collecting_minecraft:diamond___0/3
[18:09:38] [Render thread/INFO] (lodekeeper) [Lodekeeper] BREAK target=Mutable{x=-27, y=19, z=90} block=Block{minecraft:stone} tool=minecraft:iron_pickaxe slot=5 remaining=184 required=route
[18:09:39] [Render thread/INFO] (lodekeeper) [Lodekeeper] BREAK target=Mutable{x=-27, y=18, z=90} block=Block{minecraft:stone} tool=minecraft:iron_pickaxe slot=5 remaining=183 required=route
[18:09:39] [Render thread/INFO] (lodekeeper) [Lodekeeper] BREAK target=Mutable{x=-27, y=17, z=90} block=Block{minecraft:stone} tool=minecraft:iron_pickaxe slot=5 remaining=182 required=route
[18:09:40] [Render thread/INFO] (lodekeeper) [Lodekeeper] PROGRESS elapsed_ms=252236 phase=traveling backend=baritone target=-29,-6,95 block=minecraft:deepslate_diamond_ore navigation_elapsed_ms=51024 navigation_ticks=1020 searching=false path_index=0 path_length=25 retries=0 pending_route_events=0 dropped_route_events=0 status=mining_and_collecting_minecraft:diamond___0/3
[18:09:40] [Render thread/INFO] (lodekeeper) [Lodekeeper] BREAK target=Mutable{x=-27, y=16, z=90} block=Block{minecraft:stone} tool=minecraft:iron_pickaxe slot=5 remaining=181 required=route
[18:09:41] [Render thread/INFO] (lodekeeper) [Lodekeeper] BREAK target=Mutable{x=-27, y=15, z=90} block=Block{minecraft:stone} tool=minecraft:iron_pickaxe slot=5 remaining=180 required=route
[18:09:41] [Render thread/INFO] (lodekeeper) [Lodekeeper] BREAK target=Mutable{x=-27, y=14, z=90} block=Block{minecraft:stone} tool=minecraft:iron_pickaxe slot=5 remaining=179 required=route
[18:09:42] [Render thread/INFO] (lodekeeper) [Lodekeeper] PROGRESS elapsed_ms=254253 phase=traveling backend=baritone target=-29,-6,95 block=minecraft:deepslate_diamond_ore navigation_elapsed_ms=53007 navigation_ticks=1060 searching=false path_index=0 path_length=22 retries=0 pending_route_events=0 dropped_route_events=0 status=mining_and_collecting_minecraft:diamond___0/3
[18:09:42] [Render thread/INFO] (lodekeeper) [Lodekeeper] BREAK target=Mutable{x=-27, y=13, z=90} block=Block{minecraft:stone} tool=minecraft:iron_pickaxe slot=5 remaining=178 required=route
[18:09:43] [Render thread/INFO] (lodekeeper) [Lodekeeper] BREAK target=Mutable{x=-27, y=12, z=90} block=Block{minecraft:stone} tool=minecraft:iron_pickaxe slot=5 remaining=177 required=route
[18:09:43] [Render thread/INFO] (lodekeeper) [Lodekeeper] BREAK target=Mutable{x=-27, y=11, z=90} block=Block{minecraft:stone} tool=minecraft:iron_pickaxe slot=5 remaining=176 required=route
[18:09:44] [Render thread/INFO] (lodekeeper) [Lodekeeper] PROGRESS elapsed_ms=256297 phase=traveling backend=baritone target=-29,-6,95 block=minecraft:deepslate_diamond_ore navigation_elapsed_ms=55016 navigation_ticks=1100 searching=false path_index=0 path_length=19 retries=0 pending_route_events=0 dropped_route_events=0 status=mining_and_collecting_minecraft:diamond___0/3
[18:09:44] [Render thread/INFO] (lodekeeper) [Lodekeeper] BREAK target=Mutable{x=-27, y=10, z=90} block=Block{minecraft:stone} tool=minecraft:iron_pickaxe slot=5 remaining=175 required=route
[18:09:45] [Render thread/INFO] (lodekeeper) [Lodekeeper] BREAK target=Mutable{x=-27, y=11, z=91} block=Block{minecraft:stone} tool=minecraft:iron_pickaxe slot=5 remaining=174 required=route
[18:09:46] [Render thread/INFO] (lodekeeper) [Lodekeeper] BREAK target=Mutable{x=-27, y=10, z=91} block=Block{minecraft:stone} tool=minecraft:iron_pickaxe slot=5 remaining=173 required=route
[18:09:46] [Render thread/INFO] (lodekeeper) [Lodekeeper] PROGRESS elapsed_ms=258349 phase=traveling backend=baritone target=-29,-6,95 block=minecraft:deepslate_diamond_ore navigation_elapsed_ms=57000 navigation_ticks=1140 searching=false path_index=0 path_length=17 retries=0 pending_route_events=0 dropped_route_events=0 status=mining_and_collecting_minecraft:diamond___0/3
[18:09:46] [Render thread/INFO] (lodekeeper) [Lodekeeper] BREAK target=Mutable{x=-27, y=9, z=91} block=Block{minecraft:stone} tool=minecraft:iron_pickaxe slot=5 remaining=172 required=route
[18:09:47] [Render thread/INFO] (lodekeeper) [Lodekeeper] BREAK target=Mutable{x=-27, y=10, z=92} block=Block{minecraft:stone} tool=minecraft:iron_pickaxe slot=5 remaining=171 required=route
[18:09:48] [Render thread/INFO] (lodekeeper) [Lodekeeper] BREAK target=Mutable{x=-27, y=9, z=92} block=Block{minecraft:stone} tool=minecraft:iron_pickaxe slot=5 remaining=170 required=route
[18:09:48] [Render thread/INFO] (lodekeeper) [Lodekeeper] PROGRESS elapsed_ms=260395 phase=traveling backend=baritone target=-29,-6,95 block=minecraft:deepslate_diamond_ore navigation_elapsed_ms=59217 navigation_ticks=1184 searching=false path_index=0 path_length=16 retries=0 pending_route_events=0 dropped_route_events=0 status=mining_and_collecting_minecraft:diamond___0/3
[18:09:48] [Render thread/INFO] (lodekeeper) [Lodekeeper] BREAK target=Mutable{x=-27, y=8, z=92} block=Block{minecraft:granite} tool=minecraft:iron_pickaxe slot=5 remaining=169 required=route
[18:09:49] [Render thread/INFO] (lodekeeper) [Lodekeeper] BREAK target=Mutable{x=-27, y=9, z=93} block=Block{minecraft:stone} tool=minecraft:iron_pickaxe slot=5 remaining=168 required=route
[18:09:50] [Render thread/INFO] (lodekeeper) [Lodekeeper] PROGRESS elapsed_ms=262447 phase=traveling backend=baritone target=-29,-6,95 block=minecraft:deepslate_diamond_ore navigation_elapsed_ms=61201 navigation_ticks=1224 searching=false path_index=0 path_length=15 retries=0 pending_route_events=0 dropped_route_events=0 status=mining_and_collecting_minecraft:diamond___0/3
[18:09:50] [Render thread/INFO] (lodekeeper) [Lodekeeper] BREAK target=Mutable{x=-27, y=8, z=93} block=Block{minecraft:granite} tool=minecraft:iron_pickaxe slot=5 remaining=167 required=route
[18:09:51] [Render thread/INFO] (lodekeeper) [Lodekeeper] BREAK target=Mutable{x=-27, y=7, z=93} block=Block{minecraft:granite} tool=minecraft:iron_pickaxe slot=5 remaining=166 required=route
[18:09:52] [Render thread/INFO] (lodekeeper) [Lodekeeper] BREAK target=Mutable{x=-27, y=8, z=94} block=Block{minecraft:granite} tool=minecraft:iron_pickaxe slot=5 remaining=165 required=route
[18:09:52] [Render thread/INFO] (lodekeeper) [Lodekeeper] PROGRESS elapsed_ms=264502 phase=traveling backend=baritone target=-29,-6,95 block=minecraft:deepslate_diamond_ore navigation_elapsed_ms=63220 navigation_ticks=1264 searching=false path_index=0 path_length=14 retries=0 pending_route_events=0 dropped_route_events=0 status=mining_and_collecting_minecraft:diamond___0/3
[18:09:52] [Render thread/INFO] (lodekeeper) [Lodekeeper] BREAK target=Mutable{x=-27, y=7, z=94} block=Block{minecraft:granite} tool=minecraft:iron_pickaxe slot=5 remaining=164 required=route
[18:09:53] [Render thread/INFO] (lodekeeper) [Lodekeeper] BREAK target=Mutable{x=-27, y=6, z=94} block=Block{minecraft:granite} tool=minecraft:iron_pickaxe slot=5 remaining=163 required=route
[18:09:54] [Render thread/INFO] (lodekeeper) [Lodekeeper] BREAK target=Mutable{x=-27, y=7, z=95} block=Block{minecraft:granite} tool=minecraft:iron_pickaxe slot=5 remaining=162 required=route
[18:09:54] [Render thread/INFO] (lodekeeper) [Lodekeeper] PROGRESS elapsed_ms=266530 phase=traveling backend=baritone target=-29,-6,95 block=minecraft:deepslate_diamond_ore navigation_elapsed_ms=65214 navigation_ticks=1304 searching=false path_index=0 path_length=13 retries=0 pending_route_events=0 dropped_route_events=0 status=mining_and_collecting_minecraft:diamond___0/3
[18:09:55] [Render thread/INFO] (lodekeeper) [Lodekeeper] BREAK target=Mutable{x=-27, y=6, z=95} block=Block{minecraft:granite} tool=minecraft:iron_pickaxe slot=5 remaining=161 required=route
[18:09:55] [Render thread/INFO] (lodekeeper) [Lodekeeper] BREAK target=Mutable{x=-27, y=5, z=95} block=Block{minecraft:stone} tool=minecraft:iron_pickaxe slot=5 remaining=160 required=route
[18:09:56] [Render thread/INFO] (lodekeeper) [Lodekeeper] PROGRESS elapsed_ms=268543 phase=traveling backend=baritone target=-29,-6,95 block=minecraft:deepslate_diamond_ore navigation_elapsed_ms=67196 navigation_ticks=1344 searching=false path_index=0 path_length=13 retries=0 pending_route_events=0 dropped_route_events=0 status=mining_and_collecting_minecraft:diamond___0/3
[18:09:56] [Render thread/INFO] (lodekeeper) [Lodekeeper] BREAK target=Mutable{x=-27, y=4, z=95} block=Block{minecraft:andesite} tool=minecraft:iron_pickaxe slot=5 remaining=159 required=route
[18:09:57] [Render thread/INFO] (lodekeeper) [Lodekeeper] BREAK target=Mutable{x=-27, y=3, z=95} block=Block{minecraft:clay} tool=minecraft:birch_log slot=0 remaining=-1 required=route
[18:09:58] [Render thread/INFO] (lodekeeper) [Lodekeeper] BREAK target=Mutable{x=-27, y=2, z=95} block=Block{minecraft:andesite} tool=minecraft:iron_pickaxe slot=5 remaining=158 required=route
[18:09:58] [Render thread/INFO] (lodekeeper) [Lodekeeper] PROGRESS elapsed_ms=270555 phase=traveling backend=baritone target=-29,-6,95 block=minecraft:deepslate_diamond_ore navigation_elapsed_ms=69206 navigation_ticks=1384 searching=false path_index=0 path_length=10 retries=0 pending_route_events=0 dropped_route_events=0 status=mining_and_collecting_minecraft:diamond___0/3
[18:09:59] [Render thread/INFO] (lodekeeper) [Lodekeeper] BREAK target=Mutable{x=-27, y=1, z=95} block=Block{minecraft:andesite} tool=minecraft:iron_pickaxe slot=5 remaining=157 required=route
[18:09:59] [Render thread/INFO] (lodekeeper) [Lodekeeper] BREAK target=Mutable{x=-27, y=0, z=95} block=Block{minecraft:andesite} tool=minecraft:iron_pickaxe slot=5 remaining=156 required=route
[18:10:00] [Render thread/INFO] (lodekeeper) [Lodekeeper] PROGRESS elapsed_ms=272602 phase=traveling backend=baritone target=-29,-6,95 block=minecraft:deepslate_diamond_ore navigation_elapsed_ms=71424 navigation_ticks=1428 searching=false path_index=0 path_length=7 retries=0 pending_route_events=0 dropped_route_events=0 status=mining_and_collecting_minecraft:diamond___0/3
[18:10:00] [Render thread/INFO] (lodekeeper) [Lodekeeper] BREAK target=Mutable{x=-27, y=-1, z=95} block=Block{minecraft:andesite} tool=minecraft:iron_pickaxe slot=5 remaining=155 required=route
[18:10:01] [Render thread/INFO] (lodekeeper) [Lodekeeper] BREAK target=Mutable{x=-28, y=0, z=95} block=Block{minecraft:andesite} tool=minecraft:iron_pickaxe slot=5 remaining=154 required=route
[18:10:02] [Render thread/INFO] (lodekeeper) [Lodekeeper] BREAK target=Mutable{x=-28, y=-1, z=95} block=Block{minecraft:deepslate} tool=minecraft:iron_pickaxe slot=5 remaining=153 required=route
[18:10:02] [Render thread/INFO] (lodekeeper) [Lodekeeper] PROGRESS elapsed_ms=274654 phase=traveling backend=baritone target=-29,-6,95 block=minecraft:deepslate_diamond_ore navigation_elapsed_ms=73406 navigation_ticks=1468 searching=false path_index=0 path_length=6 retries=0 pending_route_events=0 dropped_route_events=0 status=mining_and_collecting_minecraft:diamond___0/3
[18:10:03] [Render thread/INFO] (lodekeeper) [Lodekeeper] BREAK target=Mutable{x=-28, y=-2, z=95} block=Block{minecraft:deepslate} tool=minecraft:iron_pickaxe slot=5 remaining=152 required=route
[18:10:04] [Render thread/INFO] (lodekeeper) [Lodekeeper] BREAK target=Mutable{x=-28, y=-3, z=95} block=Block{minecraft:deepslate} tool=minecraft:iron_pickaxe slot=5 remaining=151 required=route
[18:10:04] [Render thread/INFO] (lodekeeper) [Lodekeeper] PROGRESS elapsed_ms=276697 phase=traveling backend=baritone target=-29,-6,95 block=minecraft:deepslate_diamond_ore navigation_elapsed_ms=75417 navigation_ticks=1508 searching=false path_index=0 path_length=5 retries=0 pending_route_events=0 dropped_route_events=0 status=mining_and_collecting_minecraft:diamond___0/3
[18:10:05] [Render thread/INFO] (lodekeeper) [Lodekeeper] BREAK target=Mutable{x=-28, y=-4, z=95} block=Block{minecraft:deepslate} tool=minecraft:iron_pickaxe slot=5 remaining=150 required=route
[18:10:06] [Render thread/INFO] (lodekeeper) [Lodekeeper] BREAK target=Mutable{x=-28, y=-5, z=95} block=Block{minecraft:deepslate} tool=minecraft:iron_pickaxe slot=5 remaining=149 required=route
[18:10:06] [Render thread/INFO] (lodekeeper) [Lodekeeper] PROGRESS elapsed_ms=278753 phase=traveling backend=baritone target=-29,-6,95 block=minecraft:deepslate_diamond_ore navigation_elapsed_ms=77405 navigation_ticks=1548 searching=false path_index=0 path_length=3 retries=0 pending_route_events=0 dropped_route_events=0 status=mining_and_collecting_minecraft:diamond___0/3
[18:10:07] [Render thread/INFO] (lodekeeper) [Lodekeeper] BREAK target=Mutable{x=-29, y=-4, z=95} block=Block{minecraft:deepslate} tool=minecraft:iron_pickaxe slot=5 remaining=148 required=route
[18:10:08] [Render thread/INFO] (lodekeeper) [Lodekeeper] BREAK target=Mutable{x=-29, y=-5, z=95} block=Block{minecraft:deepslate} tool=minecraft:iron_pickaxe slot=5 remaining=147 required=route
[18:10:08] [Render thread/INFO] (lodekeeper) [Lodekeeper] PROGRESS elapsed_ms=280777 phase=traveling backend=baritone target=-29,-6,95 block=minecraft:deepslate_diamond_ore navigation_elapsed_ms=79599 navigation_ticks=1592 searching=false path_index=0 path_length=2 retries=0 pending_route_events=0 dropped_route_events=0 status=mining_and_collecting_minecraft:diamond___0/3
[18:10:09] [Render thread/INFO] (lodekeeper) [Lodekeeper] BREAK target=Mutable{x=-29, y=-6, z=95} block=Block{minecraft:deepslate_diamond_ore} tool=minecraft:iron_pickaxe slot=5 remaining=146 required=minecraft:iron_pickaxe
[18:10:10] [Render thread/INFO] (lodekeeper) [Lodekeeper] TARGET target=none
[18:10:10] [Render thread/INFO] (lodekeeper) [Lodekeeper] PROGRESS elapsed_ms=282784 phase=traveling backend=baritone target=none navigation_elapsed_ms=81606 navigation_ticks=1632 searching=false path_index=0 path_length=2 retries=0 pending_route_events=0 dropped_route_events=0 status=mining_and_collecting_minecraft:diamond___0/3
[18:10:11] [Render thread/INFO] (lodekeeper) [Lodekeeper] NAV backend=baritone mode=MINE event=AT_GOAL elapsedMs=82050
[18:10:11] [Render thread/INFO] (lodekeeper) [Lodekeeper] NAV backend=baritone mode=MINE event=CALC_STARTED elapsedMs=82119
[18:10:11] [Render thread/INFO] (lodekeeper) [Lodekeeper] NAV calcTool=minecraft:iron_pickaxe slot=5
[18:10:11] [Render thread/INFO] (lodekeeper) [Lodekeeper] NAV discovered=1 retained=64 rejected=0 requestTicks=1643 phase=MINE
[18:10:11] [Render thread/INFO] (lodekeeper) [Lodekeeper] TARGET target=-31,-17,77 block=minecraft:deepslate_diamond_ore
[18:10:11] [Render thread/INFO] (lodekeeper) [Lodekeeper] NAV backend=baritone mode=MINE event=CALC_FINISHED_NOW_EXECUTING elapsedMs=82221
[18:10:11] [Render thread/INFO] (lodekeeper) [Lodekeeper] BREAK target=Mutable{x=-29, y=-7, z=95} block=Block{minecraft:deepslate} tool=minecraft:iron_pickaxe slot=5 remaining=145 required=route
[18:10:12] [Render thread/INFO] (lodekeeper) [Lodekeeper] BREAK target=Mutable{x=-29, y=-8, z=95} block=Block{minecraft:deepslate} tool=minecraft:iron_pickaxe slot=5 remaining=144 required=route
[18:10:12] [Render thread/INFO] (lodekeeper) [Lodekeeper] PROGRESS elapsed_ms=284796 phase=traveling backend=baritone target=-31,-17,77 block=minecraft:deepslate_diamond_ore navigation_elapsed_ms=83617 navigation_ticks=1672 searching=false path_index=0 path_length=30 retries=0 pending_route_events=0 dropped_route_events=0 status=mining_and_collecting_minecraft:diamond___1/3
[18:10:13] [Render thread/INFO] (lodekeeper) [Lodekeeper] BREAK target=Mutable{x=-29, y=-9, z=95} block=Block{minecraft:deepslate} tool=minecraft:iron_pickaxe slot=5 remaining=143 required=route
[18:10:14] [Render thread/INFO] (lodekeeper) [Lodekeeper] BREAK target=Mutable{x=-29, y=-10, z=95} block=Block{minecraft:deepslate} tool=minecraft:iron_pickaxe slot=5 remaining=142 required=route
[18:10:14] [Render thread/INFO] (lodekeeper) [Lodekeeper] PROGRESS elapsed_ms=286853 phase=traveling backend=baritone target=-31,-17,77 block=minecraft:deepslate_diamond_ore navigation_elapsed_ms=85606 navigation_ticks=1712 searching=false path_index=0 path_length=28 retries=0 pending_route_events=0 dropped_route_events=0 status=mining_and_collecting_minecraft:diamond___1/3
[18:10:15] [Render thread/INFO] (lodekeeper) [Lodekeeper] BREAK target=Mutable{x=-29, y=-11, z=95} block=Block{minecraft:deepslate} tool=minecraft:iron_pickaxe slot=5 remaining=141 required=route
[18:10:16] [Render thread/INFO] (lodekeeper) [Lodekeeper] BREAK target=Mutable{x=-29, y=-12, z=95} block=Block{minecraft:deepslate} tool=minecraft:iron_pickaxe slot=5 remaining=140 required=route
[18:10:16] [Render thread/INFO] (lodekeeper) [Lodekeeper] PROGRESS elapsed_ms=288874 phase=traveling backend=baritone target=-31,-17,77 block=minecraft:deepslate_diamond_ore navigation_elapsed_ms=87626 navigation_ticks=1752 searching=false path_index=0 path_length=26 retries=0 pending_route_events=0 dropped_route_events=0 status=mining_and_collecting_minecraft:diamond___1/3
[18:10:17] [Render thread/INFO] (lodekeeper) [Lodekeeper] BREAK target=Mutable{x=-29, y=-13, z=95} block=Block{minecraft:deepslate} tool=minecraft:iron_pickaxe slot=5 remaining=139 required=route
[18:10:18] [Render thread/INFO] (lodekeeper) [Lodekeeper] BREAK target=Mutable{x=-29, y=-14, z=95} block=Block{minecraft:deepslate} tool=minecraft:iron_pickaxe slot=5 remaining=138 required=route
[18:10:18] [Render thread/INFO] (lodekeeper) [Lodekeeper] PROGRESS elapsed_ms=290879 phase=traveling backend=baritone target=-31,-17,77 block=minecraft:deepslate_diamond_ore navigation_elapsed_ms=89599 navigation_ticks=1792 searching=false path_index=0 path_length=24 retries=0 pending_route_events=0 dropped_route_events=0 status=mining_and_collecting_minecraft:diamond___1/3
[18:10:19] [Render thread/INFO] (lodekeeper) [Lodekeeper] BREAK target=Mutable{x=-29, y=-13, z=94} block=Block{minecraft:deepslate} tool=minecraft:iron_pickaxe slot=5 remaining=137 required=route
[18:10:20] [Render thread/INFO] (lodekeeper) [Lodekeeper] PROGRESS elapsed_ms=292887 phase=traveling backend=baritone target=-31,-17,77 block=minecraft:deepslate_diamond_ore navigation_elapsed_ms=91606 navigation_ticks=1832 searching=false path_index=0 path_length=23 retries=0 pending_route_events=0 dropped_route_events=0 status=mining_and_collecting_minecraft:diamond___1/3
[18:10:20] [Render thread/INFO] (lodekeeper) [Lodekeeper] BREAK target=Mutable{x=-29, y=-14, z=94} block=Block{minecraft:deepslate} tool=minecraft:iron_pickaxe slot=5 remaining=136 required=route
[18:10:21] [Render thread/INFO] (lodekeeper) [Lodekeeper] BREAK target=Mutable{x=-29, y=-15, z=94} block=Block{minecraft:deepslate} tool=minecraft:iron_pickaxe slot=5 remaining=135 required=route
[18:10:22] [Render thread/INFO] (lodekeeper) [Lodekeeper] PROGRESS elapsed_ms=294896 phase=traveling backend=baritone target=-31,-17,77 block=minecraft:deepslate_diamond_ore navigation_elapsed_ms=93615 navigation_ticks=1872 searching=false path_index=0 path_length=23 retries=0 pending_route_events=0 dropped_route_events=0 status=mining_and_collecting_minecraft:diamond___1/3
[18:10:23] [Render thread/INFO] (lodekeeper) [Lodekeeper] BREAK target=Mutable{x=-30, y=-14, z=94} block=Block{minecraft:deepslate} tool=minecraft:iron_pickaxe slot=5 remaining=134 required=route
[18:10:24] [Render thread/INFO] (lodekeeper) [Lodekeeper] BREAK target=Mutable{x=-30, y=-15, z=94} block=Block{minecraft:deepslate} tool=minecraft:iron_pickaxe slot=5 remaining=133 required=route
[18:10:24] [Render thread/INFO] (lodekeeper) [Lodekeeper] PROGRESS elapsed_ms=296896 phase=traveling backend=baritone target=-31,-17,77 block=minecraft:deepslate_diamond_ore navigation_elapsed_ms=95616 navigation_ticks=1912 searching=false path_index=0 path_length=22 retries=0 pending_route_events=0 dropped_route_events=0 status=mining_and_collecting_minecraft:diamond___1/3
[18:10:25] [Render thread/INFO] (lodekeeper) [Lodekeeper] BREAK target=Mutable{x=-30, y=-16, z=94} block=Block{minecraft:deepslate} tool=minecraft:iron_pickaxe slot=5 remaining=132 required=route
[18:10:26] [Render thread/INFO] (lodekeeper) [Lodekeeper] BREAK target=Mutable{x=-31, y=-15, z=94} block=Block{minecraft:deepslate} tool=minecraft:iron_pickaxe slot=5 remaining=131 required=route
[18:10:26] [Render thread/INFO] (lodekeeper) [Lodekeeper] PROGRESS elapsed_ms=298945 phase=traveling backend=baritone target=-31,-17,77 block=minecraft:deepslate_diamond_ore navigation_elapsed_ms=97598 navigation_ticks=1952 searching=false path_index=0 path_length=21 retries=0 pending_route_events=0 dropped_route_events=0 status=mining_and_collecting_minecraft:diamond___1/3
[18:10:27] [Render thread/INFO] (lodekeeper) [Lodekeeper] BREAK target=Mutable{x=-31, y=-16, z=94} block=Block{minecraft:deepslate} tool=minecraft:iron_pickaxe slot=5 remaining=130 required=route
[18:10:28] [Render thread/INFO] (lodekeeper) [Lodekeeper] BREAK target=Mutable{x=-31, y=-17, z=94} block=Block{minecraft:deepslate} tool=minecraft:iron_pickaxe slot=5 remaining=129 required=route
[18:10:29] [Render thread/INFO] (lodekeeper) [Lodekeeper] PROGRESS elapsed_ms=301000 phase=traveling backend=baritone target=-31,-17,77 block=minecraft:deepslate_diamond_ore navigation_elapsed_ms=99821 navigation_ticks=1996 searching=false path_index=0 path_length=21 retries=0 pending_route_events=0 dropped_route_events=0 status=mining_and_collecting_minecraft:diamond___1/3
[18:10:29] [Render thread/INFO] (lodekeeper) [Lodekeeper] BREAK target=Mutable{x=-32, y=-16, z=94} block=Block{minecraft:deepslate} tool=minecraft:iron_pickaxe slot=5 remaining=128 required=route
[18:10:30] [Render thread/INFO] (lodekeeper) [Lodekeeper] BREAK target=Mutable{x=-32, y=-17, z=94} block=Block{minecraft:deepslate} tool=minecraft:iron_pickaxe slot=5 remaining=127 required=route
[18:10:31] [Render thread/INFO] (lodekeeper) [Lodekeeper] PROGRESS elapsed_ms=303048 phase=traveling backend=baritone target=-31,-17,77 block=minecraft:deepslate_diamond_ore navigation_elapsed_ms=101802 navigation_ticks=2036 searching=false path_index=0 path_length=20 retries=0 pending_route_events=0 dropped_route_events=0 status=mining_and_collecting_minecraft:diamond___1/3
[18:10:32] [Render thread/INFO] (lodekeeper) [Lodekeeper] THREAT_RESPONSE outcome=started attacks=0 retreats=0 ticks=0 status=stopping movement before defense
[18:10:32] [Render thread/INFO] (lodekeeper) [Lodekeeper] TARGET target=none
[18:10:32] [Render thread/INFO] (lodekeeper) [Lodekeeper] NAV backend=baritone mode=IDLE event=CANCELED elapsedMs=103197
[18:10:32] [Render thread/INFO] (lodekeeper) [Lodekeeper] NAV backend=baritone mode=IDLE event=CANCELED elapsedMs=103197
[18:10:32] [Render thread/INFO] (lodekeeper) [Lodekeeper] NAV backend=baritone mode=IDLE event=CANCELED elapsedMs=103264
[18:10:32] [Render thread/INFO] (lodekeeper) [Lodekeeper] NAV backend=baritone mode=IDLE event=CANCELED elapsedMs=103298
[18:10:32] [Render thread/INFO] (lodekeeper) [Lodekeeper] THREAT_RETREAT threats=[entity.minecraft.spider@BlockPos{x=-34, y=-19, z=94}, entity.minecraft.zombie@BlockPos{x=-34, y=-20, z=90}] dryGoals=[BlockPos{x=-20, y=-20, z=94}, BlockPos{x=-20, y=-19, z=94}, BlockPos{x=-20, y=-21, z=94}, BlockPos{x=-20, y=-18, z=94}, BlockPos{x=-20, y=-22, z=94}, BlockPos{x=-21, y=-20, z=98}, BlockPos{x=-21, y=-19, z=98}, BlockPos{x=-21, y=-21, z=98}, BlockPos{x=-21, y=-18, z=98}, BlockPos{x=-21, y=-22, z=98}, BlockPos{x=-22, y=-20, z=100}, BlockPos{x=-22, y=-19, z=100}, BlockPos{x=-22, y=-21, z=100}, BlockPos{x=-22, y=-18, z=100}, BlockPos{x=-22, y=-22, z=100}, BlockPos{x=-21, y=-20, z=97}] rejected=[]
[18:10:32] [Render thread/INFO] (lodekeeper) [Lodekeeper] THREAT_RESPONSE outcome=retreat attacks=0 retreats=1 ticks=7 status=retreating from live threats 1
[18:10:32] [Render thread/INFO] (lodekeeper) [Lodekeeper] NAV backend=baritone mode=MOVE event=CALC_STARTED elapsedMs=15
[18:10:32] [Render thread/INFO] (lodekeeper) [Lodekeeper] NAV calcTool=minecraft:iron_pickaxe slot=5
[18:10:32] [Render thread/INFO] (lodekeeper) [Lodekeeper] NAV backend=baritone mode=MOVE event=CALC_FINISHED_NOW_EXECUTING elapsedMs=204
[18:10:32] [Render thread/INFO] (lodekeeper) [Lodekeeper] BREAK target=Mutable{x=-31, y=-19, z=94} block=Block{minecraft:deepslate} tool=minecraft:iron_pickaxe slot=5 remaining=126 required=route
[18:10:33] [Render thread/INFO] (lodekeeper) [Lodekeeper] PROGRESS elapsed_ms=305093 phase=traveling backend=baritone target=none navigation_elapsed_ms=374 navigation_ticks=8 searching=false path_index=0 path_length=13 retries=0 pending_route_events=0 dropped_route_events=0 status=retreating_from_live_threats_1
[18:10:33] [Render thread/INFO] (lodekeeper) [Lodekeeper] BREAK target=Mutable{x=-31, y=-20, z=94} block=Block{minecraft:deepslate} tool=minecraft:iron_pickaxe slot=5 remaining=125 required=route
[18:10:34] [Render thread/INFO] (lodekeeper) [Lodekeeper] THREAT_RESPONSE outcome=repath-moving-threat attacks=0 retreats=1 ticks=47 status=refreshing moved threat positions
[18:10:34] [Render thread/INFO] (lodekeeper) [Lodekeeper] NAV backend=baritone mode=IDLE event=CANCELED elapsedMs=1981
[18:10:34] [Render thread/INFO] (lodekeeper) [Lodekeeper] NAV backend=baritone mode=IDLE event=CANCELED elapsedMs=1981
[18:10:34] [Render thread/INFO] (lodekeeper) [Lodekeeper] NAV backend=baritone mode=IDLE event=CANCELED elapsedMs=2049
[18:10:34] [Render thread/INFO] (lodekeeper) [Lodekeeper] NAV backend=baritone mode=IDLE event=CANCELED elapsedMs=2083
[18:10:34] [Render thread/INFO] (lodekeeper) [Lodekeeper] NAV backend=baritone mode=IDLE event=CANCELED elapsedMs=2151
[18:10:34] [Render thread/INFO] (lodekeeper) [Lodekeeper] NAV backend=baritone mode=IDLE event=CANCELED elapsedMs=2185
[18:10:34] [Render thread/INFO] (lodekeeper) [Lodekeeper] NAV backend=baritone mode=IDLE event=CANCELED elapsedMs=2255
[18:10:34] [Render thread/INFO] (lodekeeper) [Lodekeeper] THREAT_RETREAT threats=[entity.minecraft.spider@BlockPos{x=-33, y=-20, z=93}, entity.minecraft.zombie@BlockPos{x=-33, y=-20, z=92}, entity.minecraft.zombie@BlockPos{x=-32, y=-20, z=88}] dryGoals=[BlockPos{x=-21, y=-20, z=98}, BlockPos{x=-21, y=-19, z=98}, BlockPos{x=-21, y=-21, z=98}, BlockPos{x=-21, y=-18, z=98}, BlockPos{x=-21, y=-22, z=98}, BlockPos{x=-22, y=-20, z=100}, BlockPos{x=-22, y=-19, z=100}, BlockPos{x=-22, y=-21, z=100}, BlockPos{x=-22, y=-18, z=100}, BlockPos{x=-22, y=-22, z=100}, BlockPos{x=-26, y=-20, z=104}, BlockPos{x=-26, y=-19, z=104}, BlockPos{x=-26, y=-21, z=104}, BlockPos{x=-26, y=-18, z=104}, BlockPos{x=-26, y=-22, z=104}, BlockPos{x=-32, y=-20, z=106}] rejected=[BetterBlockPos{x=-20,y=-20,z=94}]
[18:10:34] [Render thread/INFO] (lodekeeper) [Lodekeeper] THREAT_RESPONSE outcome=retreat attacks=0 retreats=2 ticks=53 status=retreating from live threats 2
[18:10:34] [Render thread/INFO] (lodekeeper) [Lodekeeper] NAV backend=baritone mode=MOVE event=CALC_STARTED elapsedMs=2
[18:10:34] [Render thread/INFO] (lodekeeper) [Lodekeeper] NAV calcTool=minecraft:iron_pickaxe slot=5
[18:10:35] [Render thread/INFO] (lodekeeper) [Lodekeeper] NAV backend=baritone mode=MOVE event=CALC_FINISHED_NOW_EXECUTING elapsedMs=206
[18:10:35] [Render thread/INFO] (lodekeeper) [Lodekeeper] BREAK target=Mutable{x=-31, y=-18, z=94} block=Block{minecraft:deepslate} tool=minecraft:iron_pickaxe slot=5 remaining=125 required=route
[18:10:35] [Render thread/INFO] (lodekeeper) [Lodekeeper] PROGRESS elapsed_ms=307149 phase=traveling backend=baritone target=none navigation_elapsed_ms=205 navigation_ticks=4 searching=false path_index=0 path_length=20 retries=0 pending_route_events=0 dropped_route_events=0 status=retreating_from_live_threats_2
[18:10:37] [Render thread/INFO] (lodekeeper) [Lodekeeper] PROGRESS elapsed_ms=309155 phase=traveling backend=baritone target=none navigation_elapsed_ms=2213 navigation_ticks=44 searching=false path_index=0 path_length=19 retries=0 pending_route_events=0 dropped_route_events=0 status=retreating_from_live_threats_2
[18:10:38] [Render thread/INFO] (lodekeeper) [Lodekeeper] THREAT_RESPONSE outcome=repath-moving-threat attacks=0 retreats=2 ticks=129 status=refreshing moved threat positions
[18:10:39] [Render thread/INFO] (lodekeeper) [Lodekeeper] PROGRESS elapsed_ms=311173 phase=working backend=baritone target=none navigation_elapsed_ms=0 navigation_ticks=0 searching=false path_index=0 path_length=0 retries=0 pending_route_events=0 dropped_route_events=0 status=refreshing_moved_threat_positions
[18:10:41] [Render thread/INFO] (lodekeeper) [Lodekeeper] PROGRESS elapsed_ms=313192 phase=working backend=baritone target=none navigation_elapsed_ms=0 navigation_ticks=0 searching=false path_index=0 path_length=0 retries=0 pending_route_events=0 dropped_route_events=0 status=refreshing_moved_threat_positions
[18:10:41] [Render thread/INFO] (lodekeeper) [Lodekeeper] THREAT_RESPONSE outcome=stopped attacks=0 retreats=2 ticks=186 status=threat response stopped; movement cancellation pending
[18:10:41] [Render thread/INFO] (Minecraft) [System] [CHAT] [Lodekeeper] Paused: player is no longer alive. Use resume or stop.
[18:10:41] [Render thread/INFO] (lodekeeper) [Lodekeeper] NAV backend=baritone mode=IDLE event=AT_GOAL elapsedMs=6761
[18:10:41] [Render thread/INFO] (lodekeeper) [Lodekeeper] NAV backend=baritone mode=IDLE event=CANCELED elapsedMs=6794
[18:10:41] [Render thread/INFO] (lodekeeper) [Lodekeeper] NAV backend=baritone mode=IDLE event=CANCELED elapsedMs=6862
[18:10:41] [Render thread/INFO] (Minecraft) [STDOUT]: [Lodekeeper natural verification] failed; evidence: /private/tmp/lodekeeper-preview11-placement-natural-1211/run/verification/evidence
