[15:42:28] [Render thread/INFO] (Minecraft) [STDOUT]: [Lodekeeper natural verification] Starting gear_diamond in a normal survival world; evidence under /private/tmp/lodekeeper-preview10-hunt-fixed-natural-263/run-verification/verification/2026-10-06T14-42-28.068597Z-0eaf1532/evidence
[15:42:28] [Render thread/INFO] (lodekeeper) [Lodekeeper] INIT mod=0.1.0-preview.10 minecraft=26.3
[15:42:42] [Render thread/INFO] (Minecraft) [STDOUT]: [Lodekeeper natural verification] Normal integrated-world startup requested
[15:42:52] [Render thread/INFO] (Minecraft) [System] [CHAT] [Lodekeeper] Queued project gear_diamond (9 inventory targets; A full diamond tool and armor set (35 diamonds in recipes).)
[15:42:52] [Render thread/INFO] (Minecraft) [STDOUT]: [Lodekeeper natural verification] Sent !lk project gear_diamond at server tick 115
[15:42:52] [Render thread/INFO] (lodekeeper) [Lodekeeper] BEGIN label=gear_diamond___diamond_pickaxe goal=1 inventory=0 startfeet=-18,65,30 elapsed_ms=0 continued=false
[15:42:53] [lodekeeper-planner/INFO] (lodekeeper) [Lodekeeper] PLAN project=gear_diamond success=false steps=0 branches=45 elapsedMs=22.904747
[15:42:53] [lodekeeper-planner/INFO] (lodekeeper) [Lodekeeper] PROJECT_MATERIALS project=gear_diamond before=[gather:minecraft:spruce_log:1, gather:minecraft:spruce_log:1, gather:minecraft:spruce_log:1, gather:minecraft:stone:3, gather:minecraft:iron_ore:3, gather:minecraft:stone:8, gather:minecraft:acacia_log:1, gather:minecraft:diamond_ore:3, gather:minecraft:diamond_ore:3, gather:minecraft:diamond_ore:4, gather:minecraft:diamond_ore:8, gather:minecraft:diamond_ore:5, gather:minecraft:diamond_ore:2, gather:minecraft:diamond_ore:7, gather:minecraft:diamond_ore:1, gather:minecraft:acacia_log:1, gather:minecraft:diamond_ore:2] after=[gather:minecraft:spruce_log:1, gather:minecraft:spruce_log:1, gather:minecraft:spruce_log:1, gather:minecraft:stone:3, gather:minecraft:iron_ore:3, gather:minecraft:stone:8, gather:minecraft:acacia_log:1, gather:minecraft:diamond_ore:3, gather:minecraft:diamond_ore:3, gather:minecraft:diamond_ore:4, gather:minecraft:diamond_ore:8, gather:minecraft:diamond_ore:5, gather:minecraft:diamond_ore:2, gather:minecraft:diamond_ore:7, gather:minecraft:diamond_ore:1, gather:minecraft:acacia_log:1, gather:minecraft:diamond_ore:2]
[15:42:53] [lodekeeper-planner/INFO] (lodekeeper) [Lodekeeper] PLAN project=gear_diamond success=true steps=43 branches=193 elapsedMs=16.893819
[15:42:53] [Render thread/INFO] (lodekeeper) [Lodekeeper] STEP kind=GATHER source=gather:minecraft:spruce_log output=minecraft:spruce_log count=3 operations=3 auxiliary=false
[15:42:53] [Render thread/INFO] (lodekeeper) [Lodekeeper] MINING_DEPTH policy=NEAREST desiredY=-2147483648 ceiling=2031 deficit=3 phase=MINE blocks=[Block{minecraft:spruce_log}]
[15:42:54] [Render thread/INFO] (lodekeeper) [Lodekeeper] NAV scan=native-mine durationNanos=922523257 hits=-1 requestTicks=0
[15:42:54] [Render thread/INFO] (lodekeeper) [Lodekeeper] NAV backend=baritone mode=MINE event=CALC_STARTED elapsedMs=939
[15:42:54] [Render thread/INFO] (lodekeeper) [Lodekeeper] NAV calcTool=minecraft:air slot=0
[15:42:54] [Render thread/INFO] (lodekeeper) [Lodekeeper] ROUTE_SEARCH kind=unknown anchor=unknown feet_y16=0 candidates=0 target=none elapsed_ms=1622
[15:42:54] [Render thread/INFO] (lodekeeper) [Lodekeeper] NAV backend=baritone mode=MINE event=CALC_STARTED elapsedMs=1081
[15:42:54] [Render thread/INFO] (lodekeeper) [Lodekeeper] NAV calcTool=minecraft:air slot=0
[15:42:54] [Render thread/INFO] (lodekeeper) [Lodekeeper] NAV backend=baritone mode=MINE event=CALC_FINISHED_NOW_EXECUTING elapsedMs=1214
[15:42:54] [Render thread/INFO] (lodekeeper) [Lodekeeper] TARGET target=-29,65,36 block=minecraft:spruce_log
[15:42:54] [Render thread/INFO] (lodekeeper) [Lodekeeper] PROGRESS elapsed_ms=2026 phase=traveling backend=baritone target=-29,65,36 block=minecraft:spruce_log navigation_elapsed_ms=1282 navigation_ticks=16 searching=false path_index=0 path_length=13 retries=0 pending_route_events=0 dropped_route_events=0 status=mining_and_collecting_minecraft:spruce_log___0/3
[15:42:57] [Render thread/INFO] (lodekeeper) [Lodekeeper] PROGRESS elapsed_ms=4077 phase=traveling backend=baritone target=-29,65,36 block=minecraft:spruce_log navigation_elapsed_ms=3261 navigation_ticks=56 searching=false path_index=0 path_length=5 retries=0 pending_route_events=0 dropped_route_events=0 status=mining_and_collecting_minecraft:spruce_log___0/3
[15:42:57] [Render thread/INFO] (lodekeeper) [Lodekeeper] BREAK target=MutableBlockPos{x=-29, y=64, z=36} block=Block{minecraft:spruce_log} tool=minecraft:air slot=0 remaining=-1 required=route
[15:42:59] [Render thread/INFO] (lodekeeper) [Lodekeeper] PROGRESS elapsed_ms=6097 phase=traveling backend=baritone target=-29,65,36 block=minecraft:spruce_log navigation_elapsed_ms=5451 navigation_ticks=100 searching=false path_index=0 path_length=2 retries=0 pending_route_events=0 dropped_route_events=0 status=mining_and_collecting_minecraft:spruce_log___0/3
[15:43:00] [Render thread/INFO] (lodekeeper) [Lodekeeper] BREAK target=MutableBlockPos{x=-29, y=63, z=36} block=Block{minecraft:spruce_log} tool=minecraft:air slot=0 remaining=-1 required=route
[15:43:01] [Render thread/INFO] (lodekeeper) [Lodekeeper] BREAK target=MutableBlockPos{x=-29, y=63, z=36} block=Block{minecraft:spruce_log} tool=minecraft:spruce_log slot=0 remaining=-1 required=route
[15:43:01] [Render thread/INFO] (lodekeeper) [Lodekeeper] PROGRESS elapsed_ms=8120 phase=traveling backend=baritone target=-29,65,36 block=minecraft:spruce_log navigation_elapsed_ms=7475 navigation_ticks=140 searching=false path_index=0 path_length=2 retries=0 pending_route_events=0 dropped_route_events=0 status=mining_and_collecting_minecraft:spruce_log___1/3
[15:43:03] [Render thread/INFO] (lodekeeper) [Lodekeeper] PROGRESS elapsed_ms=10166 phase=traveling backend=baritone target=-29,65,36 block=minecraft:spruce_log navigation_elapsed_ms=9455 navigation_ticks=180 searching=false path_index=0 path_length=2 retries=0 pending_route_events=0 dropped_route_events=0 status=mining_and_collecting_minecraft:spruce_log___1/3
[15:43:04] [Render thread/INFO] (lodekeeper) [Lodekeeper] BREAK target=MutableBlockPos{x=-29, y=65, z=36} block=Block{minecraft:spruce_log} tool=minecraft:spruce_log slot=0 remaining=-1 required=route
[15:43:05] [Render thread/INFO] (lodekeeper) [Lodekeeper] PROGRESS elapsed_ms=12214 phase=traveling backend=baritone target=-29,65,36 block=minecraft:spruce_log navigation_elapsed_ms=11466 navigation_ticks=220 searching=false path_index=0 path_length=2 retries=0 pending_route_events=0 dropped_route_events=0 status=mining_and_collecting_minecraft:spruce_log___2/3
[15:43:07] [Render thread/INFO] (lodekeeper) [Lodekeeper] PROGRESS elapsed_ms=14275 phase=traveling backend=baritone target=-29,65,36 block=minecraft:spruce_log navigation_elapsed_ms=13463 navigation_ticks=260 searching=false path_index=0 path_length=2 retries=0 pending_route_events=0 dropped_route_events=0 status=mining_and_collecting_minecraft:spruce_log___2/3
[15:43:07] [Render thread/INFO] (lodekeeper) [Lodekeeper] TARGET target=-29,66,36 block=minecraft:spruce_log
[15:43:07] [Render thread/INFO] (lodekeeper) [Lodekeeper] BREAK target=MutableBlockPos{x=-29, y=66, z=36} block=Block{minecraft:spruce_log} tool=minecraft:spruce_log slot=0 remaining=-1 required=route
[15:43:07] [Render thread/INFO] (lodekeeper) [Lodekeeper] TARGET target=none
[15:43:08] [lodekeeper-planner/INFO] (lodekeeper) [Lodekeeper] PROJECT_MATERIALS project=gear_diamond before=[gather:minecraft:stone:3, gather:minecraft:iron_ore:3, gather:minecraft:stone:8, gather:minecraft:spruce_log:1, gather:minecraft:diamond_ore:3, gather:minecraft:diamond_ore:3, gather:minecraft:diamond_ore:4, gather:minecraft:diamond_ore:8, gather:minecraft:diamond_ore:5, gather:minecraft:diamond_ore:2, gather:minecraft:diamond_ore:7, gather:minecraft:diamond_ore:1, gather:minecraft:acacia_log:1, gather:minecraft:diamond_ore:2] after=[gather:minecraft:stone:3, gather:minecraft:iron_ore:3, gather:minecraft:stone:8, gather:minecraft:spruce_log:1, gather:minecraft:diamond_ore:3, gather:minecraft:diamond_ore:3, gather:minecraft:diamond_ore:4, gather:minecraft:diamond_ore:8, gather:minecraft:diamond_ore:5, gather:minecraft:diamond_ore:2, gather:minecraft:diamond_ore:7, gather:minecraft:diamond_ore:1, gather:minecraft:acacia_log:1, gather:minecraft:diamond_ore:2]
[15:43:08] [lodekeeper-planner/INFO] (lodekeeper) [Lodekeeper] PLAN project=gear_diamond success=true steps=40 branches=184 elapsedMs=11.076291
[15:43:08] [Render thread/INFO] (lodekeeper) [Lodekeeper] STEP kind=CRAFT source=server:minecraft:spruce_planks:1413 output=minecraft:spruce_planks count=4 operations=1 auxiliary=false
[15:43:09] [Render thread/INFO] (lodekeeper) [Lodekeeper] PROGRESS elapsed_ms=16298 phase=crafting backend=baritone target=none navigation_elapsed_ms=0 navigation_ticks=0 searching=false path_index=0 path_length=0 retries=0 pending_route_events=0 dropped_route_events=0 status=CRAFT_server:minecraft:spruce_planks:1413
[15:43:09] [lodekeeper-planner/INFO] (lodekeeper) [Lodekeeper] PROJECT_MATERIALS project=gear_diamond before=[gather:minecraft:stone:3, gather:minecraft:iron_ore:3, gather:minecraft:stone:8, gather:minecraft:spruce_log:1, gather:minecraft:diamond_ore:3, gather:minecraft:diamond_ore:3, gather:minecraft:diamond_ore:4, gather:minecraft:diamond_ore:8, gather:minecraft:diamond_ore:5, gather:minecraft:diamond_ore:2, gather:minecraft:diamond_ore:7, gather:minecraft:diamond_ore:1, gather:minecraft:acacia_log:1, gather:minecraft:diamond_ore:2] after=[gather:minecraft:stone:3, gather:minecraft:iron_ore:3, gather:minecraft:stone:8, gather:minecraft:spruce_log:1, gather:minecraft:diamond_ore:3, gather:minecraft:diamond_ore:3, gather:minecraft:diamond_ore:4, gather:minecraft:diamond_ore:8, gather:minecraft:diamond_ore:5, gather:minecraft:diamond_ore:2, gather:minecraft:diamond_ore:7, gather:minecraft:diamond_ore:1, gather:minecraft:acacia_log:1, gather:minecraft:diamond_ore:2]
[15:43:09] [lodekeeper-planner/INFO] (lodekeeper) [Lodekeeper] PLAN project=gear_diamond success=true steps=39 branches=180 elapsedMs=8.033013
[15:43:09] [Render thread/INFO] (lodekeeper) [Lodekeeper] STEP kind=CRAFT source=server:minecraft:stick:1422 output=minecraft:stick count=4 operations=1 auxiliary=false
[15:43:11] [lodekeeper-planner/INFO] (lodekeeper) [Lodekeeper] PROJECT_MATERIALS project=gear_diamond before=[gather:minecraft:stone:3, gather:minecraft:iron_ore:3, gather:minecraft:stone:8, gather:minecraft:spruce_log:1, gather:minecraft:diamond_ore:3, gather:minecraft:diamond_ore:3, gather:minecraft:diamond_ore:4, gather:minecraft:diamond_ore:8, gather:minecraft:diamond_ore:5, gather:minecraft:diamond_ore:2, gather:minecraft:diamond_ore:7, gather:minecraft:diamond_ore:1, gather:minecraft:acacia_log:1, gather:minecraft:diamond_ore:2] after=[gather:minecraft:stone:3, gather:minecraft:iron_ore:3, gather:minecraft:stone:8, gather:minecraft:spruce_log:1, gather:minecraft:diamond_ore:3, gather:minecraft:diamond_ore:3, gather:minecraft:diamond_ore:4, gather:minecraft:diamond_ore:8, gather:minecraft:diamond_ore:5, gather:minecraft:diamond_ore:2, gather:minecraft:diamond_ore:7, gather:minecraft:diamond_ore:1, gather:minecraft:acacia_log:1, gather:minecraft:diamond_ore:2]
[15:43:11] [lodekeeper-planner/INFO] (lodekeeper) [Lodekeeper] PLAN project=gear_diamond success=true steps=38 branches=176 elapsedMs=6.955011
[15:43:11] [Render thread/INFO] (lodekeeper) [Lodekeeper] STEP kind=CRAFT source=server:minecraft:spruce_planks:1413 output=minecraft:spruce_planks count=4 operations=1 auxiliary=false
[15:43:11] [Render thread/INFO] (lodekeeper) [Lodekeeper] PROGRESS elapsed_ms=18303 phase=crafting backend=baritone target=none navigation_elapsed_ms=0 navigation_ticks=0 searching=false path_index=0 path_length=0 retries=0 pending_route_events=0 dropped_route_events=0 status=CRAFT_server:minecraft:spruce_planks:1413
[15:43:12] [lodekeeper-planner/INFO] (lodekeeper) [Lodekeeper] PROJECT_MATERIALS project=gear_diamond before=[gather:minecraft:stone:3, gather:minecraft:iron_ore:3, gather:minecraft:stone:8, gather:minecraft:spruce_log:1, gather:minecraft:diamond_ore:3, gather:minecraft:diamond_ore:3, gather:minecraft:diamond_ore:4, gather:minecraft:diamond_ore:8, gather:minecraft:diamond_ore:5, gather:minecraft:diamond_ore:2, gather:minecraft:diamond_ore:7, gather:minecraft:diamond_ore:1, gather:minecraft:acacia_log:1, gather:minecraft:diamond_ore:2] after=[gather:minecraft:stone:3, gather:minecraft:iron_ore:3, gather:minecraft:stone:8, gather:minecraft:spruce_log:1, gather:minecraft:diamond_ore:3, gather:minecraft:diamond_ore:3, gather:minecraft:diamond_ore:4, gather:minecraft:diamond_ore:8, gather:minecraft:diamond_ore:5, gather:minecraft:diamond_ore:2, gather:minecraft:diamond_ore:7, gather:minecraft:diamond_ore:1, gather:minecraft:acacia_log:1, gather:minecraft:diamond_ore:2]
[15:43:12] [lodekeeper-planner/INFO] (lodekeeper) [Lodekeeper] PLAN project=gear_diamond success=true steps=37 branches=171 elapsedMs=6.680132
[15:43:12] [Render thread/INFO] (lodekeeper) [Lodekeeper] STEP kind=CRAFT source=server:minecraft:spruce_planks:1413 output=minecraft:spruce_planks count=4 operations=1 auxiliary=false
[15:43:13] [Render thread/INFO] (lodekeeper) [Lodekeeper] PROGRESS elapsed_ms=20317 phase=crafting backend=baritone target=none navigation_elapsed_ms=0 navigation_ticks=0 searching=false path_index=0 path_length=0 retries=0 pending_route_events=0 dropped_route_events=0 status=CRAFT_server:minecraft:spruce_planks:1413
[15:43:13] [lodekeeper-planner/INFO] (lodekeeper) [Lodekeeper] PROJECT_MATERIALS project=gear_diamond before=[gather:minecraft:stone:3, gather:minecraft:iron_ore:3, gather:minecraft:stone:8, gather:minecraft:spruce_log:1, gather:minecraft:diamond_ore:3, gather:minecraft:diamond_ore:3, gather:minecraft:diamond_ore:4, gather:minecraft:diamond_ore:8, gather:minecraft:diamond_ore:5, gather:minecraft:diamond_ore:2, gather:minecraft:diamond_ore:7, gather:minecraft:diamond_ore:1, gather:minecraft:acacia_log:1, gather:minecraft:diamond_ore:2] after=[gather:minecraft:stone:3, gather:minecraft:iron_ore:3, gather:minecraft:stone:8, gather:minecraft:spruce_log:1, gather:minecraft:diamond_ore:3, gather:minecraft:diamond_ore:3, gather:minecraft:diamond_ore:4, gather:minecraft:diamond_ore:8, gather:minecraft:diamond_ore:5, gather:minecraft:diamond_ore:2, gather:minecraft:diamond_ore:7, gather:minecraft:diamond_ore:1, gather:minecraft:acacia_log:1, gather:minecraft:diamond_ore:2]
[15:43:13] [lodekeeper-planner/INFO] (lodekeeper) [Lodekeeper] PLAN project=gear_diamond success=true steps=36 branches=166 elapsedMs=6.857247
[15:43:13] [Render thread/INFO] (lodekeeper) [Lodekeeper] STEP kind=CRAFT source=server:minecraft:crafting_table:339 output=minecraft:crafting_table count=1 operations=1 auxiliary=false
[15:43:15] [Render thread/INFO] (lodekeeper) [Lodekeeper] PROGRESS elapsed_ms=22327 phase=crafting backend=baritone target=none navigation_elapsed_ms=0 navigation_ticks=0 searching=false path_index=0 path_length=0 retries=0 pending_route_events=0 dropped_route_events=0 status=CRAFT_server:minecraft:crafting_table:339
[15:43:16] [lodekeeper-planner/INFO] (lodekeeper) [Lodekeeper] PROJECT_MATERIALS project=gear_diamond before=[gather:minecraft:stone:3, gather:minecraft:iron_ore:3, gather:minecraft:stone:8, gather:minecraft:spruce_log:1, gather:minecraft:diamond_ore:3, gather:minecraft:diamond_ore:3, gather:minecraft:diamond_ore:4, gather:minecraft:diamond_ore:8, gather:minecraft:diamond_ore:5, gather:minecraft:diamond_ore:2, gather:minecraft:diamond_ore:7, gather:minecraft:diamond_ore:1, gather:minecraft:acacia_log:1, gather:minecraft:diamond_ore:2] after=[gather:minecraft:stone:3, gather:minecraft:iron_ore:3, gather:minecraft:stone:8, gather:minecraft:spruce_log:1, gather:minecraft:diamond_ore:3, gather:minecraft:diamond_ore:3, gather:minecraft:diamond_ore:4, gather:minecraft:diamond_ore:8, gather:minecraft:diamond_ore:5, gather:minecraft:diamond_ore:2, gather:minecraft:diamond_ore:7, gather:minecraft:diamond_ore:1, gather:minecraft:acacia_log:1, gather:minecraft:diamond_ore:2]
[15:43:16] [lodekeeper-planner/INFO] (lodekeeper) [Lodekeeper] PLAN project=gear_diamond success=true steps=35 branches=163 elapsedMs=7.002417
[15:43:16] [Render thread/INFO] (lodekeeper) [Lodekeeper] STEP kind=PLACE_STATION source=place:minecraft:crafting_table output=null count=0 operations=1 auxiliary=false
[15:43:16] [Render thread/INFO] (lodekeeper) [Lodekeeper] TARGET target=-29,63,37 block=minecraft:crafting_table
[15:43:16] [Render thread/INFO] (lodekeeper) [Lodekeeper] TARGET target=none
[15:43:16] [lodekeeper-planner/INFO] (lodekeeper) [Lodekeeper] PROJECT_MATERIALS project=gear_diamond before=[gather:minecraft:stone:3, gather:minecraft:iron_ore:3, gather:minecraft:stone:8, gather:minecraft:spruce_log:1, gather:minecraft:diamond_ore:3, gather:minecraft:diamond_ore:3, gather:minecraft:diamond_ore:4, gather:minecraft:diamond_ore:8, gather:minecraft:diamond_ore:5, gather:minecraft:diamond_ore:2, gather:minecraft:diamond_ore:7, gather:minecraft:diamond_ore:1, gather:minecraft:acacia_log:1, gather:minecraft:diamond_ore:2] after=[gather:minecraft:stone:3, gather:minecraft:iron_ore:3, gather:minecraft:stone:8, gather:minecraft:spruce_log:1, gather:minecraft:diamond_ore:3, gather:minecraft:diamond_ore:3, gather:minecraft:diamond_ore:4, gather:minecraft:diamond_ore:8, gather:minecraft:diamond_ore:5, gather:minecraft:diamond_ore:2, gather:minecraft:diamond_ore:7, gather:minecraft:diamond_ore:1, gather:minecraft:acacia_log:1, gather:minecraft:diamond_ore:2]
[15:43:16] [lodekeeper-planner/INFO] (lodekeeper) [Lodekeeper] PLAN project=gear_diamond success=true steps=34 branches=162 elapsedMs=5.708981
[15:43:16] [Render thread/INFO] (lodekeeper) [Lodekeeper] STEP kind=CRAFT source=server:minecraft:wooden_pickaxe:1718 output=minecraft:wooden_pickaxe count=1 operations=1 auxiliary=false
[15:43:17] [Render thread/INFO] (lodekeeper) [Lodekeeper] PROGRESS elapsed_ms=24350 phase=crafting backend=baritone target=none navigation_elapsed_ms=0 navigation_ticks=0 searching=false path_index=0 path_length=0 retries=0 pending_route_events=0 dropped_route_events=0 status=CRAFT_server:minecraft:wooden_pickaxe:1718
[15:43:19] [Render thread/INFO] (lodekeeper) [Lodekeeper] PROGRESS elapsed_ms=26363 phase=crafting backend=baritone target=none navigation_elapsed_ms=0 navigation_ticks=0 searching=false path_index=0 path_length=0 retries=0 pending_route_events=0 dropped_route_events=0 status=CRAFT_server:minecraft:wooden_pickaxe:1718
[15:43:20] [lodekeeper-planner/INFO] (lodekeeper) [Lodekeeper] PROJECT_MATERIALS project=gear_diamond before=[gather:minecraft:stone:3, gather:minecraft:iron_ore:3, gather:minecraft:stone:8, gather:minecraft:spruce_log:1, gather:minecraft:diamond_ore:3, gather:minecraft:diamond_ore:3, gather:minecraft:diamond_ore:4, gather:minecraft:diamond_ore:8, gather:minecraft:diamond_ore:5, gather:minecraft:diamond_ore:2, gather:minecraft:diamond_ore:7, gather:minecraft:diamond_ore:1, gather:minecraft:acacia_log:1, gather:minecraft:diamond_ore:2] after=[gather:minecraft:stone:3, gather:minecraft:iron_ore:3, gather:minecraft:stone:8, gather:minecraft:spruce_log:1, gather:minecraft:diamond_ore:3, gather:minecraft:diamond_ore:3, gather:minecraft:diamond_ore:4, gather:minecraft:diamond_ore:8, gather:minecraft:diamond_ore:5, gather:minecraft:diamond_ore:2, gather:minecraft:diamond_ore:7, gather:minecraft:diamond_ore:1, gather:minecraft:acacia_log:1, gather:minecraft:diamond_ore:2]
[15:43:20] [lodekeeper-planner/INFO] (lodekeeper) [Lodekeeper] PLAN project=gear_diamond success=true steps=33 branches=157 elapsedMs=5.459237
[15:43:20] [Render thread/INFO] (lodekeeper) [Lodekeeper] STEP kind=GATHER source=gather:minecraft:stone output=minecraft:cobblestone count=3 operations=3 auxiliary=false
[15:43:21] [Render thread/INFO] (lodekeeper) [Lodekeeper] PROGRESS elapsed_ms=28422 phase=gathering backend=baritone target=none navigation_elapsed_ms=0 navigation_ticks=0 searching=false path_index=0 path_length=0 retries=0 pending_route_events=0 dropped_route_events=0 status=mining_the_recorded_owned_crafting_table
[15:43:23] [Render thread/INFO] (lodekeeper) [Lodekeeper] PROGRESS elapsed_ms=30472 phase=gathering backend=baritone target=none navigation_elapsed_ms=0 navigation_ticks=0 searching=false path_index=0 path_length=0 retries=0 pending_route_events=0 dropped_route_events=0 status=mining_the_recorded_owned_crafting_table
[15:43:24] [Render thread/INFO] (lodekeeper) [Lodekeeper] NAV backend=baritone mode=PICKUP event=CALC_STARTED elapsedMs=4
[15:43:24] [Render thread/INFO] (lodekeeper) [Lodekeeper] NAV calcTool=minecraft:air slot=0
[15:43:24] [Render thread/INFO] (lodekeeper) [Lodekeeper] NAV backend=baritone mode=PICKUP event=CALC_FINISHED_NOW_EXECUTING elapsedMs=32
[15:43:24] [Render thread/INFO] (lodekeeper) [Lodekeeper] NAV backend=baritone mode=PICKUP event=AT_GOAL elapsedMs=200
[15:43:24] [lodekeeper-planner/INFO] (lodekeeper) [Lodekeeper] PROJECT_MATERIALS project=gear_diamond before=[gather:minecraft:stone:3, gather:minecraft:iron_ore:3, gather:minecraft:stone:8, gather:minecraft:spruce_log:1, gather:minecraft:diamond_ore:3, gather:minecraft:diamond_ore:3, gather:minecraft:diamond_ore:4, gather:minecraft:diamond_ore:8, gather:minecraft:diamond_ore:5, gather:minecraft:diamond_ore:2, gather:minecraft:diamond_ore:7, gather:minecraft:diamond_ore:1, gather:minecraft:acacia_log:1, gather:minecraft:diamond_ore:2] after=[gather:minecraft:stone:3, gather:minecraft:iron_ore:3, gather:minecraft:stone:8, gather:minecraft:spruce_log:1, gather:minecraft:diamond_ore:3, gather:minecraft:diamond_ore:3, gather:minecraft:diamond_ore:4, gather:minecraft:diamond_ore:8, gather:minecraft:diamond_ore:5, gather:minecraft:diamond_ore:2, gather:minecraft:diamond_ore:7, gather:minecraft:diamond_ore:1, gather:minecraft:acacia_log:1, gather:minecraft:diamond_ore:2]
[15:43:24] [lodekeeper-planner/INFO] (lodekeeper) [Lodekeeper] PLAN project=gear_diamond success=true steps=34 branches=158 elapsedMs=6.909849
[15:43:24] [Render thread/INFO] (lodekeeper) [Lodekeeper] STEP kind=GATHER source=gather:minecraft:stone output=minecraft:cobblestone count=3 operations=3 auxiliary=false
[15:43:24] [Render thread/INFO] (lodekeeper) [Lodekeeper] MINING_DEPTH policy=NEAREST desiredY=-2147483648 ceiling=2031 deficit=3 phase=MINE blocks=[Block{minecraft:stone}]
[15:43:24] [Render thread/INFO] (lodekeeper) [Lodekeeper] NAV scan=native-mine durationNanos=2156746 hits=-1 requestTicks=0
[15:43:24] [Render thread/INFO] (lodekeeper) [Lodekeeper] NAV backend=baritone mode=MINE event=CALC_STARTED elapsedMs=4
[15:43:24] [Render thread/INFO] (lodekeeper) [Lodekeeper] NAV calcTool=minecraft:wooden_pickaxe slot=6
[15:43:25] [Render thread/INFO] (lodekeeper) [Lodekeeper] ROUTE_SEARCH kind=unknown anchor=unknown feet_y16=0 candidates=0 target=none elapsed_ms=32251
[15:43:25] [Render thread/INFO] (lodekeeper) [Lodekeeper] TARGET target=-27,48,36 block=minecraft:stone
[15:43:25] [Render thread/INFO] (lodekeeper) [Lodekeeper] ROUTE_TRAVEL path_index=0 path_length=18 target=-27,48,36 block=minecraft:stone elapsed_ms=32452
[15:43:25] [Render thread/INFO] (lodekeeper) [Lodekeeper] NAV backend=baritone mode=MINE event=CALC_FINISHED_NOW_EXECUTING elapsedMs=403
[15:43:25] [Render thread/INFO] (lodekeeper) [Lodekeeper] PROGRESS elapsed_ms=32519 phase=traveling backend=baritone target=-27,48,36 block=minecraft:stone navigation_elapsed_ms=401 navigation_ticks=8 searching=false path_index=0 path_length=18 retries=0 pending_route_events=0 dropped_route_events=0 status=mining_and_collecting_minecraft:cobblestone___0/3
[15:43:25] [Render thread/INFO] (lodekeeper) [Lodekeeper] BREAK target=MutableBlockPos{x=-27, y=62, z=36} block=Block{minecraft:grass_block} tool=minecraft:crafting_table slot=0 remaining=-1 required=route
[15:43:27] [Render thread/INFO] (lodekeeper) [Lodekeeper] BREAK target=MutableBlockPos{x=-27, y=61, z=36} block=Block{minecraft:dirt} tool=minecraft:crafting_table slot=0 remaining=-1 required=route
[15:43:27] [Render thread/INFO] (lodekeeper) [Lodekeeper] PROGRESS elapsed_ms=34563 phase=traveling backend=baritone target=-27,48,36 block=minecraft:stone navigation_elapsed_ms=2411 navigation_ticks=48 searching=false path_index=0 path_length=15 retries=0 pending_route_events=0 dropped_route_events=0 status=mining_and_collecting_minecraft:cobblestone___0/3
[15:43:28] [Render thread/INFO] (lodekeeper) [Lodekeeper] BREAK target=MutableBlockPos{x=-27, y=60, z=36} block=Block{minecraft:dirt} tool=minecraft:crafting_table slot=0 remaining=-1 required=route
[15:43:29] [Render thread/INFO] (lodekeeper) [Lodekeeper] BREAK target=MutableBlockPos{x=-27, y=59, z=36} block=Block{minecraft:stone} tool=minecraft:wooden_pickaxe slot=6 remaining=59 required=minecraft:wooden_pickaxe
[15:43:29] [Render thread/INFO] (lodekeeper) [Lodekeeper] PROGRESS elapsed_ms=36613 phase=traveling backend=baritone target=-27,48,36 block=minecraft:stone navigation_elapsed_ms=4395 navigation_ticks=88 searching=false path_index=0 path_length=13 retries=0 pending_route_events=0 dropped_route_events=0 status=mining_and_collecting_minecraft:cobblestone___0/3
[15:43:30] [Render thread/INFO] (lodekeeper) [Lodekeeper] BREAK target=MutableBlockPos{x=-27, y=58, z=36} block=Block{minecraft:stone} tool=minecraft:wooden_pickaxe slot=6 remaining=58 required=minecraft:wooden_pickaxe
[15:43:31] [Render thread/INFO] (lodekeeper) [Lodekeeper] PROGRESS elapsed_ms=38663 phase=traveling backend=baritone target=-27,48,36 block=minecraft:stone navigation_elapsed_ms=6612 navigation_ticks=132 searching=false path_index=0 path_length=12 retries=0 pending_route_events=0 dropped_route_events=0 status=mining_and_collecting_minecraft:cobblestone___1/3
[15:43:32] [Render thread/INFO] (lodekeeper) [Lodekeeper] BREAK target=MutableBlockPos{x=-27, y=57, z=36} block=Block{minecraft:stone} tool=minecraft:wooden_pickaxe slot=6 remaining=57 required=minecraft:wooden_pickaxe
[15:43:33] [Render thread/INFO] (lodekeeper) [Lodekeeper] PROGRESS elapsed_ms=40677 phase=traveling backend=baritone target=-27,48,36 block=minecraft:stone navigation_elapsed_ms=8626 navigation_ticks=172 searching=false path_index=0 path_length=10 retries=0 pending_route_events=0 dropped_route_events=0 status=mining_and_collecting_minecraft:cobblestone___2/3
[15:43:33] [Render thread/INFO] (lodekeeper) [Lodekeeper] BREAK target=MutableBlockPos{x=-27, y=56, z=36} block=Block{minecraft:stone} tool=minecraft:wooden_pickaxe slot=6 remaining=56 required=minecraft:wooden_pickaxe
[15:43:33] [Render thread/INFO] (lodekeeper) [Lodekeeper] TARGET target=none
[15:43:34] [lodekeeper-planner/INFO] (lodekeeper) [Lodekeeper] PROJECT_MATERIALS project=gear_diamond before=[gather:minecraft:iron_ore:3, gather:minecraft:stone:8, gather:minecraft:spruce_log:1, gather:minecraft:diamond_ore:3, gather:minecraft:diamond_ore:3, gather:minecraft:diamond_ore:4, gather:minecraft:diamond_ore:8, gather:minecraft:diamond_ore:5, gather:minecraft:diamond_ore:2, gather:minecraft:diamond_ore:7, gather:minecraft:diamond_ore:1, gather:minecraft:acacia_log:1, gather:minecraft:diamond_ore:2] after=[gather:minecraft:iron_ore:3, gather:minecraft:stone:8, gather:minecraft:spruce_log:1, gather:minecraft:diamond_ore:3, gather:minecraft:diamond_ore:3, gather:minecraft:diamond_ore:4, gather:minecraft:diamond_ore:8, gather:minecraft:diamond_ore:5, gather:minecraft:diamond_ore:2, gather:minecraft:diamond_ore:7, gather:minecraft:diamond_ore:1, gather:minecraft:acacia_log:1, gather:minecraft:diamond_ore:2]
[15:43:34] [lodekeeper-planner/INFO] (lodekeeper) [Lodekeeper] PLAN project=gear_diamond success=true steps=33 branches=153 elapsedMs=5.275955
[15:43:34] [Render thread/INFO] (lodekeeper) [Lodekeeper] STEP kind=PLACE_STATION source=place:minecraft:crafting_table output=null count=0 operations=1 auxiliary=false
[15:43:34] [Render thread/INFO] (lodekeeper) [Lodekeeper] TARGET target=-28,57,36 block=minecraft:stone
[15:43:35] [Render thread/INFO] (lodekeeper) [Lodekeeper] PROGRESS elapsed_ms=42722 phase=gathering backend=baritone target=-28,57,36 block=minecraft:stone navigation_elapsed_ms=0 navigation_ticks=0 searching=false path_index=0 path_length=0 retries=0 pending_route_events=0 dropped_route_events=0 status=mining_station_feet_space
[15:43:37] [Render thread/INFO] (lodekeeper) [Lodekeeper] TARGET target=none
[15:43:37] [lodekeeper-planner/INFO] (lodekeeper) [Lodekeeper] PROJECT_MATERIALS project=gear_diamond before=[gather:minecraft:iron_ore:3, gather:minecraft:stone:7, gather:minecraft:spruce_log:1, gather:minecraft:diamond_ore:3, gather:minecraft:diamond_ore:3, gather:minecraft:diamond_ore:4, gather:minecraft:diamond_ore:8, gather:minecraft:diamond_ore:5, gather:minecraft:diamond_ore:2, gather:minecraft:diamond_ore:7, gather:minecraft:diamond_ore:1, gather:minecraft:acacia_log:1, gather:minecraft:diamond_ore:2] after=[gather:minecraft:iron_ore:3, gather:minecraft:stone:7, gather:minecraft:spruce_log:1, gather:minecraft:diamond_ore:3, gather:minecraft:diamond_ore:3, gather:minecraft:diamond_ore:4, gather:minecraft:diamond_ore:8, gather:minecraft:diamond_ore:5, gather:minecraft:diamond_ore:2, gather:minecraft:diamond_ore:7, gather:minecraft:diamond_ore:1, gather:minecraft:acacia_log:1, gather:minecraft:diamond_ore:2]
[15:43:37] [lodekeeper-planner/INFO] (lodekeeper) [Lodekeeper] PLAN project=gear_diamond success=true steps=32 branches=153 elapsedMs=5.19257
[15:43:37] [Render thread/INFO] (lodekeeper) [Lodekeeper] STEP kind=CRAFT source=server:minecraft:stone_pickaxe:1440 output=minecraft:stone_pickaxe count=1 operations=1 auxiliary=false
[15:43:37] [Render thread/INFO] (lodekeeper) [Lodekeeper] PROGRESS elapsed_ms=44724 phase=crafting backend=baritone target=none navigation_elapsed_ms=0 navigation_ticks=0 searching=false path_index=0 path_length=0 retries=0 pending_route_events=0 dropped_route_events=0 status=CRAFT_server:minecraft:stone_pickaxe:1440
[15:43:39] [Render thread/INFO] (lodekeeper) [Lodekeeper] PROGRESS elapsed_ms=46770 phase=crafting backend=baritone target=none navigation_elapsed_ms=0 navigation_ticks=0 searching=false path_index=0 path_length=0 retries=0 pending_route_events=0 dropped_route_events=0 status=CRAFT_server:minecraft:stone_pickaxe:1440
[15:43:41] [lodekeeper-planner/INFO] (lodekeeper) [Lodekeeper] PROJECT_MATERIALS project=gear_diamond before=[gather:minecraft:iron_ore:3, gather:minecraft:stone:6, gather:minecraft:spruce_log:1, gather:minecraft:diamond_ore:3, gather:minecraft:diamond_ore:3, gather:minecraft:diamond_ore:4, gather:minecraft:diamond_ore:8, gather:minecraft:diamond_ore:5, gather:minecraft:diamond_ore:2, gather:minecraft:diamond_ore:7, gather:minecraft:diamond_ore:1, gather:minecraft:acacia_log:1, gather:minecraft:diamond_ore:2] after=[gather:minecraft:iron_ore:3, gather:minecraft:stone:6, gather:minecraft:spruce_log:1, gather:minecraft:diamond_ore:3, gather:minecraft:diamond_ore:3, gather:minecraft:diamond_ore:4, gather:minecraft:diamond_ore:8, gather:minecraft:diamond_ore:5, gather:minecraft:diamond_ore:2, gather:minecraft:diamond_ore:7, gather:minecraft:diamond_ore:1, gather:minecraft:acacia_log:1, gather:minecraft:diamond_ore:2]
[15:43:41] [lodekeeper-planner/INFO] (lodekeeper) [Lodekeeper] PLAN project=gear_diamond success=true steps=31 branches=148 elapsedMs=4.835623
[15:43:41] [Render thread/INFO] (lodekeeper) [Lodekeeper] STEP kind=GATHER source=gather:minecraft:iron_ore output=minecraft:raw_iron count=3 operations=3 auxiliary=false
[15:43:41] [Render thread/INFO] (lodekeeper) [Lodekeeper] PROGRESS elapsed_ms=48777 phase=gathering backend=baritone target=none navigation_elapsed_ms=0 navigation_ticks=0 searching=false path_index=0 path_length=0 retries=0 pending_route_events=0 dropped_route_events=0 status=mining_the_recorded_owned_crafting_table
[15:43:43] [Render thread/INFO] (lodekeeper) [Lodekeeper] PROGRESS elapsed_ms=50822 phase=gathering backend=baritone target=none navigation_elapsed_ms=0 navigation_ticks=0 searching=false path_index=0 path_length=0 retries=0 pending_route_events=0 dropped_route_events=0 status=mining_the_recorded_owned_crafting_table
[15:43:45] [Render thread/INFO] (lodekeeper) [Lodekeeper] NAV backend=baritone mode=PICKUP event=CALC_STARTED elapsedMs=2
[15:43:45] [Render thread/INFO] (lodekeeper) [Lodekeeper] NAV calcTool=minecraft:air slot=0
[15:43:45] [Render thread/INFO] (lodekeeper) [Lodekeeper] NAV backend=baritone mode=PICKUP event=CALC_FINISHED_NOW_EXECUTING elapsedMs=34
[15:43:45] [Render thread/INFO] (lodekeeper) [Lodekeeper] NAV backend=baritone mode=PICKUP event=AT_GOAL elapsedMs=170
[15:43:45] [lodekeeper-planner/INFO] (lodekeeper) [Lodekeeper] PROJECT_MATERIALS project=gear_diamond before=[gather:minecraft:iron_ore:3, gather:minecraft:stone:6, gather:minecraft:spruce_log:1, gather:minecraft:diamond_ore:3, gather:minecraft:diamond_ore:3, gather:minecraft:diamond_ore:4, gather:minecraft:diamond_ore:8, gather:minecraft:diamond_ore:5, gather:minecraft:diamond_ore:2, gather:minecraft:diamond_ore:7, gather:minecraft:diamond_ore:1, gather:minecraft:acacia_log:1, gather:minecraft:diamond_ore:2] after=[gather:minecraft:iron_ore:3, gather:minecraft:stone:6, gather:minecraft:spruce_log:1, gather:minecraft:diamond_ore:3, gather:minecraft:diamond_ore:3, gather:minecraft:diamond_ore:4, gather:minecraft:diamond_ore:8, gather:minecraft:diamond_ore:5, gather:minecraft:diamond_ore:2, gather:minecraft:diamond_ore:7, gather:minecraft:diamond_ore:1, gather:minecraft:acacia_log:1, gather:minecraft:diamond_ore:2]
[15:43:45] [lodekeeper-planner/INFO] (lodekeeper) [Lodekeeper] PLAN project=gear_diamond success=true steps=32 branches=149 elapsedMs=4.623003
[15:43:45] [Render thread/INFO] (lodekeeper) [Lodekeeper] FOOD_PURSUIT event=start target=257e7990-cec7-4c85-993d-d43d6b7f21d1 routes=1 failedRoutes=0 attacks=0 health=10.0 closestBoxDistance=26.48 elapsedMs=0
[15:43:45] [Render thread/INFO] (lodekeeper) [Lodekeeper] NAV backend=baritone mode=FOLLOW event=CALC_STARTED elapsedMs=2
[15:43:45] [Render thread/INFO] (lodekeeper) [Lodekeeper] NAV calcTool=minecraft:stone_pickaxe slot=7
[15:43:45] [Render thread/INFO] (lodekeeper) [Lodekeeper] PROGRESS elapsed_ms=52864 phase=working backend=baritone target=none navigation_elapsed_ms=0 navigation_ticks=0 searching=false path_index=0 path_length=0 retries=0 pending_route_events=0 dropped_route_events=0 status=pursuing_cow__1_
[15:43:45] [Render thread/INFO] (lodekeeper) [Lodekeeper] NAV backend=baritone mode=FOLLOW event=CALC_FINISHED_NOW_EXECUTING elapsedMs=66
[15:43:45] [Render thread/INFO] (lodekeeper) [Lodekeeper] NAV backend=baritone mode=FOLLOW event=CALC_STARTED elapsedMs=166
[15:43:45] [Render thread/INFO] (lodekeeper) [Lodekeeper] NAV calcTool=minecraft:stone_pickaxe slot=7
[15:43:45] [Render thread/INFO] (lodekeeper) [Lodekeeper] NAV backend=baritone mode=FOLLOW event=CALC_FINISHED_NOW_EXECUTING elapsedMs=166
[15:43:47] [Render thread/INFO] (lodekeeper) [Lodekeeper] BREAK target=MutableBlockPos{x=-26, y=62, z=36} block=Block{minecraft:grass_block} tool=minecraft:crafting_table slot=0 remaining=-1 required=route
[15:43:47] [Render thread/INFO] (lodekeeper) [Lodekeeper] PROGRESS elapsed_ms=54917 phase=traveling backend=baritone target=none navigation_elapsed_ms=2015 navigation_ticks=40 searching=false path_index=0 path_length=25 retries=0 pending_route_events=0 dropped_route_events=0 status=pursuing_cow__1_
[15:43:49] [Render thread/INFO] (lodekeeper) [Lodekeeper] NAV backend=baritone mode=FOLLOW event=CALC_STARTED elapsedMs=3664
[15:43:49] [Render thread/INFO] (lodekeeper) [Lodekeeper] NAV calcTool=minecraft:crafting_table slot=0
[15:43:49] [Render thread/INFO] (lodekeeper) [Lodekeeper] NAV backend=baritone mode=FOLLOW event=CALC_FINISHED_NOW_EXECUTING elapsedMs=3664
[15:43:49] [Render thread/INFO] (lodekeeper) [Lodekeeper] PROGRESS elapsed_ms=56966 phase=traveling backend=baritone target=none navigation_elapsed_ms=3996 navigation_ticks=80 searching=false path_index=0 path_length=24 retries=0 pending_route_events=0 dropped_route_events=0 status=pursuing_cow__1_
[15:43:49] [Render thread/INFO] (lodekeeper) [Lodekeeper] NAV backend=baritone mode=FOLLOW event=CALC_STARTED elapsedMs=4200
[15:43:49] [Render thread/INFO] (lodekeeper) [Lodekeeper] NAV calcTool=minecraft:crafting_table slot=0
[15:43:49] [Render thread/INFO] (lodekeeper) [Lodekeeper] NAV backend=baritone mode=FOLLOW event=CALC_FINISHED_NOW_EXECUTING elapsedMs=4201
[15:43:50] [Render thread/INFO] (lodekeeper) [Lodekeeper] NAV backend=baritone mode=FOLLOW event=CALC_STARTED elapsedMs=4705
[15:43:50] [Render thread/INFO] (lodekeeper) [Lodekeeper] NAV calcTool=minecraft:crafting_table slot=0
[15:43:50] [Render thread/INFO] (lodekeeper) [Lodekeeper] NAV backend=baritone mode=FOLLOW event=CALC_FINISHED_NOW_EXECUTING elapsedMs=4705
[15:43:51] [Render thread/INFO] (lodekeeper) [Lodekeeper] NAV backend=baritone mode=FOLLOW event=CALC_STARTED elapsedMs=5407
[15:43:51] [Render thread/INFO] (lodekeeper) [Lodekeeper] NAV calcTool=minecraft:crafting_table slot=0
[15:43:51] [Render thread/INFO] (lodekeeper) [Lodekeeper] NAV backend=baritone mode=FOLLOW event=CALC_FINISHED_NOW_EXECUTING elapsedMs=5407
[15:43:51] [Render thread/INFO] (lodekeeper) [Lodekeeper] PROGRESS elapsed_ms=58973 phase=traveling backend=baritone target=none navigation_elapsed_ms=6007 navigation_ticks=120 searching=false path_index=0 path_length=21 retries=0 pending_route_events=0 dropped_route_events=0 status=pursuing_cow__1_
[15:43:52] [Render thread/INFO] (lodekeeper) [Lodekeeper] NAV backend=baritone mode=FOLLOW event=CALC_STARTED elapsedMs=6376
[15:43:52] [Render thread/INFO] (lodekeeper) [Lodekeeper] NAV calcTool=minecraft:crafting_table slot=0
[15:43:52] [Render thread/INFO] (lodekeeper) [Lodekeeper] NAV backend=baritone mode=FOLLOW event=CALC_FINISHED_NOW_EXECUTING elapsedMs=6376
[15:43:52] [Render thread/INFO] (lodekeeper) [Lodekeeper] NAV backend=baritone mode=FOLLOW event=CALC_STARTED elapsedMs=6849
[15:43:52] [Render thread/INFO] (lodekeeper) [Lodekeeper] NAV calcTool=minecraft:crafting_table slot=0
[15:43:52] [Render thread/INFO] (lodekeeper) [Lodekeeper] NAV backend=baritone mode=FOLLOW event=CALC_FINISHED_NOW_EXECUTING elapsedMs=6849
[15:43:52] [Render thread/INFO] (lodekeeper) [Lodekeeper] FOOD_PURSUIT event=abort target=257e7990-cec7-4c85-993d-d43d6b7f21d1 routes=1 failedRoutes=0 attacks=0 health=10.0 closestBoxDistance=15.36 elapsedMs=7049
[15:43:52] [Render thread/INFO] (Minecraft) [System] [CHAT] [Lodekeeper] Food acquisition is replanning: passive food action failed: tracked animal changed or became unsafe before attack; movement cancellation remains pending
[15:43:52] [Render thread/INFO] (lodekeeper) [Lodekeeper] NAV backend=baritone mode=IDLE event=CANCELED elapsedMs=7052
[15:43:52] [Render thread/INFO] (lodekeeper) [Lodekeeper] NAV backend=baritone mode=IDLE event=CANCELED elapsedMs=7052
[15:43:52] [lodekeeper-planner/INFO] (lodekeeper) [Lodekeeper] PROJECT_MATERIALS project=gear_diamond before=[gather:minecraft:iron_ore:3, gather:minecraft:stone:7, gather:minecraft:birch_log:1, gather:minecraft:diamond_ore:3, gather:minecraft:diamond_ore:3, gather:minecraft:diamond_ore:4, gather:minecraft:diamond_ore:8, gather:minecraft:diamond_ore:5, gather:minecraft:diamond_ore:2, gather:minecraft:diamond_ore:7, gather:minecraft:diamond_ore:1, gather:minecraft:acacia_log:1, gather:minecraft:diamond_ore:2] after=[gather:minecraft:iron_ore:3, gather:minecraft:stone:7, gather:minecraft:birch_log:1, gather:minecraft:diamond_ore:3, gather:minecraft:diamond_ore:3, gather:minecraft:diamond_ore:4, gather:minecraft:diamond_ore:8, gather:minecraft:diamond_ore:5, gather:minecraft:diamond_ore:2, gather:minecraft:diamond_ore:7, gather:minecraft:diamond_ore:1, gather:minecraft:acacia_log:1, gather:minecraft:diamond_ore:2]
[15:43:52] [lodekeeper-planner/INFO] (lodekeeper) [Lodekeeper] PLAN project=gear_diamond success=true steps=32 branches=149 elapsedMs=5.648934
[15:43:52] [Render thread/INFO] (lodekeeper) [Lodekeeper] NAV backend=baritone mode=IDLE event=CANCELED elapsedMs=7117
[15:43:52] [Render thread/INFO] (lodekeeper) [Lodekeeper] NAV backend=baritone mode=IDLE event=CANCELED elapsedMs=7151
[15:43:52] [Render thread/INFO] (lodekeeper) [Lodekeeper] NAV backend=baritone mode=IDLE event=CANCELED elapsedMs=7218
[15:43:52] [Render thread/INFO] (lodekeeper) [Lodekeeper] STEP kind=GATHER source=gather:minecraft:iron_ore output=minecraft:raw_iron count=3 operations=3 auxiliary=false
[15:43:52] [Render thread/INFO] (lodekeeper) [Lodekeeper] MINING_DEPTH policy=NEAREST desiredY=16 ceiling=2031 deficit=3 phase=MINE blocks=[Block{minecraft:iron_ore}, Block{minecraft:deepslate_iron_ore}]
[15:43:52] [Render thread/INFO] (lodekeeper) [Lodekeeper] NAV backend=baritone mode=MINE event=CALC_STARTED elapsedMs=4
[15:43:52] [Render thread/INFO] (lodekeeper) [Lodekeeper] NAV calcTool=minecraft:stone_pickaxe slot=7
[15:43:53] [Render thread/INFO] (lodekeeper) [Lodekeeper] NAV discovered=2 retained=64 rejected=0 requestTicks=3 phase=MINE
[15:43:53] [Render thread/INFO] (lodekeeper) [Lodekeeper] NAV backend=baritone mode=MINE event=CALC_FINISHED_NOW_EXECUTING elapsedMs=167
[15:43:53] [Render thread/INFO] (lodekeeper) [Lodekeeper] TARGET target=-14,55,42 block=minecraft:iron_ore
[15:43:53] [Render thread/INFO] (lodekeeper) [Lodekeeper] NAV discovered=2 retained=64 rejected=0 requestTicks=7 phase=MINE
[15:43:53] [Render thread/INFO] (lodekeeper) [Lodekeeper] BREAK target=MutableBlockPos{x=-14, y=65, z=42} block=Block{minecraft:grass_block} tool=minecraft:crafting_table slot=0 remaining=-1 required=route
[15:43:53] [Render thread/INFO] (lodekeeper) [Lodekeeper] PROGRESS elapsed_ms=61026 phase=traveling backend=baritone target=-14,55,42 block=minecraft:iron_ore navigation_elapsed_ms=807 navigation_ticks=16 searching=false path_index=0 path_length=13 retries=0 pending_route_events=0 dropped_route_events=0 status=mining_and_collecting_minecraft:raw_iron___0/3
[15:43:55] [Render thread/INFO] (lodekeeper) [Lodekeeper] BREAK target=MutableBlockPos{x=-14, y=64, z=42} block=Block{minecraft:dirt} tool=minecraft:crafting_table slot=0 remaining=-1 required=route
[15:43:56] [Render thread/INFO] (lodekeeper) [Lodekeeper] PROGRESS elapsed_ms=63076 phase=traveling backend=baritone target=-14,55,42 block=minecraft:iron_ore navigation_elapsed_ms=3024 navigation_ticks=60 searching=false path_index=0 path_length=10 retries=0 pending_route_events=0 dropped_route_events=0 status=mining_and_collecting_minecraft:raw_iron___0/3
[15:43:56] [Render thread/INFO] (lodekeeper) [Lodekeeper] BREAK target=MutableBlockPos{x=-14, y=63, z=42} block=Block{minecraft:dirt} tool=minecraft:crafting_table slot=0 remaining=-1 required=route
[15:43:57] [Render thread/INFO] (lodekeeper) [Lodekeeper] BREAK target=MutableBlockPos{x=-14, y=62, z=42} block=Block{minecraft:stone} tool=minecraft:stone_pickaxe slot=7 remaining=131 required=route
[15:43:58] [Render thread/INFO] (lodekeeper) [Lodekeeper] PROGRESS elapsed_ms=65125 phase=traveling backend=baritone target=-14,55,42 block=minecraft:iron_ore navigation_elapsed_ms=5007 navigation_ticks=100 searching=false path_index=0 path_length=8 retries=0 pending_route_events=0 dropped_route_events=0 status=mining_and_collecting_minecraft:raw_iron___0/3
[15:43:58] [Render thread/INFO] (lodekeeper) [Lodekeeper] BREAK target=MutableBlockPos{x=-14, y=61, z=42} block=Block{minecraft:stone} tool=minecraft:stone_pickaxe slot=7 remaining=130 required=route
[15:43:59] [Render thread/INFO] (lodekeeper) [Lodekeeper] BREAK target=MutableBlockPos{x=-14, y=60, z=42} block=Block{minecraft:stone} tool=minecraft:stone_pickaxe slot=7 remaining=129 required=route
[15:43:59] [Render thread/INFO] (lodekeeper) [Lodekeeper] BREAK target=MutableBlockPos{x=-14, y=59, z=42} block=Block{minecraft:stone} tool=minecraft:stone_pickaxe slot=7 remaining=128 required=route
[15:44:00] [Render thread/INFO] (lodekeeper) [Lodekeeper] PROGRESS elapsed_ms=67178 phase=traveling backend=baritone target=-14,55,42 block=minecraft:iron_ore navigation_elapsed_ms=7024 navigation_ticks=140 searching=false path_index=0 path_length=6 retries=0 pending_route_events=0 dropped_route_events=0 status=mining_and_collecting_minecraft:raw_iron___0/3
[15:44:00] [Render thread/INFO] (lodekeeper) [Lodekeeper] BREAK target=MutableBlockPos{x=-14, y=58, z=42} block=Block{minecraft:stone} tool=minecraft:stone_pickaxe slot=7 remaining=127 required=route
[15:44:01] [Render thread/INFO] (lodekeeper) [Lodekeeper] BREAK target=MutableBlockPos{x=-14, y=57, z=42} block=Block{minecraft:stone} tool=minecraft:stone_pickaxe slot=7 remaining=126 required=route
[15:44:02] [Render thread/INFO] (lodekeeper) [Lodekeeper] PROGRESS elapsed_ms=69223 phase=traveling backend=baritone target=-14,55,42 block=minecraft:iron_ore navigation_elapsed_ms=9004 navigation_ticks=180 searching=false path_index=0 path_length=4 retries=0 pending_route_events=0 dropped_route_events=0 status=mining_and_collecting_minecraft:raw_iron___0/3
[15:44:02] [Render thread/INFO] (lodekeeper) [Lodekeeper] BREAK target=MutableBlockPos{x=-14, y=56, z=42} block=Block{minecraft:stone} tool=minecraft:stone_pickaxe slot=7 remaining=125 required=route
[15:44:02] [Render thread/INFO] (lodekeeper) [Lodekeeper] TARGET target=none
[15:44:02] [Render thread/INFO] (lodekeeper) [Lodekeeper] NAV backend=baritone mode=IDLE event=CANCELED elapsedMs=9976
[15:44:02] [Render thread/INFO] (lodekeeper) [Lodekeeper] NAV backend=baritone mode=IDLE event=CANCELED elapsedMs=9998
[15:44:02] [Render thread/INFO] (lodekeeper) [Lodekeeper] FOOD_PURSUIT event=start target=b4a349b8-07ca-443d-ad84-b939d6373e5b routes=1 failedRoutes=0 attacks=0 health=10.0 closestBoxDistance=18.97 elapsedMs=0
[15:44:02] [Render thread/INFO] (lodekeeper) [Lodekeeper] NAV backend=baritone mode=FOLLOW event=CALC_STARTED elapsedMs=1
[15:44:02] [Render thread/INFO] (lodekeeper) [Lodekeeper] NAV calcTool=minecraft:stone_pickaxe slot=7
[15:44:03] [Render thread/INFO] (lodekeeper) [Lodekeeper] NAV backend=baritone mode=FOLLOW event=CALC_FINISHED_NOW_EXECUTING elapsedMs=34
[15:44:04] [Render thread/INFO] (lodekeeper) [Lodekeeper] PROGRESS elapsed_ms=71271 phase=traveling backend=baritone target=none navigation_elapsed_ms=1209 navigation_ticks=24 searching=false path_index=0 path_length=22 retries=0 pending_route_events=0 dropped_route_events=0 status=pursuing_cow__1_
[15:44:05] [Render thread/INFO] (lodekeeper) [Lodekeeper] NAV backend=baritone mode=FOLLOW event=CALC_STARTED elapsedMs=2218
[15:44:05] [Render thread/INFO] (lodekeeper) [Lodekeeper] NAV calcTool=minecraft:cobblestone slot=2
[15:44:05] [Render thread/INFO] (lodekeeper) [Lodekeeper] NAV backend=baritone mode=FOLLOW event=CALC_FINISHED_NOW_EXECUTING elapsedMs=2218
[15:44:06] [Render thread/INFO] (lodekeeper) [Lodekeeper] BREAK target=MutableBlockPos{x=-13, y=65, z=42} block=Block{minecraft:grass_block} tool=minecraft:crafting_table slot=0 remaining=-1 required=route
[15:44:06] [Render thread/INFO] (lodekeeper) [Lodekeeper] PROGRESS elapsed_ms=73299 phase=traveling backend=baritone target=none navigation_elapsed_ms=3203 navigation_ticks=64 searching=false path_index=0 path_length=15 retries=0 pending_route_events=0 dropped_route_events=0 status=pursuing_cow__1_
[15:44:07] [Render thread/INFO] (lodekeeper) [Lodekeeper] NAV backend=baritone mode=FOLLOW event=CALC_STARTED elapsedMs=4412
[15:44:07] [Render thread/INFO] (lodekeeper) [Lodekeeper] NAV calcTool=minecraft:crafting_table slot=0
[15:44:07] [Render thread/INFO] (lodekeeper) [Lodekeeper] NAV backend=baritone mode=FOLLOW event=CALC_FINISHED_NOW_EXECUTING elapsedMs=4412
[15:44:07] [Render thread/INFO] (lodekeeper) [Lodekeeper] NAV backend=baritone mode=FOLLOW event=CALC_STARTED elapsedMs=4951
[15:44:07] [Render thread/INFO] (lodekeeper) [Lodekeeper] NAV calcTool=minecraft:crafting_table slot=0
[15:44:07] [Render thread/INFO] (lodekeeper) [Lodekeeper] NAV backend=baritone mode=FOLLOW event=CALC_FINISHED_NOW_EXECUTING elapsedMs=4951
[15:44:08] [Render thread/INFO] (lodekeeper) [Lodekeeper] PROGRESS elapsed_ms=75313 phase=traveling backend=baritone target=none navigation_elapsed_ms=5184 navigation_ticks=104 searching=false path_index=0 path_length=13 retries=0 pending_route_events=0 dropped_route_events=0 status=pursuing_cow__1_
[15:44:08] [Render thread/INFO] (lodekeeper) [Lodekeeper] NAV backend=baritone mode=FOLLOW event=CALC_STARTED elapsedMs=5957
[15:44:08] [Render thread/INFO] (lodekeeper) [Lodekeeper] NAV calcTool=minecraft:crafting_table slot=0
[15:44:08] [Render thread/INFO] (lodekeeper) [Lodekeeper] NAV backend=baritone mode=FOLLOW event=CALC_FINISHED_NOW_EXECUTING elapsedMs=5958
[15:44:10] [Render thread/INFO] (lodekeeper) [Lodekeeper] PROGRESS elapsed_ms=77322 phase=traveling backend=baritone target=none navigation_elapsed_ms=7193 navigation_ticks=144 searching=false path_index=0 path_length=6 retries=0 pending_route_events=0 dropped_route_events=0 status=pursuing_cow__1_
[15:44:10] [Render thread/INFO] (lodekeeper) [Lodekeeper] FOOD_PURSUIT event=in-reach target=b4a349b8-07ca-443d-ad84-b939d6373e5b routes=1 failedRoutes=0 attacks=0 health=10.0 closestBoxDistance=2.88 elapsedMs=7494
[15:44:10] [Render thread/INFO] (lodekeeper) [Lodekeeper] NAV backend=baritone mode=IDLE event=CANCELED elapsedMs=7495
[15:44:10] [Render thread/INFO] (lodekeeper) [Lodekeeper] NAV backend=baritone mode=IDLE event=CANCELED elapsedMs=7495
[15:44:10] [Render thread/INFO] (lodekeeper) [Lodekeeper] NAV backend=baritone mode=IDLE event=CANCELED elapsedMs=7562
[15:44:10] [Render thread/INFO] (lodekeeper) [Lodekeeper] NAV backend=baritone mode=IDLE event=CANCELED elapsedMs=7595
[15:44:10] [Render thread/INFO] (lodekeeper) [Lodekeeper] NAV backend=baritone mode=IDLE event=CANCELED elapsedMs=7662
[15:44:10] [Render thread/INFO] (lodekeeper) [Lodekeeper] NAV backend=baritone mode=IDLE event=CANCELED elapsedMs=7696
[15:44:10] [Render thread/INFO] (lodekeeper) [Lodekeeper] NAV backend=baritone mode=IDLE event=CANCELED elapsedMs=7763
[15:44:10] [Render thread/INFO] (lodekeeper) [Lodekeeper] NAV backend=baritone mode=IDLE event=CANCELED elapsedMs=7796
[15:44:10] [Render thread/INFO] (lodekeeper) [Lodekeeper] NAV backend=baritone mode=IDLE event=CANCELED elapsedMs=7863
[15:44:10] [Render thread/INFO] (lodekeeper) [Lodekeeper] NAV backend=baritone mode=IDLE event=CANCELED elapsedMs=7895
[15:44:10] [Render thread/INFO] (lodekeeper) [Lodekeeper] NAV backend=baritone mode=IDLE event=CANCELED elapsedMs=7963
[15:44:10] [Render thread/INFO] (lodekeeper) [Lodekeeper] FOOD_PURSUIT event=start target=b4a349b8-07ca-443d-ad84-b939d6373e5b routes=2 failedRoutes=0 attacks=0 health=10.0 closestBoxDistance=3.35 elapsedMs=7997
[15:44:10] [Render thread/INFO] (lodekeeper) [Lodekeeper] NAV backend=baritone mode=FOLLOW event=CALC_STARTED elapsedMs=2
[15:44:10] [Render thread/INFO] (lodekeeper) [Lodekeeper] NAV calcTool=minecraft:crafting_table slot=0
[15:44:11] [Render thread/INFO] (lodekeeper) [Lodekeeper] NAV backend=baritone mode=FOLLOW event=CALC_FINISHED_NOW_EXECUTING elapsedMs=68
[15:44:11] [Render thread/INFO] (lodekeeper) [Lodekeeper] FOOD_PURSUIT event=in-reach target=b4a349b8-07ca-443d-ad84-b939d6373e5b routes=2 failedRoutes=0 attacks=0 health=10.0 closestBoxDistance=2.87 elapsedMs=8165
[15:44:11] [Render thread/INFO] (lodekeeper) [Lodekeeper] NAV backend=baritone mode=IDLE event=CANCELED elapsedMs=169
[15:44:11] [Render thread/INFO] (lodekeeper) [Lodekeeper] NAV backend=baritone mode=IDLE event=CANCELED elapsedMs=169
[15:44:11] [Render thread/INFO] (lodekeeper) [Lodekeeper] NAV backend=baritone mode=IDLE event=CANCELED elapsedMs=202
[15:44:11] [Render thread/INFO] (lodekeeper) [Lodekeeper] NAV backend=baritone mode=IDLE event=CANCELED elapsedMs=269
[15:44:11] [Render thread/INFO] (lodekeeper) [Lodekeeper] NAV backend=baritone mode=IDLE event=CANCELED elapsedMs=302
[15:44:11] [Render thread/INFO] (lodekeeper) [Lodekeeper] NAV backend=baritone mode=IDLE event=CANCELED elapsedMs=370
[15:44:11] [Render thread/INFO] (lodekeeper) [Lodekeeper] NAV backend=baritone mode=IDLE event=CANCELED elapsedMs=403
[15:44:11] [Render thread/INFO] (lodekeeper) [Lodekeeper] NAV backend=baritone mode=IDLE event=CANCELED elapsedMs=469
[15:44:11] [Render thread/INFO] (lodekeeper) [Lodekeeper] NAV backend=baritone mode=IDLE event=CANCELED elapsedMs=503
[15:44:11] [Render thread/INFO] (lodekeeper) [Lodekeeper] NAV backend=baritone mode=IDLE event=CANCELED elapsedMs=536
[15:44:11] [Render thread/INFO] (lodekeeper) [Lodekeeper] NAV backend=baritone mode=IDLE event=CANCELED elapsedMs=604
[15:44:11] [Render thread/INFO] (lodekeeper) [Lodekeeper] FOOD_PURSUIT event=start target=b4a349b8-07ca-443d-ad84-b939d6373e5b routes=3 failedRoutes=0 attacks=0 health=10.0 closestBoxDistance=3.35 elapsedMs=8634
[15:44:11] [Render thread/INFO] (lodekeeper) [Lodekeeper] NAV backend=baritone mode=FOLLOW event=CALC_STARTED elapsedMs=2
[15:44:11] [Render thread/INFO] (lodekeeper) [Lodekeeper] NAV calcTool=minecraft:crafting_table slot=0
[15:44:11] [Render thread/INFO] (lodekeeper) [Lodekeeper] NAV backend=baritone mode=FOLLOW event=CALC_FINISHED_NOW_EXECUTING elapsedMs=67
[15:44:11] [Render thread/INFO] (lodekeeper) [Lodekeeper] FOOD_PURSUIT event=in-reach target=b4a349b8-07ca-443d-ad84-b939d6373e5b routes=3 failedRoutes=0 attacks=0 health=10.0 closestBoxDistance=2.87 elapsedMs=8802
[15:44:11] [Render thread/INFO] (lodekeeper) [Lodekeeper] NAV backend=baritone mode=IDLE event=CANCELED elapsedMs=168
[15:44:11] [Render thread/INFO] (lodekeeper) [Lodekeeper] NAV backend=baritone mode=IDLE event=CANCELED elapsedMs=168
[15:44:11] [Render thread/INFO] (lodekeeper) [Lodekeeper] NAV backend=baritone mode=IDLE event=CANCELED elapsedMs=201
[15:44:11] [Render thread/INFO] (lodekeeper) [Lodekeeper] NAV backend=baritone mode=IDLE event=CANCELED elapsedMs=267
[15:44:11] [Render thread/INFO] (lodekeeper) [Lodekeeper] NAV backend=baritone mode=IDLE event=CANCELED elapsedMs=302
[15:44:11] [Render thread/INFO] (lodekeeper) [Lodekeeper] NAV backend=baritone mode=IDLE event=CANCELED elapsedMs=368
[15:44:12] [Render thread/INFO] (lodekeeper) [Lodekeeper] NAV backend=baritone mode=IDLE event=CANCELED elapsedMs=402
[15:44:12] [Render thread/INFO] (lodekeeper) [Lodekeeper] NAV backend=baritone mode=IDLE event=CANCELED elapsedMs=469
[15:44:12] [Render thread/INFO] (lodekeeper) [Lodekeeper] NAV backend=baritone mode=IDLE event=CANCELED elapsedMs=502
[15:44:12] [Render thread/INFO] (lodekeeper) [Lodekeeper] NAV backend=baritone mode=IDLE event=CANCELED elapsedMs=569
[15:44:12] [Render thread/INFO] (lodekeeper) [Lodekeeper] NAV backend=baritone mode=IDLE event=CANCELED elapsedMs=602
[15:44:12] [Render thread/INFO] (lodekeeper) [Lodekeeper] FOOD_PURSUIT event=start target=b4a349b8-07ca-443d-ad84-b939d6373e5b routes=4 failedRoutes=0 attacks=0 health=10.0 closestBoxDistance=3.36 elapsedMs=9303
[15:44:12] [Render thread/INFO] (lodekeeper) [Lodekeeper] PROGRESS elapsed_ms=79365 phase=working backend=baritone target=none navigation_elapsed_ms=0 navigation_ticks=0 searching=false path_index=0 path_length=0 retries=0 pending_route_events=0 dropped_route_events=0 status=stopping_movement_before_attack
[15:44:12] [Render thread/INFO] (lodekeeper) [Lodekeeper] NAV backend=baritone mode=FOLLOW event=CALC_STARTED elapsedMs=2
[15:44:12] [Render thread/INFO] (lodekeeper) [Lodekeeper] NAV calcTool=minecraft:crafting_table slot=0
[15:44:12] [Render thread/INFO] (lodekeeper) [Lodekeeper] NAV backend=baritone mode=FOLLOW event=CALC_FINISHED_NOW_EXECUTING elapsedMs=34
[15:44:12] [Render thread/INFO] (lodekeeper) [Lodekeeper] FOOD_PURSUIT event=in-reach target=b4a349b8-07ca-443d-ad84-b939d6373e5b routes=4 failedRoutes=0 attacks=0 health=10.0 closestBoxDistance=2.88 elapsedMs=9437
[15:44:12] [Render thread/INFO] (lodekeeper) [Lodekeeper] NAV backend=baritone mode=IDLE event=CANCELED elapsedMs=134
[15:44:12] [Render thread/INFO] (lodekeeper) [Lodekeeper] NAV backend=baritone mode=IDLE event=CANCELED elapsedMs=134
[15:44:12] [Render thread/INFO] (lodekeeper) [Lodekeeper] NAV backend=baritone mode=IDLE event=CANCELED elapsedMs=200
[15:44:12] [Render thread/INFO] (lodekeeper) [Lodekeeper] NAV backend=baritone mode=IDLE event=CANCELED elapsedMs=235
[15:44:12] [Render thread/INFO] (lodekeeper) [Lodekeeper] NAV backend=baritone mode=IDLE event=CANCELED elapsedMs=302
[15:44:12] [Render thread/INFO] (lodekeeper) [Lodekeeper] NAV backend=baritone mode=IDLE event=CANCELED elapsedMs=335
[15:44:12] [Render thread/INFO] (lodekeeper) [Lodekeeper] NAV backend=baritone mode=IDLE event=CANCELED elapsedMs=402
[15:44:12] [Render thread/INFO] (lodekeeper) [Lodekeeper] NAV backend=baritone mode=IDLE event=CANCELED elapsedMs=436
[15:44:12] [Render thread/INFO] (lodekeeper) [Lodekeeper] NAV backend=baritone mode=IDLE event=CANCELED elapsedMs=502
[15:44:12] [Render thread/INFO] (lodekeeper) [Lodekeeper] NAV backend=baritone mode=IDLE event=CANCELED elapsedMs=536
[15:44:12] [Render thread/INFO] (lodekeeper) [Lodekeeper] NAV backend=baritone mode=IDLE event=CANCELED elapsedMs=603
[15:44:12] [Render thread/INFO] (lodekeeper) [Lodekeeper] FOOD_PURSUIT event=start target=b4a349b8-07ca-443d-ad84-b939d6373e5b routes=5 failedRoutes=0 attacks=0 health=10.0 closestBoxDistance=3.36 elapsedMs=9940
[15:44:12] [Render thread/INFO] (lodekeeper) [Lodekeeper] NAV backend=baritone mode=FOLLOW event=CALC_STARTED elapsedMs=1
[15:44:12] [Render thread/INFO] (lodekeeper) [Lodekeeper] NAV calcTool=minecraft:crafting_table slot=0
[15:44:13] [Render thread/INFO] (lodekeeper) [Lodekeeper] NAV backend=baritone mode=FOLLOW event=CALC_FINISHED_NOW_EXECUTING elapsedMs=67
[15:44:13] [Render thread/INFO] (lodekeeper) [Lodekeeper] FOOD_PURSUIT event=in-reach target=b4a349b8-07ca-443d-ad84-b939d6373e5b routes=5 failedRoutes=0 attacks=0 health=10.0 closestBoxDistance=2.88 elapsedMs=10108
[15:44:13] [Render thread/INFO] (lodekeeper) [Lodekeeper] NAV backend=baritone mode=IDLE event=CANCELED elapsedMs=182
[15:44:13] [Render thread/INFO] (lodekeeper) [Lodekeeper] NAV backend=baritone mode=IDLE event=CANCELED elapsedMs=183
[15:44:13] [Render thread/INFO] (lodekeeper) [Lodekeeper] NAV backend=baritone mode=IDLE event=CANCELED elapsedMs=203
[15:44:13] [Render thread/INFO] (lodekeeper) [Lodekeeper] NAV backend=baritone mode=IDLE event=CANCELED elapsedMs=268
[15:44:13] [Render thread/INFO] (lodekeeper) [Lodekeeper] NAV backend=baritone mode=IDLE event=CANCELED elapsedMs=303
[15:44:13] [Render thread/INFO] (lodekeeper) [Lodekeeper] NAV backend=baritone mode=IDLE event=CANCELED elapsedMs=369
[15:44:13] [Render thread/INFO] (lodekeeper) [Lodekeeper] NAV backend=baritone mode=IDLE event=CANCELED elapsedMs=402
[15:44:13] [Render thread/INFO] (lodekeeper) [Lodekeeper] NAV backend=baritone mode=IDLE event=CANCELED elapsedMs=469
[15:44:13] [Render thread/INFO] (lodekeeper) [Lodekeeper] NAV backend=baritone mode=IDLE event=CANCELED elapsedMs=503
[15:44:13] [Render thread/INFO] (lodekeeper) [Lodekeeper] NAV backend=baritone mode=IDLE event=CANCELED elapsedMs=569
[15:44:13] [Render thread/INFO] (lodekeeper) [Lodekeeper] NAV backend=baritone mode=IDLE event=CANCELED elapsedMs=603
[15:44:13] [Render thread/INFO] (lodekeeper) [Lodekeeper] FOOD_PURSUIT event=start target=b4a349b8-07ca-443d-ad84-b939d6373e5b routes=6 failedRoutes=0 attacks=0 health=10.0 closestBoxDistance=3.36 elapsedMs=10609
[15:44:13] [Render thread/INFO] (lodekeeper) [Lodekeeper] NAV backend=baritone mode=FOLLOW event=CALC_STARTED elapsedMs=11
[15:44:13] [Render thread/INFO] (lodekeeper) [Lodekeeper] NAV calcTool=minecraft:crafting_table slot=0
[15:44:13] [Render thread/INFO] (lodekeeper) [Lodekeeper] NAV backend=baritone mode=FOLLOW event=CALC_FINISHED_NOW_EXECUTING elapsedMs=39
[15:44:13] [Render thread/INFO] (lodekeeper) [Lodekeeper] FOOD_PURSUIT event=in-reach target=b4a349b8-07ca-443d-ad84-b939d6373e5b routes=6 failedRoutes=0 attacks=0 health=10.0 closestBoxDistance=2.88 elapsedMs=10748
[15:44:13] [Render thread/INFO] (lodekeeper) [Lodekeeper] NAV backend=baritone mode=IDLE event=CANCELED elapsedMs=140
[15:44:13] [Render thread/INFO] (lodekeeper) [Lodekeeper] NAV backend=baritone mode=IDLE event=CANCELED elapsedMs=140
[15:44:13] [Render thread/INFO] (lodekeeper) [Lodekeeper] NAV backend=baritone mode=IDLE event=CANCELED elapsedMs=206
[15:44:13] [Render thread/INFO] (lodekeeper) [Lodekeeper] NAV backend=baritone mode=IDLE event=CANCELED elapsedMs=240
[15:44:13] [Render thread/INFO] (lodekeeper) [Lodekeeper] NAV backend=baritone mode=IDLE event=CANCELED elapsedMs=306
[15:44:13] [Render thread/INFO] (lodekeeper) [Lodekeeper] NAV backend=baritone mode=IDLE event=CANCELED elapsedMs=339
[15:44:13] [Render thread/INFO] (lodekeeper) [Lodekeeper] NAV backend=baritone mode=IDLE event=CANCELED elapsedMs=374
[15:44:14] [Render thread/INFO] (lodekeeper) [Lodekeeper] NAV backend=baritone mode=IDLE event=CANCELED elapsedMs=442
[15:44:14] [Render thread/INFO] (lodekeeper) [Lodekeeper] NAV backend=baritone mode=IDLE event=CANCELED elapsedMs=476
[15:44:14] [Render thread/INFO] (lodekeeper) [Lodekeeper] NAV backend=baritone mode=IDLE event=CANCELED elapsedMs=544
[15:44:14] [Render thread/INFO] (lodekeeper) [Lodekeeper] NAV backend=baritone mode=IDLE event=CANCELED elapsedMs=577
[15:44:14] [Render thread/INFO] (lodekeeper) [Lodekeeper] FOOD_PURSUIT event=start target=b4a349b8-07ca-443d-ad84-b939d6373e5b routes=7 failedRoutes=0 attacks=0 health=10.0 closestBoxDistance=3.36 elapsedMs=11253
[15:44:14] [Render thread/INFO] (lodekeeper) [Lodekeeper] NAV backend=baritone mode=FOLLOW event=CALC_STARTED elapsedMs=2
[15:44:14] [Render thread/INFO] (lodekeeper) [Lodekeeper] NAV calcTool=minecraft:crafting_table slot=0
[15:44:14] [Render thread/INFO] (lodekeeper) [Lodekeeper] NAV backend=baritone mode=FOLLOW event=CALC_FINISHED_NOW_EXECUTING elapsedMs=35
[15:44:14] [Render thread/INFO] (lodekeeper) [Lodekeeper] PROGRESS elapsed_ms=81416 phase=working backend=baritone target=none navigation_elapsed_ms=0 navigation_ticks=0 searching=false path_index=0 path_length=0 retries=0 pending_route_events=0 dropped_route_events=0 status=pursuing_cow__7_
[15:44:14] [Render thread/INFO] (lodekeeper) [Lodekeeper] FOOD_PURSUIT event=in-reach target=b4a349b8-07ca-443d-ad84-b939d6373e5b routes=7 failedRoutes=0 attacks=0 health=10.0 closestBoxDistance=2.88 elapsedMs=11388
[15:44:14] [Render thread/INFO] (lodekeeper) [Lodekeeper] NAV backend=baritone mode=IDLE event=CANCELED elapsedMs=135
[15:44:14] [Render thread/INFO] (lodekeeper) [Lodekeeper] NAV backend=baritone mode=IDLE event=CANCELED elapsedMs=135
[15:44:14] [Render thread/INFO] (lodekeeper) [Lodekeeper] NAV backend=baritone mode=IDLE event=CANCELED elapsedMs=203
[15:44:14] [Render thread/INFO] (lodekeeper) [Lodekeeper] NAV backend=baritone mode=IDLE event=CANCELED elapsedMs=236
[15:44:14] [Render thread/INFO] (lodekeeper) [Lodekeeper] NAV backend=baritone mode=IDLE event=CANCELED elapsedMs=303
[15:44:14] [Render thread/INFO] (lodekeeper) [Lodekeeper] NAV backend=baritone mode=IDLE event=CANCELED elapsedMs=336
[15:44:14] [Render thread/INFO] (lodekeeper) [Lodekeeper] NAV backend=baritone mode=IDLE event=CANCELED elapsedMs=403
[15:44:14] [Render thread/INFO] (lodekeeper) [Lodekeeper] NAV backend=baritone mode=IDLE event=CANCELED elapsedMs=436
[15:44:14] [Render thread/INFO] (lodekeeper) [Lodekeeper] NAV backend=baritone mode=IDLE event=CANCELED elapsedMs=504
[15:44:14] [Render thread/INFO] (lodekeeper) [Lodekeeper] NAV backend=baritone mode=IDLE event=CANCELED elapsedMs=538
[15:44:14] [Render thread/INFO] (lodekeeper) [Lodekeeper] NAV backend=baritone mode=IDLE event=CANCELED elapsedMs=606
[15:44:14] [Render thread/INFO] (lodekeeper) [Lodekeeper] FOOD_PURSUIT event=start target=b4a349b8-07ca-443d-ad84-b939d6373e5b routes=8 failedRoutes=0 attacks=0 health=10.0 closestBoxDistance=3.36 elapsedMs=11891
[15:44:14] [Render thread/INFO] (lodekeeper) [Lodekeeper] NAV backend=baritone mode=FOLLOW event=CALC_STARTED elapsedMs=2
[15:44:14] [Render thread/INFO] (lodekeeper) [Lodekeeper] NAV calcTool=minecraft:crafting_table slot=0
[15:44:14] [Render thread/INFO] (lodekeeper) [Lodekeeper] NAV backend=baritone mode=FOLLOW event=CALC_FINISHED_NOW_EXECUTING elapsedMs=68
[15:44:15] [Render thread/INFO] (lodekeeper) [Lodekeeper] FOOD_PURSUIT event=in-reach target=b4a349b8-07ca-443d-ad84-b939d6373e5b routes=8 failedRoutes=0 attacks=0 health=10.0 closestBoxDistance=2.88 elapsedMs=12059
[15:44:15] [Render thread/INFO] (lodekeeper) [Lodekeeper] NAV backend=baritone mode=IDLE event=CANCELED elapsedMs=169
[15:44:15] [Render thread/INFO] (lodekeeper) [Lodekeeper] NAV backend=baritone mode=IDLE event=CANCELED elapsedMs=169
[15:44:15] [Render thread/INFO] (lodekeeper) [Lodekeeper] NAV backend=baritone mode=IDLE event=CANCELED elapsedMs=201
[15:44:15] [Render thread/INFO] (lodekeeper) [Lodekeeper] NAV backend=baritone mode=IDLE event=CANCELED elapsedMs=268
[15:44:15] [Render thread/INFO] (lodekeeper) [Lodekeeper] NAV backend=baritone mode=IDLE event=CANCELED elapsedMs=301
[15:44:15] [Render thread/INFO] (lodekeeper) [Lodekeeper] NAV backend=baritone mode=IDLE event=CANCELED elapsedMs=368
[15:44:15] [Render thread/INFO] (lodekeeper) [Lodekeeper] NAV backend=baritone mode=IDLE event=CANCELED elapsedMs=401
[15:44:15] [Render thread/INFO] (lodekeeper) [Lodekeeper] NAV backend=baritone mode=IDLE event=CANCELED elapsedMs=468
[15:44:15] [Render thread/INFO] (lodekeeper) [Lodekeeper] NAV backend=baritone mode=IDLE event=CANCELED elapsedMs=501
[15:44:15] [Render thread/INFO] (lodekeeper) [Lodekeeper] NAV backend=baritone mode=IDLE event=CANCELED elapsedMs=570
[15:44:15] [Render thread/INFO] (lodekeeper) [Lodekeeper] NAV backend=baritone mode=IDLE event=CANCELED elapsedMs=603
[15:44:15] [Render thread/INFO] (lodekeeper) [Lodekeeper] FOOD_PURSUIT event=start target=b4a349b8-07ca-443d-ad84-b939d6373e5b routes=9 failedRoutes=0 attacks=0 health=10.0 closestBoxDistance=3.36 elapsedMs=12562
[15:44:15] [Render thread/INFO] (lodekeeper) [Lodekeeper] NAV backend=baritone mode=FOLLOW event=CALC_STARTED elapsedMs=1
[15:44:15] [Render thread/INFO] (lodekeeper) [Lodekeeper] NAV calcTool=minecraft:crafting_table slot=0
[15:44:15] [Render thread/INFO] (lodekeeper) [Lodekeeper] NAV backend=baritone mode=FOLLOW event=CALC_FINISHED_NOW_EXECUTING elapsedMs=35
[15:44:15] [Render thread/INFO] (lodekeeper) [Lodekeeper] FOOD_PURSUIT event=in-reach target=b4a349b8-07ca-443d-ad84-b939d6373e5b routes=9 failedRoutes=0 attacks=0 health=10.0 closestBoxDistance=2.88 elapsedMs=12696
[15:44:15] [Render thread/INFO] (lodekeeper) [Lodekeeper] NAV backend=baritone mode=IDLE event=CANCELED elapsedMs=135
[15:44:15] [Render thread/INFO] (lodekeeper) [Lodekeeper] NAV backend=baritone mode=IDLE event=CANCELED elapsedMs=135
[15:44:15] [Render thread/INFO] (lodekeeper) [Lodekeeper] NAV backend=baritone mode=IDLE event=CANCELED elapsedMs=203
[15:44:15] [Render thread/INFO] (lodekeeper) [Lodekeeper] NAV backend=baritone mode=IDLE event=CANCELED elapsedMs=237
[15:44:15] [Render thread/INFO] (lodekeeper) [Lodekeeper] NAV backend=baritone mode=IDLE event=CANCELED elapsedMs=272
[15:44:15] [Render thread/INFO] (lodekeeper) [Lodekeeper] NAV backend=baritone mode=IDLE event=CANCELED elapsedMs=339
[15:44:15] [Render thread/INFO] (lodekeeper) [Lodekeeper] NAV backend=baritone mode=IDLE event=CANCELED elapsedMs=372
[15:44:15] [Render thread/INFO] (lodekeeper) [Lodekeeper] NAV backend=baritone mode=IDLE event=CANCELED elapsedMs=439
[15:44:16] [Render thread/INFO] (lodekeeper) [Lodekeeper] NAV backend=baritone mode=IDLE event=CANCELED elapsedMs=472
[15:44:16] [Render thread/INFO] (lodekeeper) [Lodekeeper] NAV backend=baritone mode=IDLE event=CANCELED elapsedMs=540
[15:44:16] [Render thread/INFO] (lodekeeper) [Lodekeeper] NAV backend=baritone mode=IDLE event=CANCELED elapsedMs=575
[15:44:16] [Render thread/INFO] (lodekeeper) [Lodekeeper] FOOD_PURSUIT event=start target=b4a349b8-07ca-443d-ad84-b939d6373e5b routes=10 failedRoutes=0 attacks=0 health=10.0 closestBoxDistance=3.36 elapsedMs=13203
[15:44:16] [Render thread/INFO] (lodekeeper) [Lodekeeper] NAV backend=baritone mode=FOLLOW event=CALC_STARTED elapsedMs=13
[15:44:16] [Render thread/INFO] (lodekeeper) [Lodekeeper] NAV calcTool=minecraft:crafting_table slot=0
[15:44:16] [Render thread/INFO] (lodekeeper) [Lodekeeper] NAV backend=baritone mode=FOLLOW event=CALC_FINISHED_NOW_EXECUTING elapsedMs=39
[15:44:16] [Render thread/INFO] (lodekeeper) [Lodekeeper] FOOD_PURSUIT event=in-reach target=b4a349b8-07ca-443d-ad84-b939d6373e5b routes=10 failedRoutes=0 attacks=0 health=10.0 closestBoxDistance=2.88 elapsedMs=13344
[15:44:16] [Render thread/INFO] (lodekeeper) [Lodekeeper] NAV backend=baritone mode=IDLE event=CANCELED elapsedMs=142
[15:44:16] [Render thread/INFO] (lodekeeper) [Lodekeeper] NAV backend=baritone mode=IDLE event=CANCELED elapsedMs=142
[15:44:16] [Render thread/INFO] (lodekeeper) [Lodekeeper] PROGRESS elapsed_ms=83472 phase=working backend=baritone target=none navigation_elapsed_ms=0 navigation_ticks=0 searching=false path_index=0 path_length=0 retries=0 pending_route_events=0 dropped_route_events=0 status=finishing_movement_before_inventory_actions
[15:44:16] [Render thread/INFO] (lodekeeper) [Lodekeeper] NAV backend=baritone mode=IDLE event=CANCELED elapsedMs=208
[15:44:16] [Render thread/INFO] (lodekeeper) [Lodekeeper] NAV backend=baritone mode=IDLE event=CANCELED elapsedMs=241
[15:44:16] [Render thread/INFO] (lodekeeper) [Lodekeeper] NAV backend=baritone mode=IDLE event=CANCELED elapsedMs=307
[15:44:16] [Render thread/INFO] (lodekeeper) [Lodekeeper] NAV backend=baritone mode=IDLE event=CANCELED elapsedMs=342
[15:44:16] [Render thread/INFO] (lodekeeper) [Lodekeeper] NAV backend=baritone mode=IDLE event=CANCELED elapsedMs=420
[15:44:16] [Render thread/INFO] (lodekeeper) [Lodekeeper] NAV backend=baritone mode=IDLE event=CANCELED elapsedMs=441
[15:44:16] [Render thread/INFO] (lodekeeper) [Lodekeeper] NAV backend=baritone mode=IDLE event=CANCELED elapsedMs=508
[15:44:16] [Render thread/INFO] (lodekeeper) [Lodekeeper] NAV backend=baritone mode=IDLE event=CANCELED elapsedMs=542
[15:44:16] [Render thread/INFO] (lodekeeper) [Lodekeeper] NAV backend=baritone mode=IDLE event=CANCELED elapsedMs=609
[15:44:16] [Render thread/INFO] (lodekeeper) [Lodekeeper] FOOD_PURSUIT event=start target=b4a349b8-07ca-443d-ad84-b939d6373e5b routes=11 failedRoutes=0 attacks=0 health=10.0 closestBoxDistance=3.36 elapsedMs=13845
[15:44:16] [Render thread/INFO] (lodekeeper) [Lodekeeper] NAV backend=baritone mode=FOLLOW event=CALC_STARTED elapsedMs=1
[15:44:16] [Render thread/INFO] (lodekeeper) [Lodekeeper] NAV calcTool=minecraft:crafting_table slot=0
[15:44:16] [Render thread/INFO] (lodekeeper) [Lodekeeper] NAV backend=baritone mode=FOLLOW event=CALC_FINISHED_NOW_EXECUTING elapsedMs=67
[15:44:17] [Render thread/INFO] (lodekeeper) [Lodekeeper] FOOD_PURSUIT event=in-reach target=b4a349b8-07ca-443d-ad84-b939d6373e5b routes=11 failedRoutes=0 attacks=0 health=10.0 closestBoxDistance=2.88 elapsedMs=14012
[15:44:17] [Render thread/INFO] (lodekeeper) [Lodekeeper] NAV backend=baritone mode=IDLE event=CANCELED elapsedMs=168
[15:44:17] [Render thread/INFO] (lodekeeper) [Lodekeeper] NAV backend=baritone mode=IDLE event=CANCELED elapsedMs=169
[15:44:17] [Render thread/INFO] (lodekeeper) [Lodekeeper] NAV backend=baritone mode=IDLE event=CANCELED elapsedMs=202
[15:44:17] [Render thread/INFO] (lodekeeper) [Lodekeeper] NAV backend=baritone mode=IDLE event=CANCELED elapsedMs=269
[15:44:17] [Render thread/INFO] (lodekeeper) [Lodekeeper] NAV backend=baritone mode=IDLE event=CANCELED elapsedMs=302
[15:44:17] [Render thread/INFO] (lodekeeper) [Lodekeeper] NAV backend=baritone mode=IDLE event=CANCELED elapsedMs=368
[15:44:17] [Render thread/INFO] (lodekeeper) [Lodekeeper] NAV backend=baritone mode=IDLE event=CANCELED elapsedMs=403
[15:44:17] [Render thread/INFO] (lodekeeper) [Lodekeeper] NAV backend=baritone mode=IDLE event=CANCELED elapsedMs=469
[15:44:17] [Render thread/INFO] (lodekeeper) [Lodekeeper] NAV backend=baritone mode=IDLE event=CANCELED elapsedMs=503
[15:44:17] [Render thread/INFO] (lodekeeper) [Lodekeeper] NAV backend=baritone mode=IDLE event=CANCELED elapsedMs=570
[15:44:17] [Render thread/INFO] (lodekeeper) [Lodekeeper] NAV backend=baritone mode=IDLE event=CANCELED elapsedMs=603
[15:44:17] [Render thread/INFO] (lodekeeper) [Lodekeeper] FOOD_PURSUIT event=start target=b4a349b8-07ca-443d-ad84-b939d6373e5b routes=12 failedRoutes=0 attacks=0 health=10.0 closestBoxDistance=3.36 elapsedMs=14514
[15:44:17] [Render thread/INFO] (lodekeeper) [Lodekeeper] NAV backend=baritone mode=FOLLOW event=CALC_STARTED elapsedMs=2
[15:44:17] [Render thread/INFO] (lodekeeper) [Lodekeeper] NAV calcTool=minecraft:crafting_table slot=0
[15:44:17] [Render thread/INFO] (lodekeeper) [Lodekeeper] NAV backend=baritone mode=FOLLOW event=CALC_FINISHED_NOW_EXECUTING elapsedMs=34
[15:44:17] [Render thread/INFO] (lodekeeper) [Lodekeeper] FOOD_PURSUIT event=in-reach target=b4a349b8-07ca-443d-ad84-b939d6373e5b routes=12 failedRoutes=0 attacks=0 health=10.0 closestBoxDistance=2.88 elapsedMs=14650
[15:44:17] [Render thread/INFO] (lodekeeper) [Lodekeeper] NAV backend=baritone mode=IDLE event=CANCELED elapsedMs=137
[15:44:17] [Render thread/INFO] (lodekeeper) [Lodekeeper] NAV backend=baritone mode=IDLE event=CANCELED elapsedMs=137
[15:44:17] [Render thread/INFO] (lodekeeper) [Lodekeeper] NAV backend=baritone mode=IDLE event=CANCELED elapsedMs=171
[15:44:17] [Render thread/INFO] (lodekeeper) [Lodekeeper] NAV backend=baritone mode=IDLE event=CANCELED elapsedMs=238
[15:44:17] [Render thread/INFO] (lodekeeper) [Lodekeeper] NAV backend=baritone mode=IDLE event=CANCELED elapsedMs=271
[15:44:17] [Render thread/INFO] (lodekeeper) [Lodekeeper] NAV backend=baritone mode=IDLE event=CANCELED elapsedMs=338
[15:44:17] [Render thread/INFO] (lodekeeper) [Lodekeeper] NAV backend=baritone mode=IDLE event=CANCELED elapsedMs=371
[15:44:17] [Render thread/INFO] (lodekeeper) [Lodekeeper] NAV backend=baritone mode=IDLE event=CANCELED elapsedMs=439
[15:44:17] [Render thread/INFO] (lodekeeper) [Lodekeeper] NAV backend=baritone mode=IDLE event=CANCELED elapsedMs=473
[15:44:18] [Render thread/INFO] (lodekeeper) [Lodekeeper] NAV backend=baritone mode=IDLE event=CANCELED elapsedMs=540
[15:44:18] [Render thread/INFO] (lodekeeper) [Lodekeeper] NAV backend=baritone mode=IDLE event=CANCELED elapsedMs=574
[15:44:18] [Render thread/INFO] (lodekeeper) [Lodekeeper] FOOD_PURSUIT event=start target=b4a349b8-07ca-443d-ad84-b939d6373e5b routes=13 failedRoutes=0 attacks=0 health=10.0 closestBoxDistance=3.36 elapsedMs=15155
[15:44:18] [Render thread/INFO] (lodekeeper) [Lodekeeper] NAV backend=baritone mode=FOLLOW event=CALC_STARTED elapsedMs=2
[15:44:18] [Render thread/INFO] (lodekeeper) [Lodekeeper] NAV calcTool=minecraft:crafting_table slot=0
[15:44:18] [Render thread/INFO] (lodekeeper) [Lodekeeper] NAV backend=baritone mode=FOLLOW event=CALC_FINISHED_NOW_EXECUTING elapsedMs=34
[15:44:18] [Render thread/INFO] (lodekeeper) [Lodekeeper] FOOD_PURSUIT event=in-reach target=b4a349b8-07ca-443d-ad84-b939d6373e5b routes=13 failedRoutes=0 attacks=0 health=10.0 closestBoxDistance=2.88 elapsedMs=15288
[15:44:18] [Render thread/INFO] (lodekeeper) [Lodekeeper] NAV backend=baritone mode=IDLE event=CANCELED elapsedMs=134
[15:44:18] [Render thread/INFO] (lodekeeper) [Lodekeeper] NAV backend=baritone mode=IDLE event=CANCELED elapsedMs=134
[15:44:18] [Render thread/INFO] (lodekeeper) [Lodekeeper] NAV backend=baritone mode=IDLE event=CANCELED elapsedMs=202
[15:44:18] [Render thread/INFO] (lodekeeper) [Lodekeeper] NAV backend=baritone mode=IDLE event=CANCELED elapsedMs=235
[15:44:18] [Render thread/INFO] (lodekeeper) [Lodekeeper] PROGRESS elapsed_ms=85518 phase=working backend=baritone target=none navigation_elapsed_ms=0 navigation_ticks=0 searching=false path_index=0 path_length=0 retries=0 pending_route_events=0 dropped_route_events=0 status=finishing_movement_before_inventory_actions
[15:44:18] [Render thread/INFO] (lodekeeper) [Lodekeeper] NAV backend=baritone mode=IDLE event=CANCELED elapsedMs=302
[15:44:18] [Render thread/INFO] (lodekeeper) [Lodekeeper] NAV backend=baritone mode=IDLE event=CANCELED elapsedMs=335
[15:44:18] [Render thread/INFO] (lodekeeper) [Lodekeeper] NAV backend=baritone mode=IDLE event=CANCELED elapsedMs=402
[15:44:18] [Render thread/INFO] (lodekeeper) [Lodekeeper] NAV backend=baritone mode=IDLE event=CANCELED elapsedMs=435
[15:44:18] [Render thread/INFO] (lodekeeper) [Lodekeeper] NAV backend=baritone mode=IDLE event=CANCELED elapsedMs=504
[15:44:18] [Render thread/INFO] (lodekeeper) [Lodekeeper] NAV backend=baritone mode=IDLE event=CANCELED elapsedMs=537
[15:44:18] [Render thread/INFO] (lodekeeper) [Lodekeeper] NAV backend=baritone mode=IDLE event=CANCELED elapsedMs=604
[15:44:18] [Render thread/INFO] (lodekeeper) [Lodekeeper] FOOD_PURSUIT event=start target=b4a349b8-07ca-443d-ad84-b939d6373e5b routes=14 failedRoutes=0 attacks=0 health=10.0 closestBoxDistance=3.31 elapsedMs=15793
[15:44:18] [Render thread/INFO] (lodekeeper) [Lodekeeper] NAV backend=baritone mode=FOLLOW event=CALC_STARTED elapsedMs=2
[15:44:18] [Render thread/INFO] (lodekeeper) [Lodekeeper] NAV calcTool=minecraft:crafting_table slot=0
[15:44:18] [Render thread/INFO] (lodekeeper) [Lodekeeper] NAV backend=baritone mode=FOLLOW event=CALC_FINISHED_NOW_EXECUTING elapsedMs=69
[15:44:18] [Render thread/INFO] (lodekeeper) [Lodekeeper] FOOD_PURSUIT event=in-reach target=b4a349b8-07ca-443d-ad84-b939d6373e5b routes=14 failedRoutes=0 attacks=0 health=10.0 closestBoxDistance=2.83 elapsedMs=15962
[15:44:18] [Render thread/INFO] (lodekeeper) [Lodekeeper] NAV backend=baritone mode=IDLE event=CANCELED elapsedMs=169
[15:44:18] [Render thread/INFO] (lodekeeper) [Lodekeeper] NAV backend=baritone mode=IDLE event=CANCELED elapsedMs=169
[15:44:18] [Render thread/INFO] (lodekeeper) [Lodekeeper] NAV backend=baritone mode=IDLE event=CANCELED elapsedMs=203
[15:44:19] [Render thread/INFO] (lodekeeper) [Lodekeeper] NAV backend=baritone mode=IDLE event=CANCELED elapsedMs=270
[15:44:19] [Render thread/INFO] (lodekeeper) [Lodekeeper] NAV backend=baritone mode=IDLE event=CANCELED elapsedMs=303
[15:44:19] [Render thread/INFO] (lodekeeper) [Lodekeeper] NAV backend=baritone mode=IDLE event=CANCELED elapsedMs=370
[15:44:19] [Render thread/INFO] (lodekeeper) [Lodekeeper] NAV backend=baritone mode=IDLE event=CANCELED elapsedMs=403
[15:44:19] [Render thread/INFO] (lodekeeper) [Lodekeeper] NAV backend=baritone mode=IDLE event=CANCELED elapsedMs=471
[15:44:19] [Render thread/INFO] (lodekeeper) [Lodekeeper] NAV backend=baritone mode=IDLE event=CANCELED elapsedMs=505
[15:44:19] [Render thread/INFO] (lodekeeper) [Lodekeeper] NAV backend=baritone mode=IDLE event=CANCELED elapsedMs=571
[15:44:19] [Render thread/INFO] (lodekeeper) [Lodekeeper] NAV backend=baritone mode=IDLE event=CANCELED elapsedMs=604
[15:44:20] [Render thread/INFO] (lodekeeper) [Lodekeeper] FOOD_TOOL slot=7 item=minecraft:stone_pickaxe damage=3.0 wear=2 remainingDurability=125
[15:44:20] [Render thread/INFO] (lodekeeper) [Lodekeeper] FOOD_PURSUIT event=native-attack target=b4a349b8-07ca-443d-ad84-b939d6373e5b routes=14 failedRoutes=0 attacks=1 health=10.0 closestBoxDistance=2.11 elapsedMs=17405
[15:44:20] [Render thread/INFO] (lodekeeper) [Lodekeeper] FOOD_PURSUIT event=health-progress target=b4a349b8-07ca-443d-ad84-b939d6373e5b routes=14 failedRoutes=0 attacks=1 health=7.0 closestBoxDistance=2.1 elapsedMs=17442
[15:44:20] [Render thread/INFO] (lodekeeper) [Lodekeeper] PROGRESS elapsed_ms=87568 phase=waiting backend=baritone target=none navigation_elapsed_ms=0 navigation_ticks=0 searching=false path_index=0 path_length=0 retries=0 pending_route_events=0 dropped_route_events=0 status=waiting_for_native_attack_cooldown
[15:44:20] [Render thread/INFO] (lodekeeper) [Lodekeeper] FOOD_PURSUIT event=start target=b4a349b8-07ca-443d-ad84-b939d6373e5b routes=15 failedRoutes=0 attacks=1 health=7.0 closestBoxDistance=3.07 elapsedMs=17741
[15:44:20] [Render thread/INFO] (lodekeeper) [Lodekeeper] NAV backend=baritone mode=FOLLOW event=CALC_STARTED elapsedMs=1
[15:44:20] [Render thread/INFO] (lodekeeper) [Lodekeeper] NAV calcTool=minecraft:stone_pickaxe slot=7
[15:44:20] [Render thread/INFO] (lodekeeper) [Lodekeeper] NAV backend=baritone mode=FOLLOW event=CALC_FINISHED_NOW_EXECUTING elapsedMs=67
[15:44:21] [Render thread/INFO] (lodekeeper) [Lodekeeper] NAV backend=baritone mode=FOLLOW event=CALC_STARTED elapsedMs=504
[15:44:21] [Render thread/INFO] (lodekeeper) [Lodekeeper] NAV calcTool=minecraft:stone_pickaxe slot=7
[15:44:21] [Render thread/INFO] (lodekeeper) [Lodekeeper] NAV backend=baritone mode=FOLLOW event=CALC_FINISHED_NOW_EXECUTING elapsedMs=505
[15:44:21] [Render thread/INFO] (lodekeeper) [Lodekeeper] NAV backend=baritone mode=FOLLOW event=CALC_STARTED elapsedMs=572
[15:44:21] [Render thread/INFO] (lodekeeper) [Lodekeeper] NAV calcTool=minecraft:stone_pickaxe slot=7
[15:44:21] [Render thread/INFO] (lodekeeper) [Lodekeeper] NAV backend=baritone mode=FOLLOW event=CALC_FINISHED_NOW_EXECUTING elapsedMs=572
[15:44:21] [Render thread/INFO] (lodekeeper) [Lodekeeper] NAV backend=baritone mode=FOLLOW event=CALC_STARTED elapsedMs=706
[15:44:21] [Render thread/INFO] (lodekeeper) [Lodekeeper] NAV calcTool=minecraft:stone_pickaxe slot=7
[15:44:21] [Render thread/INFO] (lodekeeper) [Lodekeeper] NAV backend=baritone mode=FOLLOW event=CALC_FINISHED_NOW_EXECUTING elapsedMs=706
[15:44:21] [Render thread/INFO] (lodekeeper) [Lodekeeper] NAV backend=baritone mode=FOLLOW event=CALC_STARTED elapsedMs=906
[15:44:21] [Render thread/INFO] (lodekeeper) [Lodekeeper] NAV calcTool=minecraft:stone_pickaxe slot=7
[15:44:21] [Render thread/INFO] (lodekeeper) [Lodekeeper] NAV backend=baritone mode=FOLLOW event=CALC_FINISHED_NOW_EXECUTING elapsedMs=906
[15:44:21] [Render thread/INFO] (lodekeeper) [Lodekeeper] NAV backend=baritone mode=FOLLOW event=CALC_STARTED elapsedMs=1174
[15:44:21] [Render thread/INFO] (lodekeeper) [Lodekeeper] NAV calcTool=minecraft:stone_pickaxe slot=7
[15:44:21] [Render thread/INFO] (lodekeeper) [Lodekeeper] NAV backend=baritone mode=FOLLOW event=CALC_FINISHED_NOW_EXECUTING elapsedMs=1174
[15:44:22] [Render thread/INFO] (lodekeeper) [Lodekeeper] NAV backend=baritone mode=FOLLOW event=CALC_STARTED elapsedMs=1544
[15:44:22] [Render thread/INFO] (lodekeeper) [Lodekeeper] NAV calcTool=minecraft:stone_pickaxe slot=7
[15:44:22] [Render thread/INFO] (lodekeeper) [Lodekeeper] NAV backend=baritone mode=FOLLOW event=CALC_FINISHED_NOW_EXECUTING elapsedMs=1544
[15:44:22] [Render thread/INFO] (lodekeeper) [Lodekeeper] NAV backend=baritone mode=FOLLOW event=CALC_STARTED elapsedMs=1745
[15:44:22] [Render thread/INFO] (lodekeeper) [Lodekeeper] NAV calcTool=minecraft:stone_pickaxe slot=7
[15:44:22] [Render thread/INFO] (lodekeeper) [Lodekeeper] NAV backend=baritone mode=FOLLOW event=CALC_FINISHED_NOW_EXECUTING elapsedMs=1746
[15:44:22] [Render thread/INFO] (lodekeeper) [Lodekeeper] PROGRESS elapsed_ms=89614 phase=traveling backend=baritone target=none navigation_elapsed_ms=1811 navigation_ticks=36 searching=false path_index=0 path_length=5 retries=0 pending_route_events=0 dropped_route_events=0 status=pursuing_cow__15_
[15:44:22] [Render thread/INFO] (lodekeeper) [Lodekeeper] FOOD_PURSUIT event=in-reach target=b4a349b8-07ca-443d-ad84-b939d6373e5b routes=15 failedRoutes=0 attacks=1 health=7.0 closestBoxDistance=2.91 elapsedMs=19754
[15:44:22] [Render thread/INFO] (lodekeeper) [Lodekeeper] NAV backend=baritone mode=IDLE event=CANCELED elapsedMs=2014
[15:44:22] [Render thread/INFO] (lodekeeper) [Lodekeeper] NAV backend=baritone mode=IDLE event=CANCELED elapsedMs=2014
[15:44:22] [Render thread/INFO] (lodekeeper) [Lodekeeper] NAV backend=baritone mode=IDLE event=CANCELED elapsedMs=2048
[15:44:22] [Render thread/INFO] (lodekeeper) [Lodekeeper] NAV backend=baritone mode=IDLE event=CANCELED elapsedMs=2116
[15:44:22] [Render thread/INFO] (lodekeeper) [Lodekeeper] NAV backend=baritone mode=IDLE event=CANCELED elapsedMs=2149
[15:44:22] [Render thread/INFO] (lodekeeper) [Lodekeeper] FOOD_PURSUIT event=start target=b4a349b8-07ca-443d-ad84-b939d6373e5b routes=16 failedRoutes=0 attacks=1 health=7.0 closestBoxDistance=2.62 elapsedMs=19959
[15:44:22] [Render thread/INFO] (lodekeeper) [Lodekeeper] NAV backend=baritone mode=FOLLOW event=CALC_STARTED elapsedMs=1
[15:44:22] [Render thread/INFO] (lodekeeper) [Lodekeeper] NAV calcTool=minecraft:stone_pickaxe slot=7
[15:44:22] [Render thread/INFO] (lodekeeper) [Lodekeeper] NAV backend=baritone mode=FOLLOW event=CALC_FINISHED_NOW_EXECUTING elapsedMs=34
[15:44:23] [Render thread/INFO] (lodekeeper) [Lodekeeper] FOOD_PURSUIT event=in-reach target=b4a349b8-07ca-443d-ad84-b939d6373e5b routes=16 failedRoutes=0 attacks=1 health=7.0 closestBoxDistance=2.49 elapsedMs=20059
[15:44:23] [Render thread/INFO] (lodekeeper) [Lodekeeper] NAV backend=baritone mode=IDLE event=CANCELED elapsedMs=101
[15:44:23] [Render thread/INFO] (lodekeeper) [Lodekeeper] NAV backend=baritone mode=IDLE event=CANCELED elapsedMs=101
[15:44:23] [Render thread/INFO] (lodekeeper) [Lodekeeper] NAV backend=baritone mode=IDLE event=CANCELED elapsedMs=133
[15:44:23] [Render thread/INFO] (lodekeeper) [Lodekeeper] NAV backend=baritone mode=IDLE event=CANCELED elapsedMs=181
[15:44:23] [Render thread/INFO] (lodekeeper) [Lodekeeper] FOOD_TOOL slot=7 item=minecraft:stone_pickaxe damage=3.0 wear=2 remainingDurability=123
[15:44:23] [Render thread/INFO] (lodekeeper) [Lodekeeper] FOOD_PURSUIT event=native-attack target=b4a349b8-07ca-443d-ad84-b939d6373e5b routes=16 failedRoutes=0 attacks=2 health=7.0 closestBoxDistance=2.38 elapsedMs=20265
[15:44:23] [Render thread/INFO] (lodekeeper) [Lodekeeper] FOOD_PURSUIT event=health-progress target=b4a349b8-07ca-443d-ad84-b939d6373e5b routes=16 failedRoutes=0 attacks=2 health=4.0 closestBoxDistance=2.37 elapsedMs=20306
[15:44:23] [Render thread/INFO] (lodekeeper) [Lodekeeper] FOOD_PURSUIT event=start target=b4a349b8-07ca-443d-ad84-b939d6373e5b routes=17 failedRoutes=0 attacks=2 health=4.0 closestBoxDistance=3.18 elapsedMs=20511
[15:44:23] [Render thread/INFO] (lodekeeper) [Lodekeeper] NAV backend=baritone mode=FOLLOW event=CALC_STARTED elapsedMs=2
[15:44:23] [Render thread/INFO] (lodekeeper) [Lodekeeper] NAV calcTool=minecraft:stone_pickaxe slot=7
[15:44:23] [Render thread/INFO] (lodekeeper) [Lodekeeper] NAV backend=baritone mode=FOLLOW event=CALC_FINISHED_NOW_EXECUTING elapsedMs=33
[15:44:23] [Render thread/INFO] (lodekeeper) [Lodekeeper] NAV backend=baritone mode=FOLLOW event=CALC_STARTED elapsedMs=203
[15:44:23] [Render thread/INFO] (lodekeeper) [Lodekeeper] NAV calcTool=minecraft:stone_pickaxe slot=7
[15:44:23] [Render thread/INFO] (lodekeeper) [Lodekeeper] NAV backend=baritone mode=FOLLOW event=CALC_FINISHED_NOW_EXECUTING elapsedMs=203
[15:44:23] [Render thread/INFO] (lodekeeper) [Lodekeeper] NAV backend=baritone mode=FOLLOW event=CALC_STARTED elapsedMs=304
[15:44:23] [Render thread/INFO] (lodekeeper) [Lodekeeper] NAV calcTool=minecraft:stone_pickaxe slot=7
[15:44:23] [Render thread/INFO] (lodekeeper) [Lodekeeper] NAV backend=baritone mode=FOLLOW event=CALC_FINISHED_NOW_EXECUTING elapsedMs=304
[15:44:23] [Render thread/INFO] (lodekeeper) [Lodekeeper] FOOD_PURSUIT event=in-reach target=b4a349b8-07ca-443d-ad84-b939d6373e5b routes=17 failedRoutes=0 attacks=2 health=4.0 closestBoxDistance=2.95 elapsedMs=20914
[15:44:23] [Render thread/INFO] (lodekeeper) [Lodekeeper] NAV backend=baritone mode=IDLE event=CANCELED elapsedMs=404
[15:44:23] [Render thread/INFO] (lodekeeper) [Lodekeeper] NAV backend=baritone mode=IDLE event=CANCELED elapsedMs=405
[15:44:23] [Render thread/INFO] (lodekeeper) [Lodekeeper] NAV backend=baritone mode=IDLE event=CANCELED elapsedMs=438
[15:44:24] [Render thread/INFO] (lodekeeper) [Lodekeeper] NAV backend=baritone mode=IDLE event=CANCELED elapsedMs=505
[15:44:24] [Render thread/INFO] (lodekeeper) [Lodekeeper] NAV backend=baritone mode=IDLE event=CANCELED elapsedMs=538
[15:44:24] [Render thread/INFO] (lodekeeper) [Lodekeeper] FOOD_PURSUIT event=start target=b4a349b8-07ca-443d-ad84-b939d6373e5b routes=18 failedRoutes=0 attacks=2 health=4.0 closestBoxDistance=3.04 elapsedMs=21083
[15:44:24] [Render thread/INFO] (lodekeeper) [Lodekeeper] NAV backend=baritone mode=FOLLOW event=CALC_STARTED elapsedMs=1
[15:44:24] [Render thread/INFO] (lodekeeper) [Lodekeeper] NAV calcTool=minecraft:stone_pickaxe slot=7
[15:44:24] [Render thread/INFO] (lodekeeper) [Lodekeeper] NAV backend=baritone mode=FOLLOW event=CALC_FINISHED_NOW_EXECUTING elapsedMs=67
[15:44:24] [Render thread/INFO] (lodekeeper) [Lodekeeper] FOOD_PURSUIT event=in-reach target=b4a349b8-07ca-443d-ad84-b939d6373e5b routes=18 failedRoutes=0 attacks=2 health=4.0 closestBoxDistance=2.89 elapsedMs=21184
[15:44:24] [Render thread/INFO] (lodekeeper) [Lodekeeper] NAV backend=baritone mode=IDLE event=CANCELED elapsedMs=101
[15:44:24] [Render thread/INFO] (lodekeeper) [Lodekeeper] NAV backend=baritone mode=IDLE event=CANCELED elapsedMs=102
[15:44:24] [Render thread/INFO] (lodekeeper) [Lodekeeper] NAV backend=baritone mode=IDLE event=CANCELED elapsedMs=168
[15:44:24] [Render thread/INFO] (lodekeeper) [Lodekeeper] NAV backend=baritone mode=IDLE event=CANCELED elapsedMs=201
[15:44:24] [Render thread/INFO] (lodekeeper) [Lodekeeper] FOOD_TOOL slot=7 item=minecraft:stone_pickaxe damage=3.0 wear=2 remainingDurability=121
[15:44:24] [Render thread/INFO] (lodekeeper) [Lodekeeper] FOOD_PURSUIT event=native-attack target=b4a349b8-07ca-443d-ad84-b939d6373e5b routes=18 failedRoutes=0 attacks=3 health=4.0 closestBoxDistance=2.83 elapsedMs=21387
[15:44:24] [Render thread/INFO] (lodekeeper) [Lodekeeper] FOOD_PURSUIT event=health-progress target=b4a349b8-07ca-443d-ad84-b939d6373e5b routes=18 failedRoutes=0 attacks=3 health=1.0 closestBoxDistance=2.92 elapsedMs=21453
[15:44:24] [Render thread/INFO] (lodekeeper) [Lodekeeper] PROGRESS elapsed_ms=91615 phase=waiting backend=baritone target=none navigation_elapsed_ms=0 navigation_ticks=0 searching=false path_index=0 path_length=0 retries=0 pending_route_events=0 dropped_route_events=0 status=waiting_for_native_attack_cooldown
[15:44:24] [Render thread/INFO] (lodekeeper) [Lodekeeper] FOOD_PURSUIT event=start target=b4a349b8-07ca-443d-ad84-b939d6373e5b routes=19 failedRoutes=0 attacks=3 health=1.0 closestBoxDistance=3.23 elapsedMs=21655
[15:44:24] [Render thread/INFO] (lodekeeper) [Lodekeeper] NAV backend=baritone mode=FOLLOW event=CALC_STARTED elapsedMs=1
[15:44:24] [Render thread/INFO] (lodekeeper) [Lodekeeper] NAV calcTool=minecraft:stone_pickaxe slot=7
[15:44:24] [Render thread/INFO] (lodekeeper) [Lodekeeper] NAV backend=baritone mode=FOLLOW event=CALC_FINISHED_NOW_EXECUTING elapsedMs=33
[15:44:24] [Render thread/INFO] (lodekeeper) [Lodekeeper] NAV backend=baritone mode=FOLLOW event=CALC_STARTED elapsedMs=102
[15:44:24] [Render thread/INFO] (lodekeeper) [Lodekeeper] NAV calcTool=minecraft:stone_pickaxe slot=7
[15:44:24] [Render thread/INFO] (lodekeeper) [Lodekeeper] NAV backend=baritone mode=FOLLOW event=CALC_FINISHED_NOW_EXECUTING elapsedMs=102
[15:44:24] [Render thread/INFO] (lodekeeper) [Lodekeeper] NAV backend=baritone mode=FOLLOW event=CALC_STARTED elapsedMs=202
[15:44:24] [Render thread/INFO] (lodekeeper) [Lodekeeper] NAV calcTool=minecraft:stone_pickaxe slot=7
[15:44:24] [Render thread/INFO] (lodekeeper) [Lodekeeper] NAV backend=baritone mode=FOLLOW event=CALC_FINISHED_NOW_EXECUTING elapsedMs=202
[15:44:25] [Render thread/INFO] (lodekeeper) [Lodekeeper] FOOD_PURSUIT event=in-reach target=b4a349b8-07ca-443d-ad84-b939d6373e5b routes=19 failedRoutes=0 attacks=3 health=1.0 closestBoxDistance=2.84 elapsedMs=22058
[15:44:25] [Render thread/INFO] (lodekeeper) [Lodekeeper] NAV backend=baritone mode=IDLE event=CANCELED elapsedMs=406
[15:44:25] [Render thread/INFO] (lodekeeper) [Lodekeeper] NAV backend=baritone mode=IDLE event=CANCELED elapsedMs=442
[15:44:25] [Render thread/INFO] (lodekeeper) [Lodekeeper] NAV backend=baritone mode=IDLE event=CANCELED elapsedMs=450
[15:44:25] [Render thread/INFO] (lodekeeper) [Lodekeeper] NAV backend=baritone mode=IDLE event=CANCELED elapsedMs=484
[15:44:25] [Render thread/INFO] (lodekeeper) [Lodekeeper] NAV backend=baritone mode=IDLE event=CANCELED elapsedMs=551
[15:44:25] [Render thread/INFO] (lodekeeper) [Lodekeeper] FOOD_TOOL slot=7 item=minecraft:stone_pickaxe damage=3.0 wear=2 remainingDurability=119
[15:44:25] [Render thread/INFO] (lodekeeper) [Lodekeeper] FOOD_PURSUIT event=native-attack target=b4a349b8-07ca-443d-ad84-b939d6373e5b routes=19 failedRoutes=0 attacks=4 health=1.0 closestBoxDistance=2.07 elapsedMs=22306
[15:44:25] [Render thread/INFO] (lodekeeper) [Lodekeeper] FOOD_PURSUIT event=health-progress target=b4a349b8-07ca-443d-ad84-b939d6373e5b routes=19 failedRoutes=0 attacks=4 health=0.0 closestBoxDistance=2.02 elapsedMs=22340
[15:44:25] [Render thread/INFO] (lodekeeper) [Lodekeeper] NAV backend=baritone mode=PICKUP event=CALC_STARTED elapsedMs=2
[15:44:25] [Render thread/INFO] (lodekeeper) [Lodekeeper] NAV calcTool=minecraft:stone_pickaxe slot=7
[15:44:25] [Render thread/INFO] (lodekeeper) [Lodekeeper] NAV backend=baritone mode=PICKUP event=CALC_FINISHED_NOW_EXECUTING elapsedMs=33
[15:44:25] [Render thread/INFO] (lodekeeper) [Lodekeeper] NAV backend=baritone mode=IDLE event=CANCELED elapsedMs=404
[15:44:25] [Render thread/INFO] (lodekeeper) [Lodekeeper] NAV backend=baritone mode=IDLE event=CANCELED elapsedMs=404
[15:44:25] [Render thread/INFO] (lodekeeper) [Lodekeeper] NAV backend=baritone mode=IDLE event=CANCELED elapsedMs=436
[15:44:25] [Render thread/INFO] (lodekeeper) [Lodekeeper] NAV backend=baritone mode=IDLE event=CANCELED elapsedMs=503
[15:44:25] [Render thread/INFO] (lodekeeper) [Lodekeeper] NAV backend=baritone mode=IDLE event=CANCELED elapsedMs=536
[15:44:26] [Render thread/INFO] (lodekeeper) [Lodekeeper] FOOD_PREPARATION decision=batch_raw_food nutrition=3 cooked_potential=8 target=36
[15:44:26] [lodekeeper-planner/INFO] (lodekeeper) [Lodekeeper] PROJECT_MATERIALS project=gear_diamond before=[gather:minecraft:iron_ore:3, gather:minecraft:stone:4, gather:minecraft:birch_log:1, gather:minecraft:diamond_ore:3, gather:minecraft:diamond_ore:3, gather:minecraft:diamond_ore:4, gather:minecraft:diamond_ore:8, gather:minecraft:diamond_ore:5, gather:minecraft:diamond_ore:2, gather:minecraft:diamond_ore:7, gather:minecraft:diamond_ore:1, gather:minecraft:acacia_log:1, gather:minecraft:diamond_ore:2] after=[gather:minecraft:iron_ore:3, gather:minecraft:stone:4, gather:minecraft:birch_log:1, gather:minecraft:diamond_ore:3, gather:minecraft:diamond_ore:3, gather:minecraft:diamond_ore:4, gather:minecraft:diamond_ore:8, gather:minecraft:diamond_ore:5, gather:minecraft:diamond_ore:2, gather:minecraft:diamond_ore:7, gather:minecraft:diamond_ore:1, gather:minecraft:acacia_log:1, gather:minecraft:diamond_ore:2]
[15:44:26] [lodekeeper-planner/INFO] (lodekeeper) [Lodekeeper] PLAN project=gear_diamond success=true steps=32 branches=149 elapsedMs=6.083338
[15:44:26] [Render thread/INFO] (lodekeeper) [Lodekeeper] STEP kind=GATHER source=gather:minecraft:iron_ore output=minecraft:raw_iron count=3 operations=3 auxiliary=false
[15:44:26] [Render thread/INFO] (lodekeeper) [Lodekeeper] MINING_DEPTH policy=NEAREST desiredY=16 ceiling=2031 deficit=3 phase=MINE blocks=[Block{minecraft:iron_ore}, Block{minecraft:deepslate_iron_ore}]
[15:44:26] [Render thread/INFO] (lodekeeper) [Lodekeeper] NAV backend=baritone mode=MINE event=CALC_STARTED elapsedMs=3
[15:44:26] [Render thread/INFO] (lodekeeper) [Lodekeeper] NAV calcTool=minecraft:stone_pickaxe slot=7
[15:44:26] [Render thread/INFO] (lodekeeper) [Lodekeeper] NAV discovered=2 retained=64 rejected=0 requestTicks=4 phase=MINE
[15:44:26] [Render thread/INFO] (lodekeeper) [Lodekeeper] ROUTE_SEARCH kind=unknown anchor=unknown feet_y16=0 candidates=0 target=none elapsed_ms=93377
[15:44:26] [Render thread/INFO] (lodekeeper) [Lodekeeper] NAV discovered=2 retained=64 rejected=0 requestTicks=8 phase=MINE
[15:44:26] [Render thread/INFO] (lodekeeper) [Lodekeeper] PROGRESS elapsed_ms=93644 phase=searching backend=baritone target=none navigation_elapsed_ms=371 navigation_ticks=8 searching=true path_index=0 path_length=0 retries=0 pending_route_events=0 dropped_route_events=0 status=mining_and_collecting_minecraft:raw_iron___0/3___planning_next_route
[15:44:26] [Render thread/INFO] (lodekeeper) [Lodekeeper] NAV backend=baritone mode=MINE event=CALC_FINISHED_NOW_EXECUTING elapsedMs=541
[15:44:26] [Render thread/INFO] (lodekeeper) [Lodekeeper] NAV backend=baritone mode=MINE event=NEXT_SEGMENT_CALC_STARTED elapsedMs=542
[15:44:26] [Render thread/INFO] (lodekeeper) [Lodekeeper] NAV discovered=1 retained=64 rejected=0 requestTicks=12 phase=MINE
[15:44:26] [Render thread/INFO] (lodekeeper) [Lodekeeper] NAV backend=baritone mode=MINE event=NEXT_SEGMENT_CALC_FINISHED elapsedMs=843
[15:44:26] [Render thread/INFO] (lodekeeper) [Lodekeeper] NAV backend=baritone mode=IDLE event=CANCELED elapsedMs=877
[15:44:26] [Render thread/INFO] (lodekeeper) [Lodekeeper] NAV backend=baritone mode=IDLE event=CANCELED elapsedMs=877
[15:44:27] [Render thread/INFO] (lodekeeper) [Lodekeeper] NAV backend=baritone mode=IDLE event=CANCELED elapsedMs=945
[15:44:27] [Render thread/INFO] (lodekeeper) [Lodekeeper] NAV backend=baritone mode=IDLE event=CANCELED elapsedMs=977
[15:44:27] [Render thread/INFO] (lodekeeper) [Lodekeeper] NAV backend=baritone mode=IDLE event=CANCELED elapsedMs=1044
[15:44:27] [Render thread/INFO] (lodekeeper) [Lodekeeper] NAV backend=baritone mode=IDLE event=CANCELED elapsedMs=1078
[15:44:27] [Render thread/INFO] (lodekeeper) [Lodekeeper] FOOD_PURSUIT event=start target=257e7990-cec7-4c85-993d-d43d6b7f21d1 routes=1 failedRoutes=0 attacks=0 health=10.0 closestBoxDistance=2.18 elapsedMs=0
[15:44:27] [Render thread/INFO] (lodekeeper) [Lodekeeper] NAV backend=baritone mode=FOLLOW event=CALC_STARTED elapsedMs=1
[15:44:27] [Render thread/INFO] (lodekeeper) [Lodekeeper] NAV calcTool=minecraft:stone_pickaxe slot=7
[15:44:27] [Render thread/INFO] (lodekeeper) [Lodekeeper] FOOD_PURSUIT event=in-reach target=257e7990-cec7-4c85-993d-d43d6b7f21d1 routes=1 failedRoutes=0 attacks=0 health=10.0 closestBoxDistance=2.23 elapsedMs=33
[15:44:27] [Render thread/INFO] (lodekeeper) [Lodekeeper] NAV backend=baritone mode=IDLE event=CALC_FINISHED_NOW_EXECUTING elapsedMs=34
[15:44:27] [Render thread/INFO] (lodekeeper) [Lodekeeper] NAV backend=baritone mode=IDLE event=CANCELED elapsedMs=34
[15:44:27] [Render thread/INFO] (lodekeeper) [Lodekeeper] NAV backend=baritone mode=IDLE event=CANCELED elapsedMs=34
[15:44:27] [Render thread/INFO] (lodekeeper) [Lodekeeper] FOOD_TOOL slot=7 item=minecraft:stone_pickaxe damage=3.0 wear=2 remainingDurability=117
[15:44:27] [Render thread/INFO] (lodekeeper) [Lodekeeper] FOOD_PURSUIT event=native-attack target=257e7990-cec7-4c85-993d-d43d6b7f21d1 routes=1 failedRoutes=0 attacks=1 health=10.0 closestBoxDistance=2.31 elapsedMs=134
[15:44:27] [Render thread/INFO] (lodekeeper) [Lodekeeper] FOOD_PURSUIT event=health-progress target=257e7990-cec7-4c85-993d-d43d6b7f21d1 routes=1 failedRoutes=0 attacks=1 health=7.0 closestBoxDistance=2.35 elapsedMs=201
[15:44:28] [Render thread/INFO] (lodekeeper) [Lodekeeper] FOOD_PURSUIT event=start target=257e7990-cec7-4c85-993d-d43d6b7f21d1 routes=2 failedRoutes=0 attacks=1 health=7.0 closestBoxDistance=3.03 elapsedMs=756
[15:44:28] [Render thread/INFO] (lodekeeper) [Lodekeeper] NAV backend=baritone mode=FOLLOW event=CALC_STARTED elapsedMs=2
[15:44:28] [Render thread/INFO] (lodekeeper) [Lodekeeper] NAV calcTool=minecraft:stone_pickaxe slot=7
[15:44:28] [Render thread/INFO] (lodekeeper) [Lodekeeper] NAV backend=baritone mode=FOLLOW event=CALC_FINISHED_NOW_EXECUTING elapsedMs=34
[15:44:28] [Render thread/INFO] (lodekeeper) [Lodekeeper] FOOD_PURSUIT event=in-reach target=257e7990-cec7-4c85-993d-d43d6b7f21d1 routes=2 failedRoutes=0 attacks=1 health=7.0 closestBoxDistance=2.95 elapsedMs=856
[15:44:28] [Render thread/INFO] (lodekeeper) [Lodekeeper] NAV backend=baritone mode=IDLE event=CALC_STARTED elapsedMs=101
[15:44:28] [Render thread/INFO] (lodekeeper) [Lodekeeper] NAV calcTool=minecraft:stone_pickaxe slot=7
[15:44:28] [Render thread/INFO] (lodekeeper) [Lodekeeper] NAV backend=baritone mode=IDLE event=CALC_FINISHED_NOW_EXECUTING elapsedMs=101
[15:44:28] [Render thread/INFO] (lodekeeper) [Lodekeeper] NAV backend=baritone mode=IDLE event=CANCELED elapsedMs=101
[15:44:28] [Render thread/INFO] (lodekeeper) [Lodekeeper] NAV backend=baritone mode=IDLE event=CANCELED elapsedMs=101
[15:44:28] [Render thread/INFO] (lodekeeper) [Lodekeeper] NAV backend=baritone mode=IDLE event=CANCELED elapsedMs=134
[15:44:28] [Render thread/INFO] (lodekeeper) [Lodekeeper] FOOD_TOOL slot=7 item=minecraft:stone_pickaxe damage=3.0 wear=2 remainingDurability=115
[15:44:28] [Render thread/INFO] (lodekeeper) [Lodekeeper] FOOD_PURSUIT event=native-attack target=257e7990-cec7-4c85-993d-d43d6b7f21d1 routes=2 failedRoutes=0 attacks=2 health=7.0 closestBoxDistance=2.43 elapsedMs=991
[15:44:28] [Render thread/INFO] (lodekeeper) [Lodekeeper] FOOD_PURSUIT event=health-progress target=257e7990-cec7-4c85-993d-d43d6b7f21d1 routes=2 failedRoutes=0 attacks=2 health=4.0 closestBoxDistance=2.16 elapsedMs=1058
[15:44:28] [Render thread/INFO] (lodekeeper) [Lodekeeper] PROGRESS elapsed_ms=95677 phase=waiting backend=baritone target=none navigation_elapsed_ms=0 navigation_ticks=0 searching=false path_index=0 path_length=0 retries=0 pending_route_events=0 dropped_route_events=0 status=waiting_for_native_attack_cooldown
[15:44:29] [Render thread/INFO] (lodekeeper) [Lodekeeper] FOOD_TOOL slot=7 item=minecraft:stone_pickaxe damage=3.0 wear=2 remainingDurability=113
[15:44:29] [Render thread/INFO] (lodekeeper) [Lodekeeper] FOOD_PURSUIT event=native-attack target=257e7990-cec7-4c85-993d-d43d6b7f21d1 routes=2 failedRoutes=0 attacks=3 health=4.0 closestBoxDistance=1.79 elapsedMs=1832
[15:44:29] [Render thread/INFO] (lodekeeper) [Lodekeeper] FOOD_PURSUIT event=health-progress target=257e7990-cec7-4c85-993d-d43d6b7f21d1 routes=2 failedRoutes=0 attacks=3 health=1.0 closestBoxDistance=1.58 elapsedMs=1899
[15:44:29] [Render thread/INFO] (lodekeeper) [Lodekeeper] FOOD_PURSUIT event=start target=257e7990-cec7-4c85-993d-d43d6b7f21d1 routes=3 failedRoutes=0 attacks=3 health=1.0 closestBoxDistance=3.16 elapsedMs=2303
[15:44:29] [Render thread/INFO] (lodekeeper) [Lodekeeper] NAV backend=baritone mode=FOLLOW event=CALC_STARTED elapsedMs=2
[15:44:29] [Render thread/INFO] (lodekeeper) [Lodekeeper] NAV calcTool=minecraft:stone_pickaxe slot=7
[15:44:29] [Render thread/INFO] (lodekeeper) [Lodekeeper] NAV backend=baritone mode=FOLLOW event=CALC_FINISHED_NOW_EXECUTING elapsedMs=34
[15:44:29] [Render thread/INFO] (lodekeeper) [Lodekeeper] NAV backend=baritone mode=FOLLOW event=CALC_STARTED elapsedMs=135
[15:44:29] [Render thread/INFO] (lodekeeper) [Lodekeeper] NAV calcTool=minecraft:stone_pickaxe slot=7
[15:44:29] [Render thread/INFO] (lodekeeper) [Lodekeeper] NAV backend=baritone mode=FOLLOW event=CALC_FINISHED_NOW_EXECUTING elapsedMs=135
[15:44:29] [Render thread/INFO] (lodekeeper) [Lodekeeper] FOOD_PURSUIT event=health-progress target=257e7990-cec7-4c85-993d-d43d6b7f21d1 routes=3 failedRoutes=0 attacks=3 health=0.0 closestBoxDistance=4.14 elapsedMs=2505
[15:44:29] [Render thread/INFO] (lodekeeper) [Lodekeeper] NAV backend=baritone mode=IDLE event=CALC_STARTED elapsedMs=203
[15:44:29] [Render thread/INFO] (lodekeeper) [Lodekeeper] NAV calcTool=minecraft:stone_pickaxe slot=7
[15:44:29] [Render thread/INFO] (lodekeeper) [Lodekeeper] NAV backend=baritone mode=IDLE event=CALC_FINISHED_NOW_EXECUTING elapsedMs=203
[15:44:29] [Render thread/INFO] (lodekeeper) [Lodekeeper] NAV backend=baritone mode=IDLE event=CANCELED elapsedMs=203
[15:44:29] [Render thread/INFO] (lodekeeper) [Lodekeeper] NAV backend=baritone mode=IDLE event=CANCELED elapsedMs=203
[15:44:29] [Render thread/INFO] (lodekeeper) [Lodekeeper] NAV backend=baritone mode=IDLE event=CANCELED elapsedMs=236
[15:44:29] [Render thread/INFO] (lodekeeper) [Lodekeeper] NAV backend=baritone mode=IDLE event=CANCELED elapsedMs=303
[15:44:29] [Render thread/INFO] (lodekeeper) [Lodekeeper] NAV backend=baritone mode=IDLE event=CANCELED elapsedMs=337
[15:44:29] [Render thread/INFO] (lodekeeper) [Lodekeeper] NAV backend=baritone mode=IDLE event=CANCELED elapsedMs=406
[15:44:29] [Render thread/INFO] (lodekeeper) [Lodekeeper] NAV backend=baritone mode=IDLE event=CANCELED elapsedMs=439
[15:44:30] [Render thread/INFO] (lodekeeper) [Lodekeeper] NAV backend=baritone mode=IDLE event=CANCELED elapsedMs=508
[15:44:30] [Render thread/INFO] (lodekeeper) [Lodekeeper] NAV backend=baritone mode=PICKUP event=CALC_STARTED elapsedMs=2
[15:44:30] [Render thread/INFO] (lodekeeper) [Lodekeeper] NAV calcTool=minecraft:stone_pickaxe slot=7
[15:44:30] [Render thread/INFO] (lodekeeper) [Lodekeeper] NAV backend=baritone mode=PICKUP event=CALC_FINISHED_NOW_EXECUTING elapsedMs=67
[15:44:30] [Render thread/INFO] (lodekeeper) [Lodekeeper] BREAK target=MutableBlockPos{x=5, y=70, z=32} block=Block{minecraft:grass_block} tool=minecraft:crafting_table slot=0 remaining=-1 required=route
[15:44:30] [Render thread/INFO] (lodekeeper) [Lodekeeper] NAV backend=baritone mode=PICKUP event=CALC_STARTED elapsedMs=203
[15:44:30] [Render thread/INFO] (lodekeeper) [Lodekeeper] NAV calcTool=minecraft:crafting_table slot=0
[15:44:30] [Render thread/INFO] (lodekeeper) [Lodekeeper] NAV backend=baritone mode=PICKUP event=CALC_FINISHED_NOW_EXECUTING elapsedMs=203
[15:44:30] [Render thread/INFO] (lodekeeper) [Lodekeeper] PROGRESS elapsed_ms=97699 phase=traveling backend=baritone target=none navigation_elapsed_ms=401 navigation_ticks=8 searching=false path_index=0 path_length=6 retries=0 pending_route_events=0 dropped_route_events=0 status=collecting_minecraft:beef
[15:44:32] [Render thread/INFO] (lodekeeper) [Lodekeeper] PROGRESS elapsed_ms=99713 phase=working backend=baritone target=none navigation_elapsed_ms=0 navigation_ticks=0 searching=false path_index=0 path_length=0 retries=0 pending_route_events=0 dropped_route_events=0 status=collecting_minecraft:beef
[15:44:32] [Render thread/INFO] (lodekeeper) [Lodekeeper] NAV backend=baritone mode=IDLE event=CANCELED elapsedMs=2519
[15:44:32] [Render thread/INFO] (lodekeeper) [Lodekeeper] NAV backend=baritone mode=IDLE event=CANCELED elapsedMs=2519
[15:44:32] [Render thread/INFO] (lodekeeper) [Lodekeeper] NAV backend=baritone mode=IDLE event=CANCELED elapsedMs=2551
[15:44:32] [Render thread/INFO] (lodekeeper) [Lodekeeper] NAV backend=baritone mode=IDLE event=CANCELED elapsedMs=2620
[15:44:32] [lodekeeper-planner/INFO] (lodekeeper) [Lodekeeper] PROJECT_MATERIALS project=gear_diamond before=[gather:minecraft:iron_ore:3, gather:minecraft:stone:4, gather:minecraft:birch_log:1, gather:minecraft:diamond_ore:3, gather:minecraft:diamond_ore:3, gather:minecraft:diamond_ore:4, gather:minecraft:diamond_ore:8, gather:minecraft:diamond_ore:5, gather:minecraft:diamond_ore:2, gather:minecraft:diamond_ore:7, gather:minecraft:diamond_ore:1, gather:minecraft:acacia_log:1, gather:minecraft:diamond_ore:2] after=[gather:minecraft:iron_ore:3, gather:minecraft:stone:4, gather:minecraft:birch_log:1, gather:minecraft:diamond_ore:3, gather:minecraft:diamond_ore:3, gather:minecraft:diamond_ore:4, gather:minecraft:diamond_ore:8, gather:minecraft:diamond_ore:5, gather:minecraft:diamond_ore:2, gather:minecraft:diamond_ore:7, gather:minecraft:diamond_ore:1, gather:minecraft:acacia_log:1, gather:minecraft:diamond_ore:2]
[15:44:32] [lodekeeper-planner/INFO] (lodekeeper) [Lodekeeper] PLAN project=gear_diamond success=true steps=32 branches=149 elapsedMs=4.682265
[15:44:32] [Render thread/INFO] (lodekeeper) [Lodekeeper] STEP kind=GATHER source=gather:minecraft:iron_ore output=minecraft:raw_iron count=3 operations=3 auxiliary=false
[15:44:32] [Render thread/INFO] (lodekeeper) [Lodekeeper] MINING_DEPTH policy=NEAREST desiredY=16 ceiling=2031 deficit=3 phase=MINE blocks=[Block{minecraft:iron_ore}, Block{minecraft:deepslate_iron_ore}]
[15:44:32] [Render thread/INFO] (lodekeeper) [Lodekeeper] NAV backend=baritone mode=MINE event=CALC_STARTED elapsedMs=2
[15:44:32] [Render thread/INFO] (lodekeeper) [Lodekeeper] NAV calcTool=minecraft:stone_pickaxe slot=7
[15:44:33] [Render thread/INFO] (lodekeeper) [Lodekeeper] NAV discovered=3 retained=64 rejected=0 requestTicks=4 phase=MINE
[15:44:33] [Render thread/INFO] (lodekeeper) [Lodekeeper] ROUTE_SEARCH kind=unknown anchor=unknown feet_y16=0 candidates=0 target=none elapsed_ms=100117
[15:44:33] [Render thread/INFO] (lodekeeper) [Lodekeeper] NAV backend=baritone mode=MINE event=CALC_FINISHED_NOW_EXECUTING elapsedMs=282
[15:44:33] [Render thread/INFO] (lodekeeper) [Lodekeeper] NAV discovered=3 retained=64 rejected=0 requestTicks=8 phase=MINE
[15:44:33] [Render thread/INFO] (lodekeeper) [Lodekeeper] TARGET target=3,52,29 block=minecraft:iron_ore
[15:44:33] [Render thread/INFO] (lodekeeper) [Lodekeeper] ROUTE_TRAVEL path_index=0 path_length=15 target=3,52,29 block=minecraft:iron_ore elapsed_ms=100298
[15:44:33] [Render thread/INFO] (lodekeeper) [Lodekeeper] TARGET target=none
[15:44:33] [Render thread/INFO] (lodekeeper) [Lodekeeper] NAV backend=baritone mode=IDLE event=CANCELED elapsedMs=933
[15:44:33] [Render thread/INFO] (lodekeeper) [Lodekeeper] NAV backend=baritone mode=IDLE event=CANCELED elapsedMs=933
[15:44:33] [Render thread/INFO] (lodekeeper) [Lodekeeper] NAV backend=baritone mode=IDLE event=CANCELED elapsedMs=999
[15:44:33] [Render thread/INFO] (lodekeeper) [Lodekeeper] NAV backend=baritone mode=IDLE event=CANCELED elapsedMs=1032
[15:44:33] [Render thread/INFO] (lodekeeper) [Lodekeeper] FOOD_PURSUIT event=start target=ac97f62f-cdfa-47d0-888e-2e54e2491540 routes=1 failedRoutes=0 attacks=0 health=10.0 closestBoxDistance=15.32 elapsedMs=0
[15:44:33] [Render thread/INFO] (lodekeeper) [Lodekeeper] NAV backend=baritone mode=FOLLOW event=CALC_STARTED elapsedMs=14
[15:44:33] [Render thread/INFO] (lodekeeper) [Lodekeeper] NAV calcTool=minecraft:stone_pickaxe slot=7
[15:44:33] [Render thread/INFO] (lodekeeper) [Lodekeeper] NAV backend=baritone mode=FOLLOW event=CALC_FINISHED_NOW_EXECUTING elapsedMs=42
[15:44:34] [Render thread/INFO] (lodekeeper) [Lodekeeper] PROGRESS elapsed_ms=101726 phase=traveling backend=baritone target=none navigation_elapsed_ms=611 navigation_ticks=12 searching=false path_index=0 path_length=26 retries=0 pending_route_events=0 dropped_route_events=0 status=pursuing_cow__1_
[15:44:36] [Render thread/INFO] (lodekeeper) [Lodekeeper] PROGRESS elapsed_ms=103775 phase=traveling backend=baritone target=none navigation_elapsed_ms=2592 navigation_ticks=52 searching=false path_index=0 path_length=21 retries=0 pending_route_events=0 dropped_route_events=0 status=pursuing_cow__1_
[15:44:38] [Render thread/INFO] (lodekeeper) [Lodekeeper] PROGRESS elapsed_ms=105819 phase=traveling backend=baritone target=none navigation_elapsed_ms=4804 navigation_ticks=96 searching=false path_index=0 path_length=10 retries=0 pending_route_events=0 dropped_route_events=0 status=pursuing_cow__1_
[15:44:38] [Render thread/INFO] (lodekeeper) [Lodekeeper] NAV backend=baritone mode=FOLLOW event=CALC_STARTED elapsedMs=4938
[15:44:38] [Render thread/INFO] (lodekeeper) [Lodekeeper] NAV calcTool=minecraft:dirt slot=1
[15:44:38] [Render thread/INFO] (lodekeeper) [Lodekeeper] NAV backend=baritone mode=FOLLOW event=CALC_FINISHED_NOW_EXECUTING elapsedMs=4938
[15:44:39] [Render thread/INFO] (lodekeeper) [Lodekeeper] NAV backend=baritone mode=FOLLOW event=CALC_STARTED elapsedMs=5506
[15:44:39] [Render thread/INFO] (lodekeeper) [Lodekeeper] NAV calcTool=minecraft:dirt slot=1
[15:44:39] [Render thread/INFO] (lodekeeper) [Lodekeeper] NAV backend=baritone mode=FOLLOW event=CALC_FINISHED_NOW_EXECUTING elapsedMs=5507
[15:44:40] [Render thread/INFO] (lodekeeper) [Lodekeeper] NAV backend=baritone mode=FOLLOW event=CALC_STARTED elapsedMs=6110
[15:44:40] [Render thread/INFO] (lodekeeper) [Lodekeeper] NAV calcTool=minecraft:dirt slot=1
[15:44:40] [Render thread/INFO] (lodekeeper) [Lodekeeper] NAV backend=baritone mode=FOLLOW event=CALC_FINISHED_NOW_EXECUTING elapsedMs=6110
[15:44:40] [Render thread/INFO] (lodekeeper) [Lodekeeper] PROGRESS elapsed_ms=107875 phase=traveling backend=baritone target=none navigation_elapsed_ms=6794 navigation_ticks=136 searching=false path_index=0 path_length=5 retries=0 pending_route_events=0 dropped_route_events=0 status=pursuing_cow__1_
[15:44:41] [Render thread/INFO] (lodekeeper) [Lodekeeper] NAV backend=baritone mode=FOLLOW event=CALC_STARTED elapsedMs=7196
[15:44:41] [Render thread/INFO] (lodekeeper) [Lodekeeper] NAV calcTool=minecraft:dirt slot=1
[15:44:41] [Render thread/INFO] (lodekeeper) [Lodekeeper] NAV backend=baritone mode=FOLLOW event=CALC_FINISHED_NOW_EXECUTING elapsedMs=7196
[15:44:41] [Render thread/INFO] (lodekeeper) [Lodekeeper] NAV backend=baritone mode=FOLLOW event=CALC_STARTED elapsedMs=7801
[15:44:41] [Render thread/INFO] (lodekeeper) [Lodekeeper] NAV calcTool=minecraft:dirt slot=1
[15:44:41] [Render thread/INFO] (lodekeeper) [Lodekeeper] NAV backend=baritone mode=FOLLOW event=CALC_FINISHED_NOW_EXECUTING elapsedMs=7802
[15:44:42] [Render thread/INFO] (lodekeeper) [Lodekeeper] FOOD_PURSUIT event=in-reach target=ac97f62f-cdfa-47d0-888e-2e54e2491540 routes=1 failedRoutes=0 attacks=0 health=10.0 closestBoxDistance=2.47 elapsedMs=8404
[15:44:42] [Render thread/INFO] (lodekeeper) [Lodekeeper] NAV backend=baritone mode=IDLE event=CANCELED elapsedMs=8405
[15:44:42] [Render thread/INFO] (lodekeeper) [Lodekeeper] NAV backend=baritone mode=IDLE event=CANCELED elapsedMs=8406
[15:44:42] [Render thread/INFO] (lodekeeper) [Lodekeeper] NAV backend=baritone mode=IDLE event=CANCELED elapsedMs=8439
[15:44:42] [Render thread/INFO] (lodekeeper) [Lodekeeper] NAV backend=baritone mode=IDLE event=CANCELED elapsedMs=8506
[15:44:42] [Render thread/INFO] (lodekeeper) [Lodekeeper] NAV backend=baritone mode=IDLE event=CANCELED elapsedMs=8540
[15:44:42] [Render thread/INFO] (lodekeeper) [Lodekeeper] FOOD_PURSUIT event=start target=ac97f62f-cdfa-47d0-888e-2e54e2491540 routes=2 failedRoutes=0 attacks=0 health=10.0 closestBoxDistance=2.51 elapsedMs=8606
[15:44:42] [Render thread/INFO] (lodekeeper) [Lodekeeper] NAV backend=baritone mode=FOLLOW event=CALC_STARTED elapsedMs=1
[15:44:42] [Render thread/INFO] (lodekeeper) [Lodekeeper] NAV calcTool=minecraft:dirt slot=1
[15:44:42] [Render thread/INFO] (lodekeeper) [Lodekeeper] NAV backend=baritone mode=FOLLOW event=CALC_FINISHED_NOW_EXECUTING elapsedMs=34
[15:44:42] [Render thread/INFO] (lodekeeper) [Lodekeeper] FOOD_PURSUIT event=in-reach target=ac97f62f-cdfa-47d0-888e-2e54e2491540 routes=2 failedRoutes=0 attacks=0 health=10.0 closestBoxDistance=2.24 elapsedMs=8807
[15:44:42] [Render thread/INFO] (lodekeeper) [Lodekeeper] NAV backend=baritone mode=IDLE event=CANCELED elapsedMs=202
[15:44:42] [Render thread/INFO] (lodekeeper) [Lodekeeper] NAV backend=baritone mode=IDLE event=CANCELED elapsedMs=202
[15:44:42] [Render thread/INFO] (lodekeeper) [Lodekeeper] NAV backend=baritone mode=IDLE event=CANCELED elapsedMs=235
[15:44:42] [Render thread/INFO] (lodekeeper) [Lodekeeper] PROGRESS elapsed_ms=109923 phase=working backend=baritone target=none navigation_elapsed_ms=0 navigation_ticks=0 searching=false path_index=0 path_length=0 retries=0 pending_route_events=0 dropped_route_events=0 status=finishing_movement_before_inventory_actions
[15:44:42] [Render thread/INFO] (lodekeeper) [Lodekeeper] NAV backend=baritone mode=IDLE event=CANCELED elapsedMs=302
[15:44:42] [Render thread/INFO] (lodekeeper) [Lodekeeper] NAV backend=baritone mode=IDLE event=CANCELED elapsedMs=335
[15:44:43] [Render thread/INFO] (lodekeeper) [Lodekeeper] FOOD_PURSUIT event=start target=ac97f62f-cdfa-47d0-888e-2e54e2491540 routes=3 failedRoutes=0 attacks=0 health=10.0 closestBoxDistance=2.97 elapsedMs=9343
[15:44:43] [Render thread/INFO] (lodekeeper) [Lodekeeper] NAV backend=baritone mode=FOLLOW event=CALC_STARTED elapsedMs=1
[15:44:43] [Render thread/INFO] (lodekeeper) [Lodekeeper] NAV calcTool=minecraft:stone_pickaxe slot=7
[15:44:43] [Render thread/INFO] (lodekeeper) [Lodekeeper] NAV backend=baritone mode=FOLLOW event=CALC_FINISHED_NOW_EXECUTING elapsedMs=68
[15:44:43] [Render thread/INFO] (lodekeeper) [Lodekeeper] FOOD_PURSUIT event=in-reach target=ac97f62f-cdfa-47d0-888e-2e54e2491540 routes=3 failedRoutes=0 attacks=0 health=10.0 closestBoxDistance=2.93 elapsedMs=9511
[15:44:43] [Render thread/INFO] (lodekeeper) [Lodekeeper] NAV backend=baritone mode=IDLE event=CANCELED elapsedMs=169
[15:44:43] [Render thread/INFO] (lodekeeper) [Lodekeeper] NAV backend=baritone mode=IDLE event=CANCELED elapsedMs=169
[15:44:43] [Render thread/INFO] (lodekeeper) [Lodekeeper] NAV backend=baritone mode=IDLE event=CANCELED elapsedMs=202
[15:44:43] [Render thread/INFO] (lodekeeper) [Lodekeeper] NAV backend=baritone mode=IDLE event=CANCELED elapsedMs=270
[15:44:43] [Render thread/INFO] (lodekeeper) [Lodekeeper] FOOD_PURSUIT event=start target=ac97f62f-cdfa-47d0-888e-2e54e2491540 routes=4 failedRoutes=0 attacks=0 health=10.0 closestBoxDistance=3.01 elapsedMs=9645
[15:44:43] [Render thread/INFO] (lodekeeper) [Lodekeeper] NAV backend=baritone mode=FOLLOW event=CALC_STARTED elapsedMs=33
[15:44:43] [Render thread/INFO] (lodekeeper) [Lodekeeper] NAV calcTool=minecraft:stone_pickaxe slot=7
[15:44:43] [Render thread/INFO] (lodekeeper) [Lodekeeper] NAV backend=baritone mode=FOLLOW event=CALC_FINISHED_NOW_EXECUTING elapsedMs=61
[15:44:43] [Render thread/INFO] (lodekeeper) [Lodekeeper] NAV backend=baritone mode=FOLLOW event=CALC_STARTED elapsedMs=162
[15:44:43] [Render thread/INFO] (lodekeeper) [Lodekeeper] NAV calcTool=minecraft:stone_pickaxe slot=7
[15:44:43] [Render thread/INFO] (lodekeeper) [Lodekeeper] NAV backend=baritone mode=FOLLOW event=CALC_FINISHED_NOW_EXECUTING elapsedMs=162
[15:44:43] [Render thread/INFO] (lodekeeper) [Lodekeeper] FOOD_PURSUIT event=in-reach target=ac97f62f-cdfa-47d0-888e-2e54e2491540 routes=4 failedRoutes=0 attacks=0 health=10.0 closestBoxDistance=2.98 elapsedMs=9840
[15:44:43] [Render thread/INFO] (lodekeeper) [Lodekeeper] NAV backend=baritone mode=IDLE event=CANCELED elapsedMs=195
[15:44:43] [Render thread/INFO] (lodekeeper) [Lodekeeper] NAV backend=baritone mode=IDLE event=CANCELED elapsedMs=196
[15:44:43] [Render thread/INFO] (lodekeeper) [Lodekeeper] NAV backend=baritone mode=IDLE event=CANCELED elapsedMs=262
[15:44:43] [Render thread/INFO] (lodekeeper) [Lodekeeper] NAV backend=baritone mode=IDLE event=CANCELED elapsedMs=296
[15:44:43] [Render thread/INFO] (lodekeeper) [Lodekeeper] NAV backend=baritone mode=IDLE event=CANCELED elapsedMs=363
[15:44:43] [Render thread/INFO] (lodekeeper) [Lodekeeper] FOOD_PURSUIT event=start target=ac97f62f-cdfa-47d0-888e-2e54e2491540 routes=5 failedRoutes=0 attacks=0 health=10.0 closestBoxDistance=3.23 elapsedMs=10041
[15:44:43] [Render thread/INFO] (lodekeeper) [Lodekeeper] NAV backend=baritone mode=FOLLOW event=CALC_STARTED elapsedMs=2
[15:44:43] [Render thread/INFO] (lodekeeper) [Lodekeeper] NAV calcTool=minecraft:stone_pickaxe slot=7
[15:44:44] [Render thread/INFO] (lodekeeper) [Lodekeeper] NAV backend=baritone mode=FOLLOW event=CALC_FINISHED_NOW_EXECUTING elapsedMs=67
[15:44:44] [Render thread/INFO] (lodekeeper) [Lodekeeper] FOOD_PURSUIT event=in-reach target=ac97f62f-cdfa-47d0-888e-2e54e2491540 routes=5 failedRoutes=0 attacks=0 health=10.0 closestBoxDistance=2.89 elapsedMs=10310
[15:44:44] [Render thread/INFO] (lodekeeper) [Lodekeeper] NAV backend=baritone mode=IDLE event=CANCELED elapsedMs=271
[15:44:44] [Render thread/INFO] (lodekeeper) [Lodekeeper] NAV backend=baritone mode=IDLE event=CANCELED elapsedMs=271
[15:44:44] [Render thread/INFO] (lodekeeper) [Lodekeeper] NAV backend=baritone mode=IDLE event=CANCELED elapsedMs=303
[15:44:44] [Render thread/INFO] (lodekeeper) [Lodekeeper] NAV backend=baritone mode=IDLE event=CANCELED elapsedMs=371
[15:44:44] [Render thread/INFO] (lodekeeper) [Lodekeeper] FOOD_TOOL slot=7 item=minecraft:stone_pickaxe damage=3.0 wear=2 remainingDurability=111
[15:44:44] [Render thread/INFO] (lodekeeper) [Lodekeeper] FOOD_PURSUIT event=native-attack target=ac97f62f-cdfa-47d0-888e-2e54e2491540 routes=5 failedRoutes=0 attacks=1 health=10.0 closestBoxDistance=2.77 elapsedMs=10480
[15:44:44] [Render thread/INFO] (lodekeeper) [Lodekeeper] FOOD_PURSUIT event=health-progress target=ac97f62f-cdfa-47d0-888e-2e54e2491540 routes=5 failedRoutes=0 attacks=1 health=7.0 closestBoxDistance=2.76 elapsedMs=10581
[15:44:44] [Render thread/INFO] (lodekeeper) [Lodekeeper] FOOD_PURSUIT event=start target=ac97f62f-cdfa-47d0-888e-2e54e2491540 routes=6 failedRoutes=0 attacks=1 health=7.0 closestBoxDistance=3.09 elapsedMs=10949
[15:44:44] [Render thread/INFO] (lodekeeper) [Lodekeeper] PROGRESS elapsed_ms=111964 phase=waiting backend=baritone target=none navigation_elapsed_ms=0 navigation_ticks=0 searching=false path_index=0 path_length=0 retries=0 pending_route_events=0 dropped_route_events=0 status=waiting_for_native_attack_cooldown
[15:44:44] [Render thread/INFO] (lodekeeper) [Lodekeeper] NAV backend=baritone mode=FOLLOW event=CALC_STARTED elapsedMs=2
[15:44:44] [Render thread/INFO] (lodekeeper) [Lodekeeper] NAV calcTool=minecraft:stone_pickaxe slot=7
[15:44:44] [Render thread/INFO] (lodekeeper) [Lodekeeper] NAV backend=baritone mode=FOLLOW event=CALC_FINISHED_NOW_EXECUTING elapsedMs=34
[15:44:45] [Render thread/INFO] (lodekeeper) [Lodekeeper] NAV backend=baritone mode=FOLLOW event=CALC_STARTED elapsedMs=136
[15:44:45] [Render thread/INFO] (lodekeeper) [Lodekeeper] NAV calcTool=minecraft:stone_pickaxe slot=7
[15:44:45] [Render thread/INFO] (lodekeeper) [Lodekeeper] NAV backend=baritone mode=FOLLOW event=CALC_FINISHED_NOW_EXECUTING elapsedMs=136
[15:44:45] [Render thread/INFO] (lodekeeper) [Lodekeeper] NAV backend=baritone mode=FOLLOW event=CALC_STARTED elapsedMs=303
[15:44:45] [Render thread/INFO] (lodekeeper) [Lodekeeper] NAV calcTool=minecraft:stone_pickaxe slot=7
[15:44:45] [Render thread/INFO] (lodekeeper) [Lodekeeper] NAV backend=baritone mode=FOLLOW event=CALC_FINISHED_NOW_EXECUTING elapsedMs=303
[15:44:45] [Render thread/INFO] (lodekeeper) [Lodekeeper] NAV backend=baritone mode=FOLLOW event=CALC_STARTED elapsedMs=404
[15:44:45] [Render thread/INFO] (lodekeeper) [Lodekeeper] NAV calcTool=minecraft:stone_pickaxe slot=7
[15:44:45] [Render thread/INFO] (lodekeeper) [Lodekeeper] NAV backend=baritone mode=FOLLOW event=CALC_FINISHED_NOW_EXECUTING elapsedMs=404
[15:44:45] [Render thread/INFO] (lodekeeper) [Lodekeeper] FOOD_PURSUIT event=in-reach target=ac97f62f-cdfa-47d0-888e-2e54e2491540 routes=6 failedRoutes=0 attacks=1 health=7.0 closestBoxDistance=2.93 elapsedMs=11586
[15:44:45] [Render thread/INFO] (lodekeeper) [Lodekeeper] NAV backend=baritone mode=IDLE event=CANCELED elapsedMs=638
[15:44:45] [Render thread/INFO] (lodekeeper) [Lodekeeper] NAV backend=baritone mode=IDLE event=CANCELED elapsedMs=638
[15:44:45] [Render thread/INFO] (lodekeeper) [Lodekeeper] NAV backend=baritone mode=IDLE event=CANCELED elapsedMs=705
[15:44:45] [Render thread/INFO] (lodekeeper) [Lodekeeper] NAV backend=baritone mode=IDLE event=CANCELED elapsedMs=738
[15:44:45] [Render thread/INFO] (lodekeeper) [Lodekeeper] NAV backend=baritone mode=IDLE event=CANCELED elapsedMs=805
[15:44:45] [Render thread/INFO] (lodekeeper) [Lodekeeper] NAV backend=baritone mode=IDLE event=CANCELED elapsedMs=839
[15:44:45] [Render thread/INFO] (lodekeeper) [Lodekeeper] NAV backend=baritone mode=IDLE event=CANCELED elapsedMs=905
[15:44:45] [Render thread/INFO] (lodekeeper) [Lodekeeper] NAV backend=baritone mode=IDLE event=CANCELED elapsedMs=939
[15:44:45] [Render thread/INFO] (lodekeeper) [Lodekeeper] NAV backend=baritone mode=IDLE event=CANCELED elapsedMs=1006
[15:44:45] [Render thread/INFO] (lodekeeper) [Lodekeeper] NAV backend=baritone mode=IDLE event=CANCELED elapsedMs=1041
[15:44:46] [Render thread/INFO] (lodekeeper) [Lodekeeper] FOOD_TOOL slot=7 item=minecraft:stone_pickaxe damage=3.0 wear=2 remainingDurability=109
[15:44:46] [Render thread/INFO] (lodekeeper) [Lodekeeper] FOOD_PURSUIT event=native-attack target=ac97f62f-cdfa-47d0-888e-2e54e2491540 routes=6 failedRoutes=0 attacks=2 health=7.0 closestBoxDistance=1.49 elapsedMs=12091
[15:44:46] [Render thread/INFO] (lodekeeper) [Lodekeeper] FOOD_PURSUIT event=health-progress target=ac97f62f-cdfa-47d0-888e-2e54e2491540 routes=6 failedRoutes=0 attacks=2 health=4.0 closestBoxDistance=1.5 elapsedMs=12156
[15:44:46] [Render thread/INFO] (lodekeeper) [Lodekeeper] FOOD_PURSUIT event=start target=ac97f62f-cdfa-47d0-888e-2e54e2491540 routes=7 failedRoutes=0 attacks=2 health=4.0 closestBoxDistance=3.24 elapsedMs=12558
[15:44:46] [Render thread/INFO] (lodekeeper) [Lodekeeper] NAV backend=baritone mode=FOLLOW event=CALC_STARTED elapsedMs=1
[15:44:46] [Render thread/INFO] (lodekeeper) [Lodekeeper] NAV calcTool=minecraft:stone_pickaxe slot=7
[15:44:46] [Render thread/INFO] (lodekeeper) [Lodekeeper] NAV backend=baritone mode=FOLLOW event=CALC_FINISHED_NOW_EXECUTING elapsedMs=34
[15:44:46] [Render thread/INFO] (lodekeeper) [Lodekeeper] FOOD_PURSUIT event=in-reach target=ac97f62f-cdfa-47d0-888e-2e54e2491540 routes=7 failedRoutes=0 attacks=2 health=4.0 closestBoxDistance=2.91 elapsedMs=12761
[15:44:46] [Render thread/INFO] (lodekeeper) [Lodekeeper] NAV backend=baritone mode=IDLE event=CALC_STARTED elapsedMs=203
[15:44:46] [Render thread/INFO] (lodekeeper) [Lodekeeper] NAV calcTool=minecraft:stone_pickaxe slot=7
[15:44:46] [Render thread/INFO] (lodekeeper) [Lodekeeper] NAV backend=baritone mode=IDLE event=CALC_FINISHED_NOW_EXECUTING elapsedMs=204
[15:44:46] [Render thread/INFO] (lodekeeper) [Lodekeeper] NAV backend=baritone mode=IDLE event=CANCELED elapsedMs=204
[15:44:46] [Render thread/INFO] (lodekeeper) [Lodekeeper] NAV backend=baritone mode=IDLE event=CANCELED elapsedMs=204
[15:44:46] [Render thread/INFO] (lodekeeper) [Lodekeeper] NAV backend=baritone mode=IDLE event=CANCELED elapsedMs=237
[15:44:46] [Render thread/INFO] (lodekeeper) [Lodekeeper] NAV backend=baritone mode=IDLE event=CANCELED elapsedMs=304
[15:44:46] [Render thread/INFO] (lodekeeper) [Lodekeeper] NAV backend=baritone mode=IDLE event=CANCELED elapsedMs=337
[15:44:46] [Render thread/INFO] (lodekeeper) [Lodekeeper] PROGRESS elapsed_ms=113977 phase=working backend=baritone target=none navigation_elapsed_ms=0 navigation_ticks=0 searching=false path_index=0 path_length=0 retries=0 pending_route_events=0 dropped_route_events=0 status=stopping_movement_before_attack
[15:44:46] [Render thread/INFO] (lodekeeper) [Lodekeeper] FOOD_TOOL slot=7 item=minecraft:stone_pickaxe damage=3.0 wear=2 remainingDurability=107
[15:44:46] [Render thread/INFO] (lodekeeper) [Lodekeeper] FOOD_PURSUIT event=native-attack target=ac97f62f-cdfa-47d0-888e-2e54e2491540 routes=7 failedRoutes=0 attacks=3 health=4.0 closestBoxDistance=1.27 elapsedMs=12995
[15:44:47] [Render thread/INFO] (lodekeeper) [Lodekeeper] FOOD_PURSUIT event=health-progress target=ac97f62f-cdfa-47d0-888e-2e54e2491540 routes=7 failedRoutes=0 attacks=3 health=1.0 closestBoxDistance=1.08 elapsedMs=13062
[15:44:47] [Render thread/INFO] (lodekeeper) [Lodekeeper] FOOD_TOOL slot=7 item=minecraft:stone_pickaxe damage=3.0 wear=2 remainingDurability=105
[15:44:47] [Render thread/INFO] (lodekeeper) [Lodekeeper] FOOD_PURSUIT event=native-attack target=ac97f62f-cdfa-47d0-888e-2e54e2491540 routes=7 failedRoutes=0 attacks=4 health=1.0 closestBoxDistance=1.94 elapsedMs=13834
[15:44:47] [Render thread/INFO] (lodekeeper) [Lodekeeper] FOOD_PURSUIT event=health-progress target=ac97f62f-cdfa-47d0-888e-2e54e2491540 routes=7 failedRoutes=0 attacks=4 health=0.0 closestBoxDistance=1.91 elapsedMs=13901
[15:44:47] [Render thread/INFO] (lodekeeper) [Lodekeeper] NAV backend=baritone mode=PICKUP event=CALC_STARTED elapsedMs=2
[15:44:47] [Render thread/INFO] (lodekeeper) [Lodekeeper] NAV calcTool=minecraft:stone_pickaxe slot=7
[15:44:47] [Render thread/INFO] (lodekeeper) [Lodekeeper] NAV backend=baritone mode=PICKUP event=CALC_FINISHED_NOW_EXECUTING elapsedMs=67
[15:44:48] [Render thread/INFO] (lodekeeper) [Lodekeeper] NAV backend=baritone mode=PICKUP event=CALC_STARTED elapsedMs=403
[15:44:48] [Render thread/INFO] (lodekeeper) [Lodekeeper] NAV calcTool=minecraft:stone_pickaxe slot=7
[15:44:48] [Render thread/INFO] (lodekeeper) [Lodekeeper] NAV backend=baritone mode=PICKUP event=CALC_FINISHED_NOW_EXECUTING elapsedMs=403
[15:44:48] [Render thread/INFO] (lodekeeper) [Lodekeeper] NAV backend=baritone mode=IDLE event=CANCELED elapsedMs=470
[15:44:48] [Render thread/INFO] (lodekeeper) [Lodekeeper] NAV backend=baritone mode=IDLE event=CANCELED elapsedMs=470
[15:44:48] [Render thread/INFO] (lodekeeper) [Lodekeeper] NAV backend=baritone mode=IDLE event=CANCELED elapsedMs=502
[15:44:48] [Render thread/INFO] (lodekeeper) [Lodekeeper] NAV backend=baritone mode=IDLE event=CANCELED elapsedMs=572
[15:44:48] [Render thread/INFO] (lodekeeper) [Lodekeeper] NAV backend=baritone mode=IDLE event=CANCELED elapsedMs=604
[15:44:48] [lodekeeper-planner/INFO] (lodekeeper) [Lodekeeper] PROJECT_MATERIALS project=gear_diamond before=[gather:minecraft:iron_ore:3, gather:minecraft:stone:4, gather:minecraft:birch_log:1, gather:minecraft:diamond_ore:3, gather:minecraft:diamond_ore:3, gather:minecraft:diamond_ore:4, gather:minecraft:diamond_ore:8, gather:minecraft:diamond_ore:5, gather:minecraft:diamond_ore:2, gather:minecraft:diamond_ore:7, gather:minecraft:diamond_ore:1, gather:minecraft:acacia_log:1, gather:minecraft:diamond_ore:2] after=[gather:minecraft:iron_ore:3, gather:minecraft:stone:4, gather:minecraft:birch_log:1, gather:minecraft:diamond_ore:3, gather:minecraft:diamond_ore:3, gather:minecraft:diamond_ore:4, gather:minecraft:diamond_ore:8, gather:minecraft:diamond_ore:5, gather:minecraft:diamond_ore:2, gather:minecraft:diamond_ore:7, gather:minecraft:diamond_ore:1, gather:minecraft:acacia_log:1, gather:minecraft:diamond_ore:2]
[15:44:48] [lodekeeper-planner/INFO] (lodekeeper) [Lodekeeper] PLAN project=gear_diamond success=true steps=32 branches=149 elapsedMs=4.475824
[15:44:48] [Render thread/INFO] (lodekeeper) [Lodekeeper] STEP kind=GATHER source=gather:minecraft:iron_ore output=minecraft:raw_iron count=3 operations=3 auxiliary=false
[15:44:48] [Render thread/INFO] (lodekeeper) [Lodekeeper] MINING_DEPTH policy=NEAREST desiredY=16 ceiling=2031 deficit=3 phase=MINE blocks=[Block{minecraft:iron_ore}, Block{minecraft:deepslate_iron_ore}]
[15:44:48] [Render thread/INFO] (lodekeeper) [Lodekeeper] NAV backend=baritone mode=MINE event=CALC_STARTED elapsedMs=3
[15:44:48] [Render thread/INFO] (lodekeeper) [Lodekeeper] NAV calcTool=minecraft:stone_pickaxe slot=7
[15:44:48] [Render thread/INFO] (lodekeeper) [Lodekeeper] NAV backend=baritone mode=MINE event=CALC_FINISHED_NOW_EXECUTING elapsedMs=68
[15:44:48] [Render thread/INFO] (lodekeeper) [Lodekeeper] NAV discovered=4 retained=64 rejected=0 requestTicks=4 phase=MINE
[15:44:48] [Render thread/INFO] (lodekeeper) [Lodekeeper] TARGET target=14,71,8 block=minecraft:iron_ore
[15:44:48] [Render thread/INFO] (lodekeeper) [Lodekeeper] PROGRESS elapsed_ms=116024 phase=traveling backend=baritone target=14,71,8 block=minecraft:iron_ore navigation_elapsed_ms=200 navigation_ticks=4 searching=false path_index=0 path_length=12 retries=0 pending_route_events=0 dropped_route_events=0 status=mining_and_collecting_minecraft:raw_iron___0/3
[15:44:48] [Render thread/INFO] (lodekeeper) [Lodekeeper] NAV discovered=4 retained=64 rejected=0 requestTicks=8 phase=MINE
[15:44:49] [Render thread/INFO] (lodekeeper) [Lodekeeper] TARGET target=none
[15:44:49] [Render thread/INFO] (lodekeeper) [Lodekeeper] NAV backend=baritone mode=IDLE event=CANCELED elapsedMs=939
[15:44:49] [Render thread/INFO] (lodekeeper) [Lodekeeper] NAV backend=baritone mode=IDLE event=CANCELED elapsedMs=940
[15:44:49] [Render thread/INFO] (lodekeeper) [Lodekeeper] FOOD_PURSUIT event=start target=585b50cc-8be8-4a3a-a27e-763af7a62985 routes=1 failedRoutes=0 attacks=0 health=10.0 closestBoxDistance=2.26 elapsedMs=0
[15:44:49] [Render thread/INFO] (lodekeeper) [Lodekeeper] NAV backend=baritone mode=FOLLOW event=CALC_STARTED elapsedMs=2
[15:44:49] [Render thread/INFO] (lodekeeper) [Lodekeeper] NAV calcTool=minecraft:stone_pickaxe slot=7
[15:44:49] [Render thread/INFO] (lodekeeper) [Lodekeeper] FOOD_PURSUIT event=in-reach target=585b50cc-8be8-4a3a-a27e-763af7a62985 routes=1 failedRoutes=0 attacks=0 health=10.0 closestBoxDistance=2.26 elapsedMs=33
[15:44:49] [Render thread/INFO] (lodekeeper) [Lodekeeper] NAV backend=baritone mode=IDLE event=CALC_FINISHED_NOW_EXECUTING elapsedMs=34
[15:44:49] [Render thread/INFO] (lodekeeper) [Lodekeeper] NAV backend=baritone mode=IDLE event=CANCELED elapsedMs=34
[15:44:49] [Render thread/INFO] (lodekeeper) [Lodekeeper] NAV backend=baritone mode=IDLE event=CANCELED elapsedMs=34
[15:44:49] [Render thread/INFO] (lodekeeper) [Lodekeeper] FOOD_TOOL slot=7 item=minecraft:stone_pickaxe damage=3.0 wear=2 remainingDurability=103
[15:44:49] [Render thread/INFO] (lodekeeper) [Lodekeeper] FOOD_PURSUIT event=native-attack target=585b50cc-8be8-4a3a-a27e-763af7a62985 routes=1 failedRoutes=0 attacks=1 health=10.0 closestBoxDistance=2.26 elapsedMs=134
[15:44:49] [Render thread/INFO] (lodekeeper) [Lodekeeper] FOOD_PURSUIT event=health-progress target=585b50cc-8be8-4a3a-a27e-763af7a62985 routes=1 failedRoutes=0 attacks=1 health=7.0 closestBoxDistance=2.26 elapsedMs=201
[15:44:50] [Render thread/INFO] (lodekeeper) [Lodekeeper] FOOD_PURSUIT event=start target=585b50cc-8be8-4a3a-a27e-763af7a62985 routes=2 failedRoutes=0 attacks=1 health=7.0 closestBoxDistance=3.16 elapsedMs=1003
[15:44:50] [Render thread/INFO] (lodekeeper) [Lodekeeper] NAV backend=baritone mode=FOLLOW event=CALC_STARTED elapsedMs=2
[15:44:50] [Render thread/INFO] (lodekeeper) [Lodekeeper] NAV calcTool=minecraft:stone_pickaxe slot=7
[15:44:50] [Render thread/INFO] (lodekeeper) [Lodekeeper] NAV backend=baritone mode=FOLLOW event=CALC_FINISHED_NOW_EXECUTING elapsedMs=34
[15:44:50] [Render thread/INFO] (lodekeeper) [Lodekeeper] NAV backend=baritone mode=FOLLOW event=CALC_STARTED elapsedMs=133
[15:44:50] [Render thread/INFO] (lodekeeper) [Lodekeeper] NAV calcTool=minecraft:stone_pickaxe slot=7
[15:44:50] [Render thread/INFO] (lodekeeper) [Lodekeeper] NAV backend=baritone mode=FOLLOW event=CALC_FINISHED_NOW_EXECUTING elapsedMs=133
[15:44:50] [Render thread/INFO] (lodekeeper) [Lodekeeper] NAV backend=baritone mode=FOLLOW event=CALC_STARTED elapsedMs=201
[15:44:50] [Render thread/INFO] (lodekeeper) [Lodekeeper] NAV calcTool=minecraft:stone_pickaxe slot=7
[15:44:50] [Render thread/INFO] (lodekeeper) [Lodekeeper] NAV backend=baritone mode=FOLLOW event=CALC_FINISHED_NOW_EXECUTING elapsedMs=201
[15:44:50] [Render thread/INFO] (lodekeeper) [Lodekeeper] NAV backend=baritone mode=FOLLOW event=CALC_STARTED elapsedMs=335
[15:44:50] [Render thread/INFO] (lodekeeper) [Lodekeeper] NAV calcTool=minecraft:stone_pickaxe slot=7
[15:44:50] [Render thread/INFO] (lodekeeper) [Lodekeeper] NAV backend=baritone mode=FOLLOW event=CALC_FINISHED_NOW_EXECUTING elapsedMs=336
[15:44:51] [Render thread/INFO] (lodekeeper) [Lodekeeper] PROGRESS elapsed_ms=118070 phase=traveling backend=baritone target=none navigation_elapsed_ms=403 navigation_ticks=8 searching=false path_index=0 path_length=5 retries=0 pending_route_events=0 dropped_route_events=0 status=pursuing_cow__2_
[15:44:51] [Render thread/INFO] (lodekeeper) [Lodekeeper] NAV backend=baritone mode=FOLLOW event=CALC_STARTED elapsedMs=505
[15:44:51] [Render thread/INFO] (lodekeeper) [Lodekeeper] NAV calcTool=minecraft:stone_pickaxe slot=7
[15:44:51] [Render thread/INFO] (lodekeeper) [Lodekeeper] NAV backend=baritone mode=FOLLOW event=CALC_FINISHED_NOW_EXECUTING elapsedMs=505
[15:44:51] [Render thread/INFO] (lodekeeper) [Lodekeeper] NAV backend=baritone mode=FOLLOW event=CALC_STARTED elapsedMs=840
[15:44:51] [Render thread/INFO] (lodekeeper) [Lodekeeper] NAV calcTool=minecraft:stone_pickaxe slot=7
[15:44:51] [Render thread/INFO] (lodekeeper) [Lodekeeper] NAV backend=baritone mode=FOLLOW event=CALC_FINISHED_NOW_EXECUTING elapsedMs=840
[15:44:51] [Render thread/INFO] (lodekeeper) [Lodekeeper] NAV backend=baritone mode=FOLLOW event=CALC_STARTED elapsedMs=1109
[15:44:51] [Render thread/INFO] (lodekeeper) [Lodekeeper] NAV calcTool=minecraft:stone_pickaxe slot=7
[15:44:51] [Render thread/INFO] (lodekeeper) [Lodekeeper] NAV backend=baritone mode=FOLLOW event=CALC_FINISHED_NOW_EXECUTING elapsedMs=1109
[15:44:52] [Render thread/INFO] (lodekeeper) [Lodekeeper] NAV backend=baritone mode=FOLLOW event=CALC_STARTED elapsedMs=1410
[15:44:52] [Render thread/INFO] (lodekeeper) [Lodekeeper] NAV calcTool=minecraft:stone_pickaxe slot=7
[15:44:52] [Render thread/INFO] (lodekeeper) [Lodekeeper] NAV backend=baritone mode=FOLLOW event=CALC_FINISHED_NOW_EXECUTING elapsedMs=1411
[15:44:52] [Render thread/INFO] (lodekeeper) [Lodekeeper] NAV backend=baritone mode=FOLLOW event=CALC_STARTED elapsedMs=1678
[15:44:52] [Render thread/INFO] (lodekeeper) [Lodekeeper] NAV calcTool=minecraft:stone_pickaxe slot=7
[15:44:52] [Render thread/INFO] (lodekeeper) [Lodekeeper] NAV backend=baritone mode=FOLLOW event=CALC_FINISHED_NOW_EXECUTING elapsedMs=1678
[15:44:52] [Render thread/INFO] (lodekeeper) [Lodekeeper] NAV backend=baritone mode=FOLLOW event=CALC_STARTED elapsedMs=1946
[15:44:52] [Render thread/INFO] (lodekeeper) [Lodekeeper] NAV calcTool=minecraft:stone_pickaxe slot=7
[15:44:52] [Render thread/INFO] (lodekeeper) [Lodekeeper] NAV backend=baritone mode=FOLLOW event=CALC_FINISHED_NOW_EXECUTING elapsedMs=1946
[15:44:52] [Render thread/INFO] (lodekeeper) [Lodekeeper] FOOD_PURSUIT event=in-reach target=585b50cc-8be8-4a3a-a27e-763af7a62985 routes=2 failedRoutes=0 attacks=1 health=7.0 closestBoxDistance=2.99 elapsedMs=3184
[15:44:52] [Render thread/INFO] (lodekeeper) [Lodekeeper] NAV backend=baritone mode=IDLE event=CANCELED elapsedMs=2181
[15:44:52] [Render thread/INFO] (lodekeeper) [Lodekeeper] NAV backend=baritone mode=IDLE event=CANCELED elapsedMs=2181
[15:44:52] [Render thread/INFO] (lodekeeper) [Lodekeeper] NAV backend=baritone mode=IDLE event=CANCELED elapsedMs=2248
[15:44:52] [Render thread/INFO] (lodekeeper) [Lodekeeper] NAV backend=baritone mode=IDLE event=CANCELED elapsedMs=2281
[15:44:52] [Render thread/INFO] (lodekeeper) [Lodekeeper] NAV backend=baritone mode=IDLE event=CANCELED elapsedMs=2348
[15:44:53] [Render thread/INFO] (lodekeeper) [Lodekeeper] FOOD_TOOL slot=7 item=minecraft:stone_pickaxe damage=3.0 wear=2 remainingDurability=101
[15:44:53] [Render thread/INFO] (lodekeeper) [Lodekeeper] FOOD_PURSUIT event=native-attack target=585b50cc-8be8-4a3a-a27e-763af7a62985 routes=2 failedRoutes=0 attacks=2 health=7.0 closestBoxDistance=2.91 elapsedMs=3452
[15:44:53] [Render thread/INFO] (lodekeeper) [Lodekeeper] PROGRESS elapsed_ms=120115 phase=working backend=baritone target=none navigation_elapsed_ms=0 navigation_ticks=0 searching=false path_index=0 path_length=0 retries=0 pending_route_events=0 dropped_route_events=0 status=attacking_cow
[15:44:53] [Render thread/INFO] (lodekeeper) [Lodekeeper] FOOD_PURSUIT event=health-progress target=585b50cc-8be8-4a3a-a27e-763af7a62985 routes=2 failedRoutes=0 attacks=2 health=4.0 closestBoxDistance=2.94 elapsedMs=3485
[15:44:53] [Render thread/INFO] (lodekeeper) [Lodekeeper] FOOD_PURSUIT event=start target=585b50cc-8be8-4a3a-a27e-763af7a62985 routes=3 failedRoutes=0 attacks=2 health=4.0 closestBoxDistance=3.02 elapsedMs=3652
[15:44:53] [Render thread/INFO] (lodekeeper) [Lodekeeper] NAV backend=baritone mode=FOLLOW event=CALC_STARTED elapsedMs=1
[15:44:53] [Render thread/INFO] (lodekeeper) [Lodekeeper] NAV calcTool=minecraft:stone_pickaxe slot=7
[15:44:53] [Render thread/INFO] (lodekeeper) [Lodekeeper] NAV backend=baritone mode=FOLLOW event=CALC_FINISHED_NOW_EXECUTING elapsedMs=34
[15:44:53] [Render thread/INFO] (lodekeeper) [Lodekeeper] FOOD_PURSUIT event=in-reach target=585b50cc-8be8-4a3a-a27e-763af7a62985 routes=3 failedRoutes=0 attacks=2 health=4.0 closestBoxDistance=2.95 elapsedMs=3987
[15:44:53] [Render thread/INFO] (lodekeeper) [Lodekeeper] NAV backend=baritone mode=IDLE event=CALC_STARTED elapsedMs=335
[15:44:53] [Render thread/INFO] (lodekeeper) [Lodekeeper] NAV calcTool=minecraft:stone_pickaxe slot=7
[15:44:53] [Render thread/INFO] (lodekeeper) [Lodekeeper] NAV backend=baritone mode=IDLE event=CALC_FINISHED_NOW_EXECUTING elapsedMs=336
[15:44:53] [Render thread/INFO] (lodekeeper) [Lodekeeper] NAV backend=baritone mode=IDLE event=CANCELED elapsedMs=336
[15:44:53] [Render thread/INFO] (lodekeeper) [Lodekeeper] NAV backend=baritone mode=IDLE event=CANCELED elapsedMs=336
[15:44:53] [Render thread/INFO] (lodekeeper) [Lodekeeper] NAV backend=baritone mode=IDLE event=CANCELED elapsedMs=403
[15:44:53] [Render thread/INFO] (lodekeeper) [Lodekeeper] NAV backend=baritone mode=IDLE event=CANCELED elapsedMs=436
[15:44:53] [Render thread/INFO] (lodekeeper) [Lodekeeper] NAV backend=baritone mode=IDLE event=CANCELED elapsedMs=504
[15:44:53] [Render thread/INFO] (lodekeeper) [Lodekeeper] FOOD_TOOL slot=7 item=minecraft:stone_pickaxe damage=3.0 wear=2 remainingDurability=99
[15:44:53] [Render thread/INFO] (lodekeeper) [Lodekeeper] FOOD_PURSUIT event=native-attack target=585b50cc-8be8-4a3a-a27e-763af7a62985 routes=3 failedRoutes=0 attacks=3 health=4.0 closestBoxDistance=2.11 elapsedMs=4290
[15:44:53] [Render thread/INFO] (lodekeeper) [Lodekeeper] FOOD_PURSUIT event=health-progress target=585b50cc-8be8-4a3a-a27e-763af7a62985 routes=3 failedRoutes=0 attacks=3 health=1.0 closestBoxDistance=1.8 elapsedMs=4357
[15:44:54] [Render thread/INFO] (lodekeeper) [Lodekeeper] FOOD_TOOL slot=7 item=minecraft:stone_pickaxe damage=3.0 wear=2 remainingDurability=97
[15:44:54] [Render thread/INFO] (lodekeeper) [Lodekeeper] FOOD_PURSUIT event=native-attack target=585b50cc-8be8-4a3a-a27e-763af7a62985 routes=3 failedRoutes=0 attacks=4 health=1.0 closestBoxDistance=0.69 elapsedMs=5180
[15:44:54] [Render thread/INFO] (lodekeeper) [Lodekeeper] FOOD_PURSUIT event=health-progress target=585b50cc-8be8-4a3a-a27e-763af7a62985 routes=3 failedRoutes=0 attacks=4 health=0.0 closestBoxDistance=0.24 elapsedMs=5232
[15:44:54] [Render thread/INFO] (lodekeeper) [Lodekeeper] NAV backend=baritone mode=PICKUP event=CALC_STARTED elapsedMs=2
[15:44:54] [Render thread/INFO] (lodekeeper) [Lodekeeper] NAV calcTool=minecraft:stone_pickaxe slot=7
[15:44:54] [Render thread/INFO] (lodekeeper) [Lodekeeper] NAV backend=baritone mode=PICKUP event=CALC_FINISHED_NOW_EXECUTING elapsedMs=33
[15:44:55] [Render thread/INFO] (lodekeeper) [Lodekeeper] PROGRESS elapsed_ms=122162 phase=traveling backend=baritone target=none navigation_elapsed_ms=200 navigation_ticks=4 searching=false path_index=0 path_length=2 retries=0 pending_route_events=0 dropped_route_events=0 status=collecting_minecraft:beef
[15:44:55] [Render thread/INFO] (lodekeeper) [Lodekeeper] NAV backend=baritone mode=PICKUP event=AT_GOAL elapsedMs=201
[15:44:55] [Render thread/INFO] (lodekeeper) [Lodekeeper] NAV backend=baritone mode=IDLE event=CANCELED elapsedMs=402
[15:44:55] [Render thread/INFO] (lodekeeper) [Lodekeeper] NAV backend=baritone mode=IDLE event=CANCELED elapsedMs=402
[15:44:55] [Render thread/INFO] (lodekeeper) [Lodekeeper] NAV backend=baritone mode=IDLE event=CANCELED elapsedMs=435
[15:44:55] [Render thread/INFO] (lodekeeper) [Lodekeeper] NAV backend=baritone mode=IDLE event=CANCELED elapsedMs=502
[15:44:55] [Render thread/INFO] (lodekeeper) [Lodekeeper] NAV backend=baritone mode=IDLE event=CANCELED elapsedMs=536
[15:44:55] [Render thread/INFO] (lodekeeper) [Lodekeeper] NAV backend=baritone mode=IDLE event=CANCELED elapsedMs=602
[15:44:55] [Render thread/INFO] (lodekeeper) [Lodekeeper] NAV backend=baritone mode=IDLE event=CANCELED elapsedMs=635
[15:44:55] [Render thread/INFO] (lodekeeper) [Lodekeeper] FOOD_PREPARATION decision=cook_stored_food nutrition=18 cooked_potential=48 target=36
[15:44:55] [lodekeeper-planner/INFO] (lodekeeper) [Lodekeeper] PROJECT_MATERIALS project=gear_diamond before=[gather:minecraft:iron_ore:3, gather:minecraft:stone:4, gather:minecraft:birch_log:1, gather:minecraft:diamond_ore:3, gather:minecraft:diamond_ore:3, gather:minecraft:diamond_ore:4, gather:minecraft:diamond_ore:8, gather:minecraft:diamond_ore:5, gather:minecraft:diamond_ore:2, gather:minecraft:diamond_ore:7, gather:minecraft:diamond_ore:1, gather:minecraft:acacia_log:1, gather:minecraft:diamond_ore:2] after=[gather:minecraft:iron_ore:3, gather:minecraft:stone:4, gather:minecraft:birch_log:1, gather:minecraft:diamond_ore:3, gather:minecraft:diamond_ore:3, gather:minecraft:diamond_ore:4, gather:minecraft:diamond_ore:8, gather:minecraft:diamond_ore:5, gather:minecraft:diamond_ore:2, gather:minecraft:diamond_ore:7, gather:minecraft:diamond_ore:1, gather:minecraft:acacia_log:1, gather:minecraft:diamond_ore:2]
[15:44:55] [lodekeeper-planner/INFO] (lodekeeper) [Lodekeeper] PLAN project=gear_diamond success=true steps=32 branches=149 elapsedMs=4.499527
[15:44:55] [Render thread/INFO] (lodekeeper) [Lodekeeper] STEP kind=GATHER source=gather:minecraft:iron_ore output=minecraft:raw_iron count=3 operations=3 auxiliary=false
[15:44:55] [Render thread/INFO] (lodekeeper) [Lodekeeper] MINING_DEPTH policy=NEAREST desiredY=16 ceiling=2031 deficit=3 phase=MINE blocks=[Block{minecraft:iron_ore}, Block{minecraft:deepslate_iron_ore}]
[15:44:55] [Render thread/INFO] (lodekeeper) [Lodekeeper] NAV backend=baritone mode=MINE event=CALC_STARTED elapsedMs=3
[15:44:55] [Render thread/INFO] (lodekeeper) [Lodekeeper] NAV calcTool=minecraft:stone_pickaxe slot=7
[15:44:55] [Render thread/INFO] (lodekeeper) [Lodekeeper] NAV backend=baritone mode=MINE event=CALC_FINISHED_NOW_EXECUTING elapsedMs=65
[15:44:55] [Render thread/INFO] (lodekeeper) [Lodekeeper] NAV discovered=4 retained=64 rejected=0 requestTicks=4 phase=MINE
[15:44:55] [Render thread/INFO] (lodekeeper) [Lodekeeper] TARGET target=14,71,8 block=minecraft:iron_ore
[15:44:56] [Render thread/INFO] (lodekeeper) [Lodekeeper] NAV discovered=4 retained=64 rejected=0 requestTicks=8 phase=MINE
[15:44:57] [Render thread/INFO] (lodekeeper) [Lodekeeper] PROGRESS elapsed_ms=124174 phase=traveling backend=baritone target=14,71,8 block=minecraft:iron_ore navigation_elapsed_ms=1406 navigation_ticks=28 searching=false path_index=0 path_length=14 retries=0 pending_route_events=0 dropped_route_events=0 status=mining_and_collecting_minecraft:raw_iron___0/3
[15:44:59] [Render thread/INFO] (lodekeeper) [Lodekeeper] PROGRESS elapsed_ms=126215 phase=traveling backend=baritone target=14,71,8 block=minecraft:iron_ore navigation_elapsed_ms=3415 navigation_ticks=68 searching=false path_index=0 path_length=7 retries=0 pending_route_events=0 dropped_route_events=0 status=mining_and_collecting_minecraft:raw_iron___0/3
[15:44:59] [Render thread/INFO] (lodekeeper) [Lodekeeper] BREAK target=MutableBlockPos{x=14, y=75, z=8} block=Block{minecraft:grass_block} tool=minecraft:crafting_table slot=0 remaining=-1 required=route
[15:45:00] [Render thread/INFO] (lodekeeper) [Lodekeeper] BREAK target=MutableBlockPos{x=14, y=74, z=8} block=Block{minecraft:dirt} tool=minecraft:crafting_table slot=0 remaining=-1 required=route
[15:45:01] [Render thread/INFO] (lodekeeper) [Lodekeeper] PROGRESS elapsed_ms=128263 phase=traveling backend=baritone target=14,71,8 block=minecraft:iron_ore navigation_elapsed_ms=5394 navigation_ticks=108 searching=false path_index=0 path_length=5 retries=0 pending_route_events=0 dropped_route_events=0 status=mining_and_collecting_minecraft:raw_iron___0/3
[15:45:01] [Render thread/INFO] (lodekeeper) [Lodekeeper] BREAK target=MutableBlockPos{x=14, y=73, z=8} block=Block{minecraft:dirt} tool=minecraft:crafting_table slot=0 remaining=-1 required=route
[15:45:02] [Render thread/INFO] (lodekeeper) [Lodekeeper] BREAK target=MutableBlockPos{x=14, y=72, z=8} block=Block{minecraft:dirt} tool=minecraft:crafting_table slot=0 remaining=-1 required=route
[15:45:03] [Render thread/INFO] (lodekeeper) [Lodekeeper] PROGRESS elapsed_ms=130327 phase=traveling backend=baritone target=14,71,8 block=minecraft:iron_ore navigation_elapsed_ms=7626 navigation_ticks=152 searching=false path_index=0 path_length=3 retries=0 pending_route_events=0 dropped_route_events=0 status=mining_and_collecting_minecraft:raw_iron___0/3
[15:45:03] [Render thread/INFO] (lodekeeper) [Lodekeeper] BREAK target=MutableBlockPos{x=14, y=71, z=8} block=Block{minecraft:iron_ore} tool=minecraft:stone_pickaxe slot=7 remaining=95 required=minecraft:stone_pickaxe
[15:45:04] [Render thread/INFO] (lodekeeper) [Lodekeeper] TARGET target=none
[15:45:04] [Render thread/INFO] (lodekeeper) [Lodekeeper] NAV discovered=1 retained=64 rejected=0 requestTicks=185 phase=MINE
[15:45:04] [Render thread/INFO] (lodekeeper) [Lodekeeper] NAV backend=baritone mode=MINE event=CALC_STARTED elapsedMs=9273
[15:45:04] [Render thread/INFO] (lodekeeper) [Lodekeeper] NAV calcTool=minecraft:stone_pickaxe slot=7
[15:45:04] [Render thread/INFO] (lodekeeper) [Lodekeeper] NAV backend=baritone mode=MINE event=CALC_FINISHED_NOW_EXECUTING elapsedMs=9273
[15:45:05] [Render thread/INFO] (lodekeeper) [Lodekeeper] TARGET target=15,70,9 block=minecraft:iron_ore
[15:45:05] [Render thread/INFO] (lodekeeper) [Lodekeeper] BREAK target=MutableBlockPos{x=14, y=70, z=8} block=Block{minecraft:stone} tool=minecraft:stone_pickaxe slot=7 remaining=94 required=route
[15:45:05] [Render thread/INFO] (lodekeeper) [Lodekeeper] PROGRESS elapsed_ms=132375 phase=traveling backend=baritone target=15,70,9 block=minecraft:iron_ore navigation_elapsed_ms=9606 navigation_ticks=192 searching=false path_index=0 path_length=4 retries=0 pending_route_events=0 dropped_route_events=0 status=mining_and_collecting_minecraft:raw_iron___1/3
[15:45:05] [Render thread/INFO] (lodekeeper) [Lodekeeper] BREAK target=MutableBlockPos{x=15, y=71, z=8} block=Block{minecraft:stone} tool=minecraft:stone_pickaxe slot=7 remaining=93 required=route
[15:45:06] [Render thread/INFO] (lodekeeper) [Lodekeeper] BREAK target=MutableBlockPos{x=15, y=70, z=8} block=Block{minecraft:stone} tool=minecraft:stone_pickaxe slot=7 remaining=92 required=route
[15:45:07] [Render thread/INFO] (lodekeeper) [Lodekeeper] PROGRESS elapsed_ms=134418 phase=traveling backend=baritone target=15,70,9 block=minecraft:iron_ore navigation_elapsed_ms=11617 navigation_ticks=232 searching=false path_index=0 path_length=3 retries=0 pending_route_events=0 dropped_route_events=0 status=mining_and_collecting_minecraft:raw_iron___1/3
[15:45:07] [Render thread/INFO] (lodekeeper) [Lodekeeper] BREAK target=MutableBlockPos{x=15, y=71, z=9} block=Block{minecraft:iron_ore} tool=minecraft:stone_pickaxe slot=7 remaining=91 required=minecraft:stone_pickaxe
[15:45:09] [Render thread/INFO] (lodekeeper) [Lodekeeper] NAV discovered=1 retained=64 rejected=0 requestTicks=268 phase=MINE
[15:45:09] [Render thread/INFO] (lodekeeper) [Lodekeeper] BREAK target=MutableBlockPos{x=15, y=70, z=9} block=Block{minecraft:iron_ore} tool=minecraft:stone_pickaxe slot=7 remaining=90 required=minecraft:stone_pickaxe
[15:45:09] [Render thread/INFO] (lodekeeper) [Lodekeeper] PROGRESS elapsed_ms=136464 phase=traveling backend=baritone target=15,70,9 block=minecraft:iron_ore navigation_elapsed_ms=13596 navigation_ticks=272 searching=false path_index=0 path_length=2 retries=0 pending_route_events=0 dropped_route_events=0 status=mining_and_collecting_minecraft:raw_iron___1/3
[15:45:10] [Render thread/INFO] (lodekeeper) [Lodekeeper] TARGET target=none
[15:45:10] [Render thread/INFO] (lodekeeper) [Lodekeeper] NAV backend=baritone mode=MINE event=AT_GOAL elapsedMs=14906
[15:45:10] [Render thread/INFO] (lodekeeper) [Lodekeeper] NAV backend=baritone mode=MINE event=CALC_STARTED elapsedMs=15207
[15:45:10] [Render thread/INFO] (lodekeeper) [Lodekeeper] NAV calcTool=minecraft:stone_pickaxe slot=7
[15:45:10] [Render thread/INFO] (lodekeeper) [Lodekeeper] NAV backend=baritone mode=IDLE event=CANCELED elapsedMs=15272
[15:45:10] [Render thread/INFO] (lodekeeper) [Lodekeeper] NAV backend=baritone mode=IDLE event=CANCELED elapsedMs=15273
[15:45:10] [Render thread/INFO] (lodekeeper) [Lodekeeper] NAV backend=baritone mode=IDLE event=CANCELED elapsedMs=15273
[15:45:11] [lodekeeper-planner/INFO] (lodekeeper) [Lodekeeper] PROJECT_MATERIALS project=gear_diamond before=[gather:minecraft:stone:1, gather:minecraft:birch_log:1, gather:minecraft:diamond_ore:3, gather:minecraft:diamond_ore:3, gather:minecraft:diamond_ore:4, gather:minecraft:diamond_ore:8, gather:minecraft:diamond_ore:5, gather:minecraft:diamond_ore:2, gather:minecraft:diamond_ore:7, gather:minecraft:diamond_ore:1, gather:minecraft:acacia_log:1, gather:minecraft:diamond_ore:2] after=[gather:minecraft:stone:1, gather:minecraft:birch_log:1, gather:minecraft:diamond_ore:3, gather:minecraft:diamond_ore:3, gather:minecraft:diamond_ore:4, gather:minecraft:diamond_ore:8, gather:minecraft:diamond_ore:5, gather:minecraft:diamond_ore:2, gather:minecraft:diamond_ore:7, gather:minecraft:diamond_ore:1, gather:minecraft:acacia_log:1, gather:minecraft:diamond_ore:2]
[15:45:11] [lodekeeper-planner/INFO] (lodekeeper) [Lodekeeper] PLAN project=gear_diamond success=true steps=31 branches=145 elapsedMs=3.896052
[15:45:11] [Render thread/INFO] (lodekeeper) [Lodekeeper] STEP kind=GATHER source=gather:minecraft:stone output=minecraft:cobblestone count=1 operations=1 auxiliary=false
[15:45:11] [Render thread/INFO] (lodekeeper) [Lodekeeper] MINING_DEPTH policy=NEAREST desiredY=-2147483648 ceiling=2031 deficit=1 phase=MINE blocks=[Block{minecraft:stone}]
[15:45:11] [Render thread/INFO] (lodekeeper) [Lodekeeper] NAV backend=baritone mode=MINE event=CALC_STARTED elapsedMs=3
[15:45:11] [Render thread/INFO] (lodekeeper) [Lodekeeper] NAV calcTool=minecraft:stone_pickaxe slot=7
[15:45:11] [Render thread/INFO] (lodekeeper) [Lodekeeper] PROGRESS elapsed_ms=138476 phase=gathering backend=baritone target=none navigation_elapsed_ms=0 navigation_ticks=0 searching=false path_index=0 path_length=0 retries=0 pending_route_events=0 dropped_route_events=0 status=mining_and_collecting_minecraft:cobblestone___7/8
[15:45:11] [Render thread/INFO] (lodekeeper) [Lodekeeper] NAV backend=baritone mode=MINE event=CALC_FINISHED_NOW_EXECUTING elapsedMs=66
[15:45:11] [Render thread/INFO] (lodekeeper) [Lodekeeper] TARGET target=15,64,5 block=minecraft:stone
[15:45:11] [Render thread/INFO] (lodekeeper) [Lodekeeper] BREAK target=MutableBlockPos{x=15, y=69, z=8} block=Block{minecraft:stone} tool=minecraft:stone_pickaxe slot=7 remaining=89 required=minecraft:stone_pickaxe
[15:45:12] [Render thread/INFO] (lodekeeper) [Lodekeeper] BREAK target=MutableBlockPos{x=15, y=68, z=8} block=Block{minecraft:stone} tool=minecraft:stone_pickaxe slot=7 remaining=88 required=minecraft:stone_pickaxe
[15:45:12] [Render thread/INFO] (lodekeeper) [Lodekeeper] TARGET target=none
[15:45:12] [lodekeeper-planner/INFO] (lodekeeper) [Lodekeeper] PROJECT_MATERIALS project=gear_diamond before=[gather:minecraft:birch_log:1, gather:minecraft:diamond_ore:3, gather:minecraft:diamond_ore:3, gather:minecraft:diamond_ore:4, gather:minecraft:diamond_ore:8, gather:minecraft:diamond_ore:5, gather:minecraft:diamond_ore:2, gather:minecraft:diamond_ore:7, gather:minecraft:diamond_ore:1, gather:minecraft:birch_log:1, gather:minecraft:diamond_ore:2] after=[gather:minecraft:birch_log:1, gather:minecraft:diamond_ore:3, gather:minecraft:diamond_ore:3, gather:minecraft:diamond_ore:4, gather:minecraft:diamond_ore:8, gather:minecraft:diamond_ore:5, gather:minecraft:diamond_ore:2, gather:minecraft:diamond_ore:7, gather:minecraft:diamond_ore:1, gather:minecraft:birch_log:1, gather:minecraft:diamond_ore:2]
[15:45:12] [lodekeeper-planner/INFO] (lodekeeper) [Lodekeeper] PLAN project=gear_diamond success=true steps=30 branches=139 elapsedMs=4.522771
[15:45:13] [Render thread/INFO] (lodekeeper) [Lodekeeper] STEP kind=PLACE_STATION source=place:minecraft:crafting_table output=null count=0 operations=1 auxiliary=false
[15:45:13] [Render thread/INFO] (lodekeeper) [Lodekeeper] TARGET target=14,70,8 block=minecraft:crafting_table
[15:45:13] [Render thread/INFO] (lodekeeper) [Lodekeeper] TARGET target=none
[15:45:13] [lodekeeper-planner/INFO] (lodekeeper) [Lodekeeper] PROJECT_MATERIALS project=gear_diamond before=[gather:minecraft:birch_log:1, gather:minecraft:diamond_ore:3, gather:minecraft:diamond_ore:3, gather:minecraft:diamond_ore:4, gather:minecraft:diamond_ore:8, gather:minecraft:diamond_ore:5, gather:minecraft:diamond_ore:2, gather:minecraft:diamond_ore:7, gather:minecraft:diamond_ore:1, gather:minecraft:birch_log:1, gather:minecraft:diamond_ore:2] after=[gather:minecraft:birch_log:1, gather:minecraft:diamond_ore:3, gather:minecraft:diamond_ore:3, gather:minecraft:diamond_ore:4, gather:minecraft:diamond_ore:8, gather:minecraft:diamond_ore:5, gather:minecraft:diamond_ore:2, gather:minecraft:diamond_ore:7, gather:minecraft:diamond_ore:1, gather:minecraft:birch_log:1, gather:minecraft:diamond_ore:2]
[15:45:13] [lodekeeper-planner/INFO] (lodekeeper) [Lodekeeper] PLAN project=gear_diamond success=true steps=29 branches=138 elapsedMs=3.941514
[15:45:13] [Render thread/INFO] (lodekeeper) [Lodekeeper] STEP kind=CRAFT source=server:minecraft:furnace:657 output=minecraft:furnace count=1 operations=1 auxiliary=false
[15:45:13] [Render thread/INFO] (lodekeeper) [Lodekeeper] PROGRESS elapsed_ms=140525 phase=crafting backend=baritone target=none navigation_elapsed_ms=0 navigation_ticks=0 searching=false path_index=0 path_length=0 retries=0 pending_route_events=0 dropped_route_events=0 status=CRAFT_server:minecraft:furnace:657
[15:45:15] [Render thread/INFO] (lodekeeper) [Lodekeeper] PROGRESS elapsed_ms=142566 phase=crafting backend=baritone target=none navigation_elapsed_ms=0 navigation_ticks=0 searching=false path_index=0 path_length=0 retries=0 pending_route_events=0 dropped_route_events=0 status=CRAFT_server:minecraft:furnace:657
[15:45:17] [Render thread/INFO] (lodekeeper) [Lodekeeper] PROGRESS elapsed_ms=144615 phase=crafting backend=baritone target=none navigation_elapsed_ms=0 navigation_ticks=0 searching=false path_index=0 path_length=0 retries=0 pending_route_events=0 dropped_route_events=0 status=CRAFT_server:minecraft:furnace:657
[15:45:19] [lodekeeper-planner/INFO] (lodekeeper) [Lodekeeper] PROJECT_MATERIALS project=gear_diamond before=[gather:minecraft:birch_log:1, gather:minecraft:diamond_ore:3, gather:minecraft:diamond_ore:3, gather:minecraft:diamond_ore:4, gather:minecraft:diamond_ore:8, gather:minecraft:diamond_ore:5, gather:minecraft:diamond_ore:2, gather:minecraft:diamond_ore:7, gather:minecraft:diamond_ore:1, gather:minecraft:birch_log:1, gather:minecraft:diamond_ore:2] after=[gather:minecraft:birch_log:1, gather:minecraft:diamond_ore:3, gather:minecraft:diamond_ore:3, gather:minecraft:diamond_ore:4, gather:minecraft:diamond_ore:8, gather:minecraft:diamond_ore:5, gather:minecraft:diamond_ore:2, gather:minecraft:diamond_ore:7, gather:minecraft:diamond_ore:1, gather:minecraft:birch_log:1, gather:minecraft:diamond_ore:2]
[15:45:19] [lodekeeper-planner/INFO] (lodekeeper) [Lodekeeper] PLAN project=gear_diamond success=true steps=28 branches=135 elapsedMs=5.254302
[15:45:19] [Render thread/INFO] (lodekeeper) [Lodekeeper] STEP kind=PLACE_STATION source=place:minecraft:furnace output=null count=0 operations=1 auxiliary=false
[15:45:19] [Render thread/INFO] (lodekeeper) [Lodekeeper] TARGET target=15,70,9 block=minecraft:furnace
[15:45:19] [Render thread/INFO] (lodekeeper) [Lodekeeper] TARGET target=none
[15:45:19] [lodekeeper-planner/INFO] (lodekeeper) [Lodekeeper] PROJECT_MATERIALS project=gear_diamond before=[gather:minecraft:birch_log:1, gather:minecraft:diamond_ore:3, gather:minecraft:diamond_ore:3, gather:minecraft:diamond_ore:4, gather:minecraft:diamond_ore:8, gather:minecraft:diamond_ore:5, gather:minecraft:diamond_ore:2, gather:minecraft:diamond_ore:7, gather:minecraft:diamond_ore:1, gather:minecraft:birch_log:1, gather:minecraft:diamond_ore:2] after=[gather:minecraft:birch_log:1, gather:minecraft:diamond_ore:3, gather:minecraft:diamond_ore:3, gather:minecraft:diamond_ore:4, gather:minecraft:diamond_ore:8, gather:minecraft:diamond_ore:5, gather:minecraft:diamond_ore:2, gather:minecraft:diamond_ore:7, gather:minecraft:diamond_ore:1, gather:minecraft:birch_log:1, gather:minecraft:diamond_ore:2]
[15:45:19] [lodekeeper-planner/INFO] (lodekeeper) [Lodekeeper] PLAN project=gear_diamond success=true steps=27 branches=134 elapsedMs=4.859616
[15:45:19] [Render thread/INFO] (lodekeeper) [Lodekeeper] SMELT_REQUIREMENTS source=server:minecraft:iron_ingot_from_smelting_raw_iron:768 selected=[SelectedItemRequirement[item=minecraft:raw_iron, count=3, consumed=true, purpose=smelting input, recipeSlot=-1], SelectedItemRequirement[item=minecraft:spruce_planks, count=2, consumed=true, purpose=smelting fuel, recipeSlot=-1], SelectedStationRequirement[station=minecraft:furnace, purpose=use station]]
[15:45:19] [Render thread/INFO] (lodekeeper) [Lodekeeper] STEP kind=SMELT source=server:minecraft:iron_ingot_from_smelting_raw_iron:768 output=minecraft:iron_ingot count=3 operations=3 auxiliary=false
[15:45:19] [Render thread/INFO] (lodekeeper) [Lodekeeper] PROGRESS elapsed_ms=146627 phase=smelting backend=baritone target=none navigation_elapsed_ms=0 navigation_ticks=0 searching=false path_index=0 path_length=0 retries=0 pending_route_events=0 dropped_route_events=0 status=SMELT_server:minecraft:iron_ingot_from_smelting_raw_iron:768
[15:45:21] [Render thread/INFO] (lodekeeper) [Lodekeeper] PROGRESS elapsed_ms=148674 phase=smelting backend=baritone target=none navigation_elapsed_ms=0 navigation_ticks=0 searching=false path_index=0 path_length=0 retries=0 pending_route_events=0 dropped_route_events=0 status=SMELT_server:minecraft:iron_ingot_from_smelting_raw_iron:768
[15:45:23] [Render thread/INFO] (lodekeeper) [Lodekeeper] PROGRESS elapsed_ms=150702 phase=smelting backend=baritone target=none navigation_elapsed_ms=0 navigation_ticks=0 searching=false path_index=0 path_length=0 retries=0 pending_route_events=0 dropped_route_events=0 status=SMELT_server:minecraft:iron_ingot_from_smelting_raw_iron:768
[15:45:25] [Render thread/INFO] (lodekeeper) [Lodekeeper] PROGRESS elapsed_ms=152712 phase=smelting backend=baritone target=none navigation_elapsed_ms=0 navigation_ticks=0 searching=false path_index=0 path_length=0 retries=0 pending_route_events=0 dropped_route_events=0 status=SMELT_server:minecraft:iron_ingot_from_smelting_raw_iron:768
[15:45:27] [Render thread/INFO] (lodekeeper) [Lodekeeper] PROGRESS elapsed_ms=154727 phase=smelting backend=baritone target=none navigation_elapsed_ms=0 navigation_ticks=0 searching=false path_index=0 path_length=0 retries=0 pending_route_events=0 dropped_route_events=0 status=SMELT_server:minecraft:iron_ingot_from_smelting_raw_iron:768
[15:45:29] [Render thread/INFO] (lodekeeper) [Lodekeeper] PROGRESS elapsed_ms=156771 phase=smelting backend=baritone target=none navigation_elapsed_ms=0 navigation_ticks=0 searching=false path_index=0 path_length=0 retries=0 pending_route_events=0 dropped_route_events=0 status=SMELT_server:minecraft:iron_ingot_from_smelting_raw_iron:768
[15:45:31] [Render thread/INFO] (lodekeeper) [Lodekeeper] PROGRESS elapsed_ms=158812 phase=smelting backend=baritone target=none navigation_elapsed_ms=0 navigation_ticks=0 searching=false path_index=0 path_length=0 retries=0 pending_route_events=0 dropped_route_events=0 status=SMELT_server:minecraft:iron_ingot_from_smelting_raw_iron:768
[15:45:33] [Render thread/INFO] (lodekeeper) [Lodekeeper] PROGRESS elapsed_ms=160822 phase=smelting backend=baritone target=none navigation_elapsed_ms=0 navigation_ticks=0 searching=false path_index=0 path_length=0 retries=0 pending_route_events=0 dropped_route_events=0 status=SMELT_server:minecraft:iron_ingot_from_smelting_raw_iron:768
[15:45:35] [Render thread/INFO] (lodekeeper) [Lodekeeper] PROGRESS elapsed_ms=162867 phase=smelting backend=baritone target=none navigation_elapsed_ms=0 navigation_ticks=0 searching=false path_index=0 path_length=0 retries=0 pending_route_events=0 dropped_route_events=0 status=SMELT_server:minecraft:iron_ingot_from_smelting_raw_iron:768
[15:45:37] [Render thread/INFO] (lodekeeper) [Lodekeeper] PROGRESS elapsed_ms=164878 phase=smelting backend=baritone target=none navigation_elapsed_ms=0 navigation_ticks=0 searching=false path_index=0 path_length=0 retries=0 pending_route_events=0 dropped_route_events=0 status=SMELT_server:minecraft:iron_ingot_from_smelting_raw_iron:768
[15:45:39] [Render thread/INFO] (lodekeeper) [Lodekeeper] PROGRESS elapsed_ms=166921 phase=smelting backend=baritone target=none navigation_elapsed_ms=0 navigation_ticks=0 searching=false path_index=0 path_length=0 retries=0 pending_route_events=0 dropped_route_events=0 status=SMELT_server:minecraft:iron_ingot_from_smelting_raw_iron:768
[15:45:41] [Render thread/INFO] (lodekeeper) [Lodekeeper] PROGRESS elapsed_ms=168970 phase=smelting backend=baritone target=none navigation_elapsed_ms=0 navigation_ticks=0 searching=false path_index=0 path_length=0 retries=0 pending_route_events=0 dropped_route_events=0 status=SMELT_server:minecraft:iron_ingot_from_smelting_raw_iron:768
[15:45:43] [Render thread/INFO] (lodekeeper) [Lodekeeper] PROGRESS elapsed_ms=171014 phase=smelting backend=baritone target=none navigation_elapsed_ms=0 navigation_ticks=0 searching=false path_index=0 path_length=0 retries=0 pending_route_events=0 dropped_route_events=0 status=SMELT_server:minecraft:iron_ingot_from_smelting_raw_iron:768
[15:45:45] [Render thread/INFO] (lodekeeper) [Lodekeeper] PROGRESS elapsed_ms=173025 phase=smelting backend=baritone target=none navigation_elapsed_ms=0 navigation_ticks=0 searching=false path_index=0 path_length=0 retries=0 pending_route_events=0 dropped_route_events=0 status=SMELT_server:minecraft:iron_ingot_from_smelting_raw_iron:768
[15:45:47] [Render thread/INFO] (lodekeeper) [Lodekeeper] PROGRESS elapsed_ms=175068 phase=smelting backend=baritone target=none navigation_elapsed_ms=0 navigation_ticks=0 searching=false path_index=0 path_length=0 retries=0 pending_route_events=0 dropped_route_events=0 status=SMELT_server:minecraft:iron_ingot_from_smelting_raw_iron:768
[15:45:50] [Render thread/INFO] (lodekeeper) [Lodekeeper] PROGRESS elapsed_ms=177075 phase=smelting backend=baritone target=none navigation_elapsed_ms=0 navigation_ticks=0 searching=false path_index=0 path_length=0 retries=0 pending_route_events=0 dropped_route_events=0 status=SMELT_server:minecraft:iron_ingot_from_smelting_raw_iron:768
[15:45:50] [lodekeeper-planner/INFO] (lodekeeper) [Lodekeeper] PROJECT_MATERIALS project=gear_diamond before=[gather:minecraft:birch_log:1, gather:minecraft:diamond_ore:3, gather:minecraft:diamond_ore:3, gather:minecraft:diamond_ore:4, gather:minecraft:diamond_ore:8, gather:minecraft:diamond_ore:5, gather:minecraft:diamond_ore:2, gather:minecraft:diamond_ore:7, gather:minecraft:diamond_ore:1, gather:minecraft:birch_log:1, gather:minecraft:diamond_ore:2] after=[gather:minecraft:birch_log:1, gather:minecraft:diamond_ore:3, gather:minecraft:diamond_ore:3, gather:minecraft:diamond_ore:4, gather:minecraft:diamond_ore:8, gather:minecraft:diamond_ore:5, gather:minecraft:diamond_ore:2, gather:minecraft:diamond_ore:7, gather:minecraft:diamond_ore:1, gather:minecraft:birch_log:1, gather:minecraft:diamond_ore:2]
[15:45:50] [lodekeeper-planner/INFO] (lodekeeper) [Lodekeeper] PLAN project=gear_diamond success=true steps=26 branches=119 elapsedMs=2.703651
[15:45:50] [Render thread/INFO] (lodekeeper) [Lodekeeper] STEP kind=GATHER source=gather:minecraft:birch_log output=minecraft:birch_log count=2 operations=2 auxiliary=false
[15:45:52] [Render thread/INFO] (lodekeeper) [Lodekeeper] PROGRESS elapsed_ms=179120 phase=gathering backend=baritone target=none navigation_elapsed_ms=0 navigation_ticks=0 searching=false path_index=0 path_length=0 retries=0 pending_route_events=0 dropped_route_events=0 status=mining_the_recorded_owned_crafting_table
[15:45:54] [Render thread/INFO] (lodekeeper) [Lodekeeper] PROGRESS elapsed_ms=181169 phase=gathering backend=baritone target=none navigation_elapsed_ms=0 navigation_ticks=0 searching=false path_index=0 path_length=0 retries=0 pending_route_events=0 dropped_route_events=0 status=mining_the_recorded_owned_crafting_table
[15:45:54] [Render thread/INFO] (lodekeeper) [Lodekeeper] NAV backend=baritone mode=PICKUP event=CALC_STARTED elapsedMs=2
[15:45:54] [Render thread/INFO] (lodekeeper) [Lodekeeper] NAV calcTool=minecraft:air slot=0
[15:45:54] [Render thread/INFO] (lodekeeper) [Lodekeeper] NAV backend=baritone mode=PICKUP event=CALC_FINISHED_NOW_EXECUTING elapsedMs=35
[15:45:54] [Render thread/INFO] (lodekeeper) [Lodekeeper] NAV backend=baritone mode=PICKUP event=AT_GOAL elapsedMs=336
[15:45:54] [Render thread/INFO] (lodekeeper) [Lodekeeper] NAV backend=baritone mode=IDLE event=CANCELED elapsedMs=403
[15:45:54] [Render thread/INFO] (lodekeeper) [Lodekeeper] NAV backend=baritone mode=IDLE event=CANCELED elapsedMs=403
[15:45:54] [Render thread/INFO] (lodekeeper) [Lodekeeper] NAV backend=baritone mode=IDLE event=CANCELED elapsedMs=437
[15:45:54] [Render thread/INFO] (lodekeeper) [Lodekeeper] NAV backend=baritone mode=IDLE event=CANCELED elapsedMs=504
[15:45:54] [lodekeeper-planner/INFO] (lodekeeper) [Lodekeeper] PROJECT_MATERIALS project=gear_diamond before=[gather:minecraft:birch_log:1, gather:minecraft:diamond_ore:3, gather:minecraft:diamond_ore:3, gather:minecraft:diamond_ore:4, gather:minecraft:diamond_ore:8, gather:minecraft:diamond_ore:5, gather:minecraft:diamond_ore:2, gather:minecraft:diamond_ore:7, gather:minecraft:diamond_ore:1, gather:minecraft:birch_log:1, gather:minecraft:diamond_ore:2] after=[gather:minecraft:birch_log:1, gather:minecraft:diamond_ore:3, gather:minecraft:diamond_ore:3, gather:minecraft:diamond_ore:4, gather:minecraft:diamond_ore:8, gather:minecraft:diamond_ore:5, gather:minecraft:diamond_ore:2, gather:minecraft:diamond_ore:7, gather:minecraft:diamond_ore:1, gather:minecraft:birch_log:1, gather:minecraft:diamond_ore:2]
[15:45:54] [lodekeeper-planner/INFO] (lodekeeper) [Lodekeeper] PLAN project=gear_diamond success=true steps=27 branches=120 elapsedMs=1.806864
[15:45:55] [Render thread/INFO] (lodekeeper) [Lodekeeper] STEP kind=GATHER source=gather:minecraft:birch_log output=minecraft:birch_log count=2 operations=2 auxiliary=false
[15:45:55] [Render thread/INFO] (lodekeeper) [Lodekeeper] MINING_DEPTH policy=NEAREST desiredY=-2147483648 ceiling=2031 deficit=2 phase=MINE blocks=[Block{minecraft:birch_log}]
[15:45:55] [Render thread/INFO] (lodekeeper) [Lodekeeper] NAV backend=baritone mode=MINE event=CALC_STARTED elapsedMs=3
[15:45:55] [Render thread/INFO] (lodekeeper) [Lodekeeper] NAV calcTool=minecraft:crafting_table slot=0
[15:45:55] [Render thread/INFO] (lodekeeper) [Lodekeeper] NAV backend=baritone mode=MINE event=CALC_FINISHED_NOW_EXECUTING elapsedMs=136
[15:45:55] [Render thread/INFO] (lodekeeper) [Lodekeeper] TARGET target=13,75,2 block=minecraft:birch_log
[15:45:56] [Render thread/INFO] (lodekeeper) [Lodekeeper] PROGRESS elapsed_ms=183217 phase=traveling backend=baritone target=13,75,2 block=minecraft:birch_log navigation_elapsed_ms=974 navigation_ticks=20 searching=false path_index=0 path_length=8 retries=0 pending_route_events=0 dropped_route_events=0 status=mining_and_collecting_minecraft:birch_log___0/2
[15:45:56] [Render thread/INFO] (lodekeeper) [Lodekeeper] BREAK target=MutableBlockPos{x=14, y=74, z=7} block=Block{minecraft:dirt} tool=minecraft:crafting_table slot=0 remaining=-1 required=route
[15:45:57] [Render thread/INFO] (lodekeeper) [Lodekeeper] BREAK target=MutableBlockPos{x=14, y=75, z=7} block=Block{minecraft:grass_block} tool=minecraft:crafting_table slot=0 remaining=-1 required=route
[15:45:58] [Render thread/INFO] (lodekeeper) [Lodekeeper] PROGRESS elapsed_ms=185265 phase=traveling backend=baritone target=13,75,2 block=minecraft:birch_log navigation_elapsed_ms=3191 navigation_ticks=64 searching=false path_index=0 path_length=7 retries=0 pending_route_events=0 dropped_route_events=0 status=mining_and_collecting_minecraft:birch_log___0/2
[15:46:00] [Render thread/INFO] (lodekeeper) [Lodekeeper] BREAK target=MutableBlockPos{x=13, y=76, z=2} block=Block{minecraft:birch_log} tool=minecraft:crafting_table slot=0 remaining=-1 required=route
[15:46:00] [Render thread/INFO] (lodekeeper) [Lodekeeper] PROGRESS elapsed_ms=187314 phase=traveling backend=baritone target=13,75,2 block=minecraft:birch_log navigation_elapsed_ms=5171 navigation_ticks=104 searching=false path_index=0 path_length=2 retries=0 pending_route_events=0 dropped_route_events=0 status=mining_and_collecting_minecraft:birch_log___0/2
[15:46:02] [Render thread/INFO] (lodekeeper) [Lodekeeper] PROGRESS elapsed_ms=189327 phase=traveling backend=baritone target=13,75,2 block=minecraft:birch_log navigation_elapsed_ms=7185 navigation_ticks=144 searching=false path_index=0 path_length=2 retries=0 pending_route_events=0 dropped_route_events=0 status=mining_and_collecting_minecraft:birch_log___0/2
[15:46:03] [Render thread/INFO] (lodekeeper) [Lodekeeper] BREAK target=MutableBlockPos{x=13, y=75, z=2} block=Block{minecraft:birch_log} tool=minecraft:crafting_table slot=0 remaining=-1 required=route
[15:46:04] [Render thread/INFO] (lodekeeper) [Lodekeeper] PROGRESS elapsed_ms=191374 phase=traveling backend=baritone target=13,75,2 block=minecraft:birch_log navigation_elapsed_ms=9198 navigation_ticks=184 searching=false path_index=0 path_length=2 retries=0 pending_route_events=0 dropped_route_events=0 status=mining_and_collecting_minecraft:birch_log___1/2
[15:46:06] [Render thread/INFO] (lodekeeper) [Lodekeeper] PROGRESS elapsed_ms=193399 phase=traveling backend=baritone target=13,75,2 block=minecraft:birch_log navigation_elapsed_ms=11190 navigation_ticks=224 searching=false path_index=0 path_length=2 retries=0 pending_route_events=0 dropped_route_events=0 status=mining_and_collecting_minecraft:birch_log___1/2
[15:46:06] [Render thread/INFO] (lodekeeper) [Lodekeeper] TARGET target=13,77,2 block=minecraft:birch_log
[15:46:06] [Render thread/INFO] (lodekeeper) [Lodekeeper] BREAK target=MutableBlockPos{x=13, y=77, z=2} block=Block{minecraft:birch_log} tool=minecraft:crafting_table slot=0 remaining=-1 required=route
[15:46:07] [Render thread/INFO] (lodekeeper) [Lodekeeper] TARGET target=none
[15:46:07] [lodekeeper-planner/INFO] (lodekeeper) [Lodekeeper] PROJECT_MATERIALS project=gear_diamond before=[gather:minecraft:diamond_ore:3, gather:minecraft:diamond_ore:3, gather:minecraft:diamond_ore:4, gather:minecraft:diamond_ore:8, gather:minecraft:diamond_ore:5, gather:minecraft:diamond_ore:2, gather:minecraft:diamond_ore:7, gather:minecraft:diamond_ore:1, gather:minecraft:diamond_ore:2] after=[gather:minecraft:diamond_ore:3, gather:minecraft:diamond_ore:3, gather:minecraft:diamond_ore:4, gather:minecraft:diamond_ore:8, gather:minecraft:diamond_ore:5, gather:minecraft:diamond_ore:2, gather:minecraft:diamond_ore:7, gather:minecraft:diamond_ore:1, gather:minecraft:diamond_ore:2]
[15:46:07] [lodekeeper-planner/INFO] (lodekeeper) [Lodekeeper] PLAN project=gear_diamond success=true steps=25 branches=114 elapsedMs=1.730503
[15:46:07] [Render thread/INFO] (lodekeeper) [Lodekeeper] STEP kind=CRAFT source=server:minecraft:birch_planks:59 output=minecraft:birch_planks count=4 operations=1 auxiliary=false
[15:46:08] [Render thread/INFO] (lodekeeper) [Lodekeeper] PROGRESS elapsed_ms=195412 phase=crafting backend=baritone target=none navigation_elapsed_ms=0 navigation_ticks=0 searching=false path_index=0 path_length=0 retries=0 pending_route_events=0 dropped_route_events=0 status=CRAFT_server:minecraft:birch_planks:59
[15:46:08] [lodekeeper-planner/INFO] (lodekeeper) [Lodekeeper] PROJECT_MATERIALS project=gear_diamond before=[gather:minecraft:diamond_ore:3, gather:minecraft:diamond_ore:3, gather:minecraft:diamond_ore:4, gather:minecraft:diamond_ore:8, gather:minecraft:diamond_ore:5, gather:minecraft:diamond_ore:2, gather:minecraft:diamond_ore:7, gather:minecraft:diamond_ore:1, gather:minecraft:diamond_ore:2] after=[gather:minecraft:diamond_ore:3, gather:minecraft:diamond_ore:3, gather:minecraft:diamond_ore:4, gather:minecraft:diamond_ore:8, gather:minecraft:diamond_ore:5, gather:minecraft:diamond_ore:2, gather:minecraft:diamond_ore:7, gather:minecraft:diamond_ore:1, gather:minecraft:diamond_ore:2]
[15:46:08] [lodekeeper-planner/INFO] (lodekeeper) [Lodekeeper] PLAN project=gear_diamond success=true steps=24 branches=109 elapsedMs=1.436532
[15:46:08] [Render thread/INFO] (lodekeeper) [Lodekeeper] STEP kind=CRAFT source=server:minecraft:stick:1422 output=minecraft:stick count=4 operations=1 auxiliary=false
[15:46:10] [Render thread/INFO] (lodekeeper) [Lodekeeper] PROGRESS elapsed_ms=197423 phase=planning backend=baritone target=none navigation_elapsed_ms=0 navigation_ticks=0 searching=false path_index=0 path_length=0 retries=0 pending_route_events=0 dropped_route_events=0 status=planning
[15:46:10] [lodekeeper-planner/INFO] (lodekeeper) [Lodekeeper] PROJECT_MATERIALS project=gear_diamond before=[gather:minecraft:diamond_ore:3, gather:minecraft:diamond_ore:3, gather:minecraft:diamond_ore:4, gather:minecraft:diamond_ore:8, gather:minecraft:diamond_ore:5, gather:minecraft:diamond_ore:2, gather:minecraft:diamond_ore:7, gather:minecraft:diamond_ore:1, gather:minecraft:diamond_ore:2] after=[gather:minecraft:diamond_ore:3, gather:minecraft:diamond_ore:3, gather:minecraft:diamond_ore:4, gather:minecraft:diamond_ore:8, gather:minecraft:diamond_ore:5, gather:minecraft:diamond_ore:2, gather:minecraft:diamond_ore:7, gather:minecraft:diamond_ore:1, gather:minecraft:diamond_ore:2]
[15:46:10] [lodekeeper-planner/INFO] (lodekeeper) [Lodekeeper] PLAN project=gear_diamond success=true steps=23 branches=105 elapsedMs=1.306983
[15:46:10] [Render thread/INFO] (lodekeeper) [Lodekeeper] STEP kind=PLACE_STATION source=place:minecraft:crafting_table output=null count=0 operations=1 auxiliary=false
[15:46:10] [Render thread/INFO] (lodekeeper) [Lodekeeper] TARGET target=12,75,2 block=minecraft:crafting_table
[15:46:10] [Render thread/INFO] (lodekeeper) [Lodekeeper] TARGET target=none
[15:46:10] [lodekeeper-planner/INFO] (lodekeeper) [Lodekeeper] PROJECT_MATERIALS project=gear_diamond before=[gather:minecraft:diamond_ore:3, gather:minecraft:diamond_ore:3, gather:minecraft:diamond_ore:4, gather:minecraft:diamond_ore:8, gather:minecraft:diamond_ore:5, gather:minecraft:diamond_ore:2, gather:minecraft:diamond_ore:7, gather:minecraft:diamond_ore:1, gather:minecraft:diamond_ore:2] after=[gather:minecraft:diamond_ore:3, gather:minecraft:diamond_ore:3, gather:minecraft:diamond_ore:4, gather:minecraft:diamond_ore:8, gather:minecraft:diamond_ore:5, gather:minecraft:diamond_ore:2, gather:minecraft:diamond_ore:7, gather:minecraft:diamond_ore:1, gather:minecraft:diamond_ore:2]
[15:46:10] [lodekeeper-planner/INFO] (lodekeeper) [Lodekeeper] PLAN project=gear_diamond success=true steps=22 branches=104 elapsedMs=1.807779
[15:46:10] [Render thread/INFO] (lodekeeper) [Lodekeeper] STEP kind=CRAFT source=server:minecraft:iron_pickaxe:773 output=minecraft:iron_pickaxe count=1 operations=1 auxiliary=false
[15:46:12] [Render thread/INFO] (lodekeeper) [Lodekeeper] PROGRESS elapsed_ms=199465 phase=crafting backend=baritone target=none navigation_elapsed_ms=0 navigation_ticks=0 searching=false path_index=0 path_length=0 retries=0 pending_route_events=0 dropped_route_events=0 status=CRAFT_server:minecraft:iron_pickaxe:773
[15:46:14] [lodekeeper-planner/INFO] (lodekeeper) [Lodekeeper] PROJECT_MATERIALS project=gear_diamond before=[gather:minecraft:diamond_ore:3, gather:minecraft:diamond_ore:3, gather:minecraft:diamond_ore:4, gather:minecraft:diamond_ore:8, gather:minecraft:diamond_ore:5, gather:minecraft:diamond_ore:2, gather:minecraft:diamond_ore:7, gather:minecraft:diamond_ore:1, gather:minecraft:diamond_ore:2] after=[gather:minecraft:diamond_ore:3, gather:minecraft:diamond_ore:3, gather:minecraft:diamond_ore:4, gather:minecraft:diamond_ore:8, gather:minecraft:diamond_ore:5, gather:minecraft:diamond_ore:2, gather:minecraft:diamond_ore:7, gather:minecraft:diamond_ore:1, gather:minecraft:diamond_ore:2]
[15:46:14] [lodekeeper-planner/INFO] (lodekeeper) [Lodekeeper] PLAN project=gear_diamond success=true steps=21 branches=99 elapsedMs=1.529282
[15:46:14] [Render thread/INFO] (lodekeeper) [Lodekeeper] STEP kind=GATHER source=gather:minecraft:diamond_ore output=minecraft:diamond count=3 operations=3 auxiliary=false
[15:46:14] [Render thread/INFO] (lodekeeper) [Lodekeeper] PROGRESS elapsed_ms=201518 phase=gathering backend=baritone target=none navigation_elapsed_ms=0 navigation_ticks=0 searching=false path_index=0 path_length=0 retries=0 pending_route_events=0 dropped_route_events=0 status=mining_the_recorded_owned_crafting_table
[15:46:16] [Render thread/INFO] (lodekeeper) [Lodekeeper] PROGRESS elapsed_ms=203527 phase=gathering backend=baritone target=none navigation_elapsed_ms=0 navigation_ticks=0 searching=false path_index=0 path_length=0 retries=0 pending_route_events=0 dropped_route_events=0 status=mining_the_recorded_owned_crafting_table
[15:46:18] [Render thread/INFO] (lodekeeper) [Lodekeeper] NAV backend=baritone mode=PICKUP event=CALC_STARTED elapsedMs=1
[15:46:18] [Render thread/INFO] (lodekeeper) [Lodekeeper] NAV calcTool=minecraft:air slot=0
[15:46:18] [Render thread/INFO] (lodekeeper) [Lodekeeper] NAV backend=baritone mode=PICKUP event=CALC_FINISHED_NOW_EXECUTING elapsedMs=67
[15:46:18] [Render thread/INFO] (lodekeeper) [Lodekeeper] PROGRESS elapsed_ms=205571 phase=working backend=baritone target=none navigation_elapsed_ms=0 navigation_ticks=0 searching=false path_index=0 path_length=0 retries=0 pending_route_events=0 dropped_route_events=0 status=collecting_the_crafting-table_drop_at_the_owned_position
[15:46:18] [Render thread/INFO] (lodekeeper) [Lodekeeper] NAV backend=baritone mode=PICKUP event=AT_GOAL elapsedMs=201
[15:46:18] [lodekeeper-planner/INFO] (lodekeeper) [Lodekeeper] PROJECT_MATERIALS project=gear_diamond before=[gather:minecraft:diamond_ore:3, gather:minecraft:diamond_ore:3, gather:minecraft:diamond_ore:4, gather:minecraft:diamond_ore:8, gather:minecraft:diamond_ore:5, gather:minecraft:diamond_ore:2, gather:minecraft:diamond_ore:7, gather:minecraft:diamond_ore:1, gather:minecraft:diamond_ore:2] after=[gather:minecraft:diamond_ore:3, gather:minecraft:diamond_ore:3, gather:minecraft:diamond_ore:4, gather:minecraft:diamond_ore:8, gather:minecraft:diamond_ore:5, gather:minecraft:diamond_ore:2, gather:minecraft:diamond_ore:7, gather:minecraft:diamond_ore:1, gather:minecraft:diamond_ore:2]
[15:46:18] [lodekeeper-planner/INFO] (lodekeeper) [Lodekeeper] PLAN project=gear_diamond success=true steps=22 branches=100 elapsedMs=1.466663
[15:46:18] [Render thread/INFO] (lodekeeper) [Lodekeeper] STEP kind=GATHER source=gather:minecraft:diamond_ore output=minecraft:diamond count=3 operations=3 auxiliary=false
[15:46:18] [Render thread/INFO] (lodekeeper) [Lodekeeper] MINING_DEPTH policy=NEAREST desiredY=-55 ceiling=2031 deficit=3 phase=MINE blocks=[Block{minecraft:diamond_ore}, Block{minecraft:deepslate_diamond_ore}]
[15:46:18] [Render thread/INFO] (lodekeeper) [Lodekeeper] NAV backend=baritone mode=MINE event=CALC_STARTED elapsedMs=3
[15:46:18] [Render thread/INFO] (lodekeeper) [Lodekeeper] NAV calcTool=minecraft:iron_pickaxe slot=2
[15:46:18] [Render thread/INFO] (lodekeeper) [Lodekeeper] NAV discovered=4 retained=64 rejected=0 requestTicks=2 phase=MINE
[15:46:19] [Render thread/INFO] (lodekeeper) [Lodekeeper] ROUTE_SEARCH kind=unknown anchor=unknown feet_y16=0 candidates=0 target=none elapsed_ms=206073
[15:46:19] [Render thread/INFO] (lodekeeper) [Lodekeeper] NAV discovered=2 retained=62 rejected=0 requestTicks=10 phase=MINE
[15:46:19] [Render thread/INFO] (lodekeeper) [Lodekeeper] NAV backend=baritone mode=MINE event=CALC_FINISHED_NOW_EXECUTING elapsedMs=505
[15:46:19] [Render thread/INFO] (lodekeeper) [Lodekeeper] NAV backend=baritone mode=MINE event=NEXT_SEGMENT_CALC_STARTED elapsedMs=505
[15:46:19] [Render thread/INFO] (lodekeeper) [Lodekeeper] NAV discovered=2 retained=64 rejected=0 requestTicks=14 phase=MINE
[15:46:20] [Render thread/INFO] (lodekeeper) [Lodekeeper] PROGRESS elapsed_ms=207613 phase=searching backend=baritone target=none navigation_elapsed_ms=1573 navigation_ticks=32 searching=true path_index=0 path_length=2 retries=0 pending_route_events=0 dropped_route_events=0 status=mining_and_collecting_minecraft:diamond___0/3___planning_next_route
[15:46:20] [Render thread/INFO] (lodekeeper) [Lodekeeper] NAV backend=baritone mode=MINE event=PATH_FINISHED_NEXT_STILL_CALCULATING elapsedMs=1877
[15:46:22] [Render thread/INFO] (lodekeeper) [Lodekeeper] PROGRESS elapsed_ms=209623 phase=searching backend=baritone target=none navigation_elapsed_ms=3584 navigation_ticks=72 searching=true path_index=0 path_length=0 retries=0 pending_route_events=0 dropped_route_events=0 status=mining_and_collecting_minecraft:diamond___0/3___planning_next_route
[15:46:23] [Render thread/INFO] (lodekeeper) [Lodekeeper] NAV backend=baritone mode=MINE event=CALC_FINISHED_NOW_EXECUTING elapsedMs=4555
[15:46:23] [Render thread/INFO] (lodekeeper) [Lodekeeper] ROUTE_TRAVEL path_index=0 path_length=33 target=none elapsed_ms=210460
[15:46:23] [Render thread/INFO] (lodekeeper) [Lodekeeper] BREAK target=MutableBlockPos{x=14, y=72, z=8} block=Block{minecraft:grass_block} tool=minecraft:crafting_table slot=0 remaining=-1 required=route
[15:46:24] [Render thread/INFO] (lodekeeper) [Lodekeeper] PROGRESS elapsed_ms=211666 phase=traveling backend=baritone target=none navigation_elapsed_ms=5793 navigation_ticks=116 searching=false path_index=0 path_length=32 retries=0 pending_route_events=0 dropped_route_events=0 status=mining_and_collecting_minecraft:diamond___0/3
[15:46:25] [Render thread/INFO] (lodekeeper) [Lodekeeper] BREAK target=MutableBlockPos{x=15, y=73, z=8} block=Block{minecraft:dirt} tool=minecraft:crafting_table slot=0 remaining=-1 required=route
[15:46:26] [Render thread/INFO] (lodekeeper) [Lodekeeper] BREAK target=MutableBlockPos{x=15, y=72, z=8} block=Block{minecraft:dirt} tool=minecraft:crafting_table slot=0 remaining=-1 required=route
[15:46:26] [Render thread/INFO] (lodekeeper) [Lodekeeper] PROGRESS elapsed_ms=213716 phase=traveling backend=baritone target=none navigation_elapsed_ms=7777 navigation_ticks=156 searching=false path_index=0 path_length=31 retries=0 pending_route_events=0 dropped_route_events=0 status=mining_and_collecting_minecraft:diamond___0/3
[15:46:27] [Render thread/INFO] (lodekeeper) [Lodekeeper] BREAK target=MutableBlockPos{x=15, y=68, z=8} block=Block{minecraft:stone} tool=minecraft:iron_pickaxe slot=2 remaining=250 required=route
[15:46:28] [Render thread/INFO] (lodekeeper) [Lodekeeper] BREAK target=MutableBlockPos{x=15, y=67, z=8} block=Block{minecraft:stone} tool=minecraft:iron_pickaxe slot=2 remaining=249 required=route
[15:46:28] [Render thread/INFO] (lodekeeper) [Lodekeeper] PROGRESS elapsed_ms=215780 phase=traveling backend=baritone target=none navigation_elapsed_ms=9804 navigation_ticks=196 searching=false path_index=0 path_length=29 retries=0 pending_route_events=0 dropped_route_events=0 status=mining_and_collecting_minecraft:diamond___0/3
[15:46:29] [Render thread/INFO] (lodekeeper) [Lodekeeper] BREAK target=MutableBlockPos{x=15, y=66, z=8} block=Block{minecraft:stone} tool=minecraft:iron_pickaxe slot=2 remaining=248 required=route
[15:46:29] [Render thread/INFO] (lodekeeper) [Lodekeeper] BREAK target=MutableBlockPos{x=15, y=65, z=8} block=Block{minecraft:stone} tool=minecraft:iron_pickaxe slot=2 remaining=247 required=route
[15:46:30] [Render thread/INFO] (lodekeeper) [Lodekeeper] BREAK target=MutableBlockPos{x=15, y=64, z=8} block=Block{minecraft:stone} tool=minecraft:iron_pickaxe slot=2 remaining=246 required=route
[15:46:30] [Render thread/INFO] (lodekeeper) [Lodekeeper] PROGRESS elapsed_ms=217828 phase=traveling backend=baritone target=none navigation_elapsed_ms=11788 navigation_ticks=236 searching=false path_index=0 path_length=26 retries=0 pending_route_events=0 dropped_route_events=0 status=mining_and_collecting_minecraft:diamond___0/3
[15:46:31] [Render thread/INFO] (lodekeeper) [Lodekeeper] BREAK target=MutableBlockPos{x=15, y=63, z=8} block=Block{minecraft:stone} tool=minecraft:iron_pickaxe slot=2 remaining=245 required=route
[15:46:31] [Render thread/INFO] (lodekeeper) [Lodekeeper] BREAK target=MutableBlockPos{x=15, y=62, z=8} block=Block{minecraft:stone} tool=minecraft:iron_pickaxe slot=2 remaining=244 required=route
[15:46:32] [Render thread/INFO] (lodekeeper) [Lodekeeper] BREAK target=MutableBlockPos{x=15, y=61, z=8} block=Block{minecraft:stone} tool=minecraft:iron_pickaxe slot=2 remaining=243 required=route
[15:46:32] [Render thread/INFO] (lodekeeper) [Lodekeeper] PROGRESS elapsed_ms=219872 phase=traveling backend=baritone target=none navigation_elapsed_ms=14000 navigation_ticks=280 searching=false path_index=0 path_length=23 retries=0 pending_route_events=0 dropped_route_events=0 status=mining_and_collecting_minecraft:diamond___0/3
[15:46:33] [Render thread/INFO] (lodekeeper) [Lodekeeper] BREAK target=MutableBlockPos{x=15, y=60, z=8} block=Block{minecraft:stone} tool=minecraft:iron_pickaxe slot=2 remaining=242 required=route
[15:46:33] [Render thread/INFO] (lodekeeper) [Lodekeeper] BREAK target=MutableBlockPos{x=15, y=59, z=8} block=Block{minecraft:stone} tool=minecraft:iron_pickaxe slot=2 remaining=241 required=route
[15:46:34] [Render thread/INFO] (lodekeeper) [Lodekeeper] BREAK target=MutableBlockPos{x=15, y=58, z=8} block=Block{minecraft:stone} tool=minecraft:iron_pickaxe slot=2 remaining=240 required=route
[15:46:34] [Render thread/INFO] (lodekeeper) [Lodekeeper] PROGRESS elapsed_ms=221928 phase=traveling backend=baritone target=none navigation_elapsed_ms=15989 navigation_ticks=320 searching=false path_index=0 path_length=20 retries=0 pending_route_events=0 dropped_route_events=0 status=mining_and_collecting_minecraft:diamond___0/3
[15:46:35] [Render thread/INFO] (lodekeeper) [Lodekeeper] BREAK target=MutableBlockPos{x=15, y=57, z=8} block=Block{minecraft:stone} tool=minecraft:iron_pickaxe slot=2 remaining=239 required=route
[15:46:36] [Render thread/INFO] (lodekeeper) [Lodekeeper] BREAK target=MutableBlockPos{x=15, y=56, z=8} block=Block{minecraft:stone} tool=minecraft:iron_pickaxe slot=2 remaining=238 required=route
[15:46:36] [Render thread/INFO] (lodekeeper) [Lodekeeper] BREAK target=MutableBlockPos{x=15, y=55, z=8} block=Block{minecraft:stone} tool=minecraft:iron_pickaxe slot=2 remaining=237 required=route
[15:46:36] [Render thread/INFO] (lodekeeper) [Lodekeeper] PROGRESS elapsed_ms=223947 phase=traveling backend=baritone target=none navigation_elapsed_ms=17975 navigation_ticks=360 searching=false path_index=0 path_length=17 retries=0 pending_route_events=0 dropped_route_events=0 status=mining_and_collecting_minecraft:diamond___0/3
[15:46:37] [Render thread/INFO] (lodekeeper) [Lodekeeper] BREAK target=MutableBlockPos{x=15, y=54, z=8} block=Block{minecraft:stone} tool=minecraft:iron_pickaxe slot=2 remaining=236 required=route
[15:46:38] [Render thread/INFO] (lodekeeper) [Lodekeeper] BREAK target=MutableBlockPos{x=15, y=53, z=8} block=Block{minecraft:stone} tool=minecraft:iron_pickaxe slot=2 remaining=235 required=route
[15:46:38] [Render thread/INFO] (lodekeeper) [Lodekeeper] PROGRESS elapsed_ms=225962 phase=traveling backend=baritone target=none navigation_elapsed_ms=19989 navigation_ticks=400 searching=false path_index=0 path_length=14 retries=0 pending_route_events=0 dropped_route_events=0 status=mining_and_collecting_minecraft:diamond___0/3
[15:46:38] [Render thread/INFO] (lodekeeper) [Lodekeeper] BREAK target=MutableBlockPos{x=15, y=52, z=8} block=Block{minecraft:stone} tool=minecraft:iron_pickaxe slot=2 remaining=234 required=route
[15:46:39] [Render thread/INFO] (lodekeeper) [Lodekeeper] BREAK target=MutableBlockPos{x=15, y=51, z=8} block=Block{minecraft:stone} tool=minecraft:iron_pickaxe slot=2 remaining=233 required=route
[15:46:40] [Render thread/INFO] (lodekeeper) [Lodekeeper] BREAK target=MutableBlockPos{x=15, y=50, z=8} block=Block{minecraft:stone} tool=minecraft:iron_pickaxe slot=2 remaining=232 required=route
[15:46:40] [Render thread/INFO] (lodekeeper) [Lodekeeper] NAV backend=baritone mode=MINE event=NEXT_SEGMENT_CALC_STARTED elapsedMs=21977
[15:46:40] [Render thread/INFO] (lodekeeper) [Lodekeeper] PROGRESS elapsed_ms=228015 phase=traveling backend=baritone target=none navigation_elapsed_ms=21976 navigation_ticks=440 searching=false path_index=0 path_length=12 retries=0 pending_route_events=0 dropped_route_events=0 status=mining_and_collecting_minecraft:diamond___0/3
[15:46:40] [Render thread/INFO] (lodekeeper) [Lodekeeper] ROUTE_SEARCH kind=unknown anchor=unknown feet_y16=0 candidates=0 target=none elapsed_ms=228049
[15:46:40] [Render thread/INFO] (lodekeeper) [Lodekeeper] BREAK target=MutableBlockPos{x=15, y=49, z=8} block=Block{minecraft:stone} tool=minecraft:iron_pickaxe slot=2 remaining=231 required=route
[15:46:41] [Render thread/INFO] (lodekeeper) [Lodekeeper] ROUTE_TRAVEL path_index=0 path_length=11 target=none elapsed_ms=228250
[15:46:41] [Render thread/INFO] (lodekeeper) [Lodekeeper] NAV backend=baritone mode=MINE event=NEXT_SEGMENT_CALC_FINISHED elapsedMs=22379
[15:46:41] [Render thread/INFO] (lodekeeper) [Lodekeeper] TARGET target=15,4,9 block=minecraft:diamond_ore
[15:46:41] [Render thread/INFO] (lodekeeper) [Lodekeeper] BREAK target=MutableBlockPos{x=15, y=48, z=8} block=Block{minecraft:stone} tool=minecraft:iron_pickaxe slot=2 remaining=230 required=route
[15:46:42] [Render thread/INFO] (lodekeeper) [Lodekeeper] BREAK target=MutableBlockPos{x=15, y=47, z=8} block=Block{minecraft:stone} tool=minecraft:iron_pickaxe slot=2 remaining=229 required=route
[15:46:42] [Render thread/INFO] (lodekeeper) [Lodekeeper] PROGRESS elapsed_ms=230027 phase=traveling backend=baritone target=15,4,9 block=minecraft:diamond_ore navigation_elapsed_ms=23987 navigation_ticks=480 searching=false path_index=0 path_length=49 retries=0 pending_route_events=0 dropped_route_events=0 status=mining_and_collecting_minecraft:diamond___0/3
[15:46:43] [Render thread/INFO] (lodekeeper) [Lodekeeper] BREAK target=MutableBlockPos{x=15, y=46, z=8} block=Block{minecraft:stone} tool=minecraft:iron_pickaxe slot=2 remaining=228 required=route
[15:46:43] [Render thread/INFO] (lodekeeper) [Lodekeeper] BREAK target=MutableBlockPos{x=15, y=45, z=8} block=Block{minecraft:stone} tool=minecraft:iron_pickaxe slot=2 remaining=227 required=route
[15:46:44] [Render thread/INFO] (lodekeeper) [Lodekeeper] BREAK target=MutableBlockPos{x=15, y=44, z=8} block=Block{minecraft:stone} tool=minecraft:iron_pickaxe slot=2 remaining=226 required=route
[15:46:45] [Render thread/INFO] (lodekeeper) [Lodekeeper] PROGRESS elapsed_ms=232072 phase=traveling backend=baritone target=15,4,9 block=minecraft:diamond_ore navigation_elapsed_ms=26200 navigation_ticks=524 searching=false path_index=0 path_length=46 retries=0 pending_route_events=0 dropped_route_events=0 status=mining_and_collecting_minecraft:diamond___0/3
[15:46:45] [Render thread/INFO] (lodekeeper) [Lodekeeper] BREAK target=MutableBlockPos{x=15, y=43, z=8} block=Block{minecraft:stone} tool=minecraft:iron_pickaxe slot=2 remaining=225 required=route
[15:46:45] [Render thread/INFO] (lodekeeper) [Lodekeeper] BREAK target=MutableBlockPos{x=15, y=42, z=8} block=Block{minecraft:stone} tool=minecraft:iron_pickaxe slot=2 remaining=224 required=route
[15:46:46] [Render thread/INFO] (lodekeeper) [Lodekeeper] BREAK target=MutableBlockPos{x=15, y=41, z=8} block=Block{minecraft:stone} tool=minecraft:iron_pickaxe slot=2 remaining=223 required=route
[15:46:47] [Render thread/INFO] (lodekeeper) [Lodekeeper] PROGRESS elapsed_ms=234116 phase=traveling backend=baritone target=15,4,9 block=minecraft:diamond_ore navigation_elapsed_ms=28177 navigation_ticks=564 searching=false path_index=0 path_length=43 retries=0 pending_route_events=0 dropped_route_events=0 status=mining_and_collecting_minecraft:diamond___0/3
[15:46:47] [Render thread/INFO] (lodekeeper) [Lodekeeper] BREAK target=MutableBlockPos{x=15, y=40, z=8} block=Block{minecraft:andesite} tool=minecraft:iron_pickaxe slot=2 remaining=222 required=route
[15:46:47] [Render thread/INFO] (lodekeeper) [Lodekeeper] BREAK target=MutableBlockPos{x=15, y=41, z=9} block=Block{minecraft:stone} tool=minecraft:iron_pickaxe slot=2 remaining=221 required=route
[15:46:48] [Render thread/INFO] (lodekeeper) [Lodekeeper] BREAK target=MutableBlockPos{x=15, y=40, z=9} block=Block{minecraft:andesite} tool=minecraft:iron_pickaxe slot=2 remaining=220 required=route
[15:46:49] [Render thread/INFO] (lodekeeper) [Lodekeeper] PROGRESS elapsed_ms=236161 phase=traveling backend=baritone target=15,4,9 block=minecraft:diamond_ore navigation_elapsed_ms=30189 navigation_ticks=604 searching=false path_index=0 path_length=41 retries=0 pending_route_events=0 dropped_route_events=0 status=mining_and_collecting_minecraft:diamond___0/3
[15:46:49] [Render thread/INFO] (lodekeeper) [Lodekeeper] BREAK target=MutableBlockPos{x=15, y=41, z=10} block=Block{minecraft:stone} tool=minecraft:iron_pickaxe slot=2 remaining=219 required=route
[15:46:50] [Render thread/INFO] (lodekeeper) [Lodekeeper] BREAK target=MutableBlockPos{x=15, y=40, z=10} block=Block{minecraft:stone} tool=minecraft:iron_pickaxe slot=2 remaining=218 required=route
[15:46:50] [Render thread/INFO] (lodekeeper) [Lodekeeper] BREAK target=MutableBlockPos{x=15, y=41, z=11} block=Block{minecraft:andesite} tool=minecraft:iron_pickaxe slot=2 remaining=217 required=route
[15:46:51] [Render thread/INFO] (lodekeeper) [Lodekeeper] PROGRESS elapsed_ms=238171 phase=traveling backend=baritone target=15,4,9 block=minecraft:diamond_ore navigation_elapsed_ms=32199 navigation_ticks=644 searching=false path_index=0 path_length=39 retries=0 pending_route_events=0 dropped_route_events=0 status=mining_and_collecting_minecraft:diamond___0/3
[15:46:51] [Render thread/INFO] (lodekeeper) [Lodekeeper] BREAK target=MutableBlockPos{x=15, y=40, z=11} block=Block{minecraft:andesite} tool=minecraft:iron_pickaxe slot=2 remaining=216 required=route
[15:46:52] [Render thread/INFO] (lodekeeper) [Lodekeeper] BREAK target=MutableBlockPos{x=15, y=41, z=12} block=Block{minecraft:andesite} tool=minecraft:iron_pickaxe slot=2 remaining=215 required=route
[15:46:52] [Render thread/INFO] (lodekeeper) [Lodekeeper] BREAK target=MutableBlockPos{x=15, y=40, z=12} block=Block{minecraft:andesite} tool=minecraft:iron_pickaxe slot=2 remaining=214 required=route
[15:46:53] [Render thread/INFO] (lodekeeper) [Lodekeeper] PROGRESS elapsed_ms=240217 phase=traveling backend=baritone target=15,4,9 block=minecraft:diamond_ore navigation_elapsed_ms=34176 navigation_ticks=684 searching=false path_index=0 path_length=38 retries=0 pending_route_events=0 dropped_route_events=0 status=mining_and_collecting_minecraft:diamond___0/3
[15:46:53] [Render thread/INFO] (lodekeeper) [Lodekeeper] BREAK target=MutableBlockPos{x=15, y=41, z=13} block=Block{minecraft:andesite} tool=minecraft:iron_pickaxe slot=2 remaining=213 required=route
[15:46:54] [Render thread/INFO] (lodekeeper) [Lodekeeper] BREAK target=MutableBlockPos{x=15, y=40, z=13} block=Block{minecraft:andesite} tool=minecraft:iron_pickaxe slot=2 remaining=212 required=route
[15:46:54] [Render thread/INFO] (lodekeeper) [Lodekeeper] BREAK target=MutableBlockPos{x=15, y=39, z=13} block=Block{minecraft:andesite} tool=minecraft:iron_pickaxe slot=2 remaining=211 required=route
[15:46:55] [Render thread/INFO] (lodekeeper) [Lodekeeper] PROGRESS elapsed_ms=242262 phase=traveling backend=baritone target=15,4,9 block=minecraft:diamond_ore navigation_elapsed_ms=36390 navigation_ticks=728 searching=false path_index=0 path_length=37 retries=0 pending_route_events=0 dropped_route_events=0 status=mining_and_collecting_minecraft:diamond___0/3
[15:46:56] [Render thread/INFO] (lodekeeper) [Lodekeeper] BREAK target=MutableBlockPos{x=15, y=38, z=13} block=Block{minecraft:stone} tool=minecraft:iron_pickaxe slot=2 remaining=210 required=route
[15:46:56] [Render thread/INFO] (lodekeeper) [Lodekeeper] BREAK target=MutableBlockPos{x=15, y=39, z=14} block=Block{minecraft:andesite} tool=minecraft:iron_pickaxe slot=2 remaining=209 required=route
[15:46:57] [Render thread/INFO] (lodekeeper) [Lodekeeper] PROGRESS elapsed_ms=244270 phase=traveling backend=baritone target=15,4,9 block=minecraft:diamond_ore navigation_elapsed_ms=38398 navigation_ticks=768 searching=false path_index=0 path_length=35 retries=0 pending_route_events=0 dropped_route_events=0 status=mining_and_collecting_minecraft:diamond___0/3
[15:46:57] [Render thread/INFO] (lodekeeper) [Lodekeeper] BREAK target=MutableBlockPos{x=15, y=38, z=14} block=Block{minecraft:andesite} tool=minecraft:iron_pickaxe slot=2 remaining=208 required=route
[15:46:58] [Render thread/INFO] (lodekeeper) [Lodekeeper] BREAK target=MutableBlockPos{x=15, y=37, z=14} block=Block{minecraft:stone} tool=minecraft:iron_pickaxe slot=2 remaining=207 required=route
[15:46:59] [Render thread/INFO] (lodekeeper) [Lodekeeper] BREAK target=MutableBlockPos{x=15, y=36, z=14} block=Block{minecraft:stone} tool=minecraft:iron_pickaxe slot=2 remaining=206 required=route
[15:46:59] [Render thread/INFO] (lodekeeper) [Lodekeeper] PROGRESS elapsed_ms=246314 phase=traveling backend=baritone target=15,4,9 block=minecraft:diamond_ore navigation_elapsed_ms=40374 navigation_ticks=808 searching=false path_index=0 path_length=34 retries=0 pending_route_events=0 dropped_route_events=0 status=mining_and_collecting_minecraft:diamond___0/3
[15:46:59] [Render thread/INFO] (lodekeeper) [Lodekeeper] BREAK target=MutableBlockPos{x=15, y=35, z=14} block=Block{minecraft:stone} tool=minecraft:iron_pickaxe slot=2 remaining=205 required=route
[15:47:00] [Render thread/INFO] (lodekeeper) [Lodekeeper] BREAK target=MutableBlockPos{x=15, y=34, z=14} block=Block{minecraft:stone} tool=minecraft:iron_pickaxe slot=2 remaining=204 required=route
[15:47:01] [Render thread/INFO] (lodekeeper) [Lodekeeper] BREAK target=MutableBlockPos{x=15, y=33, z=14} block=Block{minecraft:stone} tool=minecraft:iron_pickaxe slot=2 remaining=203 required=route
[15:47:01] [Render thread/INFO] (lodekeeper) [Lodekeeper] PROGRESS elapsed_ms=248363 phase=traveling backend=baritone target=15,4,9 block=minecraft:diamond_ore navigation_elapsed_ms=42388 navigation_ticks=848 searching=false path_index=0 path_length=31 retries=0 pending_route_events=0 dropped_route_events=0 status=mining_and_collecting_minecraft:diamond___0/3
[15:47:01] [Render thread/INFO] (lodekeeper) [Lodekeeper] BREAK target=MutableBlockPos{x=15, y=32, z=14} block=Block{minecraft:stone} tool=minecraft:iron_pickaxe slot=2 remaining=202 required=route
[15:47:02] [Render thread/INFO] (lodekeeper) [Lodekeeper] BREAK target=MutableBlockPos{x=15, y=31, z=14} block=Block{minecraft:stone} tool=minecraft:iron_pickaxe slot=2 remaining=201 required=route
[15:47:03] [Render thread/INFO] (lodekeeper) [Lodekeeper] BREAK target=MutableBlockPos{x=15, y=30, z=14} block=Block{minecraft:stone} tool=minecraft:iron_pickaxe slot=2 remaining=200 required=route
[15:47:03] [Render thread/INFO] (lodekeeper) [Lodekeeper] PROGRESS elapsed_ms=250412 phase=traveling backend=baritone target=15,4,9 block=minecraft:diamond_ore navigation_elapsed_ms=44404 navigation_ticks=888 searching=false path_index=0 path_length=28 retries=0 pending_route_events=0 dropped_route_events=0 status=mining_and_collecting_minecraft:diamond___0/3
[15:47:03] [Render thread/INFO] (lodekeeper) [Lodekeeper] BREAK target=MutableBlockPos{x=15, y=29, z=14} block=Block{minecraft:stone} tool=minecraft:iron_pickaxe slot=2 remaining=199 required=route
[15:47:04] [Render thread/INFO] (lodekeeper) [Lodekeeper] BREAK target=MutableBlockPos{x=15, y=28, z=14} block=Block{minecraft:stone} tool=minecraft:iron_pickaxe slot=2 remaining=198 required=route
[15:47:05] [Render thread/INFO] (lodekeeper) [Lodekeeper] PROGRESS elapsed_ms=252426 phase=traveling backend=baritone target=15,4,9 block=minecraft:diamond_ore navigation_elapsed_ms=46386 navigation_ticks=928 searching=false path_index=0 path_length=26 retries=0 pending_route_events=0 dropped_route_events=0 status=mining_and_collecting_minecraft:diamond___0/3
[15:47:05] [Render thread/INFO] (lodekeeper) [Lodekeeper] BREAK target=MutableBlockPos{x=15, y=27, z=14} block=Block{minecraft:stone} tool=minecraft:iron_pickaxe slot=2 remaining=197 required=route
[15:47:06] [Render thread/INFO] (lodekeeper) [Lodekeeper] BREAK target=MutableBlockPos{x=15, y=26, z=14} block=Block{minecraft:stone} tool=minecraft:iron_pickaxe slot=2 remaining=196 required=route
[15:47:06] [Render thread/INFO] (lodekeeper) [Lodekeeper] BREAK target=MutableBlockPos{x=15, y=25, z=14} block=Block{minecraft:stone} tool=minecraft:iron_pickaxe slot=2 remaining=195 required=route
[15:47:07] [Render thread/INFO] (lodekeeper) [Lodekeeper] PROGRESS elapsed_ms=254473 phase=traveling backend=baritone target=15,4,9 block=minecraft:diamond_ore navigation_elapsed_ms=48600 navigation_ticks=972 searching=false path_index=0 path_length=22 retries=0 pending_route_events=0 dropped_route_events=0 status=mining_and_collecting_minecraft:diamond___0/3
[15:47:07] [Render thread/INFO] (lodekeeper) [Lodekeeper] BREAK target=MutableBlockPos{x=15, y=24, z=14} block=Block{minecraft:stone} tool=minecraft:iron_pickaxe slot=2 remaining=194 required=route
[15:47:08] [Render thread/INFO] (lodekeeper) [Lodekeeper] BREAK target=MutableBlockPos{x=15, y=23, z=14} block=Block{minecraft:stone} tool=minecraft:iron_pickaxe slot=2 remaining=193 required=route
[15:47:08] [Render thread/INFO] (lodekeeper) [Lodekeeper] BREAK target=MutableBlockPos{x=15, y=22, z=14} block=Block{minecraft:stone} tool=minecraft:iron_pickaxe slot=2 remaining=192 required=route
[15:47:09] [Render thread/INFO] (lodekeeper) [Lodekeeper] PROGRESS elapsed_ms=256522 phase=traveling backend=baritone target=15,4,9 block=minecraft:diamond_ore navigation_elapsed_ms=50583 navigation_ticks=1012 searching=false path_index=0 path_length=20 retries=0 pending_route_events=0 dropped_route_events=0 status=mining_and_collecting_minecraft:diamond___0/3
[15:47:09] [Render thread/INFO] (lodekeeper) [Lodekeeper] BREAK target=MutableBlockPos{x=15, y=21, z=14} block=Block{minecraft:stone} tool=minecraft:iron_pickaxe slot=2 remaining=191 required=route
[15:47:10] [Render thread/INFO] (lodekeeper) [Lodekeeper] BREAK target=MutableBlockPos{x=15, y=20, z=14} block=Block{minecraft:stone} tool=minecraft:iron_pickaxe slot=2 remaining=190 required=route
[15:47:10] [Render thread/INFO] (lodekeeper) [Lodekeeper] BREAK target=MutableBlockPos{x=15, y=19, z=14} block=Block{minecraft:stone} tool=minecraft:iron_pickaxe slot=2 remaining=189 required=route
[15:47:11] [Render thread/INFO] (lodekeeper) [Lodekeeper] PROGRESS elapsed_ms=258574 phase=traveling backend=baritone target=15,4,9 block=minecraft:diamond_ore navigation_elapsed_ms=52602 navigation_ticks=1052 searching=false path_index=0 path_length=17 retries=0 pending_route_events=0 dropped_route_events=0 status=mining_and_collecting_minecraft:diamond___0/3
[15:47:11] [Render thread/INFO] (lodekeeper) [Lodekeeper] BREAK target=MutableBlockPos{x=15, y=18, z=14} block=Block{minecraft:andesite} tool=minecraft:iron_pickaxe slot=2 remaining=188 required=route
[15:47:12] [Render thread/INFO] (lodekeeper) [Lodekeeper] BREAK target=MutableBlockPos{x=15, y=17, z=14} block=Block{minecraft:andesite} tool=minecraft:iron_pickaxe slot=2 remaining=187 required=route
[15:47:13] [Render thread/INFO] (lodekeeper) [Lodekeeper] BREAK target=MutableBlockPos{x=15, y=16, z=14} block=Block{minecraft:andesite} tool=minecraft:iron_pickaxe slot=2 remaining=186 required=route
[15:47:13] [Render thread/INFO] (lodekeeper) [Lodekeeper] PROGRESS elapsed_ms=260623 phase=traveling backend=baritone target=15,4,9 block=minecraft:diamond_ore navigation_elapsed_ms=54581 navigation_ticks=1092 searching=false path_index=0 path_length=14 retries=0 pending_route_events=0 dropped_route_events=0 status=mining_and_collecting_minecraft:diamond___0/3
[15:47:13] [Render thread/INFO] (lodekeeper) [Lodekeeper] BREAK target=MutableBlockPos{x=15, y=15, z=14} block=Block{minecraft:andesite} tool=minecraft:iron_pickaxe slot=2 remaining=185 required=route
[15:47:14] [Render thread/INFO] (lodekeeper) [Lodekeeper] BREAK target=MutableBlockPos{x=15, y=14, z=14} block=Block{minecraft:andesite} tool=minecraft:iron_pickaxe slot=2 remaining=184 required=route
[15:47:15] [Render thread/INFO] (lodekeeper) [Lodekeeper] BREAK target=MutableBlockPos{x=15, y=13, z=14} block=Block{minecraft:andesite} tool=minecraft:iron_pickaxe slot=2 remaining=183 required=route
[15:47:15] [Render thread/INFO] (lodekeeper) [Lodekeeper] PROGRESS elapsed_ms=262664 phase=traveling backend=baritone target=15,4,9 block=minecraft:diamond_ore navigation_elapsed_ms=56792 navigation_ticks=1136 searching=false path_index=0 path_length=11 retries=0 pending_route_events=0 dropped_route_events=0 status=mining_and_collecting_minecraft:diamond___0/3
[15:47:15] [Render thread/INFO] (lodekeeper) [Lodekeeper] BREAK target=MutableBlockPos{x=15, y=12, z=14} block=Block{minecraft:andesite} tool=minecraft:iron_pickaxe slot=2 remaining=182 required=route
[15:47:16] [Render thread/INFO] (lodekeeper) [Lodekeeper] BREAK target=MutableBlockPos{x=15, y=11, z=14} block=Block{minecraft:stone} tool=minecraft:iron_pickaxe slot=2 remaining=181 required=route
[15:47:17] [Render thread/INFO] (lodekeeper) [Lodekeeper] BREAK target=MutableBlockPos{x=15, y=10, z=14} block=Block{minecraft:stone} tool=minecraft:iron_pickaxe slot=2 remaining=180 required=route
[15:47:17] [Render thread/INFO] (lodekeeper) [Lodekeeper] PROGRESS elapsed_ms=264677 phase=traveling backend=baritone target=15,4,9 block=minecraft:diamond_ore navigation_elapsed_ms=58805 navigation_ticks=1176 searching=false path_index=0 path_length=8 retries=0 pending_route_events=0 dropped_route_events=0 status=mining_and_collecting_minecraft:diamond___0/3
[15:47:17] [Render thread/INFO] (lodekeeper) [Lodekeeper] BREAK target=MutableBlockPos{x=15, y=11, z=13} block=Block{minecraft:andesite} tool=minecraft:iron_pickaxe slot=2 remaining=179 required=route
[15:47:18] [Render thread/INFO] (lodekeeper) [Lodekeeper] BREAK target=MutableBlockPos{x=15, y=10, z=13} block=Block{minecraft:stone} tool=minecraft:iron_pickaxe slot=2 remaining=178 required=route
[15:47:19] [Render thread/INFO] (lodekeeper) [Lodekeeper] BREAK target=MutableBlockPos{x=15, y=9, z=13} block=Block{minecraft:stone} tool=minecraft:iron_pickaxe slot=2 remaining=177 required=route
[15:47:19] [Render thread/INFO] (lodekeeper) [Lodekeeper] PROGRESS elapsed_ms=266723 phase=traveling backend=baritone target=15,4,9 block=minecraft:diamond_ore navigation_elapsed_ms=60783 navigation_ticks=1216 searching=false path_index=0 path_length=7 retries=0 pending_route_events=0 dropped_route_events=0 status=mining_and_collecting_minecraft:diamond___0/3
[15:47:20] [Render thread/INFO] (lodekeeper) [Lodekeeper] BREAK target=MutableBlockPos{x=15, y=10, z=12} block=Block{minecraft:stone} tool=minecraft:iron_pickaxe slot=2 remaining=176 required=route
[15:47:20] [Render thread/INFO] (lodekeeper) [Lodekeeper] BREAK target=MutableBlockPos{x=15, y=9, z=12} block=Block{minecraft:stone} tool=minecraft:iron_pickaxe slot=2 remaining=175 required=route
[15:47:21] [Render thread/INFO] (lodekeeper) [Lodekeeper] PROGRESS elapsed_ms=268772 phase=traveling backend=baritone target=15,4,9 block=minecraft:diamond_ore navigation_elapsed_ms=62799 navigation_ticks=1256 searching=false path_index=0 path_length=6 retries=0 pending_route_events=0 dropped_route_events=0 status=mining_and_collecting_minecraft:diamond___0/3
[15:47:21] [Render thread/INFO] (lodekeeper) [Lodekeeper] BREAK target=MutableBlockPos{x=15, y=8, z=12} block=Block{minecraft:stone} tool=minecraft:iron_pickaxe slot=2 remaining=174 required=route
[15:47:22] [Render thread/INFO] (lodekeeper) [Lodekeeper] BREAK target=MutableBlockPos{x=15, y=9, z=11} block=Block{minecraft:stone} tool=minecraft:iron_pickaxe slot=2 remaining=173 required=route
[15:47:23] [Render thread/INFO] (lodekeeper) [Lodekeeper] BREAK target=MutableBlockPos{x=15, y=8, z=11} block=Block{minecraft:stone} tool=minecraft:iron_pickaxe slot=2 remaining=172 required=route
[15:47:23] [Render thread/INFO] (lodekeeper) [Lodekeeper] PROGRESS elapsed_ms=270816 phase=traveling backend=baritone target=15,4,9 block=minecraft:diamond_ore navigation_elapsed_ms=64777 navigation_ticks=1296 searching=false path_index=0 path_length=5 retries=0 pending_route_events=0 dropped_route_events=0 status=mining_and_collecting_minecraft:diamond___0/3
[15:47:23] [Render thread/INFO] (lodekeeper) [Lodekeeper] BREAK target=MutableBlockPos{x=15, y=7, z=11} block=Block{minecraft:stone} tool=minecraft:iron_pickaxe slot=2 remaining=171 required=route
[15:47:24] [Render thread/INFO] (lodekeeper) [Lodekeeper] BREAK target=MutableBlockPos{x=15, y=8, z=10} block=Block{minecraft:stone} tool=minecraft:iron_pickaxe slot=2 remaining=170 required=route
[15:47:25] [Render thread/INFO] (lodekeeper) [Lodekeeper] BREAK target=MutableBlockPos{x=15, y=7, z=10} block=Block{minecraft:stone} tool=minecraft:iron_pickaxe slot=2 remaining=169 required=route
[15:47:25] [Render thread/INFO] (lodekeeper) [Lodekeeper] PROGRESS elapsed_ms=272863 phase=traveling backend=baritone target=15,4,9 block=minecraft:diamond_ore navigation_elapsed_ms=66991 navigation_ticks=1340 searching=false path_index=0 path_length=4 retries=0 pending_route_events=0 dropped_route_events=0 status=mining_and_collecting_minecraft:diamond___0/3
[15:47:26] [Render thread/INFO] (lodekeeper) [Lodekeeper] BREAK target=MutableBlockPos{x=15, y=6, z=10} block=Block{minecraft:stone} tool=minecraft:iron_pickaxe slot=2 remaining=168 required=route
[15:47:27] [Render thread/INFO] (lodekeeper) [Lodekeeper] BREAK target=MutableBlockPos{x=15, y=7, z=9} block=Block{minecraft:stone} tool=minecraft:iron_pickaxe slot=2 remaining=167 required=route
[15:47:27] [Render thread/INFO] (lodekeeper) [Lodekeeper] BREAK target=MutableBlockPos{x=15, y=6, z=9} block=Block{minecraft:stone} tool=minecraft:iron_pickaxe slot=2 remaining=166 required=route
[15:47:27] [Render thread/INFO] (lodekeeper) [Lodekeeper] PROGRESS elapsed_ms=274877 phase=traveling backend=baritone target=15,4,9 block=minecraft:diamond_ore navigation_elapsed_ms=69005 navigation_ticks=1380 searching=false path_index=0 path_length=3 retries=0 pending_route_events=0 dropped_route_events=0 status=mining_and_collecting_minecraft:diamond___0/3
[15:47:28] [Render thread/INFO] (lodekeeper) [Lodekeeper] BREAK target=MutableBlockPos{x=15, y=5, z=9} block=Block{minecraft:diamond_ore} tool=minecraft:iron_pickaxe slot=2 remaining=165 required=minecraft:iron_pickaxe
[15:47:29] [Render thread/INFO] (lodekeeper) [Lodekeeper] NAV discovered=1 retained=64 rejected=0 requestTicks=1410 phase=MINE
[15:47:29] [Render thread/INFO] (lodekeeper) [Lodekeeper] BREAK target=MutableBlockPos{x=15, y=4, z=9} block=Block{minecraft:diamond_ore} tool=minecraft:iron_pickaxe slot=2 remaining=164 required=minecraft:iron_pickaxe
[15:47:29] [Render thread/INFO] (lodekeeper) [Lodekeeper] PROGRESS elapsed_ms=276924 phase=traveling backend=baritone target=15,4,9 block=minecraft:diamond_ore navigation_elapsed_ms=70984 navigation_ticks=1420 searching=false path_index=0 path_length=2 retries=0 pending_route_events=0 dropped_route_events=0 status=mining_and_collecting_minecraft:diamond___1/3
[15:47:30] [Render thread/INFO] (lodekeeper) [Lodekeeper] NAV discovered=1 retained=64 rejected=0 requestTicks=1435 phase=MINE
[15:47:30] [Render thread/INFO] (lodekeeper) [Lodekeeper] NAV backend=baritone mode=MINE event=CALC_STARTED elapsedMs=71756
[15:47:30] [Render thread/INFO] (lodekeeper) [Lodekeeper] NAV calcTool=minecraft:iron_pickaxe slot=2
[15:47:30] [Render thread/INFO] (lodekeeper) [Lodekeeper] NAV backend=baritone mode=MINE event=CALC_FINISHED_NOW_EXECUTING elapsedMs=71756
[15:47:30] [Render thread/INFO] (lodekeeper) [Lodekeeper] TARGET target=15,4,8 block=minecraft:diamond_ore
[15:47:30] [Render thread/INFO] (lodekeeper) [Lodekeeper] BREAK target=MutableBlockPos{x=15, y=5, z=8} block=Block{minecraft:deepslate_diamond_ore} tool=minecraft:iron_pickaxe slot=2 remaining=163 required=minecraft:iron_pickaxe
[15:47:31] [Render thread/INFO] (lodekeeper) [Lodekeeper] PROGRESS elapsed_ms=278966 phase=traveling backend=baritone target=15,4,8 block=minecraft:diamond_ore navigation_elapsed_ms=72994 navigation_ticks=1460 searching=false path_index=0 path_length=2 retries=0 pending_route_events=0 dropped_route_events=0 status=mining_and_collecting_minecraft:diamond___2/3
[15:47:31] [Render thread/INFO] (lodekeeper) [Lodekeeper] NAV discovered=1 retained=64 rejected=0 requestTicks=1464 phase=MINE
[15:47:32] [Render thread/INFO] (lodekeeper) [Lodekeeper] BREAK target=MutableBlockPos{x=15, y=4, z=8} block=Block{minecraft:diamond_ore} tool=minecraft:iron_pickaxe slot=2 remaining=162 required=minecraft:iron_pickaxe
[15:47:32] [Render thread/INFO] (lodekeeper) [Lodekeeper] TARGET target=none
[15:47:32] [Render thread/INFO] (lodekeeper) [Lodekeeper] STATION_POLICY decision=replace_distant station=minecraft:furnace position=BlockPos{x=15, y=70, z=9}
[15:47:32] [lodekeeper-planner/INFO] (lodekeeper) [Lodekeeper] PROJECT_MATERIALS project=gear_diamond before=[gather:minecraft:diamond_ore:3, gather:minecraft:diamond_ore:4, gather:minecraft:diamond_ore:8, gather:minecraft:diamond_ore:5, gather:minecraft:diamond_ore:2, gather:minecraft:diamond_ore:7, gather:minecraft:diamond_ore:1, gather:minecraft:diamond_ore:2] after=[gather:minecraft:diamond_ore:3, gather:minecraft:diamond_ore:4, gather:minecraft:diamond_ore:8, gather:minecraft:diamond_ore:5, gather:minecraft:diamond_ore:2, gather:minecraft:diamond_ore:7, gather:minecraft:diamond_ore:1, gather:minecraft:diamond_ore:2]
[15:47:32] [lodekeeper-planner/INFO] (lodekeeper) [Lodekeeper] PLAN project=gear_diamond success=true steps=21 branches=95 elapsedMs=2.067013
[15:47:32] [Render thread/INFO] (lodekeeper) [Lodekeeper] STEP kind=PLACE_STATION source=place:minecraft:crafting_table output=null count=0 operations=1 auxiliary=false
[15:47:32] [Render thread/INFO] (lodekeeper) [Lodekeeper] TARGET target=15,5,8 block=minecraft:crafting_table
[15:47:32] [Render thread/INFO] (lodekeeper) [Lodekeeper] STATION_POLICY decision=replace_distant station=minecraft:furnace position=BlockPos{x=15, y=70, z=9}
[15:47:32] [Render thread/INFO] (lodekeeper) [Lodekeeper] TARGET target=none
[15:47:32] [lodekeeper-planner/INFO] (lodekeeper) [Lodekeeper] PROJECT_MATERIALS project=gear_diamond before=[gather:minecraft:diamond_ore:3, gather:minecraft:diamond_ore:4, gather:minecraft:diamond_ore:8, gather:minecraft:diamond_ore:5, gather:minecraft:diamond_ore:2, gather:minecraft:diamond_ore:7, gather:minecraft:diamond_ore:1, gather:minecraft:diamond_ore:2] after=[gather:minecraft:diamond_ore:3, gather:minecraft:diamond_ore:4, gather:minecraft:diamond_ore:8, gather:minecraft:diamond_ore:5, gather:minecraft:diamond_ore:2, gather:minecraft:diamond_ore:7, gather:minecraft:diamond_ore:1, gather:minecraft:diamond_ore:2]
[15:47:32] [lodekeeper-planner/INFO] (lodekeeper) [Lodekeeper] PLAN project=gear_diamond success=true steps=20 branches=94 elapsedMs=1.785537
[15:47:32] [Render thread/INFO] (lodekeeper) [Lodekeeper] STEP kind=CRAFT source=server:minecraft:diamond_pickaxe:474 output=minecraft:diamond_pickaxe count=1 operations=1 auxiliary=false
[15:47:33] [Render thread/INFO] (lodekeeper) [Lodekeeper] PROGRESS elapsed_ms=280973 phase=crafting backend=baritone target=none navigation_elapsed_ms=0 navigation_ticks=0 searching=false path_index=0 path_length=0 retries=0 pending_route_events=0 dropped_route_events=0 status=CRAFT_server:minecraft:diamond_pickaxe:474
[15:47:35] [Render thread/INFO] (lodekeeper) [Lodekeeper] PROGRESS elapsed_ms=283022 phase=crafting backend=baritone target=none navigation_elapsed_ms=0 navigation_ticks=0 searching=false path_index=0 path_length=0 retries=0 pending_route_events=0 dropped_route_events=0 status=CRAFT_server:minecraft:diamond_pickaxe:474
[15:47:36] [Render thread/INFO] (lodekeeper) [Lodekeeper] STATION_POLICY decision=replace_distant station=minecraft:furnace position=BlockPos{x=15, y=70, z=9}
[15:47:36] [lodekeeper-planner/INFO] (lodekeeper) [Lodekeeper] PROJECT_MATERIALS project=gear_diamond before=[gather:minecraft:diamond_ore:3, gather:minecraft:diamond_ore:4, gather:minecraft:diamond_ore:8, gather:minecraft:diamond_ore:5, gather:minecraft:diamond_ore:2, gather:minecraft:diamond_ore:7, gather:minecraft:diamond_ore:1, gather:minecraft:diamond_ore:2] after=[gather:minecraft:diamond_ore:3, gather:minecraft:diamond_ore:4, gather:minecraft:diamond_ore:8, gather:minecraft:diamond_ore:5, gather:minecraft:diamond_ore:2, gather:minecraft:diamond_ore:7, gather:minecraft:diamond_ore:1, gather:minecraft:diamond_ore:2]
[15:47:36] [lodekeeper-planner/INFO] (lodekeeper) [Lodekeeper] PLAN project=gear_diamond success=true steps=19 branches=89 elapsedMs=1.99738
[15:47:36] [Render thread/INFO] (lodekeeper) [Lodekeeper] STEP kind=GATHER source=gather:minecraft:diamond_ore output=minecraft:diamond count=32 operations=32 auxiliary=false
[15:47:37] [Render thread/INFO] (lodekeeper) [Lodekeeper] PROGRESS elapsed_ms=285065 phase=gathering backend=baritone target=none navigation_elapsed_ms=0 navigation_ticks=0 searching=false path_index=0 path_length=0 retries=0 pending_route_events=0 dropped_route_events=0 status=mining_the_recorded_owned_crafting_table
[15:47:40] [Render thread/INFO] (lodekeeper) [Lodekeeper] PROGRESS elapsed_ms=287075 phase=gathering backend=baritone target=none navigation_elapsed_ms=0 navigation_ticks=0 searching=false path_index=0 path_length=0 retries=0 pending_route_events=0 dropped_route_events=0 status=mining_the_recorded_owned_crafting_table
[15:47:40] [Render thread/INFO] (lodekeeper) [Lodekeeper] NAV backend=baritone mode=PICKUP event=CALC_STARTED elapsedMs=1
[15:47:40] [Render thread/INFO] (lodekeeper) [Lodekeeper] NAV calcTool=minecraft:dirt slot=1
[15:47:40] [Render thread/INFO] (lodekeeper) [Lodekeeper] NAV backend=baritone mode=PICKUP event=CALC_FINISHED_NOW_EXECUTING elapsedMs=35
[15:47:40] [Render thread/INFO] (lodekeeper) [Lodekeeper] BREAK target=MutableBlockPos{x=15, y=6, z=8} block=Block{minecraft:stone} tool=minecraft:diamond_pickaxe slot=0 remaining=1561 required=route
[15:47:41] [Render thread/INFO] (lodekeeper) [Lodekeeper] STATION_POLICY decision=replace_distant station=minecraft:furnace position=BlockPos{x=15, y=70, z=9}
[15:47:41] [lodekeeper-planner/INFO] (lodekeeper) [Lodekeeper] PROJECT_MATERIALS project=gear_diamond before=[gather:minecraft:diamond_ore:3, gather:minecraft:diamond_ore:4, gather:minecraft:diamond_ore:8, gather:minecraft:diamond_ore:5, gather:minecraft:diamond_ore:2, gather:minecraft:diamond_ore:7, gather:minecraft:diamond_ore:1, gather:minecraft:diamond_ore:2] after=[gather:minecraft:diamond_ore:3, gather:minecraft:diamond_ore:4, gather:minecraft:diamond_ore:8, gather:minecraft:diamond_ore:5, gather:minecraft:diamond_ore:2, gather:minecraft:diamond_ore:7, gather:minecraft:diamond_ore:1, gather:minecraft:diamond_ore:2]
[15:47:41] [lodekeeper-planner/INFO] (lodekeeper) [Lodekeeper] PLAN project=gear_diamond success=true steps=20 branches=90 elapsedMs=1.607037
[15:47:41] [Render thread/INFO] (lodekeeper) [Lodekeeper] STEP kind=GATHER source=gather:minecraft:diamond_ore output=minecraft:diamond count=32 operations=32 auxiliary=false
[15:47:41] [Render thread/INFO] (lodekeeper) [Lodekeeper] MINING_DEPTH policy=BULK_DIAMOND desiredY=-55 ceiling=-40 deficit=32 phase=DESCEND blocks=[Block{minecraft:diamond_ore}, Block{minecraft:deepslate_diamond_ore}]
[15:47:41] [Render thread/INFO] (lodekeeper) [Lodekeeper] NAV backend=baritone mode=DESCEND event=CALC_STARTED elapsedMs=1
[15:47:41] [Render thread/INFO] (lodekeeper) [Lodekeeper] NAV calcTool=minecraft:diamond_pickaxe slot=0
[15:47:41] [Render thread/INFO] (lodekeeper) [Lodekeeper] ROUTE_SEARCH kind=unknown anchor=unknown feet_y16=0 candidates=0 target=none elapsed_ms=288518
[15:47:41] [Render thread/INFO] (lodekeeper) [Lodekeeper] NAV backend=baritone mode=DESCEND event=CALC_FINISHED_NOW_EXECUTING elapsedMs=505
[15:47:41] [Render thread/INFO] (lodekeeper) [Lodekeeper] BREAK target=MutableBlockPos{x=15, y=3, z=9} block=Block{minecraft:granite} tool=minecraft:diamond_pickaxe slot=0 remaining=1561 required=route
[15:47:41] [Render thread/INFO] (lodekeeper) [Lodekeeper] ROUTE_TRAVEL path_index=0 path_length=38 target=none elapsed_ms=288923
[15:47:42] [Render thread/INFO] (lodekeeper) [Lodekeeper] PROGRESS elapsed_ms=289123 phase=traveling backend=baritone target=none navigation_elapsed_ms=805 navigation_ticks=16 searching=false path_index=0 path_length=38 retries=0 pending_route_events=0 dropped_route_events=0 status=seeking_mining_depth_-55_for_minecraft:diamond___0/32
[15:47:42] [Render thread/INFO] (lodekeeper) [Lodekeeper] BREAK target=MutableBlockPos{x=15, y=2, z=9} block=Block{minecraft:granite} tool=minecraft:diamond_pickaxe slot=0 remaining=1560 required=route
[15:47:42] [Render thread/INFO] (lodekeeper) [Lodekeeper] BREAK target=MutableBlockPos{x=15, y=1, z=9} block=Block{minecraft:granite} tool=minecraft:diamond_pickaxe slot=0 remaining=1559 required=route
[15:47:43] [Render thread/INFO] (lodekeeper) [Lodekeeper] BREAK target=MutableBlockPos{x=15, y=0, z=9} block=Block{minecraft:deepslate} tool=minecraft:diamond_pickaxe slot=0 remaining=1558 required=route
[15:47:44] [Render thread/INFO] (lodekeeper) [Lodekeeper] PROGRESS elapsed_ms=291169 phase=traveling backend=baritone target=none navigation_elapsed_ms=2785 navigation_ticks=56 searching=false path_index=0 path_length=35 retries=0 pending_route_events=0 dropped_route_events=0 status=seeking_mining_depth_-55_for_minecraft:diamond___0/32
[15:47:44] [Render thread/INFO] (lodekeeper) [Lodekeeper] BREAK target=MutableBlockPos{x=15, y=-1, z=9} block=Block{minecraft:deepslate} tool=minecraft:diamond_pickaxe slot=0 remaining=1557 required=route
[15:47:45] [Render thread/INFO] (lodekeeper) [Lodekeeper] BREAK target=MutableBlockPos{x=15, y=-2, z=9} block=Block{minecraft:deepslate} tool=minecraft:diamond_pickaxe slot=0 remaining=1556 required=route
[15:47:46] [Render thread/INFO] (lodekeeper) [Lodekeeper] PROGRESS elapsed_ms=293177 phase=traveling backend=baritone target=none navigation_elapsed_ms=4793 navigation_ticks=96 searching=false path_index=0 path_length=33 retries=0 pending_route_events=0 dropped_route_events=0 status=seeking_mining_depth_-55_for_minecraft:diamond___0/32
[15:47:46] [Render thread/INFO] (lodekeeper) [Lodekeeper] BREAK target=MutableBlockPos{x=15, y=-3, z=9} block=Block{minecraft:deepslate_iron_ore} tool=minecraft:diamond_pickaxe slot=0 remaining=1555 required=route
[15:47:47] [Render thread/INFO] (lodekeeper) [Lodekeeper] BREAK target=MutableBlockPos{x=15, y=-4, z=9} block=Block{minecraft:deepslate} tool=minecraft:diamond_pickaxe slot=0 remaining=1554 required=route
[15:47:48] [Render thread/INFO] (lodekeeper) [Lodekeeper] PROGRESS elapsed_ms=295222 phase=traveling backend=baritone target=none navigation_elapsed_ms=6803 navigation_ticks=136 searching=false path_index=0 path_length=31 retries=0 pending_route_events=0 dropped_route_events=0 status=seeking_mining_depth_-55_for_minecraft:diamond___0/32
[15:47:48] [Render thread/INFO] (lodekeeper) [Lodekeeper] BREAK target=MutableBlockPos{x=15, y=-5, z=9} block=Block{minecraft:deepslate} tool=minecraft:diamond_pickaxe slot=0 remaining=1553 required=route
[15:47:49] [Render thread/INFO] (lodekeeper) [Lodekeeper] BREAK target=MutableBlockPos{x=15, y=-6, z=9} block=Block{minecraft:deepslate} tool=minecraft:diamond_pickaxe slot=0 remaining=1552 required=route
[15:47:50] [Render thread/INFO] (lodekeeper) [Lodekeeper] BREAK target=MutableBlockPos{x=15, y=-7, z=9} block=Block{minecraft:deepslate} tool=minecraft:diamond_pickaxe slot=0 remaining=1551 required=route
[15:47:50] [Render thread/INFO] (lodekeeper) [Lodekeeper] PROGRESS elapsed_ms=297268 phase=traveling backend=baritone target=none navigation_elapsed_ms=8783 navigation_ticks=176 searching=false path_index=0 path_length=28 retries=0 pending_route_events=0 dropped_route_events=0 status=seeking_mining_depth_-55_for_minecraft:diamond___0/32
[15:47:51] [Render thread/INFO] (lodekeeper) [Lodekeeper] BREAK target=MutableBlockPos{x=15, y=-8, z=9} block=Block{minecraft:deepslate} tool=minecraft:diamond_pickaxe slot=0 remaining=1550 required=route
[15:47:51] [Render thread/INFO] (lodekeeper) [Lodekeeper] BREAK target=MutableBlockPos{x=15, y=-9, z=9} block=Block{minecraft:deepslate} tool=minecraft:diamond_pickaxe slot=0 remaining=1549 required=route
[15:47:52] [Render thread/INFO] (lodekeeper) [Lodekeeper] PROGRESS elapsed_ms=299277 phase=traveling backend=baritone target=none navigation_elapsed_ms=10792 navigation_ticks=216 searching=false path_index=0 path_length=26 retries=0 pending_route_events=0 dropped_route_events=0 status=seeking_mining_depth_-55_for_minecraft:diamond___0/32
[15:47:52] [Render thread/INFO] (lodekeeper) [Lodekeeper] BREAK target=MutableBlockPos{x=15, y=-10, z=9} block=Block{minecraft:deepslate} tool=minecraft:diamond_pickaxe slot=0 remaining=1548 required=route
[15:47:53] [Render thread/INFO] (lodekeeper) [Lodekeeper] BREAK target=MutableBlockPos{x=15, y=-11, z=9} block=Block{minecraft:deepslate} tool=minecraft:diamond_pickaxe slot=0 remaining=1547 required=route
[15:47:54] [Render thread/INFO] (lodekeeper) [Lodekeeper] PROGRESS elapsed_ms=301322 phase=traveling backend=baritone target=none navigation_elapsed_ms=13005 navigation_ticks=260 searching=false path_index=0 path_length=24 retries=0 pending_route_events=0 dropped_route_events=0 status=seeking_mining_depth_-55_for_minecraft:diamond___0/32
[15:47:54] [Render thread/INFO] (lodekeeper) [Lodekeeper] BREAK target=MutableBlockPos{x=15, y=-12, z=9} block=Block{minecraft:deepslate} tool=minecraft:diamond_pickaxe slot=0 remaining=1546 required=route
[15:47:55] [Render thread/INFO] (lodekeeper) [Lodekeeper] BREAK target=MutableBlockPos{x=15, y=-13, z=9} block=Block{minecraft:deepslate} tool=minecraft:diamond_pickaxe slot=0 remaining=1545 required=route
[15:47:56] [Render thread/INFO] (lodekeeper) [Lodekeeper] PROGRESS elapsed_ms=303365 phase=traveling backend=baritone target=none navigation_elapsed_ms=14981 navigation_ticks=300 searching=false path_index=0 path_length=22 retries=0 pending_route_events=0 dropped_route_events=0 status=seeking_mining_depth_-55_for_minecraft:diamond___0/32
[15:47:56] [Render thread/INFO] (lodekeeper) [Lodekeeper] BREAK target=MutableBlockPos{x=15, y=-14, z=9} block=Block{minecraft:deepslate} tool=minecraft:diamond_pickaxe slot=0 remaining=1544 required=route
[15:47:57] [Render thread/INFO] (lodekeeper) [Lodekeeper] BREAK target=MutableBlockPos{x=15, y=-15, z=9} block=Block{minecraft:deepslate} tool=minecraft:diamond_pickaxe slot=0 remaining=1543 required=route
[15:47:58] [Render thread/INFO] (lodekeeper) [Lodekeeper] BREAK target=MutableBlockPos{x=15, y=-16, z=9} block=Block{minecraft:deepslate} tool=minecraft:diamond_pickaxe slot=0 remaining=1542 required=route
[15:47:58] [Render thread/INFO] (lodekeeper) [Lodekeeper] PROGRESS elapsed_ms=305375 phase=traveling backend=baritone target=none navigation_elapsed_ms=16991 navigation_ticks=340 searching=false path_index=0 path_length=19 retries=0 pending_route_events=0 dropped_route_events=0 status=seeking_mining_depth_-55_for_minecraft:diamond___0/32
[15:47:59] [Render thread/INFO] (lodekeeper) [Lodekeeper] BREAK target=MutableBlockPos{x=15, y=-17, z=9} block=Block{minecraft:deepslate} tool=minecraft:diamond_pickaxe slot=0 remaining=1541 required=route
[15:48:00] [Render thread/INFO] (lodekeeper) [Lodekeeper] BREAK target=MutableBlockPos{x=15, y=-18, z=9} block=Block{minecraft:deepslate} tool=minecraft:diamond_pickaxe slot=0 remaining=1540 required=route
[15:48:00] [Render thread/INFO] (lodekeeper) [Lodekeeper] PROGRESS elapsed_ms=307425 phase=traveling backend=baritone target=none navigation_elapsed_ms=19006 navigation_ticks=380 searching=false path_index=0 path_length=17 retries=0 pending_route_events=0 dropped_route_events=0 status=seeking_mining_depth_-55_for_minecraft:diamond___0/32
[15:48:00] [Render thread/INFO] (lodekeeper) [Lodekeeper] BREAK target=MutableBlockPos{x=15, y=-19, z=9} block=Block{minecraft:deepslate} tool=minecraft:diamond_pickaxe slot=0 remaining=1539 required=route
[15:48:01] [Render thread/INFO] (lodekeeper) [Lodekeeper] BREAK target=MutableBlockPos{x=15, y=-20, z=9} block=Block{minecraft:deepslate} tool=minecraft:diamond_pickaxe slot=0 remaining=1538 required=route
[15:48:02] [Render thread/INFO] (lodekeeper) [Lodekeeper] PROGRESS elapsed_ms=309469 phase=traveling backend=baritone target=none navigation_elapsed_ms=20984 navigation_ticks=420 searching=false path_index=0 path_length=15 retries=0 pending_route_events=0 dropped_route_events=0 status=seeking_mining_depth_-55_for_minecraft:diamond___0/32
[15:48:02] [Render thread/INFO] (lodekeeper) [Lodekeeper] BREAK target=MutableBlockPos{x=15, y=-21, z=9} block=Block{minecraft:deepslate} tool=minecraft:diamond_pickaxe slot=0 remaining=1537 required=route
[15:48:03] [Render thread/INFO] (lodekeeper) [Lodekeeper] BREAK target=MutableBlockPos{x=15, y=-22, z=9} block=Block{minecraft:deepslate} tool=minecraft:diamond_pickaxe slot=0 remaining=1536 required=route
[15:48:04] [Render thread/INFO] (lodekeeper) [Lodekeeper] PROGRESS elapsed_ms=311519 phase=traveling backend=baritone target=none navigation_elapsed_ms=23202 navigation_ticks=464 searching=false path_index=0 path_length=12 retries=0 pending_route_events=0 dropped_route_events=0 status=seeking_mining_depth_-55_for_minecraft:diamond___0/32
[15:48:04] [Render thread/INFO] (lodekeeper) [Lodekeeper] BREAK target=MutableBlockPos{x=15, y=-23, z=9} block=Block{minecraft:deepslate} tool=minecraft:diamond_pickaxe slot=0 remaining=1535 required=route
[15:48:05] [Render thread/INFO] (lodekeeper) [Lodekeeper] BREAK target=MutableBlockPos{x=15, y=-24, z=9} block=Block{minecraft:deepslate} tool=minecraft:diamond_pickaxe slot=0 remaining=1534 required=route
[15:48:06] [Render thread/INFO] (lodekeeper) [Lodekeeper] BREAK target=MutableBlockPos{x=15, y=-25, z=9} block=Block{minecraft:deepslate} tool=minecraft:diamond_pickaxe slot=0 remaining=1533 required=route
[15:48:06] [Render thread/INFO] (lodekeeper) [Lodekeeper] PROGRESS elapsed_ms=313566 phase=traveling backend=baritone target=none navigation_elapsed_ms=25181 navigation_ticks=504 searching=false path_index=0 path_length=10 retries=0 pending_route_events=0 dropped_route_events=0 status=seeking_mining_depth_-55_for_minecraft:diamond___0/32
[15:48:07] [Render thread/INFO] (lodekeeper) [Lodekeeper] NAV backend=baritone mode=DESCEND event=NEXT_SEGMENT_CALC_STARTED elapsedMs=25784
[15:48:07] [Render thread/INFO] (lodekeeper) [Lodekeeper] NAV backend=baritone mode=DESCEND event=NEXT_SEGMENT_CALC_FINISHED elapsedMs=25851
[15:48:07] [Render thread/INFO] (lodekeeper) [Lodekeeper] BREAK target=MutableBlockPos{x=15, y=-26, z=9} block=Block{minecraft:deepslate} tool=minecraft:diamond_pickaxe slot=0 remaining=1532 required=route
[15:48:08] [Render thread/INFO] (lodekeeper) [Lodekeeper] BREAK target=MutableBlockPos{x=15, y=-27, z=9} block=Block{minecraft:deepslate} tool=minecraft:diamond_pickaxe slot=0 remaining=1531 required=route
[15:48:08] [Render thread/INFO] (lodekeeper) [Lodekeeper] PROGRESS elapsed_ms=315575 phase=traveling backend=baritone target=none navigation_elapsed_ms=27190 navigation_ticks=544 searching=false path_index=0 path_length=30 retries=0 pending_route_events=0 dropped_route_events=0 status=seeking_mining_depth_-55_for_minecraft:diamond___0/32
[15:48:09] [Render thread/INFO] (lodekeeper) [Lodekeeper] BREAK target=MutableBlockPos{x=15, y=-28, z=9} block=Block{minecraft:deepslate} tool=minecraft:diamond_pickaxe slot=0 remaining=1530 required=route
[15:48:09] [Render thread/INFO] (lodekeeper) [Lodekeeper] BREAK target=MutableBlockPos{x=15, y=-29, z=9} block=Block{minecraft:deepslate} tool=minecraft:diamond_pickaxe slot=0 remaining=1529 required=route
[15:48:10] [Render thread/INFO] (lodekeeper) [Lodekeeper] PROGRESS elapsed_ms=317625 phase=traveling backend=baritone target=none navigation_elapsed_ms=29206 navigation_ticks=584 searching=false path_index=0 path_length=28 retries=0 pending_route_events=0 dropped_route_events=0 status=seeking_mining_depth_-55_for_minecraft:diamond___0/32
[15:48:10] [Render thread/INFO] (lodekeeper) [Lodekeeper] BREAK target=MutableBlockPos{x=15, y=-30, z=9} block=Block{minecraft:deepslate} tool=minecraft:diamond_pickaxe slot=0 remaining=1528 required=route
[15:48:11] [Render thread/INFO] (lodekeeper) [Lodekeeper] BREAK target=MutableBlockPos{x=15, y=-31, z=9} block=Block{minecraft:deepslate} tool=minecraft:diamond_pickaxe slot=0 remaining=1527 required=route
[15:48:12] [Render thread/INFO] (lodekeeper) [Lodekeeper] PROGRESS elapsed_ms=319674 phase=traveling backend=baritone target=none navigation_elapsed_ms=31188 navigation_ticks=624 searching=false path_index=0 path_length=26 retries=0 pending_route_events=0 dropped_route_events=0 status=seeking_mining_depth_-55_for_minecraft:diamond___0/32
[15:48:12] [Render thread/INFO] (lodekeeper) [Lodekeeper] BREAK target=MutableBlockPos{x=15, y=-32, z=9} block=Block{minecraft:deepslate} tool=minecraft:diamond_pickaxe slot=0 remaining=1526 required=route
[15:48:13] [Render thread/INFO] (lodekeeper) [Lodekeeper] BREAK target=MutableBlockPos{x=15, y=-33, z=9} block=Block{minecraft:deepslate} tool=minecraft:diamond_pickaxe slot=0 remaining=1525 required=route
[15:48:14] [Render thread/INFO] (lodekeeper) [Lodekeeper] BREAK target=MutableBlockPos{x=15, y=-34, z=9} block=Block{minecraft:deepslate} tool=minecraft:diamond_pickaxe slot=0 remaining=1524 required=route
[15:48:14] [Render thread/INFO] (lodekeeper) [Lodekeeper] PROGRESS elapsed_ms=321718 phase=traveling backend=baritone target=none navigation_elapsed_ms=33401 navigation_ticks=668 searching=false path_index=0 path_length=23 retries=0 pending_route_events=0 dropped_route_events=0 status=seeking_mining_depth_-55_for_minecraft:diamond___0/32
[15:48:15] [Render thread/INFO] (lodekeeper) [Lodekeeper] BREAK target=MutableBlockPos{x=15, y=-35, z=9} block=Block{minecraft:deepslate} tool=minecraft:diamond_pickaxe slot=0 remaining=1523 required=route
[15:48:16] [Render thread/INFO] (lodekeeper) [Lodekeeper] BREAK target=MutableBlockPos{x=15, y=-36, z=9} block=Block{minecraft:deepslate} tool=minecraft:diamond_pickaxe slot=0 remaining=1522 required=route
[15:48:16] [Render thread/INFO] (lodekeeper) [Lodekeeper] PROGRESS elapsed_ms=323763 phase=traveling backend=baritone target=none navigation_elapsed_ms=35379 navigation_ticks=708 searching=false path_index=0 path_length=21 retries=0 pending_route_events=0 dropped_route_events=0 status=seeking_mining_depth_-55_for_minecraft:diamond___0/32
[15:48:17] [Render thread/INFO] (lodekeeper) [Lodekeeper] BREAK target=MutableBlockPos{x=15, y=-37, z=9} block=Block{minecraft:deepslate} tool=minecraft:diamond_pickaxe slot=0 remaining=1521 required=route
[15:48:18] [Render thread/INFO] (lodekeeper) [Lodekeeper] BREAK target=MutableBlockPos{x=15, y=-38, z=9} block=Block{minecraft:deepslate} tool=minecraft:diamond_pickaxe slot=0 remaining=1520 required=route
[15:48:18] [Render thread/INFO] (lodekeeper) [Lodekeeper] PROGRESS elapsed_ms=325816 phase=traveling backend=baritone target=none navigation_elapsed_ms=37398 navigation_ticks=748 searching=false path_index=0 path_length=19 retries=0 pending_route_events=0 dropped_route_events=0 status=seeking_mining_depth_-55_for_minecraft:diamond___0/32
[15:48:18] [Render thread/INFO] (lodekeeper) [Lodekeeper] BREAK target=MutableBlockPos{x=15, y=-39, z=9} block=Block{minecraft:deepslate} tool=minecraft:diamond_pickaxe slot=0 remaining=1519 required=route
[15:48:19] [Render thread/INFO] (lodekeeper) [Lodekeeper] BREAK target=MutableBlockPos{x=15, y=-40, z=9} block=Block{minecraft:deepslate} tool=minecraft:diamond_pickaxe slot=0 remaining=1518 required=route
[15:48:20] [Render thread/INFO] (lodekeeper) [Lodekeeper] PROGRESS elapsed_ms=327825 phase=traveling backend=baritone target=none navigation_elapsed_ms=39407 navigation_ticks=788 searching=false path_index=0 path_length=16 retries=0 pending_route_events=0 dropped_route_events=0 status=seeking_mining_depth_-55_for_minecraft:diamond___0/32
[15:48:20] [Render thread/INFO] (lodekeeper) [Lodekeeper] BREAK target=MutableBlockPos{x=15, y=-41, z=9} block=Block{minecraft:deepslate} tool=minecraft:diamond_pickaxe slot=0 remaining=1517 required=route
[15:48:21] [Render thread/INFO] (lodekeeper) [Lodekeeper] BREAK target=MutableBlockPos{x=15, y=-42, z=9} block=Block{minecraft:deepslate} tool=minecraft:diamond_pickaxe slot=0 remaining=1516 required=route
[15:48:22] [Render thread/INFO] (lodekeeper) [Lodekeeper] BREAK target=MutableBlockPos{x=15, y=-43, z=9} block=Block{minecraft:deepslate} tool=minecraft:diamond_pickaxe slot=0 remaining=1515 required=route
[15:48:22] [Render thread/INFO] (lodekeeper) [Lodekeeper] PROGRESS elapsed_ms=329866 phase=traveling backend=baritone target=none navigation_elapsed_ms=41382 navigation_ticks=828 searching=false path_index=0 path_length=14 retries=0 pending_route_events=0 dropped_route_events=0 status=seeking_mining_depth_-55_for_minecraft:diamond___0/32
[15:48:23] [Render thread/INFO] (lodekeeper) [Lodekeeper] BREAK target=MutableBlockPos{x=15, y=-44, z=9} block=Block{minecraft:deepslate} tool=minecraft:diamond_pickaxe slot=0 remaining=1514 required=route
[15:48:24] [Render thread/INFO] (lodekeeper) [Lodekeeper] BREAK target=MutableBlockPos{x=15, y=-45, z=9} block=Block{minecraft:deepslate} tool=minecraft:diamond_pickaxe slot=0 remaining=1513 required=route
[15:48:24] [Render thread/INFO] (lodekeeper) [Lodekeeper] PROGRESS elapsed_ms=331895 phase=traveling backend=baritone target=none navigation_elapsed_ms=43578 navigation_ticks=872 searching=false path_index=0 path_length=12 retries=0 pending_route_events=0 dropped_route_events=0 status=seeking_mining_depth_-55_for_minecraft:diamond___0/32
[15:48:25] [Render thread/INFO] (lodekeeper) [Lodekeeper] BREAK target=MutableBlockPos{x=15, y=-46, z=9} block=Block{minecraft:deepslate} tool=minecraft:diamond_pickaxe slot=0 remaining=1512 required=route
[15:48:26] [Render thread/INFO] (lodekeeper) [Lodekeeper] BREAK target=MutableBlockPos{x=15, y=-47, z=9} block=Block{minecraft:deepslate} tool=minecraft:diamond_pickaxe slot=0 remaining=1511 required=route
[15:48:26] [Render thread/INFO] (lodekeeper) [Lodekeeper] PROGRESS elapsed_ms=333912 phase=traveling backend=baritone target=none navigation_elapsed_ms=45594 navigation_ticks=912 searching=false path_index=0 path_length=10 retries=0 pending_route_events=0 dropped_route_events=0 status=seeking_mining_depth_-55_for_minecraft:diamond___0/32
[15:48:27] [Render thread/INFO] (lodekeeper) [Lodekeeper] BREAK target=MutableBlockPos{x=15, y=-48, z=9} block=Block{minecraft:deepslate} tool=minecraft:diamond_pickaxe slot=0 remaining=1510 required=route
[15:48:27] [Render thread/INFO] (lodekeeper) [Lodekeeper] BREAK target=MutableBlockPos{x=15, y=-49, z=9} block=Block{minecraft:deepslate} tool=minecraft:diamond_pickaxe slot=0 remaining=1509 required=route
[15:48:28] [Render thread/INFO] (lodekeeper) [Lodekeeper] PROGRESS elapsed_ms=335920 phase=traveling backend=baritone target=none navigation_elapsed_ms=47603 navigation_ticks=952 searching=false path_index=0 path_length=7 retries=0 pending_route_events=0 dropped_route_events=0 status=seeking_mining_depth_-55_for_minecraft:diamond___0/32
[15:48:28] [Render thread/INFO] (lodekeeper) [Lodekeeper] BREAK target=MutableBlockPos{x=15, y=-50, z=9} block=Block{minecraft:deepslate} tool=minecraft:diamond_pickaxe slot=0 remaining=1508 required=route
[15:48:29] [Render thread/INFO] (lodekeeper) [Lodekeeper] BREAK target=MutableBlockPos{x=15, y=-51, z=9} block=Block{minecraft:deepslate} tool=minecraft:diamond_pickaxe slot=0 remaining=1507 required=route
[15:48:30] [Render thread/INFO] (lodekeeper) [Lodekeeper] BREAK target=MutableBlockPos{x=15, y=-52, z=9} block=Block{minecraft:deepslate} tool=minecraft:diamond_pickaxe slot=0 remaining=1506 required=route
[15:48:30] [Render thread/INFO] (lodekeeper) [Lodekeeper] PROGRESS elapsed_ms=337967 phase=traveling backend=baritone target=none navigation_elapsed_ms=49582 navigation_ticks=992 searching=false path_index=0 path_length=5 retries=0 pending_route_events=0 dropped_route_events=0 status=seeking_mining_depth_-55_for_minecraft:diamond___0/32
[15:48:31] [Render thread/INFO] (lodekeeper) [Lodekeeper] BREAK target=MutableBlockPos{x=15, y=-53, z=9} block=Block{minecraft:deepslate} tool=minecraft:diamond_pickaxe slot=0 remaining=1505 required=route
[15:48:32] [Render thread/INFO] (lodekeeper) [Lodekeeper] BREAK target=MutableBlockPos{x=15, y=-54, z=9} block=Block{minecraft:deepslate} tool=minecraft:diamond_pickaxe slot=0 remaining=1504 required=route
[15:48:32] [Render thread/INFO] (lodekeeper) [Lodekeeper] PROGRESS elapsed_ms=340018 phase=traveling backend=baritone target=none navigation_elapsed_ms=51600 navigation_ticks=1032 searching=false path_index=0 path_length=3 retries=0 pending_route_events=0 dropped_route_events=0 status=seeking_mining_depth_-55_for_minecraft:diamond___0/32
[15:48:33] [Render thread/INFO] (lodekeeper) [Lodekeeper] BREAK target=MutableBlockPos{x=15, y=-55, z=9} block=Block{minecraft:deepslate} tool=minecraft:diamond_pickaxe slot=0 remaining=1503 required=route
[15:48:33] [Render thread/INFO] (lodekeeper) [Lodekeeper] NAV phase=DESCEND -> MINE targetY=-55 requestTicks=1055
[15:48:34] [Render thread/INFO] (lodekeeper) [Lodekeeper] NAV backend=baritone mode=SUSPENDED event=CANCELED elapsedMs=52756
[15:48:34] [Render thread/INFO] (lodekeeper) [Lodekeeper] NAV backend=baritone mode=SUSPENDED event=CANCELED elapsedMs=52776
[15:48:34] [Render thread/INFO] (lodekeeper) [Lodekeeper] NAV backend=baritone mode=SUSPENDED event=CANCELED elapsedMs=52781
[15:48:34] [Render thread/INFO] (lodekeeper) [Lodekeeper] NAV backend=baritone mode=SUSPENDED event=CANCELED elapsedMs=52848
[15:48:34] [Render thread/INFO] (lodekeeper) [Lodekeeper] NAV backend=baritone mode=SUSPENDED event=CANCELED elapsedMs=52881
[15:48:34] [Render thread/INFO] (lodekeeper) [Lodekeeper] NAV discovered=34 retained=64 rejected=0 requestTicks=1056 phase=MINE
[15:48:34] [Render thread/INFO] (lodekeeper) [Lodekeeper] NAV backend=baritone mode=MINE event=CALC_STARTED elapsedMs=52951
[15:48:34] [Render thread/INFO] (lodekeeper) [Lodekeeper] NAV calcTool=minecraft:diamond_pickaxe slot=0
[15:48:34] [Render thread/INFO] (lodekeeper) [Lodekeeper] NAV backend=baritone mode=MINE event=CALC_FINISHED_NOW_EXECUTING elapsedMs=52981
[15:48:34] [Render thread/INFO] (lodekeeper) [Lodekeeper] TARGET target=14,-47,8 block=minecraft:deepslate_diamond_ore
[15:48:34] [Render thread/INFO] (lodekeeper) [Lodekeeper] PROGRESS elapsed_ms=342072 phase=traveling backend=baritone target=14,-47,8 block=minecraft:deepslate_diamond_ore navigation_elapsed_ms=53754 navigation_ticks=1072 searching=false path_index=0 path_length=7 retries=0 pending_route_events=0 dropped_route_events=0 status=mining_and_collecting_minecraft:diamond___0/32
[15:48:36] [Render thread/INFO] (lodekeeper) [Lodekeeper] BREAK target=MutableBlockPos{x=14, y=-49, z=9} block=Block{minecraft:deepslate} tool=minecraft:diamond_pickaxe slot=0 remaining=1502 required=route
[15:48:37] [Render thread/INFO] (lodekeeper) [Lodekeeper] PROGRESS elapsed_ms=344116 phase=traveling backend=baritone target=14,-47,8 block=minecraft:deepslate_diamond_ore navigation_elapsed_ms=55732 navigation_ticks=1112 searching=false path_index=0 path_length=3 retries=0 pending_route_events=0 dropped_route_events=0 status=mining_and_collecting_minecraft:diamond___0/32
[15:48:37] [Render thread/INFO] (lodekeeper) [Lodekeeper] BREAK target=MutableBlockPos{x=14, y=-48, z=9} block=Block{minecraft:deepslate} tool=minecraft:diamond_pickaxe slot=0 remaining=1501 required=route
[15:48:38] [Render thread/INFO] (lodekeeper) [Lodekeeper] BREAK target=MutableBlockPos{x=14, y=-48, z=8} block=Block{minecraft:deepslate} tool=minecraft:diamond_pickaxe slot=0 remaining=1500 required=route
[15:48:39] [Render thread/INFO] (lodekeeper) [Lodekeeper] PROGRESS elapsed_ms=346165 phase=traveling backend=baritone target=14,-47,8 block=minecraft:deepslate_diamond_ore navigation_elapsed_ms=57746 navigation_ticks=1152 searching=false path_index=0 path_length=2 retries=0 pending_route_events=0 dropped_route_events=0 status=mining_and_collecting_minecraft:diamond___0/32
[15:48:39] [Render thread/INFO] (lodekeeper) [Lodekeeper] BREAK target=MutableBlockPos{x=14, y=-47, z=9} block=Block{minecraft:deepslate} tool=minecraft:diamond_pickaxe slot=0 remaining=1499 required=route
[15:48:40] [Render thread/INFO] (lodekeeper) [Lodekeeper] BREAK target=MutableBlockPos{x=14, y=-47, z=8} block=Block{minecraft:deepslate_diamond_ore} tool=minecraft:diamond_pickaxe slot=0 remaining=1498 required=minecraft:diamond_pickaxe
[15:48:41] [Render thread/INFO] (lodekeeper) [Lodekeeper] NAV discovered=1 retained=64 rejected=0 requestTicks=1194 phase=MINE
[15:48:41] [Render thread/INFO] (lodekeeper) [Lodekeeper] PROGRESS elapsed_ms=348178 phase=traveling backend=baritone target=14,-47,8 block=minecraft:deepslate_diamond_ore navigation_elapsed_ms=59760 navigation_ticks=1192 searching=false path_index=0 path_length=2 retries=0 pending_route_events=0 dropped_route_events=0 status=mining_and_collecting_minecraft:diamond___0/32
[15:48:41] [Render thread/INFO] (lodekeeper) [Lodekeeper] NAV backend=baritone mode=MINE event=CALC_STARTED elapsedMs=59862
[15:48:41] [Render thread/INFO] (lodekeeper) [Lodekeeper] NAV calcTool=minecraft:diamond_pickaxe slot=0
[15:48:41] [Render thread/INFO] (lodekeeper) [Lodekeeper] NAV backend=baritone mode=MINE event=CALC_FINISHED_NOW_EXECUTING elapsedMs=59862
[15:48:41] [Render thread/INFO] (lodekeeper) [Lodekeeper] TARGET target=13,-47,8 block=minecraft:deepslate_diamond_ore
[15:48:41] [Render thread/INFO] (lodekeeper) [Lodekeeper] BREAK target=MutableBlockPos{x=13, y=-47, z=8} block=Block{minecraft:deepslate_diamond_ore} tool=minecraft:diamond_pickaxe slot=0 remaining=1497 required=minecraft:diamond_pickaxe
[15:48:42] [Render thread/INFO] (lodekeeper) [Lodekeeper] NAV discovered=1 retained=64 rejected=0 requestTicks=1219 phase=MINE
[15:48:42] [Render thread/INFO] (lodekeeper) [Lodekeeper] NAV backend=baritone mode=MINE event=CALC_STARTED elapsedMs=61102
[15:48:42] [Render thread/INFO] (lodekeeper) [Lodekeeper] NAV calcTool=minecraft:diamond_pickaxe slot=0
[15:48:42] [Render thread/INFO] (lodekeeper) [Lodekeeper] NAV backend=baritone mode=MINE event=CALC_FINISHED_NOW_EXECUTING elapsedMs=61103
[15:48:42] [Render thread/INFO] (lodekeeper) [Lodekeeper] TARGET target=13,-47,7 block=minecraft:deepslate_diamond_ore
[15:48:42] [Render thread/INFO] (lodekeeper) [Lodekeeper] BREAK target=MutableBlockPos{x=13, y=-48, z=8} block=Block{minecraft:deepslate} tool=minecraft:diamond_pickaxe slot=0 remaining=1496 required=route
[15:48:43] [Render thread/INFO] (lodekeeper) [Lodekeeper] PROGRESS elapsed_ms=350222 phase=traveling backend=baritone target=13,-47,7 block=minecraft:deepslate_diamond_ore navigation_elapsed_ms=61737 navigation_ticks=1232 searching=false path_index=0 path_length=3 retries=0 pending_route_events=0 dropped_route_events=0 status=mining_and_collecting_minecraft:diamond___2/32
[15:48:43] [Render thread/INFO] (lodekeeper) [Lodekeeper] BREAK target=MutableBlockPos{x=13, y=-47, z=7} block=Block{minecraft:deepslate_diamond_ore} tool=minecraft:diamond_pickaxe slot=0 remaining=1495 required=minecraft:diamond_pickaxe
[15:48:44] [Render thread/INFO] (lodekeeper) [Lodekeeper] NAV discovered=1 retained=64 rejected=0 requestTicks=1260 phase=MINE
[15:48:44] [Render thread/INFO] (lodekeeper) [Lodekeeper] TARGET target=14,-47,7 block=minecraft:deepslate_diamond_ore
[15:48:44] [Render thread/INFO] (lodekeeper) [Lodekeeper] NAV backend=baritone mode=MINE event=CALC_STARTED elapsedMs=63147
[15:48:44] [Render thread/INFO] (lodekeeper) [Lodekeeper] NAV calcTool=minecraft:diamond_pickaxe slot=0
[15:48:44] [Render thread/INFO] (lodekeeper) [Lodekeeper] NAV backend=baritone mode=MINE event=CALC_FINISHED_NOW_EXECUTING elapsedMs=63147
[15:48:44] [Render thread/INFO] (lodekeeper) [Lodekeeper] BREAK target=MutableBlockPos{x=14, y=-47, z=7} block=Block{minecraft:deepslate_diamond_ore} tool=minecraft:diamond_pickaxe slot=0 remaining=1494 required=minecraft:diamond_pickaxe
[15:48:45] [Render thread/INFO] (lodekeeper) [Lodekeeper] PROGRESS elapsed_ms=352265 phase=traveling backend=baritone target=14,-47,7 block=minecraft:deepslate_diamond_ore navigation_elapsed_ms=63948 navigation_ticks=1276 searching=false path_index=0 path_length=2 retries=0 pending_route_events=0 dropped_route_events=0 status=mining_and_collecting_minecraft:diamond___3/32
[15:48:45] [Render thread/INFO] (lodekeeper) [Lodekeeper] NAV discovered=1 retained=64 rejected=0 requestTicks=1283 phase=MINE
[15:48:45] [Render thread/INFO] (lodekeeper) [Lodekeeper] TARGET target=14,-46,7 block=minecraft:deepslate_diamond_ore
[15:48:45] [Render thread/INFO] (lodekeeper) [Lodekeeper] BREAK target=MutableBlockPos{x=14, y=-46, z=8} block=Block{minecraft:deepslate} tool=minecraft:diamond_pickaxe slot=0 remaining=1493 required=route
[15:48:46] [Render thread/INFO] (lodekeeper) [Lodekeeper] BREAK target=MutableBlockPos{x=14, y=-46, z=7} block=Block{minecraft:deepslate_diamond_ore} tool=minecraft:diamond_pickaxe slot=0 remaining=1492 required=minecraft:diamond_pickaxe
[15:48:47] [Render thread/INFO] (lodekeeper) [Lodekeeper] PROGRESS elapsed_ms=354317 phase=traveling backend=baritone target=14,-46,7 block=minecraft:deepslate_diamond_ore navigation_elapsed_ms=65932 navigation_ticks=1316 searching=false path_index=0 path_length=2 retries=0 pending_route_events=0 dropped_route_events=0 status=mining_and_collecting_minecraft:diamond___4/32
[15:48:47] [Render thread/INFO] (lodekeeper) [Lodekeeper] TARGET target=none
[15:48:47] [Render thread/INFO] (lodekeeper) [Lodekeeper] NAV backend=baritone mode=MINE event=AT_GOAL elapsedMs=66602
[15:48:47] [Render thread/INFO] (lodekeeper) [Lodekeeper] NAV backend=baritone mode=MINE event=CALC_STARTED elapsedMs=66736
[15:48:47] [Render thread/INFO] (lodekeeper) [Lodekeeper] NAV calcTool=minecraft:diamond_pickaxe slot=0
[15:48:48] [Render thread/INFO] (lodekeeper) [Lodekeeper] NAV discovered=1 retained=64 rejected=0 requestTicks=1333 phase=MINE
[15:48:48] [Render thread/INFO] (lodekeeper) [Lodekeeper] NAV backend=baritone mode=MINE event=CALC_FINISHED_NOW_EXECUTING elapsedMs=66803
[15:48:48] [Render thread/INFO] (lodekeeper) [Lodekeeper] BREAK target=MutableBlockPos{x=15, y=-46, z=7} block=Block{minecraft:deepslate} tool=minecraft:diamond_pickaxe slot=0 remaining=1491 required=route
[15:48:48] [Render thread/INFO] (lodekeeper) [Lodekeeper] TARGET target=22,-54,7 block=minecraft:deepslate_diamond_ore
[15:48:48] [Render thread/INFO] (lodekeeper) [Lodekeeper] BREAK target=MutableBlockPos{x=15, y=-47, z=7} block=Block{minecraft:deepslate} tool=minecraft:diamond_pickaxe slot=0 remaining=1490 required=route
[15:48:49] [Render thread/INFO] (lodekeeper) [Lodekeeper] PROGRESS elapsed_ms=356328 phase=traveling backend=baritone target=22,-54,7 block=minecraft:deepslate_diamond_ore navigation_elapsed_ms=67943 navigation_ticks=1356 searching=false path_index=0 path_length=13 retries=0 pending_route_events=0 dropped_route_events=0 status=mining_and_collecting_minecraft:diamond___5/32
[15:48:49] [Render thread/INFO] (lodekeeper) [Lodekeeper] BREAK target=MutableBlockPos{x=16, y=-46, z=7} block=Block{minecraft:deepslate} tool=minecraft:diamond_pickaxe slot=0 remaining=1489 required=route
[15:48:50] [Render thread/INFO] (lodekeeper) [Lodekeeper] BREAK target=MutableBlockPos{x=16, y=-47, z=7} block=Block{minecraft:deepslate} tool=minecraft:diamond_pickaxe slot=0 remaining=1488 required=route
[15:48:51] [Render thread/INFO] (lodekeeper) [Lodekeeper] PROGRESS elapsed_ms=358346 phase=traveling backend=baritone target=22,-54,7 block=minecraft:deepslate_diamond_ore navigation_elapsed_ms=69927 navigation_ticks=1396 searching=false path_index=0 path_length=12 retries=0 pending_route_events=0 dropped_route_events=0 status=mining_and_collecting_minecraft:diamond___5/32
[15:48:51] [Render thread/INFO] (lodekeeper) [Lodekeeper] BREAK target=MutableBlockPos{x=17, y=-46, z=7} block=Block{minecraft:deepslate} tool=minecraft:diamond_pickaxe slot=0 remaining=1487 required=route
[15:48:52] [Render thread/INFO] (lodekeeper) [Lodekeeper] BREAK target=MutableBlockPos{x=17, y=-47, z=7} block=Block{minecraft:deepslate} tool=minecraft:diamond_pickaxe slot=0 remaining=1486 required=route
[15:48:53] [Render thread/INFO] (lodekeeper) [Lodekeeper] PROGRESS elapsed_ms=360362 phase=traveling backend=baritone target=22,-54,7 block=minecraft:deepslate_diamond_ore navigation_elapsed_ms=71943 navigation_ticks=1436 searching=false path_index=0 path_length=11 retries=0 pending_route_events=0 dropped_route_events=0 status=mining_and_collecting_minecraft:diamond___5/32
[15:48:53] [Render thread/INFO] (lodekeeper) [Lodekeeper] BREAK target=MutableBlockPos{x=18, y=-46, z=7} block=Block{minecraft:deepslate} tool=minecraft:diamond_pickaxe slot=0 remaining=1485 required=route
[15:48:54] [Render thread/INFO] (lodekeeper) [Lodekeeper] BREAK target=MutableBlockPos{x=18, y=-47, z=7} block=Block{minecraft:deepslate} tool=minecraft:diamond_pickaxe slot=0 remaining=1484 required=route
[15:48:55] [Render thread/INFO] (lodekeeper) [Lodekeeper] PROGRESS elapsed_ms=362369 phase=traveling backend=baritone target=22,-54,7 block=minecraft:deepslate_diamond_ore navigation_elapsed_ms=73952 navigation_ticks=1476 searching=false path_index=0 path_length=9 retries=0 pending_route_events=0 dropped_route_events=0 status=mining_and_collecting_minecraft:diamond___5/32
[15:48:55] [Render thread/INFO] (lodekeeper) [Lodekeeper] BREAK target=MutableBlockPos{x=19, y=-46, z=7} block=Block{minecraft:deepslate} tool=minecraft:diamond_pickaxe slot=0 remaining=1483 required=route
[15:48:56] [Render thread/INFO] (lodekeeper) [Lodekeeper] BREAK target=MutableBlockPos{x=19, y=-47, z=7} block=Block{minecraft:deepslate} tool=minecraft:diamond_pickaxe slot=0 remaining=1482 required=route
[15:48:57] [Render thread/INFO] (lodekeeper) [Lodekeeper] BREAK target=MutableBlockPos{x=20, y=-46, z=7} block=Block{minecraft:deepslate} tool=minecraft:diamond_pickaxe slot=0 remaining=1481 required=route
[15:48:57] [Render thread/INFO] (lodekeeper) [Lodekeeper] PROGRESS elapsed_ms=364413 phase=traveling backend=baritone target=22,-54,7 block=minecraft:deepslate_diamond_ore navigation_elapsed_ms=75929 navigation_ticks=1516 searching=false path_index=0 path_length=8 retries=0 pending_route_events=0 dropped_route_events=0 status=mining_and_collecting_minecraft:diamond___5/32
[15:48:57] [Render thread/INFO] (lodekeeper) [Lodekeeper] BREAK target=MutableBlockPos{x=20, y=-47, z=7} block=Block{minecraft:deepslate} tool=minecraft:diamond_pickaxe slot=0 remaining=1480 required=route
[15:48:58] [Render thread/INFO] (lodekeeper) [Lodekeeper] BREAK target=MutableBlockPos{x=20, y=-48, z=7} block=Block{minecraft:deepslate} tool=minecraft:diamond_pickaxe slot=0 remaining=1479 required=route
[15:48:59] [Render thread/INFO] (lodekeeper) [Lodekeeper] PROGRESS elapsed_ms=366462 phase=traveling backend=baritone target=22,-54,7 block=minecraft:deepslate_diamond_ore navigation_elapsed_ms=78145 navigation_ticks=1560 searching=false path_index=0 path_length=8 retries=0 pending_route_events=0 dropped_route_events=0 status=mining_and_collecting_minecraft:diamond___5/32
[15:48:59] [Render thread/INFO] (lodekeeper) [Lodekeeper] BREAK target=MutableBlockPos{x=21, y=-47, z=7} block=Block{minecraft:deepslate} tool=minecraft:diamond_pickaxe slot=0 remaining=1478 required=route
[15:49:00] [Render thread/INFO] (lodekeeper) [Lodekeeper] BREAK target=MutableBlockPos{x=21, y=-49, z=7} block=Block{minecraft:deepslate} tool=minecraft:diamond_pickaxe slot=0 remaining=1477 required=route
[15:49:01] [Render thread/INFO] (lodekeeper) [Lodekeeper] PROGRESS elapsed_ms=368478 phase=traveling backend=baritone target=22,-54,7 block=minecraft:deepslate_diamond_ore navigation_elapsed_ms=80160 navigation_ticks=1600 searching=false path_index=0 path_length=7 retries=0 pending_route_events=0 dropped_route_events=0 status=mining_and_collecting_minecraft:diamond___5/32
[15:49:01] [Render thread/INFO] (lodekeeper) [Lodekeeper] BREAK target=MutableBlockPos{x=22, y=-49, z=7} block=Block{minecraft:deepslate} tool=minecraft:diamond_pickaxe slot=0 remaining=1476 required=route
[15:49:02] [Render thread/INFO] (lodekeeper) [Lodekeeper] BREAK target=MutableBlockPos{x=22, y=-50, z=7} block=Block{minecraft:deepslate} tool=minecraft:diamond_pickaxe slot=0 remaining=1475 required=route
[15:49:03] [Render thread/INFO] (lodekeeper) [Lodekeeper] PROGRESS elapsed_ms=370522 phase=traveling backend=baritone target=22,-54,7 block=minecraft:deepslate_diamond_ore navigation_elapsed_ms=82137 navigation_ticks=1640 searching=false path_index=0 path_length=6 retries=0 pending_route_events=0 dropped_route_events=0 status=mining_and_collecting_minecraft:diamond___5/32
[15:49:03] [Render thread/INFO] (lodekeeper) [Lodekeeper] BREAK target=MutableBlockPos{x=22, y=-51, z=7} block=Block{minecraft:deepslate} tool=minecraft:diamond_pickaxe slot=0 remaining=1474 required=route
[15:49:04] [Render thread/INFO] (lodekeeper) [Lodekeeper] BREAK target=MutableBlockPos{x=22, y=-52, z=7} block=Block{minecraft:deepslate} tool=minecraft:diamond_pickaxe slot=0 remaining=1473 required=route
[15:49:05] [Render thread/INFO] (lodekeeper) [Lodekeeper] PROGRESS elapsed_ms=372565 phase=traveling backend=baritone target=22,-54,7 block=minecraft:deepslate_diamond_ore navigation_elapsed_ms=84147 navigation_ticks=1680 searching=false path_index=0 path_length=4 retries=0 pending_route_events=0 dropped_route_events=0 status=mining_and_collecting_minecraft:diamond___5/32
[15:49:05] [Render thread/INFO] (lodekeeper) [Lodekeeper] BREAK target=MutableBlockPos{x=22, y=-53, z=7} block=Block{minecraft:deepslate} tool=minecraft:diamond_pickaxe slot=0 remaining=1472 required=route
[15:49:06] [Render thread/INFO] (lodekeeper) [Lodekeeper] BREAK target=MutableBlockPos{x=22, y=-54, z=7} block=Block{minecraft:deepslate_diamond_ore} tool=minecraft:diamond_pickaxe slot=0 remaining=1471 required=minecraft:diamond_pickaxe
[15:49:07] [Render thread/INFO] (lodekeeper) [Lodekeeper] PROGRESS elapsed_ms=374577 phase=traveling backend=baritone target=22,-54,7 block=minecraft:deepslate_diamond_ore navigation_elapsed_ms=86157 navigation_ticks=1720 searching=false path_index=0 path_length=2 retries=0 pending_route_events=0 dropped_route_events=0 status=mining_and_collecting_minecraft:diamond___5/32
[15:49:07] [Render thread/INFO] (lodekeeper) [Lodekeeper] NAV discovered=1 retained=64 rejected=0 requestTicks=1723 phase=MINE
[15:49:07] [Render thread/INFO] (lodekeeper) [Lodekeeper] NAV backend=baritone mode=MINE event=CALC_STARTED elapsedMs=86293
[15:49:07] [Render thread/INFO] (lodekeeper) [Lodekeeper] NAV calcTool=minecraft:diamond_pickaxe slot=0
[15:49:07] [Render thread/INFO] (lodekeeper) [Lodekeeper] NAV backend=baritone mode=MINE event=CALC_FINISHED_NOW_EXECUTING elapsedMs=86293
[15:49:07] [Render thread/INFO] (lodekeeper) [Lodekeeper] TARGET target=23,-54,7 block=minecraft:deepslate_diamond_ore
[15:49:07] [Render thread/INFO] (lodekeeper) [Lodekeeper] BREAK target=MutableBlockPos{x=23, y=-53, z=7} block=Block{minecraft:deepslate} tool=minecraft:diamond_pickaxe slot=0 remaining=1470 required=route
[15:49:08] [Render thread/INFO] (lodekeeper) [Lodekeeper] BREAK target=MutableBlockPos{x=23, y=-54, z=7} block=Block{minecraft:deepslate_diamond_ore} tool=minecraft:diamond_pickaxe slot=0 remaining=1469 required=minecraft:diamond_pickaxe
[15:49:09] [Render thread/INFO] (lodekeeper) [Lodekeeper] PROGRESS elapsed_ms=376623 phase=traveling backend=baritone target=23,-54,7 block=minecraft:deepslate_diamond_ore navigation_elapsed_ms=88138 navigation_ticks=1760 searching=false path_index=0 path_length=2 retries=0 pending_route_events=0 dropped_route_events=0 status=mining_and_collecting_minecraft:diamond___6/32
[15:49:09] [Render thread/INFO] (lodekeeper) [Lodekeeper] NAV discovered=1 retained=64 rejected=0 requestTicks=1764 phase=MINE
[15:49:09] [Render thread/INFO] (lodekeeper) [Lodekeeper] TARGET target=22,-55,8 block=minecraft:deepslate_diamond_ore
[15:49:09] [Render thread/INFO] (lodekeeper) [Lodekeeper] NAV backend=baritone mode=MINE event=CALC_STARTED elapsedMs=88340
[15:49:09] [Render thread/INFO] (lodekeeper) [Lodekeeper] NAV calcTool=minecraft:diamond_pickaxe slot=0
[15:49:09] [Render thread/INFO] (lodekeeper) [Lodekeeper] NAV backend=baritone mode=MINE event=CALC_FINISHED_NOW_EXECUTING elapsedMs=88340
[15:49:09] [Render thread/INFO] (lodekeeper) [Lodekeeper] BREAK target=MutableBlockPos{x=22, y=-53, z=8} block=Block{minecraft:deepslate} tool=minecraft:diamond_pickaxe slot=0 remaining=1468 required=route
[15:49:10] [Render thread/INFO] (lodekeeper) [Lodekeeper] BREAK target=MutableBlockPos{x=22, y=-54, z=8} block=Block{minecraft:deepslate} tool=minecraft:diamond_pickaxe slot=0 remaining=1467 required=route
[15:49:11] [Render thread/INFO] (lodekeeper) [Lodekeeper] PROGRESS elapsed_ms=378674 phase=traveling backend=baritone target=22,-55,8 block=minecraft:deepslate_diamond_ore navigation_elapsed_ms=90356 navigation_ticks=1804 searching=false path_index=0 path_length=2 retries=0 pending_route_events=0 dropped_route_events=0 status=mining_and_collecting_minecraft:diamond___7/32
[15:49:11] [Render thread/INFO] (lodekeeper) [Lodekeeper] BREAK target=MutableBlockPos{x=22, y=-55, z=8} block=Block{minecraft:deepslate_diamond_ore} tool=minecraft:diamond_pickaxe slot=0 remaining=1466 required=minecraft:diamond_pickaxe
[15:49:12] [Render thread/INFO] (lodekeeper) [Lodekeeper] TARGET target=none
[15:49:13] [Render thread/INFO] (lodekeeper) [Lodekeeper] NAV discovered=1 retained=64 rejected=0 requestTicks=1836 phase=MINE
[15:49:13] [Render thread/INFO] (lodekeeper) [Lodekeeper] TARGET target=23,-60,2 block=minecraft:deepslate_diamond_ore
[15:49:13] [Render thread/INFO] (lodekeeper) [Lodekeeper] NAV backend=baritone mode=MINE event=CALC_STARTED elapsedMs=91934
[15:49:13] [Render thread/INFO] (lodekeeper) [Lodekeeper] NAV calcTool=minecraft:diamond_pickaxe slot=0
[15:49:13] [Render thread/INFO] (lodekeeper) [Lodekeeper] NAV backend=baritone mode=MINE event=CALC_FINISHED_NOW_EXECUTING elapsedMs=91934
[15:49:13] [Render thread/INFO] (lodekeeper) [Lodekeeper] PROGRESS elapsed_ms=380720 phase=traveling backend=baritone target=23,-60,2 block=minecraft:deepslate_diamond_ore navigation_elapsed_ms=92336 navigation_ticks=1844 searching=false path_index=0 path_length=13 retries=0 pending_route_events=0 dropped_route_events=0 status=mining_and_collecting_minecraft:diamond___8/32
[15:49:13] [Render thread/INFO] (lodekeeper) [Lodekeeper] BREAK target=MutableBlockPos{x=23, y=-53, z=6} block=Block{minecraft:deepslate} tool=minecraft:diamond_pickaxe slot=0 remaining=1465 required=route
[15:49:14] [Render thread/INFO] (lodekeeper) [Lodekeeper] BREAK target=MutableBlockPos{x=23, y=-54, z=6} block=Block{minecraft:deepslate} tool=minecraft:diamond_pickaxe slot=0 remaining=1464 required=route
[15:49:15] [Render thread/INFO] (lodekeeper) [Lodekeeper] BREAK target=MutableBlockPos{x=23, y=-53, z=5} block=Block{minecraft:deepslate} tool=minecraft:diamond_pickaxe slot=0 remaining=1463 required=route
[15:49:15] [Render thread/INFO] (lodekeeper) [Lodekeeper] PROGRESS elapsed_ms=382766 phase=traveling backend=baritone target=23,-60,2 block=minecraft:deepslate_diamond_ore navigation_elapsed_ms=94348 navigation_ticks=1884 searching=false path_index=0 path_length=10 retries=0 pending_route_events=0 dropped_route_events=0 status=mining_and_collecting_minecraft:diamond___8/32
[15:49:16] [Render thread/INFO] (lodekeeper) [Lodekeeper] BREAK target=MutableBlockPos{x=23, y=-54, z=5} block=Block{minecraft:deepslate} tool=minecraft:diamond_pickaxe slot=0 remaining=1462 required=route
[15:49:17] [Render thread/INFO] (lodekeeper) [Lodekeeper] BREAK target=MutableBlockPos{x=23, y=-53, z=4} block=Block{minecraft:tuff} tool=minecraft:diamond_pickaxe slot=0 remaining=1461 required=route
[15:49:17] [Render thread/INFO] (lodekeeper) [Lodekeeper] PROGRESS elapsed_ms=384814 phase=traveling backend=baritone target=23,-60,2 block=minecraft:deepslate_diamond_ore navigation_elapsed_ms=96329 navigation_ticks=1924 searching=false path_index=0 path_length=9 retries=0 pending_route_events=0 dropped_route_events=0 status=mining_and_collecting_minecraft:diamond___8/32
[15:49:18] [Render thread/INFO] (lodekeeper) [Lodekeeper] BREAK target=MutableBlockPos{x=23, y=-54, z=4} block=Block{minecraft:deepslate} tool=minecraft:diamond_pickaxe slot=0 remaining=1460 required=route
[15:49:18] [Render thread/INFO] (lodekeeper) [Lodekeeper] BREAK target=MutableBlockPos{x=23, y=-53, z=3} block=Block{minecraft:tuff} tool=minecraft:diamond_pickaxe slot=0 remaining=1459 required=route
[15:49:19] [Render thread/INFO] (lodekeeper) [Lodekeeper] BREAK target=MutableBlockPos{x=23, y=-54, z=3} block=Block{minecraft:tuff} tool=minecraft:diamond_pickaxe slot=0 remaining=1458 required=route
[15:49:19] [Render thread/INFO] (lodekeeper) [Lodekeeper] PROGRESS elapsed_ms=386865 phase=traveling backend=baritone target=23,-60,2 block=minecraft:deepslate_diamond_ore navigation_elapsed_ms=98547 navigation_ticks=1968 searching=false path_index=0 path_length=8 retries=0 pending_route_events=0 dropped_route_events=0 status=mining_and_collecting_minecraft:diamond___8/32
[15:49:20] [Render thread/INFO] (lodekeeper) [Lodekeeper] BREAK target=MutableBlockPos{x=23, y=-53, z=2} block=Block{minecraft:tuff} tool=minecraft:diamond_pickaxe slot=0 remaining=1457 required=route
[15:49:20] [Render thread/INFO] (lodekeeper) [Lodekeeper] BREAK target=MutableBlockPos{x=23, y=-54, z=2} block=Block{minecraft:tuff} tool=minecraft:diamond_pickaxe slot=0 remaining=1456 required=route
[15:49:21] [Render thread/INFO] (lodekeeper) [Lodekeeper] BREAK target=MutableBlockPos{x=23, y=-55, z=2} block=Block{minecraft:deepslate} tool=minecraft:diamond_pickaxe slot=0 remaining=1455 required=route
[15:49:21] [Render thread/INFO] (lodekeeper) [Lodekeeper] PROGRESS elapsed_ms=388915 phase=traveling backend=baritone target=23,-60,2 block=minecraft:deepslate_diamond_ore navigation_elapsed_ms=100529 navigation_ticks=2008 searching=false path_index=0 path_length=7 retries=0 pending_route_events=0 dropped_route_events=0 status=mining_and_collecting_minecraft:diamond___8/32
[15:49:22] [Render thread/INFO] (lodekeeper) [Lodekeeper] BREAK target=MutableBlockPos{x=23, y=-56, z=2} block=Block{minecraft:deepslate} tool=minecraft:diamond_pickaxe slot=0 remaining=1454 required=route
[15:49:23] [Render thread/INFO] (lodekeeper) [Lodekeeper] BREAK target=MutableBlockPos{x=23, y=-57, z=2} block=Block{minecraft:deepslate} tool=minecraft:diamond_pickaxe slot=0 remaining=1453 required=route
[15:49:23] [Render thread/INFO] (lodekeeper) [Lodekeeper] PROGRESS elapsed_ms=390925 phase=traveling backend=baritone target=23,-60,2 block=minecraft:deepslate_diamond_ore navigation_elapsed_ms=102540 navigation_ticks=2048 searching=false path_index=0 path_length=5 retries=0 pending_route_events=0 dropped_route_events=0 status=mining_and_collecting_minecraft:diamond___8/32
[15:49:24] [Render thread/INFO] (lodekeeper) [Lodekeeper] BREAK target=MutableBlockPos{x=23, y=-58, z=2} block=Block{minecraft:deepslate} tool=minecraft:diamond_pickaxe slot=0 remaining=1452 required=route
[15:49:25] [Render thread/INFO] (lodekeeper) [Lodekeeper] BREAK target=MutableBlockPos{x=23, y=-59, z=2} block=Block{minecraft:deepslate_diamond_ore} tool=minecraft:diamond_pickaxe slot=0 remaining=1451 required=minecraft:diamond_pickaxe
[15:49:25] [Render thread/INFO] (lodekeeper) [Lodekeeper] PROGRESS elapsed_ms=392977 phase=traveling backend=baritone target=23,-60,2 block=minecraft:deepslate_diamond_ore navigation_elapsed_ms=104560 navigation_ticks=2088 searching=false path_index=0 path_length=3 retries=0 pending_route_events=0 dropped_route_events=0 status=mining_and_collecting_minecraft:diamond___8/32
[15:49:26] [Render thread/INFO] (lodekeeper) [Lodekeeper] NAV discovered=1 retained=64 rejected=0 requestTicks=2097 phase=MINE
[15:49:26] [Render thread/INFO] (lodekeeper) [Lodekeeper] BREAK target=MutableBlockPos{x=23, y=-60, z=2} block=Block{minecraft:deepslate_diamond_ore} tool=minecraft:diamond_pickaxe slot=0 remaining=1450 required=minecraft:diamond_pickaxe
[15:49:27] [Render thread/INFO] (lodekeeper) [Lodekeeper] NAV discovered=1 retained=64 rejected=0 requestTicks=2120 phase=MINE
[15:49:27] [Render thread/INFO] (lodekeeper) [Lodekeeper] TARGET target=24,-60,2 block=minecraft:deepslate_diamond_ore
[15:49:27] [Render thread/INFO] (lodekeeper) [Lodekeeper] NAV backend=baritone mode=MINE event=CALC_STARTED elapsedMs=106140
[15:49:27] [Render thread/INFO] (lodekeeper) [Lodekeeper] NAV calcTool=minecraft:diamond_pickaxe slot=0
[15:49:27] [Render thread/INFO] (lodekeeper) [Lodekeeper] NAV backend=baritone mode=MINE event=CALC_FINISHED_NOW_EXECUTING elapsedMs=106140
[15:49:27] [Render thread/INFO] (lodekeeper) [Lodekeeper] BREAK target=MutableBlockPos{x=24, y=-59, z=2} block=Block{minecraft:deepslate_diamond_ore} tool=minecraft:diamond_pickaxe slot=0 remaining=1449 required=minecraft:diamond_pickaxe
[15:49:27] [Render thread/INFO] (lodekeeper) [Lodekeeper] PROGRESS elapsed_ms=395025 phase=traveling backend=baritone target=24,-60,2 block=minecraft:deepslate_diamond_ore navigation_elapsed_ms=106540 navigation_ticks=2128 searching=false path_index=0 path_length=2 retries=0 pending_route_events=0 dropped_route_events=0 status=mining_and_collecting_minecraft:diamond___10/32
[15:49:28] [Render thread/INFO] (lodekeeper) [Lodekeeper] NAV discovered=1 retained=64 rejected=0 requestTicks=2143 phase=MINE
[15:49:28] [Render thread/INFO] (lodekeeper) [Lodekeeper] BREAK target=MutableBlockPos{x=24, y=-60, z=2} block=Block{minecraft:deepslate_diamond_ore} tool=minecraft:diamond_pickaxe slot=0 remaining=1448 required=minecraft:diamond_pickaxe
[15:49:29] [Render thread/INFO] (lodekeeper) [Lodekeeper] NAV discovered=1 retained=64 rejected=0 requestTicks=2166 phase=MINE
[15:49:29] [Render thread/INFO] (lodekeeper) [Lodekeeper] NAV backend=baritone mode=MINE event=CALC_STARTED elapsedMs=108455
[15:49:29] [Render thread/INFO] (lodekeeper) [Lodekeeper] NAV calcTool=minecraft:diamond_pickaxe slot=0
[15:49:29] [Render thread/INFO] (lodekeeper) [Lodekeeper] NAV backend=baritone mode=MINE event=CALC_FINISHED_NOW_EXECUTING elapsedMs=108455
[15:49:29] [Render thread/INFO] (lodekeeper) [Lodekeeper] TARGET target=23,-60,1 block=minecraft:deepslate_diamond_ore
[15:49:29] [Render thread/INFO] (lodekeeper) [Lodekeeper] BREAK target=MutableBlockPos{x=23, y=-59, z=1} block=Block{minecraft:deepslate_diamond_ore} tool=minecraft:diamond_pickaxe slot=0 remaining=1447 required=minecraft:diamond_pickaxe
[15:49:29] [Render thread/INFO] (lodekeeper) [Lodekeeper] PROGRESS elapsed_ms=397072 phase=traveling backend=baritone target=23,-60,1 block=minecraft:deepslate_diamond_ore navigation_elapsed_ms=108755 navigation_ticks=2172 searching=false path_index=0 path_length=2 retries=0 pending_route_events=0 dropped_route_events=0 status=mining_and_collecting_minecraft:diamond___11/32
[15:49:30] [Render thread/INFO] (lodekeeper) [Lodekeeper] NAV discovered=1 retained=64 rejected=0 requestTicks=2189 phase=MINE
[15:49:31] [Render thread/INFO] (lodekeeper) [Lodekeeper] BREAK target=MutableBlockPos{x=23, y=-60, z=1} block=Block{minecraft:deepslate_diamond_ore} tool=minecraft:diamond_pickaxe slot=0 remaining=1446 required=minecraft:diamond_pickaxe
[15:49:31] [Render thread/INFO] (lodekeeper) [Lodekeeper] NAV discovered=1 retained=64 rejected=0 requestTicks=2212 phase=MINE
[15:49:31] [Render thread/INFO] (lodekeeper) [Lodekeeper] TARGET target=24,-59,1 block=minecraft:deepslate_diamond_ore
[15:49:31] [Render thread/INFO] (lodekeeper) [Lodekeeper] NAV backend=baritone mode=MINE event=CALC_STARTED elapsedMs=110735
[15:49:31] [Render thread/INFO] (lodekeeper) [Lodekeeper] NAV calcTool=minecraft:diamond_pickaxe slot=0
[15:49:31] [Render thread/INFO] (lodekeeper) [Lodekeeper] NAV backend=baritone mode=MINE event=CALC_FINISHED_NOW_EXECUTING elapsedMs=110736
[15:49:32] [Render thread/INFO] (lodekeeper) [Lodekeeper] PROGRESS elapsed_ms=399118 phase=traveling backend=baritone target=24,-59,1 block=minecraft:deepslate_diamond_ore navigation_elapsed_ms=110734 navigation_ticks=2212 searching=false path_index=0 path_length=3 retries=0 pending_route_events=0 dropped_route_events=0 status=mining_and_collecting_minecraft:diamond___13/32
[15:49:32] [Render thread/INFO] (lodekeeper) [Lodekeeper] BREAK target=MutableBlockPos{x=24, y=-59, z=1} block=Block{minecraft:deepslate_diamond_ore} tool=minecraft:diamond_pickaxe slot=0 remaining=1445 required=minecraft:diamond_pickaxe
[15:49:33] [Render thread/INFO] (lodekeeper) [Lodekeeper] TARGET target=none
[15:49:33] [Render thread/INFO] (lodekeeper) [Lodekeeper] BREAK target=MutableBlockPos{x=23, y=-58, z=1} block=Block{minecraft:deepslate} tool=minecraft:diamond_pickaxe slot=0 remaining=1444 required=route
[15:49:33] [Render thread/INFO] (lodekeeper) [Lodekeeper] NAV discovered=1 retained=64 rejected=0 requestTicks=2245 phase=MINE
[15:49:33] [Render thread/INFO] (lodekeeper) [Lodekeeper] NAV backend=baritone mode=MINE event=CALC_STARTED elapsedMs=112384
[15:49:33] [Render thread/INFO] (lodekeeper) [Lodekeeper] NAV calcTool=minecraft:diamond_pickaxe slot=0
[15:49:33] [Render thread/INFO] (lodekeeper) [Lodekeeper] NAV backend=baritone mode=MINE event=CALC_FINISHED_NOW_EXECUTING elapsedMs=112404
[15:49:33] [Render thread/INFO] (lodekeeper) [Lodekeeper] BREAK target=MutableBlockPos{x=23, y=-59, z=0} block=Block{minecraft:deepslate} tool=minecraft:diamond_pickaxe slot=0 remaining=1444 required=route
[15:49:33] [Render thread/INFO] (lodekeeper) [Lodekeeper] TARGET target=23,-58,-8 block=minecraft:deepslate_diamond_ore
[15:49:34] [Render thread/INFO] (lodekeeper) [Lodekeeper] PROGRESS elapsed_ms=401170 phase=traveling backend=baritone target=23,-58,-8 block=minecraft:deepslate_diamond_ore navigation_elapsed_ms=112753 navigation_ticks=2252 searching=false path_index=0 path_length=10 retries=0 pending_route_events=0 dropped_route_events=0 status=mining_and_collecting_minecraft:diamond___15/32
[15:49:34] [Render thread/INFO] (lodekeeper) [Lodekeeper] BREAK target=MutableBlockPos{x=23, y=-60, z=0} block=Block{minecraft:deepslate} tool=minecraft:diamond_pickaxe slot=0 remaining=1443 required=route
[15:49:35] [Render thread/INFO] (lodekeeper) [Lodekeeper] BREAK target=MutableBlockPos{x=23, y=-59, z=-1} block=Block{minecraft:deepslate} tool=minecraft:diamond_pickaxe slot=0 remaining=1442 required=route
[15:49:36] [Render thread/INFO] (lodekeeper) [Lodekeeper] PROGRESS elapsed_ms=403219 phase=traveling backend=baritone target=23,-58,-8 block=minecraft:deepslate_diamond_ore navigation_elapsed_ms=114734 navigation_ticks=2292 searching=false path_index=0 path_length=9 retries=0 pending_route_events=0 dropped_route_events=0 status=mining_and_collecting_minecraft:diamond___15/32
[15:49:36] [Render thread/INFO] (lodekeeper) [Lodekeeper] BREAK target=MutableBlockPos{x=23, y=-60, z=-1} block=Block{minecraft:deepslate} tool=minecraft:diamond_pickaxe slot=0 remaining=1441 required=route
[15:49:37] [Render thread/INFO] (lodekeeper) [Lodekeeper] BREAK target=MutableBlockPos{x=23, y=-59, z=-2} block=Block{minecraft:deepslate} tool=minecraft:diamond_pickaxe slot=0 remaining=1440 required=route
[15:49:38] [Render thread/INFO] (lodekeeper) [Lodekeeper] PROGRESS elapsed_ms=405264 phase=traveling backend=baritone target=23,-58,-8 block=minecraft:deepslate_diamond_ore navigation_elapsed_ms=116946 navigation_ticks=2336 searching=false path_index=0 path_length=8 retries=0 pending_route_events=0 dropped_route_events=0 status=mining_and_collecting_minecraft:diamond___15/32
[15:49:38] [Render thread/INFO] (lodekeeper) [Lodekeeper] BREAK target=MutableBlockPos{x=23, y=-60, z=-2} block=Block{minecraft:deepslate} tool=minecraft:diamond_pickaxe slot=0 remaining=1439 required=route
[15:49:39] [Render thread/INFO] (lodekeeper) [Lodekeeper] BREAK target=MutableBlockPos{x=23, y=-59, z=-3} block=Block{minecraft:deepslate} tool=minecraft:diamond_pickaxe slot=0 remaining=1438 required=route
[15:49:40] [Render thread/INFO] (lodekeeper) [Lodekeeper] BREAK target=MutableBlockPos{x=23, y=-60, z=-3} block=Block{minecraft:deepslate} tool=minecraft:diamond_pickaxe slot=0 remaining=1437 required=route
[15:49:40] [Render thread/INFO] (lodekeeper) [Lodekeeper] PROGRESS elapsed_ms=407312 phase=traveling backend=baritone target=23,-58,-8 block=minecraft:deepslate_diamond_ore navigation_elapsed_ms=118928 navigation_ticks=2376 searching=false path_index=0 path_length=7 retries=0 pending_route_events=0 dropped_route_events=0 status=mining_and_collecting_minecraft:diamond___15/32
[15:49:40] [Render thread/INFO] (lodekeeper) [Lodekeeper] BREAK target=MutableBlockPos{x=23, y=-59, z=-4} block=Block{minecraft:deepslate} tool=minecraft:diamond_pickaxe slot=0 remaining=1436 required=route
[15:49:41] [Render thread/INFO] (lodekeeper) [Lodekeeper] BREAK target=MutableBlockPos{x=23, y=-60, z=-4} block=Block{minecraft:deepslate} tool=minecraft:diamond_pickaxe slot=0 remaining=1435 required=route
[15:49:42] [Render thread/INFO] (lodekeeper) [Lodekeeper] PROGRESS elapsed_ms=409321 phase=traveling backend=baritone target=23,-58,-8 block=minecraft:deepslate_diamond_ore navigation_elapsed_ms=120937 navigation_ticks=2416 searching=false path_index=0 path_length=6 retries=0 pending_route_events=0 dropped_route_events=0 status=mining_and_collecting_minecraft:diamond___15/32
[15:49:42] [Render thread/INFO] (lodekeeper) [Lodekeeper] BREAK target=MutableBlockPos{x=23, y=-59, z=-5} block=Block{minecraft:deepslate} tool=minecraft:diamond_pickaxe slot=0 remaining=1434 required=route
[15:49:43] [Render thread/INFO] (lodekeeper) [Lodekeeper] BREAK target=MutableBlockPos{x=23, y=-60, z=-5} block=Block{minecraft:deepslate} tool=minecraft:diamond_pickaxe slot=0 remaining=1433 required=route
[15:49:44] [Render thread/INFO] (lodekeeper) [Lodekeeper] PROGRESS elapsed_ms=411365 phase=traveling backend=baritone target=23,-58,-8 block=minecraft:deepslate_diamond_ore navigation_elapsed_ms=122947 navigation_ticks=2456 searching=false path_index=0 path_length=5 retries=0 pending_route_events=0 dropped_route_events=0 status=mining_and_collecting_minecraft:diamond___15/32
[15:49:44] [Render thread/INFO] (lodekeeper) [Lodekeeper] BREAK target=MutableBlockPos{x=23, y=-59, z=-6} block=Block{minecraft:deepslate} tool=minecraft:diamond_pickaxe slot=0 remaining=1432 required=route
[15:49:45] [Render thread/INFO] (lodekeeper) [Lodekeeper] BREAK target=MutableBlockPos{x=23, y=-60, z=-6} block=Block{minecraft:deepslate} tool=minecraft:diamond_pickaxe slot=0 remaining=1431 required=route
[15:49:46] [Render thread/INFO] (lodekeeper) [Lodekeeper] BREAK target=MutableBlockPos{x=23, y=-59, z=-7} block=Block{minecraft:deepslate} tool=minecraft:diamond_pickaxe slot=0 remaining=1430 required=route
[15:49:46] [Render thread/INFO] (lodekeeper) [Lodekeeper] PROGRESS elapsed_ms=413411 phase=traveling backend=baritone target=23,-58,-8 block=minecraft:deepslate_diamond_ore navigation_elapsed_ms=124958 navigation_ticks=2496 searching=false path_index=0 path_length=3 retries=0 pending_route_events=0 dropped_route_events=0 status=mining_and_collecting_minecraft:diamond___15/32
[15:49:47] [Render thread/INFO] (lodekeeper) [Lodekeeper] BREAK target=MutableBlockPos{x=23, y=-58, z=-6} block=Block{minecraft:deepslate} tool=minecraft:diamond_pickaxe slot=0 remaining=1429 required=route
[15:49:48] [Render thread/INFO] (lodekeeper) [Lodekeeper] BREAK target=MutableBlockPos{x=23, y=-58, z=-7} block=Block{minecraft:deepslate} tool=minecraft:diamond_pickaxe slot=0 remaining=1428 required=route
[15:49:48] [Render thread/INFO] (lodekeeper) [Lodekeeper] PROGRESS elapsed_ms=415428 phase=traveling backend=baritone target=23,-58,-8 block=minecraft:deepslate_diamond_ore navigation_elapsed_ms=126941 navigation_ticks=2536 searching=false path_index=0 path_length=3 retries=0 pending_route_events=0 dropped_route_events=0 status=mining_and_collecting_minecraft:diamond___15/32
[15:49:49] [Render thread/INFO] (lodekeeper) [Lodekeeper] BREAK target=MutableBlockPos{x=23, y=-58, z=-8} block=Block{minecraft:deepslate_diamond_ore} tool=minecraft:diamond_pickaxe slot=0 remaining=1427 required=minecraft:diamond_pickaxe
[15:49:50] [Render thread/INFO] (lodekeeper) [Lodekeeper] NAV discovered=1 retained=64 rejected=0 requestTicks=2574 phase=MINE
[15:49:50] [Render thread/INFO] (lodekeeper) [Lodekeeper] TARGET target=23,-57,-8 block=minecraft:deepslate_diamond_ore
[15:49:50] [Render thread/INFO] (lodekeeper) [Lodekeeper] BREAK target=MutableBlockPos{x=23, y=-57, z=-7} block=Block{minecraft:deepslate} tool=minecraft:diamond_pickaxe slot=0 remaining=1426 required=route
[15:49:50] [Render thread/INFO] (lodekeeper) [Lodekeeper] PROGRESS elapsed_ms=417470 phase=traveling backend=baritone target=23,-57,-8 block=minecraft:deepslate_diamond_ore navigation_elapsed_ms=129152 navigation_ticks=2580 searching=false path_index=0 path_length=2 retries=0 pending_route_events=0 dropped_route_events=0 status=mining_and_collecting_minecraft:diamond___15/32
[15:49:51] [Render thread/INFO] (lodekeeper) [Lodekeeper] BREAK target=MutableBlockPos{x=23, y=-57, z=-8} block=Block{minecraft:deepslate_diamond_ore} tool=minecraft:diamond_pickaxe slot=0 remaining=1425 required=minecraft:diamond_pickaxe
[15:49:52] [Render thread/INFO] (lodekeeper) [Lodekeeper] NAV discovered=1 retained=64 rejected=0 requestTicks=2615 phase=MINE
[15:49:52] [Render thread/INFO] (lodekeeper) [Lodekeeper] NAV backend=baritone mode=MINE event=CALC_STARTED elapsedMs=130903
[15:49:52] [Render thread/INFO] (lodekeeper) [Lodekeeper] NAV calcTool=minecraft:diamond_pickaxe slot=0
[15:49:52] [Render thread/INFO] (lodekeeper) [Lodekeeper] NAV backend=baritone mode=MINE event=CALC_FINISHED_NOW_EXECUTING elapsedMs=130903
[15:49:52] [Render thread/INFO] (lodekeeper) [Lodekeeper] TARGET target=24,-58,-8 block=minecraft:deepslate_diamond_ore
[15:49:52] [Render thread/INFO] (lodekeeper) [Lodekeeper] PROGRESS elapsed_ms=419524 phase=traveling backend=baritone target=24,-58,-8 block=minecraft:deepslate_diamond_ore navigation_elapsed_ms=131140 navigation_ticks=2620 searching=false path_index=0 path_length=3 retries=0 pending_route_events=0 dropped_route_events=0 status=mining_and_collecting_minecraft:diamond___16/32
[15:49:52] [Render thread/INFO] (lodekeeper) [Lodekeeper] BREAK target=MutableBlockPos{x=24, y=-57, z=-8} block=Block{minecraft:deepslate_diamond_ore} tool=minecraft:diamond_pickaxe slot=0 remaining=1424 required=minecraft:diamond_pickaxe
[15:49:53] [Render thread/INFO] (lodekeeper) [Lodekeeper] NAV discovered=1 retained=64 rejected=0 requestTicks=2640 phase=MINE
[15:49:53] [Render thread/INFO] (lodekeeper) [Lodekeeper] BREAK target=MutableBlockPos{x=24, y=-58, z=-8} block=Block{minecraft:deepslate_diamond_ore} tool=minecraft:diamond_pickaxe slot=0 remaining=1423 required=minecraft:diamond_pickaxe
[15:49:54] [Render thread/INFO] (lodekeeper) [Lodekeeper] PROGRESS elapsed_ms=421568 phase=traveling backend=baritone target=24,-58,-8 block=minecraft:deepslate_diamond_ore navigation_elapsed_ms=133149 navigation_ticks=2660 searching=false path_index=0 path_length=2 retries=0 pending_route_events=0 dropped_route_events=0 status=mining_and_collecting_minecraft:diamond___18/32
[15:49:54] [Render thread/INFO] (lodekeeper) [Lodekeeper] TARGET target=none
[15:49:54] [Render thread/INFO] (lodekeeper) [Lodekeeper] NAV backend=baritone mode=MINE event=AT_GOAL elapsedMs=133353
[15:49:54] [Render thread/INFO] (lodekeeper) [Lodekeeper] NAV backend=baritone mode=MINE event=CALC_STARTED elapsedMs=133554
[15:49:54] [Render thread/INFO] (lodekeeper) [Lodekeeper] NAV calcTool=minecraft:diamond_pickaxe slot=0
[15:49:54] [Render thread/INFO] (lodekeeper) [Lodekeeper] NAV discovered=1 retained=64 rejected=0 requestTicks=2669 phase=MINE
[15:49:54] [Render thread/INFO] (lodekeeper) [Lodekeeper] NAV backend=baritone mode=MINE event=CALC_FINISHED_NOW_EXECUTING elapsedMs=133588
[15:49:54] [Render thread/INFO] (lodekeeper) [Lodekeeper] TARGET target=15,-59,-4 block=minecraft:deepslate_diamond_ore
[15:49:56] [Render thread/INFO] (lodekeeper) [Lodekeeper] BREAK target=MutableBlockPos{x=22, y=-59, z=-4} block=Block{minecraft:deepslate} tool=minecraft:diamond_pickaxe slot=0 remaining=1422 required=route
[15:49:56] [Render thread/INFO] (lodekeeper) [Lodekeeper] PROGRESS elapsed_ms=423613 phase=traveling backend=baritone target=15,-59,-4 block=minecraft:deepslate_diamond_ore navigation_elapsed_ms=135161 navigation_ticks=2700 searching=false path_index=0 path_length=9 retries=0 pending_route_events=0 dropped_route_events=0 status=mining_and_collecting_minecraft:diamond___19/32
[15:49:57] [Render thread/INFO] (lodekeeper) [Lodekeeper] BREAK target=MutableBlockPos{x=23, y=-58, z=-4} block=Block{minecraft:deepslate} tool=minecraft:diamond_pickaxe slot=0 remaining=1421 required=route
[15:49:58] [Render thread/INFO] (lodekeeper) [Lodekeeper] BREAK target=MutableBlockPos{x=22, y=-58, z=-4} block=Block{minecraft:deepslate} tool=minecraft:diamond_pickaxe slot=0 remaining=1420 required=route
[15:49:58] [Render thread/INFO] (lodekeeper) [Lodekeeper] PROGRESS elapsed_ms=425624 phase=traveling backend=baritone target=15,-59,-4 block=minecraft:deepslate_diamond_ore navigation_elapsed_ms=137139 navigation_ticks=2740 searching=false path_index=0 path_length=9 retries=0 pending_route_events=0 dropped_route_events=0 status=mining_and_collecting_minecraft:diamond___19/32
[15:49:59] [Render thread/INFO] (lodekeeper) [Lodekeeper] BREAK target=MutableBlockPos{x=21, y=-58, z=-4} block=Block{minecraft:deepslate} tool=minecraft:diamond_pickaxe slot=0 remaining=1419 required=route
[15:50:00] [Render thread/INFO] (lodekeeper) [Lodekeeper] BREAK target=MutableBlockPos{x=21, y=-59, z=-4} block=Block{minecraft:deepslate} tool=minecraft:diamond_pickaxe slot=0 remaining=1418 required=route
[15:50:00] [Render thread/INFO] (lodekeeper) [Lodekeeper] PROGRESS elapsed_ms=427645 phase=traveling backend=baritone target=15,-59,-4 block=minecraft:deepslate_diamond_ore navigation_elapsed_ms=139327 navigation_ticks=2784 searching=false path_index=0 path_length=8 retries=0 pending_route_events=0 dropped_route_events=0 status=mining_and_collecting_minecraft:diamond___19/32
[15:50:00] [Render thread/INFO] (lodekeeper) [Lodekeeper] BREAK target=MutableBlockPos{x=20, y=-58, z=-4} block=Block{minecraft:deepslate} tool=minecraft:diamond_pickaxe slot=0 remaining=1417 required=route
[15:50:01] [Render thread/INFO] (lodekeeper) [Lodekeeper] BREAK target=MutableBlockPos{x=20, y=-59, z=-4} block=Block{minecraft:deepslate} tool=minecraft:diamond_pickaxe slot=0 remaining=1416 required=route
[15:50:02] [Render thread/INFO] (lodekeeper) [Lodekeeper] PROGRESS elapsed_ms=429654 phase=traveling backend=baritone target=15,-59,-4 block=minecraft:deepslate_diamond_ore navigation_elapsed_ms=141337 navigation_ticks=2824 searching=false path_index=0 path_length=7 retries=0 pending_route_events=0 dropped_route_events=0 status=mining_and_collecting_minecraft:diamond___19/32
[15:50:02] [Render thread/INFO] (lodekeeper) [Lodekeeper] BREAK target=MutableBlockPos{x=19, y=-58, z=-4} block=Block{minecraft:deepslate} tool=minecraft:diamond_pickaxe slot=0 remaining=1415 required=route
[15:50:03] [Render thread/INFO] (lodekeeper) [Lodekeeper] BREAK target=MutableBlockPos{x=19, y=-59, z=-4} block=Block{minecraft:deepslate} tool=minecraft:diamond_pickaxe slot=0 remaining=1414 required=route
[15:50:04] [Render thread/INFO] (lodekeeper) [Lodekeeper] BREAK target=MutableBlockPos{x=18, y=-58, z=-4} block=Block{minecraft:deepslate} tool=minecraft:diamond_pickaxe slot=0 remaining=1413 required=route
[15:50:04] [Render thread/INFO] (lodekeeper) [Lodekeeper] PROGRESS elapsed_ms=431661 phase=traveling backend=baritone target=15,-59,-4 block=minecraft:deepslate_diamond_ore navigation_elapsed_ms=143343 navigation_ticks=2864 searching=false path_index=0 path_length=5 retries=0 pending_route_events=0 dropped_route_events=0 status=mining_and_collecting_minecraft:diamond___19/32
[15:50:05] [Render thread/INFO] (lodekeeper) [Lodekeeper] BREAK target=MutableBlockPos{x=18, y=-59, z=-4} block=Block{minecraft:deepslate} tool=minecraft:diamond_pickaxe slot=0 remaining=1412 required=route
[15:50:06] [Render thread/INFO] (lodekeeper) [Lodekeeper] BREAK target=MutableBlockPos{x=17, y=-58, z=-4} block=Block{minecraft:deepslate} tool=minecraft:diamond_pickaxe slot=0 remaining=1411 required=route
[15:50:06] [Render thread/INFO] (lodekeeper) [Lodekeeper] PROGRESS elapsed_ms=433670 phase=traveling backend=baritone target=15,-59,-4 block=minecraft:deepslate_diamond_ore navigation_elapsed_ms=145353 navigation_ticks=2904 searching=false path_index=0 path_length=4 retries=0 pending_route_events=0 dropped_route_events=0 status=mining_and_collecting_minecraft:diamond___19/32
[15:50:07] [Render thread/INFO] (lodekeeper) [Lodekeeper] BREAK target=MutableBlockPos{x=17, y=-59, z=-4} block=Block{minecraft:deepslate} tool=minecraft:diamond_pickaxe slot=0 remaining=1410 required=route
[15:50:08] [Render thread/INFO] (lodekeeper) [Lodekeeper] BREAK target=MutableBlockPos{x=16, y=-58, z=-4} block=Block{minecraft:deepslate} tool=minecraft:diamond_pickaxe slot=0 remaining=1409 required=route
[15:50:08] [Render thread/INFO] (lodekeeper) [Lodekeeper] PROGRESS elapsed_ms=435672 phase=traveling backend=baritone target=15,-59,-4 block=minecraft:deepslate_diamond_ore navigation_elapsed_ms=147355 navigation_ticks=2944 searching=false path_index=0 path_length=3 retries=0 pending_route_events=0 dropped_route_events=0 status=mining_and_collecting_minecraft:diamond___19/32
[15:50:09] [Render thread/INFO] (lodekeeper) [Lodekeeper] BREAK target=MutableBlockPos{x=16, y=-59, z=-4} block=Block{minecraft:deepslate} tool=minecraft:diamond_pickaxe slot=0 remaining=1408 required=route
[15:50:09] [Render thread/INFO] (lodekeeper) [Lodekeeper] BREAK target=MutableBlockPos{x=15, y=-58, z=-4} block=Block{minecraft:deepslate} tool=minecraft:diamond_pickaxe slot=0 remaining=1407 required=route
[15:50:10] [Render thread/INFO] (lodekeeper) [Lodekeeper] PROGRESS elapsed_ms=437718 phase=traveling backend=baritone target=15,-59,-4 block=minecraft:deepslate_diamond_ore navigation_elapsed_ms=149334 navigation_ticks=2984 searching=false path_index=0 path_length=2 retries=0 pending_route_events=0 dropped_route_events=0 status=mining_and_collecting_minecraft:diamond___19/32
[15:50:10] [Render thread/INFO] (lodekeeper) [Lodekeeper] BREAK target=MutableBlockPos{x=15, y=-59, z=-4} block=Block{minecraft:deepslate_diamond_ore} tool=minecraft:diamond_pickaxe slot=0 remaining=1406 required=minecraft:diamond_pickaxe
[15:50:11] [Render thread/INFO] (lodekeeper) [Lodekeeper] NAV discovered=1 retained=64 rejected=0 requestTicks=3008 phase=MINE
[15:50:11] [Render thread/INFO] (lodekeeper) [Lodekeeper] TARGET target=14,-59,-4 block=minecraft:deepslate_diamond_ore
[15:50:11] [Render thread/INFO] (lodekeeper) [Lodekeeper] NAV backend=baritone mode=MINE event=CALC_STARTED elapsedMs=150539
[15:50:11] [Render thread/INFO] (lodekeeper) [Lodekeeper] NAV calcTool=minecraft:diamond_pickaxe slot=0
[15:50:11] [Render thread/INFO] (lodekeeper) [Lodekeeper] NAV backend=baritone mode=MINE event=CALC_FINISHED_NOW_EXECUTING elapsedMs=150539
[15:50:11] [Render thread/INFO] (lodekeeper) [Lodekeeper] BREAK target=MutableBlockPos{x=14, y=-58, z=-4} block=Block{minecraft:deepslate} tool=minecraft:diamond_pickaxe slot=0 remaining=1405 required=route
[15:50:12] [Render thread/INFO] (lodekeeper) [Lodekeeper] PROGRESS elapsed_ms=439764 phase=traveling backend=baritone target=14,-59,-4 block=minecraft:deepslate_diamond_ore navigation_elapsed_ms=151346 navigation_ticks=3024 searching=false path_index=0 path_length=2 retries=0 pending_route_events=0 dropped_route_events=0 status=mining_and_collecting_minecraft:diamond___20/32
[15:50:12] [Render thread/INFO] (lodekeeper) [Lodekeeper] BREAK target=MutableBlockPos{x=14, y=-59, z=-4} block=Block{minecraft:deepslate_diamond_ore} tool=minecraft:diamond_pickaxe slot=0 remaining=1404 required=minecraft:diamond_pickaxe
[15:50:13] [Render thread/INFO] (lodekeeper) [Lodekeeper] TARGET target=none
[15:50:13] [Render thread/INFO] (lodekeeper) [Lodekeeper] NAV discovered=1 retained=64 rejected=0 requestTicks=3049 phase=MINE
[15:50:13] [Render thread/INFO] (lodekeeper) [Lodekeeper] NAV backend=baritone mode=MINE event=CALC_STARTED elapsedMs=152588
[15:50:13] [Render thread/INFO] (lodekeeper) [Lodekeeper] NAV calcTool=minecraft:diamond_pickaxe slot=0
[15:50:13] [Render thread/INFO] (lodekeeper) [Lodekeeper] NAV backend=baritone mode=MINE event=CALC_FINISHED_NOW_EXECUTING elapsedMs=152588
[15:50:13] [Render thread/INFO] (lodekeeper) [Lodekeeper] TARGET target=14,-59,-5 block=minecraft:deepslate_diamond_ore
[15:50:14] [Render thread/INFO] (lodekeeper) [Lodekeeper] BREAK target=MutableBlockPos{x=14, y=-58, z=-5} block=Block{minecraft:deepslate} tool=minecraft:diamond_pickaxe slot=0 remaining=1403 required=route
[15:50:14] [Render thread/INFO] (lodekeeper) [Lodekeeper] PROGRESS elapsed_ms=441775 phase=traveling backend=baritone target=14,-59,-5 block=minecraft:deepslate_diamond_ore navigation_elapsed_ms=153357 navigation_ticks=3064 searching=false path_index=0 path_length=2 retries=0 pending_route_events=0 dropped_route_events=0 status=mining_and_collecting_minecraft:diamond___21/32
[15:50:14] [Render thread/INFO] (lodekeeper) [Lodekeeper] BREAK target=MutableBlockPos{x=14, y=-59, z=-5} block=Block{minecraft:deepslate_diamond_ore} tool=minecraft:diamond_pickaxe slot=0 remaining=1402 required=minecraft:diamond_pickaxe
[15:50:15] [Render thread/INFO] (lodekeeper) [Lodekeeper] NAV discovered=1 retained=64 rejected=0 requestTicks=3090 phase=MINE
[15:50:15] [Render thread/INFO] (lodekeeper) [Lodekeeper] NAV backend=baritone mode=MINE event=CALC_STARTED elapsedMs=154635
[15:50:15] [Render thread/INFO] (lodekeeper) [Lodekeeper] NAV calcTool=minecraft:diamond_pickaxe slot=0
[15:50:15] [Render thread/INFO] (lodekeeper) [Lodekeeper] NAV backend=baritone mode=MINE event=CALC_FINISHED_NOW_EXECUTING elapsedMs=154635
[15:50:15] [Render thread/INFO] (lodekeeper) [Lodekeeper] TARGET target=15,-59,-5 block=minecraft:deepslate_diamond_ore
[15:50:16] [Render thread/INFO] (lodekeeper) [Lodekeeper] BREAK target=MutableBlockPos{x=15, y=-58, z=-5} block=Block{minecraft:deepslate_diamond_ore} tool=minecraft:diamond_pickaxe slot=0 remaining=1401 required=minecraft:diamond_pickaxe
[15:50:16] [Render thread/INFO] (lodekeeper) [Lodekeeper] PROGRESS elapsed_ms=443825 phase=traveling backend=baritone target=15,-59,-5 block=minecraft:deepslate_diamond_ore navigation_elapsed_ms=155340 navigation_ticks=3104 searching=false path_index=0 path_length=2 retries=0 pending_route_events=0 dropped_route_events=0 status=mining_and_collecting_minecraft:diamond___22/32
[15:50:17] [Render thread/INFO] (lodekeeper) [Lodekeeper] NAV discovered=1 retained=64 rejected=0 requestTicks=3113 phase=MINE
[15:50:17] [Render thread/INFO] (lodekeeper) [Lodekeeper] BREAK target=MutableBlockPos{x=15, y=-59, z=-5} block=Block{minecraft:deepslate_diamond_ore} tool=minecraft:diamond_pickaxe slot=0 remaining=1400 required=minecraft:diamond_pickaxe
[15:50:18] [Render thread/INFO] (lodekeeper) [Lodekeeper] TARGET target=none
[15:50:18] [Render thread/INFO] (lodekeeper) [Lodekeeper] NAV backend=baritone mode=MINE event=AT_GOAL elapsedMs=156983
[15:50:18] [Render thread/INFO] (lodekeeper) [Lodekeeper] NAV backend=baritone mode=MINE event=CALC_STARTED elapsedMs=157155
[15:50:18] [Render thread/INFO] (lodekeeper) [Lodekeeper] NAV calcTool=minecraft:diamond_pickaxe slot=0
[15:50:18] [Render thread/INFO] (lodekeeper) [Lodekeeper] NAV discovered=1 retained=64 rejected=0 requestTicks=3141 phase=MINE
[15:50:18] [Render thread/INFO] (lodekeeper) [Lodekeeper] NAV backend=baritone mode=MINE event=CALC_FINISHED_NOW_EXECUTING elapsedMs=157252
[15:50:18] [Render thread/INFO] (lodekeeper) [Lodekeeper] BREAK target=MutableBlockPos{x=15, y=-58, z=-6} block=Block{minecraft:deepslate} tool=minecraft:diamond_pickaxe slot=0 remaining=1399 required=route
[15:50:18] [Render thread/INFO] (lodekeeper) [Lodekeeper] TARGET target=17,-55,-15 block=minecraft:deepslate_diamond_ore
[15:50:18] [Render thread/INFO] (lodekeeper) [Lodekeeper] PROGRESS elapsed_ms=445871 phase=traveling backend=baritone target=17,-55,-15 block=minecraft:deepslate_diamond_ore navigation_elapsed_ms=157553 navigation_ticks=3148 searching=false path_index=0 path_length=13 retries=0 pending_route_events=0 dropped_route_events=0 status=mining_and_collecting_minecraft:diamond___24/32
[15:50:19] [Render thread/INFO] (lodekeeper) [Lodekeeper] BREAK target=MutableBlockPos{x=15, y=-59, z=-6} block=Block{minecraft:deepslate} tool=minecraft:diamond_pickaxe slot=0 remaining=1398 required=route
[15:50:20] [Render thread/INFO] (lodekeeper) [Lodekeeper] BREAK target=MutableBlockPos{x=15, y=-58, z=-7} block=Block{minecraft:deepslate} tool=minecraft:diamond_pickaxe slot=0 remaining=1397 required=route
[15:50:20] [Render thread/INFO] (lodekeeper) [Lodekeeper] PROGRESS elapsed_ms=447916 phase=traveling backend=baritone target=17,-55,-15 block=minecraft:deepslate_diamond_ore navigation_elapsed_ms=159531 navigation_ticks=3188 searching=false path_index=0 path_length=12 retries=0 pending_route_events=0 dropped_route_events=0 status=mining_and_collecting_minecraft:diamond___24/32
[15:50:21] [Render thread/INFO] (lodekeeper) [Lodekeeper] BREAK target=MutableBlockPos{x=15, y=-59, z=-7} block=Block{minecraft:deepslate} tool=minecraft:diamond_pickaxe slot=0 remaining=1396 required=route
[15:50:22] [Render thread/INFO] (lodekeeper) [Lodekeeper] BREAK target=MutableBlockPos{x=15, y=-58, z=-8} block=Block{minecraft:deepslate} tool=minecraft:diamond_pickaxe slot=0 remaining=1395 required=route
[15:50:22] [Render thread/INFO] (lodekeeper) [Lodekeeper] PROGRESS elapsed_ms=449963 phase=traveling backend=baritone target=17,-55,-15 block=minecraft:deepslate_diamond_ore navigation_elapsed_ms=161546 navigation_ticks=3228 searching=false path_index=0 path_length=11 retries=0 pending_route_events=0 dropped_route_events=0 status=mining_and_collecting_minecraft:diamond___24/32
[15:50:23] [Render thread/INFO] (lodekeeper) [Lodekeeper] BREAK target=MutableBlockPos{x=15, y=-59, z=-8} block=Block{minecraft:deepslate} tool=minecraft:diamond_pickaxe slot=0 remaining=1394 required=route
[15:50:23] [Render thread/INFO] (lodekeeper) [Lodekeeper] BREAK target=MutableBlockPos{x=15, y=-58, z=-9} block=Block{minecraft:deepslate} tool=minecraft:diamond_pickaxe slot=0 remaining=1393 required=route
[15:50:24] [Render thread/INFO] (lodekeeper) [Lodekeeper] BREAK target=MutableBlockPos{x=15, y=-59, z=-9} block=Block{minecraft:deepslate} tool=minecraft:diamond_pickaxe slot=0 remaining=1392 required=route
[15:50:24] [Render thread/INFO] (lodekeeper) [Lodekeeper] PROGRESS elapsed_ms=451977 phase=traveling backend=baritone target=17,-55,-15 block=minecraft:deepslate_diamond_ore navigation_elapsed_ms=163560 navigation_ticks=3268 searching=false path_index=0 path_length=10 retries=0 pending_route_events=0 dropped_route_events=0 status=mining_and_collecting_minecraft:diamond___24/32
[15:50:25] [Render thread/INFO] (lodekeeper) [Lodekeeper] BREAK target=MutableBlockPos{x=15, y=-58, z=-10} block=Block{minecraft:deepslate} tool=minecraft:diamond_pickaxe slot=0 remaining=1391 required=route
[15:50:26] [Render thread/INFO] (lodekeeper) [Lodekeeper] BREAK target=MutableBlockPos{x=15, y=-59, z=-10} block=Block{minecraft:deepslate} tool=minecraft:diamond_pickaxe slot=0 remaining=1390 required=route
[15:50:26] [Render thread/INFO] (lodekeeper) [Lodekeeper] PROGRESS elapsed_ms=454026 phase=traveling backend=baritone target=17,-55,-15 block=minecraft:deepslate_diamond_ore navigation_elapsed_ms=165540 navigation_ticks=3308 searching=false path_index=0 path_length=9 retries=0 pending_route_events=0 dropped_route_events=0 status=mining_and_collecting_minecraft:diamond___24/32
[15:50:27] [Render thread/INFO] (lodekeeper) [Lodekeeper] BREAK target=MutableBlockPos{x=15, y=-58, z=-11} block=Block{minecraft:deepslate} tool=minecraft:diamond_pickaxe slot=0 remaining=1389 required=route
[15:50:28] [Render thread/INFO] (lodekeeper) [Lodekeeper] BREAK target=MutableBlockPos{x=15, y=-59, z=-11} block=Block{minecraft:deepslate} tool=minecraft:diamond_pickaxe slot=0 remaining=1388 required=route
[15:50:28] [Render thread/INFO] (lodekeeper) [Lodekeeper] PROGRESS elapsed_ms=456073 phase=traveling backend=baritone target=17,-55,-15 block=minecraft:deepslate_diamond_ore navigation_elapsed_ms=167755 navigation_ticks=3352 searching=false path_index=0 path_length=8 retries=0 pending_route_events=0 dropped_route_events=0 status=mining_and_collecting_minecraft:diamond___24/32
[15:50:29] [Render thread/INFO] (lodekeeper) [Lodekeeper] BREAK target=MutableBlockPos{x=15, y=-58, z=-12} block=Block{minecraft:deepslate} tool=minecraft:diamond_pickaxe slot=0 remaining=1387 required=route
[15:50:30] [Render thread/INFO] (lodekeeper) [Lodekeeper] BREAK target=MutableBlockPos{x=15, y=-59, z=-12} block=Block{minecraft:deepslate} tool=minecraft:diamond_pickaxe slot=0 remaining=1386 required=route
[15:50:31] [Render thread/INFO] (lodekeeper) [Lodekeeper] PROGRESS elapsed_ms=458118 phase=traveling backend=baritone target=17,-55,-15 block=minecraft:deepslate_diamond_ore navigation_elapsed_ms=169734 navigation_ticks=3392 searching=false path_index=0 path_length=7 retries=0 pending_route_events=0 dropped_route_events=0 status=mining_and_collecting_minecraft:diamond___24/32
[15:50:31] [Render thread/INFO] (lodekeeper) [Lodekeeper] BREAK target=MutableBlockPos{x=15, y=-58, z=-13} block=Block{minecraft:deepslate} tool=minecraft:diamond_pickaxe slot=0 remaining=1385 required=route
[15:50:32] [Render thread/INFO] (lodekeeper) [Lodekeeper] BREAK target=MutableBlockPos{x=15, y=-59, z=-13} block=Block{minecraft:deepslate} tool=minecraft:diamond_pickaxe slot=0 remaining=1384 required=route
[15:50:32] [Render thread/INFO] (lodekeeper) [Lodekeeper] BREAK target=MutableBlockPos{x=15, y=-58, z=-14} block=Block{minecraft:deepslate} tool=minecraft:diamond_pickaxe slot=0 remaining=1383 required=route
[15:50:33] [Render thread/INFO] (lodekeeper) [Lodekeeper] PROGRESS elapsed_ms=460166 phase=traveling backend=baritone target=17,-55,-15 block=minecraft:deepslate_diamond_ore navigation_elapsed_ms=171748 navigation_ticks=3432 searching=false path_index=0 path_length=5 retries=0 pending_route_events=0 dropped_route_events=0 status=mining_and_collecting_minecraft:diamond___24/32
[15:50:33] [Render thread/INFO] (lodekeeper) [Lodekeeper] BREAK target=MutableBlockPos{x=15, y=-57, z=-13} block=Block{minecraft:deepslate} tool=minecraft:diamond_pickaxe slot=0 remaining=1382 required=route
[15:50:34] [Render thread/INFO] (lodekeeper) [Lodekeeper] BREAK target=MutableBlockPos{x=15, y=-57, z=-14} block=Block{minecraft:deepslate} tool=minecraft:diamond_pickaxe slot=0 remaining=1381 required=route
[15:50:35] [Render thread/INFO] (lodekeeper) [Lodekeeper] PROGRESS elapsed_ms=462213 phase=traveling backend=baritone target=17,-55,-15 block=minecraft:deepslate_diamond_ore navigation_elapsed_ms=173760 navigation_ticks=3472 searching=false path_index=0 path_length=5 retries=0 pending_route_events=0 dropped_route_events=0 status=mining_and_collecting_minecraft:diamond___24/32
[15:50:35] [Render thread/INFO] (lodekeeper) [Lodekeeper] BREAK target=MutableBlockPos{x=16, y=-57, z=-14} block=Block{minecraft:deepslate} tool=minecraft:diamond_pickaxe slot=0 remaining=1380 required=route
[15:50:36] [Render thread/INFO] (lodekeeper) [Lodekeeper] BREAK target=MutableBlockPos{x=15, y=-56, z=-14} block=Block{minecraft:deepslate} tool=minecraft:diamond_pickaxe slot=0 remaining=1379 required=route
[15:50:37] [Render thread/INFO] (lodekeeper) [Lodekeeper] PROGRESS elapsed_ms=464263 phase=traveling backend=baritone target=17,-55,-15 block=minecraft:deepslate_diamond_ore navigation_elapsed_ms=175945 navigation_ticks=3516 searching=false path_index=0 path_length=4 retries=0 pending_route_events=0 dropped_route_events=0 status=mining_and_collecting_minecraft:diamond___24/32
[15:50:37] [Render thread/INFO] (lodekeeper) [Lodekeeper] BREAK target=MutableBlockPos{x=16, y=-56, z=-14} block=Block{minecraft:deepslate} tool=minecraft:diamond_pickaxe slot=0 remaining=1378 required=route
[15:50:38] [Render thread/INFO] (lodekeeper) [Lodekeeper] BREAK target=MutableBlockPos{x=16, y=-56, z=-15} block=Block{minecraft:deepslate} tool=minecraft:diamond_pickaxe slot=0 remaining=1377 required=route
[15:50:39] [Render thread/INFO] (lodekeeper) [Lodekeeper] PROGRESS elapsed_ms=466312 phase=traveling backend=baritone target=17,-55,-15 block=minecraft:deepslate_diamond_ore navigation_elapsed_ms=177927 navigation_ticks=3556 searching=false path_index=0 path_length=3 retries=0 pending_route_events=0 dropped_route_events=0 status=mining_and_collecting_minecraft:diamond___24/32
[15:50:39] [Render thread/INFO] (lodekeeper) [Lodekeeper] BREAK target=MutableBlockPos{x=16, y=-55, z=-14} block=Block{minecraft:deepslate} tool=minecraft:diamond_pickaxe slot=0 remaining=1376 required=route
[15:50:40] [Render thread/INFO] (lodekeeper) [Lodekeeper] BREAK target=MutableBlockPos{x=16, y=-55, z=-15} block=Block{minecraft:deepslate} tool=minecraft:diamond_pickaxe slot=0 remaining=1375 required=route
[15:50:41] [Render thread/INFO] (lodekeeper) [Lodekeeper] PROGRESS elapsed_ms=468324 phase=traveling backend=baritone target=17,-55,-15 block=minecraft:deepslate_diamond_ore navigation_elapsed_ms=179939 navigation_ticks=3596 searching=false path_index=0 path_length=3 retries=0 pending_route_events=0 dropped_route_events=0 status=mining_and_collecting_minecraft:diamond___24/32
[15:50:41] [Render thread/INFO] (lodekeeper) [Lodekeeper] BREAK target=MutableBlockPos{x=17, y=-55, z=-15} block=Block{minecraft:deepslate_diamond_ore} tool=minecraft:diamond_pickaxe slot=0 remaining=1374 required=minecraft:diamond_pickaxe
[15:50:42] [Render thread/INFO] (lodekeeper) [Lodekeeper] NAV discovered=1 retained=64 rejected=0 requestTicks=3619 phase=MINE
[15:50:42] [Render thread/INFO] (lodekeeper) [Lodekeeper] NAV backend=baritone mode=MINE event=CALC_STARTED elapsedMs=181081
[15:50:42] [Render thread/INFO] (lodekeeper) [Lodekeeper] NAV calcTool=minecraft:diamond_pickaxe slot=0
[15:50:42] [Render thread/INFO] (lodekeeper) [Lodekeeper] NAV backend=baritone mode=MINE event=CALC_FINISHED_NOW_EXECUTING elapsedMs=181081
[15:50:42] [Render thread/INFO] (lodekeeper) [Lodekeeper] TARGET target=18,-55,-16 block=minecraft:deepslate_diamond_ore
[15:50:42] [Render thread/INFO] (lodekeeper) [Lodekeeper] BREAK target=MutableBlockPos{x=16, y=-54, z=-15} block=Block{minecraft:deepslate} tool=minecraft:diamond_pickaxe slot=0 remaining=1373 required=route
[15:50:43] [Render thread/INFO] (lodekeeper) [Lodekeeper] PROGRESS elapsed_ms=470368 phase=traveling backend=baritone target=18,-55,-16 block=minecraft:deepslate_diamond_ore navigation_elapsed_ms=181950 navigation_ticks=3636 searching=false path_index=0 path_length=4 retries=0 pending_route_events=0 dropped_route_events=0 status=mining_and_collecting_minecraft:diamond___25/32
[15:50:43] [Render thread/INFO] (lodekeeper) [Lodekeeper] BREAK target=MutableBlockPos{x=17, y=-54, z=-15} block=Block{minecraft:deepslate} tool=minecraft:diamond_pickaxe slot=0 remaining=1372 required=route
[15:50:44] [Render thread/INFO] (lodekeeper) [Lodekeeper] BREAK target=MutableBlockPos{x=17, y=-54, z=-16} block=Block{minecraft:deepslate} tool=minecraft:diamond_pickaxe slot=0 remaining=1371 required=route
[15:50:45] [Render thread/INFO] (lodekeeper) [Lodekeeper] PROGRESS elapsed_ms=472417 phase=traveling backend=baritone target=18,-55,-16 block=minecraft:deepslate_diamond_ore navigation_elapsed_ms=183932 navigation_ticks=3676 searching=false path_index=0 path_length=3 retries=0 pending_route_events=0 dropped_route_events=0 status=mining_and_collecting_minecraft:diamond___25/32
[15:50:45] [Render thread/INFO] (lodekeeper) [Lodekeeper] BREAK target=MutableBlockPos{x=17, y=-55, z=-16} block=Block{minecraft:deepslate} tool=minecraft:diamond_pickaxe slot=0 remaining=1370 required=route
[15:50:46] [Render thread/INFO] (lodekeeper) [Lodekeeper] BREAK target=MutableBlockPos{x=18, y=-54, z=-16} block=Block{minecraft:deepslate} tool=minecraft:diamond_pickaxe slot=0 remaining=1369 required=route
[15:50:47] [Render thread/INFO] (lodekeeper) [Lodekeeper] BREAK target=MutableBlockPos{x=18, y=-55, z=-16} block=Block{minecraft:deepslate_diamond_ore} tool=minecraft:diamond_pickaxe slot=0 remaining=1368 required=minecraft:diamond_pickaxe
[15:50:47] [Render thread/INFO] (lodekeeper) [Lodekeeper] PROGRESS elapsed_ms=474465 phase=traveling backend=baritone target=18,-55,-16 block=minecraft:deepslate_diamond_ore navigation_elapsed_ms=186147 navigation_ticks=3720 searching=false path_index=0 path_length=2 retries=0 pending_route_events=0 dropped_route_events=0 status=mining_and_collecting_minecraft:diamond___25/32
[15:50:48] [Render thread/INFO] (lodekeeper) [Lodekeeper] NAV backend=baritone mode=MINE event=AT_GOAL elapsedMs=186886
[15:50:48] [Render thread/INFO] (lodekeeper) [Lodekeeper] TARGET target=none
[15:50:48] [Render thread/INFO] (lodekeeper) [Lodekeeper] NAV backend=baritone mode=MINE event=CALC_STARTED elapsedMs=187258
[15:50:48] [Render thread/INFO] (lodekeeper) [Lodekeeper] NAV calcTool=minecraft:diamond_pickaxe slot=0
[15:50:48] [Render thread/INFO] (lodekeeper) [Lodekeeper] NAV discovered=1 retained=64 rejected=0 requestTicks=3743 phase=MINE
[15:50:48] [Render thread/INFO] (lodekeeper) [Lodekeeper] NAV backend=baritone mode=MINE event=CALC_FINISHED_NOW_EXECUTING elapsedMs=187290
[15:50:48] [Render thread/INFO] (lodekeeper) [Lodekeeper] TARGET target=7,-56,-14 block=minecraft:deepslate_diamond_ore
[15:50:49] [Render thread/INFO] (lodekeeper) [Lodekeeper] PROGRESS elapsed_ms=476511 phase=traveling backend=baritone target=7,-56,-14 block=minecraft:deepslate_diamond_ore navigation_elapsed_ms=188127 navigation_ticks=3760 searching=false path_index=0 path_length=11 retries=0 pending_route_events=0 dropped_route_events=0 status=mining_and_collecting_minecraft:diamond___26/32
[15:50:49] [Render thread/INFO] (lodekeeper) [Lodekeeper] BREAK target=MutableBlockPos{x=14, y=-57, z=-14} block=Block{minecraft:deepslate} tool=minecraft:diamond_pickaxe slot=0 remaining=1367 required=route
[15:50:50] [Render thread/INFO] (lodekeeper) [Lodekeeper] BREAK target=MutableBlockPos{x=14, y=-56, z=-14} block=Block{minecraft:deepslate} tool=minecraft:diamond_pickaxe slot=0 remaining=1366 required=route
[15:50:51] [Render thread/INFO] (lodekeeper) [Lodekeeper] PROGRESS elapsed_ms=478525 phase=traveling backend=baritone target=7,-56,-14 block=minecraft:deepslate_diamond_ore navigation_elapsed_ms=190141 navigation_ticks=3800 searching=false path_index=0 path_length=9 retries=0 pending_route_events=0 dropped_route_events=0 status=mining_and_collecting_minecraft:diamond___26/32
[15:50:52] [Render thread/INFO] (lodekeeper) [Lodekeeper] BREAK target=MutableBlockPos{x=13, y=-56, z=-14} block=Block{minecraft:deepslate} tool=minecraft:diamond_pickaxe slot=0 remaining=1365 required=route
[15:50:53] [Render thread/INFO] (lodekeeper) [Lodekeeper] BREAK target=MutableBlockPos{x=13, y=-57, z=-14} block=Block{minecraft:deepslate} tool=minecraft:diamond_pickaxe slot=0 remaining=1364 required=route
[15:50:53] [Render thread/INFO] (lodekeeper) [Lodekeeper] PROGRESS elapsed_ms=480570 phase=traveling backend=baritone target=7,-56,-14 block=minecraft:deepslate_diamond_ore navigation_elapsed_ms=192151 navigation_ticks=3840 searching=false path_index=0 path_length=8 retries=0 pending_route_events=0 dropped_route_events=0 status=mining_and_collecting_minecraft:diamond___26/32
[15:50:54] [Render thread/INFO] (lodekeeper) [Lodekeeper] BREAK target=MutableBlockPos{x=12, y=-56, z=-14} block=Block{minecraft:deepslate} tool=minecraft:diamond_pickaxe slot=0 remaining=1363 required=route
[15:50:54] [Render thread/INFO] (lodekeeper) [Lodekeeper] BREAK target=MutableBlockPos{x=12, y=-57, z=-14} block=Block{minecraft:deepslate} tool=minecraft:diamond_pickaxe slot=0 remaining=1362 required=route
[15:50:55] [Render thread/INFO] (lodekeeper) [Lodekeeper] PROGRESS elapsed_ms=482618 phase=traveling backend=baritone target=7,-56,-14 block=minecraft:deepslate_diamond_ore navigation_elapsed_ms=194133 navigation_ticks=3880 searching=false path_index=0 path_length=7 retries=0 pending_route_events=0 dropped_route_events=0 status=mining_and_collecting_minecraft:diamond___26/32
[15:50:55] [Render thread/INFO] (lodekeeper) [Lodekeeper] BREAK target=MutableBlockPos{x=11, y=-56, z=-14} block=Block{minecraft:deepslate} tool=minecraft:diamond_pickaxe slot=0 remaining=1361 required=route
[15:50:56] [Render thread/INFO] (lodekeeper) [Lodekeeper] BREAK target=MutableBlockPos{x=11, y=-57, z=-14} block=Block{minecraft:deepslate} tool=minecraft:diamond_pickaxe slot=0 remaining=1360 required=route
[15:50:57] [Render thread/INFO] (lodekeeper) [Lodekeeper] PROGRESS elapsed_ms=484668 phase=traveling backend=baritone target=7,-56,-14 block=minecraft:deepslate_diamond_ore navigation_elapsed_ms=196351 navigation_ticks=3924 searching=false path_index=0 path_length=5 retries=0 pending_route_events=0 dropped_route_events=0 status=mining_and_collecting_minecraft:diamond___26/32
[15:50:57] [Render thread/INFO] (lodekeeper) [Lodekeeper] BREAK target=MutableBlockPos{x=10, y=-56, z=-14} block=Block{minecraft:deepslate} tool=minecraft:diamond_pickaxe slot=0 remaining=1359 required=route
[15:50:58] [Render thread/INFO] (lodekeeper) [Lodekeeper] BREAK target=MutableBlockPos{x=10, y=-57, z=-14} block=Block{minecraft:deepslate} tool=minecraft:diamond_pickaxe slot=0 remaining=1358 required=route
[15:50:59] [Render thread/INFO] (lodekeeper) [Lodekeeper] BREAK target=MutableBlockPos{x=9, y=-56, z=-14} block=Block{minecraft:deepslate} tool=minecraft:diamond_pickaxe slot=0 remaining=1357 required=route
[15:50:59] [Render thread/INFO] (lodekeeper) [Lodekeeper] PROGRESS elapsed_ms=486719 phase=traveling backend=baritone target=7,-56,-14 block=minecraft:deepslate_diamond_ore navigation_elapsed_ms=198333 navigation_ticks=3964 searching=false path_index=0 path_length=4 retries=0 pending_route_events=0 dropped_route_events=0 status=mining_and_collecting_minecraft:diamond___26/32
[15:51:00] [Render thread/INFO] (lodekeeper) [Lodekeeper] BREAK target=MutableBlockPos{x=9, y=-57, z=-14} block=Block{minecraft:deepslate} tool=minecraft:diamond_pickaxe slot=0 remaining=1356 required=route
[15:51:01] [Render thread/INFO] (lodekeeper) [Lodekeeper] BREAK target=MutableBlockPos{x=8, y=-56, z=-14} block=Block{minecraft:deepslate} tool=minecraft:diamond_pickaxe slot=0 remaining=1355 required=route
[15:51:01] [Render thread/INFO] (lodekeeper) [Lodekeeper] PROGRESS elapsed_ms=488771 phase=traveling backend=baritone target=7,-56,-14 block=minecraft:deepslate_diamond_ore navigation_elapsed_ms=200352 navigation_ticks=4004 searching=false path_index=0 path_length=3 retries=0 pending_route_events=0 dropped_route_events=0 status=mining_and_collecting_minecraft:diamond___26/32
[15:51:02] [Render thread/INFO] (lodekeeper) [Lodekeeper] BREAK target=MutableBlockPos{x=8, y=-57, z=-14} block=Block{minecraft:deepslate} tool=minecraft:diamond_pickaxe slot=0 remaining=1354 required=route
[15:51:03] [Render thread/INFO] (lodekeeper) [Lodekeeper] BREAK target=MutableBlockPos{x=7, y=-56, z=-14} block=Block{minecraft:deepslate_diamond_ore} tool=minecraft:diamond_pickaxe slot=0 remaining=1353 required=minecraft:diamond_pickaxe
[15:51:03] [Render thread/INFO] (lodekeeper) [Lodekeeper] PROGRESS elapsed_ms=490822 phase=traveling backend=baritone target=7,-56,-14 block=minecraft:deepslate_diamond_ore navigation_elapsed_ms=202336 navigation_ticks=4044 searching=false path_index=0 path_length=2 retries=0 pending_route_events=0 dropped_route_events=0 status=mining_and_collecting_minecraft:diamond___26/32
[15:51:03] [Render thread/INFO] (lodekeeper) [Lodekeeper] NAV discovered=1 retained=64 rejected=0 requestTicks=4052 phase=MINE
[15:51:03] [Render thread/INFO] (lodekeeper) [Lodekeeper] TARGET target=8,-55,-13 block=minecraft:deepslate_diamond_ore
[15:51:03] [Render thread/INFO] (lodekeeper) [Lodekeeper] NAV backend=baritone mode=MINE event=CALC_STARTED elapsedMs=202740
[15:51:03] [Render thread/INFO] (lodekeeper) [Lodekeeper] NAV calcTool=minecraft:diamond_pickaxe slot=0
[15:51:03] [Render thread/INFO] (lodekeeper) [Lodekeeper] NAV backend=baritone mode=MINE event=CALC_FINISHED_NOW_EXECUTING elapsedMs=202741
[15:51:04] [Render thread/INFO] (lodekeeper) [Lodekeeper] BREAK target=MutableBlockPos{x=8, y=-56, z=-13} block=Block{minecraft:deepslate} tool=minecraft:diamond_pickaxe slot=0 remaining=1352 required=route
[15:51:05] [Render thread/INFO] (lodekeeper) [Lodekeeper] BREAK target=MutableBlockPos{x=8, y=-55, z=-14} block=Block{minecraft:deepslate} tool=minecraft:diamond_pickaxe slot=0 remaining=1351 required=route
[15:51:05] [Render thread/INFO] (lodekeeper) [Lodekeeper] PROGRESS elapsed_ms=492865 phase=traveling backend=baritone target=8,-55,-13 block=minecraft:deepslate_diamond_ore navigation_elapsed_ms=204547 navigation_ticks=4088 searching=false path_index=0 path_length=3 retries=0 pending_route_events=0 dropped_route_events=0 status=mining_and_collecting_minecraft:diamond___27/32
[15:51:06] [Render thread/INFO] (lodekeeper) [Lodekeeper] BREAK target=MutableBlockPos{x=8, y=-55, z=-13} block=Block{minecraft:deepslate_diamond_ore} tool=minecraft:diamond_pickaxe slot=0 remaining=1350 required=minecraft:diamond_pickaxe
[15:51:07] [Render thread/INFO] (lodekeeper) [Lodekeeper] NAV discovered=1 retained=64 rejected=0 requestTicks=4111 phase=MINE
[15:51:07] [Render thread/INFO] (lodekeeper) [Lodekeeper] TARGET target=8,-54,-13 block=minecraft:deepslate_diamond_ore
[15:51:07] [Render thread/INFO] (lodekeeper) [Lodekeeper] BREAK target=MutableBlockPos{x=8, y=-54, z=-13} block=Block{minecraft:deepslate_diamond_ore} tool=minecraft:diamond_pickaxe slot=0 remaining=1349 required=minecraft:diamond_pickaxe
[15:51:07] [Render thread/INFO] (lodekeeper) [Lodekeeper] PROGRESS elapsed_ms=494911 phase=traveling backend=baritone target=8,-54,-13 block=minecraft:deepslate_diamond_ore navigation_elapsed_ms=206527 navigation_ticks=4128 searching=false path_index=0 path_length=2 retries=0 pending_route_events=0 dropped_route_events=0 status=mining_and_collecting_minecraft:diamond___28/32
[15:51:08] [Render thread/INFO] (lodekeeper) [Lodekeeper] TARGET target=none
[15:51:08] [Render thread/INFO] (lodekeeper) [Lodekeeper] NAV backend=baritone mode=MINE event=AT_GOAL elapsedMs=207198
[15:51:08] [Render thread/INFO] (lodekeeper) [Lodekeeper] NAV backend=baritone mode=MINE event=CALC_STARTED elapsedMs=207333
[15:51:08] [Render thread/INFO] (lodekeeper) [Lodekeeper] NAV calcTool=minecraft:dirt slot=1
[15:51:08] [Render thread/INFO] (lodekeeper) [Lodekeeper] NAV discovered=1 retained=64 rejected=0 requestTicks=4145 phase=MINE
[15:51:08] [Render thread/INFO] (lodekeeper) [Lodekeeper] TARGET target=28,-48,-9 block=minecraft:deepslate_diamond_ore
[15:51:08] [Render thread/INFO] (lodekeeper) [Lodekeeper] NAV backend=baritone mode=MINE event=CALC_FINISHED_NOW_EXECUTING elapsedMs=207536
[15:51:08] [Render thread/INFO] (lodekeeper) [Lodekeeper] BREAK target=MutableBlockPos{x=8, y=-56, z=-13} block=Block{minecraft:dirt} tool=minecraft:dirt slot=1 remaining=-1 required=route
[15:51:09] [Render thread/INFO] (lodekeeper) [Lodekeeper] PROGRESS elapsed_ms=496925 phase=traveling backend=baritone target=28,-48,-9 block=minecraft:deepslate_diamond_ore navigation_elapsed_ms=208541 navigation_ticks=4168 searching=false path_index=0 path_length=41 retries=0 pending_route_events=0 dropped_route_events=0 status=mining_and_collecting_minecraft:diamond___29/32
[15:51:12] [Render thread/INFO] (lodekeeper) [Lodekeeper] PROGRESS elapsed_ms=498977 phase=traveling backend=baritone target=28,-48,-9 block=minecraft:deepslate_diamond_ore navigation_elapsed_ms=210558 navigation_ticks=4208 searching=false path_index=0 path_length=34 retries=0 pending_route_events=0 dropped_route_events=0 status=mining_and_collecting_minecraft:diamond___29/32
[15:51:14] [Render thread/INFO] (lodekeeper) [Lodekeeper] PROGRESS elapsed_ms=501023 phase=traveling backend=baritone target=28,-48,-9 block=minecraft:deepslate_diamond_ore navigation_elapsed_ms=212536 navigation_ticks=4248 searching=false path_index=0 path_length=24 retries=0 pending_route_events=0 dropped_route_events=0 status=mining_and_collecting_minecraft:diamond___29/32
[15:51:16] [Render thread/INFO] (lodekeeper) [Lodekeeper] PROGRESS elapsed_ms=503075 phase=traveling backend=baritone target=28,-48,-9 block=minecraft:deepslate_diamond_ore navigation_elapsed_ms=214757 navigation_ticks=4292 searching=false path_index=0 path_length=14 retries=0 pending_route_events=0 dropped_route_events=0 status=mining_and_collecting_minecraft:diamond___29/32
[15:51:17] [Render thread/INFO] (lodekeeper) [Lodekeeper] BREAK target=MutableBlockPos{x=24, y=-56, z=-8} block=Block{minecraft:deepslate} tool=minecraft:diamond_pickaxe slot=0 remaining=1348 required=route
[15:51:18] [Render thread/INFO] (lodekeeper) [Lodekeeper] BREAK target=MutableBlockPos{x=25, y=-56, z=-8} block=Block{minecraft:deepslate} tool=minecraft:diamond_pickaxe slot=0 remaining=1347 required=route
[15:51:18] [Render thread/INFO] (lodekeeper) [Lodekeeper] PROGRESS elapsed_ms=505106 phase=traveling backend=baritone target=28,-48,-9 block=minecraft:deepslate_diamond_ore navigation_elapsed_ms=216755 navigation_ticks=4332 searching=false path_index=0 path_length=9 retries=0 pending_route_events=0 dropped_route_events=0 status=mining_and_collecting_minecraft:diamond___29/32
[15:51:19] [Render thread/INFO] (lodekeeper) [Lodekeeper] BREAK target=MutableBlockPos{x=24, y=-55, z=-8} block=Block{minecraft:deepslate} tool=minecraft:diamond_pickaxe slot=0 remaining=1346 required=route
[15:51:19] [Render thread/INFO] (lodekeeper) [Lodekeeper] BREAK target=MutableBlockPos{x=25, y=-55, z=-8} block=Block{minecraft:deepslate} tool=minecraft:diamond_pickaxe slot=0 remaining=1345 required=route
[15:51:20] [Render thread/INFO] (lodekeeper) [Lodekeeper] PROGRESS elapsed_ms=507118 phase=traveling backend=baritone target=28,-48,-9 block=minecraft:deepslate_diamond_ore navigation_elapsed_ms=218733 navigation_ticks=4372 searching=false path_index=0 path_length=9 retries=0 pending_route_events=0 dropped_route_events=0 status=mining_and_collecting_minecraft:diamond___29/32
[15:51:20] [Render thread/INFO] (lodekeeper) [Lodekeeper] BREAK target=MutableBlockPos{x=25, y=-54, z=-8} block=Block{minecraft:deepslate} tool=minecraft:diamond_pickaxe slot=0 remaining=1344 required=route
[15:51:21] [Render thread/INFO] (lodekeeper) [Lodekeeper] NAV backend=baritone mode=MINE event=CALC_STARTED elapsedMs=220450
[15:51:21] [Render thread/INFO] (lodekeeper) [Lodekeeper] NAV calcTool=minecraft:air slot=1
[15:51:21] [Render thread/INFO] (lodekeeper) [Lodekeeper] NAV backend=baritone mode=MINE event=CALC_FINISHED_NOW_EXECUTING elapsedMs=220510
[15:51:21] [Render thread/INFO] (lodekeeper) [Lodekeeper] BREAK target=MutableBlockPos{x=26, y=-54, z=-8} block=Block{minecraft:deepslate} tool=minecraft:diamond_pickaxe slot=0 remaining=1343 required=route
[15:51:22] [Render thread/INFO] (lodekeeper) [Lodekeeper] PROGRESS elapsed_ms=509164 phase=traveling backend=baritone target=28,-48,-9 block=minecraft:deepslate_diamond_ore navigation_elapsed_ms=220748 navigation_ticks=4412 searching=false path_index=0 path_length=7 retries=0 pending_route_events=0 dropped_route_events=0 status=mining_and_collecting_minecraft:diamond___29/32
[15:51:22] [Render thread/INFO] (lodekeeper) [Lodekeeper] BREAK target=MutableBlockPos{x=25, y=-53, z=-8} block=Block{minecraft:deepslate} tool=minecraft:diamond_pickaxe slot=0 remaining=1342 required=route
[15:51:23] [Render thread/INFO] (lodekeeper) [Lodekeeper] BREAK target=MutableBlockPos{x=26, y=-53, z=-8} block=Block{minecraft:deepslate} tool=minecraft:diamond_pickaxe slot=0 remaining=1341 required=route
[15:51:24] [Render thread/INFO] (lodekeeper) [Lodekeeper] PROGRESS elapsed_ms=511216 phase=traveling backend=baritone target=28,-48,-9 block=minecraft:deepslate_diamond_ore navigation_elapsed_ms=222730 navigation_ticks=4452 searching=false path_index=0 path_length=7 retries=0 pending_route_events=0 dropped_route_events=0 status=mining_and_collecting_minecraft:diamond___29/32
[15:51:24] [Render thread/INFO] (lodekeeper) [Lodekeeper] BREAK target=MutableBlockPos{x=27, y=-53, z=-8} block=Block{minecraft:deepslate} tool=minecraft:diamond_pickaxe slot=0 remaining=1340 required=route
[15:51:25] [Render thread/INFO] (lodekeeper) [Lodekeeper] BREAK target=MutableBlockPos{x=26, y=-52, z=-8} block=Block{minecraft:deepslate} tool=minecraft:diamond_pickaxe slot=0 remaining=1339 required=route
[15:51:26] [Render thread/INFO] (lodekeeper) [Lodekeeper] PROGRESS elapsed_ms=513264 phase=traveling backend=baritone target=28,-48,-9 block=minecraft:deepslate_diamond_ore navigation_elapsed_ms=224946 navigation_ticks=4496 searching=false path_index=0 path_length=6 retries=0 pending_route_events=0 dropped_route_events=0 status=mining_and_collecting_minecraft:diamond___29/32
[15:51:26] [Render thread/INFO] (lodekeeper) [Lodekeeper] BREAK target=MutableBlockPos{x=27, y=-52, z=-8} block=Block{minecraft:deepslate} tool=minecraft:diamond_pickaxe slot=0 remaining=1338 required=route
[15:51:27] [Render thread/INFO] (lodekeeper) [Lodekeeper] BREAK target=MutableBlockPos{x=27, y=-52, z=-9} block=Block{minecraft:deepslate} tool=minecraft:diamond_pickaxe slot=0 remaining=1337 required=route
[15:51:28] [Render thread/INFO] (lodekeeper) [Lodekeeper] PROGRESS elapsed_ms=515315 phase=traveling backend=baritone target=28,-48,-9 block=minecraft:deepslate_diamond_ore navigation_elapsed_ms=226931 navigation_ticks=4536 searching=false path_index=0 path_length=5 retries=0 pending_route_events=0 dropped_route_events=0 status=mining_and_collecting_minecraft:diamond___29/32
[15:51:28] [Render thread/INFO] (lodekeeper) [Lodekeeper] BREAK target=MutableBlockPos{x=27, y=-51, z=-8} block=Block{minecraft:deepslate} tool=minecraft:diamond_pickaxe slot=0 remaining=1336 required=route
[15:51:29] [Render thread/INFO] (lodekeeper) [Lodekeeper] BREAK target=MutableBlockPos{x=27, y=-51, z=-9} block=Block{minecraft:deepslate} tool=minecraft:diamond_pickaxe slot=0 remaining=1335 required=route
[15:51:30] [Render thread/INFO] (lodekeeper) [Lodekeeper] PROGRESS elapsed_ms=517364 phase=traveling backend=baritone target=28,-48,-9 block=minecraft:deepslate_diamond_ore navigation_elapsed_ms=228945 navigation_ticks=4576 searching=false path_index=0 path_length=5 retries=0 pending_route_events=0 dropped_route_events=0 status=mining_and_collecting_minecraft:diamond___29/32
[15:51:30] [Render thread/INFO] (lodekeeper) [Lodekeeper] BREAK target=MutableBlockPos{x=28, y=-51, z=-9} block=Block{minecraft:deepslate} tool=minecraft:diamond_pickaxe slot=0 remaining=1334 required=route
[15:51:31] [Render thread/INFO] (lodekeeper) [Lodekeeper] BREAK target=MutableBlockPos{x=27, y=-50, z=-9} block=Block{minecraft:deepslate} tool=minecraft:diamond_pickaxe slot=0 remaining=1333 required=route
[15:51:32] [Render thread/INFO] (lodekeeper) [Lodekeeper] BREAK target=MutableBlockPos{x=28, y=-50, z=-9} block=Block{minecraft:deepslate} tool=minecraft:diamond_pickaxe slot=0 remaining=1332 required=route
[15:51:32] [Render thread/INFO] (lodekeeper) [Lodekeeper] PROGRESS elapsed_ms=519374 phase=traveling backend=baritone target=28,-48,-9 block=minecraft:deepslate_diamond_ore navigation_elapsed_ms=230954 navigation_ticks=4616 searching=false path_index=0 path_length=4 retries=0 pending_route_events=0 dropped_route_events=0 status=mining_and_collecting_minecraft:diamond___29/32
[15:51:33] [Render thread/INFO] (lodekeeper) [Lodekeeper] BREAK target=MutableBlockPos{x=28, y=-49, z=-9} block=Block{minecraft:deepslate} tool=minecraft:diamond_pickaxe slot=0 remaining=1331 required=route
[15:51:34] [Render thread/INFO] (lodekeeper) [Lodekeeper] BREAK target=MutableBlockPos{x=28, y=-48, z=-9} block=Block{minecraft:deepslate_diamond_ore} tool=minecraft:diamond_pickaxe slot=0 remaining=1330 required=minecraft:diamond_pickaxe
[15:51:34] [Render thread/INFO] (lodekeeper) [Lodekeeper] PROGRESS elapsed_ms=521421 phase=traveling backend=baritone target=28,-48,-9 block=minecraft:deepslate_diamond_ore navigation_elapsed_ms=232936 navigation_ticks=4656 searching=false path_index=0 path_length=3 retries=0 pending_route_events=0 dropped_route_events=0 status=mining_and_collecting_minecraft:diamond___29/32
[15:51:34] [Render thread/INFO] (lodekeeper) [Lodekeeper] NAV backend=baritone mode=MINE event=NEXT_SEGMENT_CALC_STARTED elapsedMs=233640
[15:51:35] [Render thread/INFO] (lodekeeper) [Lodekeeper] NAV discovered=1 retained=64 rejected=0 requestTicks=4671 phase=MINE
[15:51:35] [Render thread/INFO] (lodekeeper) [Lodekeeper] NAV backend=baritone mode=MINE event=NEXT_SEGMENT_CALC_FINISHED elapsedMs=233706
[15:51:35] [Render thread/INFO] (lodekeeper) [Lodekeeper] NAV backend=baritone mode=MINE event=CALC_STARTED elapsedMs=233706
[15:51:35] [Render thread/INFO] (lodekeeper) [Lodekeeper] NAV calcTool=minecraft:diamond_pickaxe slot=0
[15:51:35] [Render thread/INFO] (lodekeeper) [Lodekeeper] NAV backend=baritone mode=MINE event=CALC_FINISHED_NOW_EXECUTING elapsedMs=233706
[15:51:35] [Render thread/INFO] (lodekeeper) [Lodekeeper] TARGET target=28,-48,-10 block=minecraft:deepslate_diamond_ore
[15:51:35] [Render thread/INFO] (lodekeeper) [Lodekeeper] BREAK target=MutableBlockPos{x=28, y=-49, z=-10} block=Block{minecraft:deepslate} tool=minecraft:diamond_pickaxe slot=0 remaining=1329 required=route
[15:51:36] [Render thread/INFO] (lodekeeper) [Lodekeeper] BREAK target=MutableBlockPos{x=28, y=-48, z=-10} block=Block{minecraft:deepslate_diamond_ore} tool=minecraft:diamond_pickaxe slot=0 remaining=1328 required=minecraft:diamond_pickaxe
[15:51:36] [Render thread/INFO] (lodekeeper) [Lodekeeper] PROGRESS elapsed_ms=523468 phase=traveling backend=baritone target=28,-48,-10 block=minecraft:deepslate_diamond_ore navigation_elapsed_ms=235151 navigation_ticks=4700 searching=false path_index=0 path_length=2 retries=0 pending_route_events=0 dropped_route_events=0 status=mining_and_collecting_minecraft:diamond___30/32
[15:51:37] [Render thread/INFO] (lodekeeper) [Lodekeeper] NAV discovered=1 retained=64 rejected=0 requestTicks=4715 phase=MINE
[15:51:37] [Render thread/INFO] (lodekeeper) [Lodekeeper] NAV backend=baritone mode=MINE event=CALC_STARTED elapsedMs=235891
[15:51:37] [Render thread/INFO] (lodekeeper) [Lodekeeper] NAV calcTool=minecraft:diamond_pickaxe slot=0
[15:51:37] [Render thread/INFO] (lodekeeper) [Lodekeeper] NAV backend=baritone mode=MINE event=CALC_FINISHED_NOW_EXECUTING elapsedMs=235892
[15:51:37] [Render thread/INFO] (lodekeeper) [Lodekeeper] TARGET target=29,-48,-9 block=minecraft:deepslate_diamond_ore
[15:51:37] [Render thread/INFO] (lodekeeper) [Lodekeeper] BREAK target=MutableBlockPos{x=29, y=-49, z=-9} block=Block{minecraft:deepslate} tool=minecraft:diamond_pickaxe slot=0 remaining=1327 required=route
[15:51:38] [Render thread/INFO] (lodekeeper) [Lodekeeper] BREAK target=MutableBlockPos{x=29, y=-48, z=-9} block=Block{minecraft:deepslate_diamond_ore} tool=minecraft:diamond_pickaxe slot=0 remaining=1326 required=minecraft:diamond_pickaxe
[15:51:38] [Render thread/INFO] (lodekeeper) [Lodekeeper] PROGRESS elapsed_ms=525511 phase=traveling backend=baritone target=29,-48,-9 block=minecraft:deepslate_diamond_ore navigation_elapsed_ms=237127 navigation_ticks=4740 searching=false path_index=0 path_length=2 retries=0 pending_route_events=0 dropped_route_events=0 status=mining_and_collecting_minecraft:diamond___31/32
[15:51:39] [Render thread/INFO] (lodekeeper) [Lodekeeper] TARGET target=none
[15:51:39] [Render thread/INFO] (lodekeeper) [Lodekeeper] NAV discovered=1 retained=64 rejected=0 requestTicks=4757 phase=MINE
[15:51:39] [Render thread/INFO] (lodekeeper) [Lodekeeper] NAV backend=baritone mode=MINE event=CALC_STARTED elapsedMs=238000
[15:51:39] [Render thread/INFO] (lodekeeper) [Lodekeeper] NAV calcTool=minecraft:diamond_pickaxe slot=0
[15:51:39] [Render thread/INFO] (lodekeeper) [Lodekeeper] NAV backend=baritone mode=MINE event=CALC_FINISHED_NOW_EXECUTING elapsedMs=238000
[15:51:39] [Render thread/INFO] (lodekeeper) [Lodekeeper] TARGET target=29,-48,-10 block=minecraft:deepslate_diamond_ore
[15:51:39] [Render thread/INFO] (lodekeeper) [Lodekeeper] BREAK target=MutableBlockPos{x=29, y=-48, z=-10} block=Block{minecraft:deepslate_diamond_ore} tool=minecraft:diamond_pickaxe slot=0 remaining=1325 required=minecraft:diamond_pickaxe
[15:51:39] [Render thread/INFO] (lodekeeper) [Lodekeeper] TARGET target=none
[15:51:40] [Render thread/INFO] (lodekeeper) [Lodekeeper] STATION_POLICY decision=replace_distant station=minecraft:furnace position=BlockPos{x=15, y=70, z=9}
[15:51:40] [lodekeeper-planner/INFO] (lodekeeper) [Lodekeeper] PROJECT_MATERIALS project=gear_diamond before=[] after=[]
[15:51:40] [lodekeeper-planner/INFO] (lodekeeper) [Lodekeeper] PLAN project=gear_diamond success=true steps=12 branches=50 elapsedMs=3.119195
[15:51:40] [Render thread/INFO] (lodekeeper) [Lodekeeper] STEP kind=CRAFT source=server:minecraft:stick:1422 output=minecraft:stick count=4 operations=1 auxiliary=false
[15:51:40] [Render thread/INFO] (lodekeeper) [Lodekeeper] PROGRESS elapsed_ms=527523 phase=crafting backend=baritone target=none navigation_elapsed_ms=0 navigation_ticks=0 searching=false path_index=0 path_length=0 retries=0 pending_route_events=0 dropped_route_events=0 status=CRAFT_server:minecraft:stick:1422
[15:51:41] [Render thread/INFO] (lodekeeper) [Lodekeeper] STATION_POLICY decision=replace_distant station=minecraft:furnace position=BlockPos{x=15, y=70, z=9}
[15:51:41] [lodekeeper-planner/INFO] (lodekeeper) [Lodekeeper] PROJECT_MATERIALS project=gear_diamond before=[] after=[]
[15:51:41] [lodekeeper-planner/INFO] (lodekeeper) [Lodekeeper] PLAN project=gear_diamond success=true steps=11 branches=46 elapsedMs=1.047307
[15:51:41] [Render thread/INFO] (lodekeeper) [Lodekeeper] STEP kind=PLACE_STATION source=place:minecraft:crafting_table output=null count=0 operations=1 auxiliary=false
[15:51:41] [Render thread/INFO] (lodekeeper) [Lodekeeper] TARGET target=28,-50,-9 block=minecraft:crafting_table
[15:51:41] [Render thread/INFO] (lodekeeper) [Lodekeeper] STATION_POLICY decision=replace_distant station=minecraft:furnace position=BlockPos{x=15, y=70, z=9}
[15:51:42] [Render thread/INFO] (lodekeeper) [Lodekeeper] TARGET target=none
[15:51:42] [lodekeeper-planner/INFO] (lodekeeper) [Lodekeeper] PROJECT_MATERIALS project=gear_diamond before=[] after=[]
[15:51:42] [lodekeeper-planner/INFO] (lodekeeper) [Lodekeeper] PLAN project=gear_diamond success=true steps=10 branches=45 elapsedMs=0.753492
[15:51:42] [Render thread/INFO] (lodekeeper) [Lodekeeper] STEP kind=CRAFT source=server:minecraft:diamond_axe:463 output=minecraft:diamond_axe count=1 operations=1 auxiliary=false
[15:51:42] [Render thread/INFO] (lodekeeper) [Lodekeeper] PROGRESS elapsed_ms=529569 phase=crafting backend=baritone target=none navigation_elapsed_ms=0 navigation_ticks=0 searching=false path_index=0 path_length=0 retries=0 pending_route_events=0 dropped_route_events=0 status=CRAFT_server:minecraft:diamond_axe:463
[15:51:44] [Render thread/INFO] (lodekeeper) [Lodekeeper] PROGRESS elapsed_ms=531615 phase=crafting backend=baritone target=none navigation_elapsed_ms=0 navigation_ticks=0 searching=false path_index=0 path_length=0 retries=0 pending_route_events=0 dropped_route_events=0 status=CRAFT_server:minecraft:diamond_axe:463
[15:51:45] [Render thread/INFO] (lodekeeper) [Lodekeeper] STATION_POLICY decision=replace_distant station=minecraft:furnace position=BlockPos{x=15, y=70, z=9}
[15:51:45] [lodekeeper-planner/INFO] (lodekeeper) [Lodekeeper] PROJECT_MATERIALS project=gear_diamond before=[] after=[]
[15:51:45] [lodekeeper-planner/INFO] (lodekeeper) [Lodekeeper] PLAN project=gear_diamond success=true steps=9 branches=40 elapsedMs=0.887
[15:51:46] [Render thread/INFO] (lodekeeper) [Lodekeeper] STEP kind=CRAFT source=server:minecraft:diamond_boots:465 output=minecraft:diamond_boots count=1 operations=1 auxiliary=false
[15:51:46] [Render thread/INFO] (lodekeeper) [Lodekeeper] PROGRESS elapsed_ms=533626 phase=crafting backend=baritone target=none navigation_elapsed_ms=0 navigation_ticks=0 searching=false path_index=0 path_length=0 retries=0 pending_route_events=0 dropped_route_events=0 status=CRAFT_server:minecraft:diamond_boots:465
[15:51:48] [Render thread/INFO] (lodekeeper) [Lodekeeper] PROGRESS elapsed_ms=535645 phase=crafting backend=baritone target=none navigation_elapsed_ms=0 navigation_ticks=0 searching=false path_index=0 path_length=0 retries=0 pending_route_events=0 dropped_route_events=0 status=CRAFT_server:minecraft:diamond_boots:465
[15:51:49] [Render thread/INFO] (lodekeeper) [Lodekeeper] STATION_POLICY decision=replace_distant station=minecraft:furnace position=BlockPos{x=15, y=70, z=9}
[15:51:49] [lodekeeper-planner/INFO] (lodekeeper) [Lodekeeper] PROJECT_MATERIALS project=gear_diamond before=[] after=[]
[15:51:49] [lodekeeper-planner/INFO] (lodekeeper) [Lodekeeper] PLAN project=gear_diamond success=true steps=8 branches=36 elapsedMs=1.078971
[15:51:49] [Render thread/INFO] (lodekeeper) [Lodekeeper] STEP kind=CRAFT source=server:minecraft:diamond_chestplate:466 output=minecraft:diamond_chestplate count=1 operations=1 auxiliary=false
[15:51:50] [Render thread/INFO] (lodekeeper) [Lodekeeper] PROGRESS elapsed_ms=537655 phase=crafting backend=baritone target=none navigation_elapsed_ms=0 navigation_ticks=0 searching=false path_index=0 path_length=0 retries=0 pending_route_events=0 dropped_route_events=0 status=CRAFT_server:minecraft:diamond_chestplate:466
[15:51:52] [Render thread/INFO] (lodekeeper) [Lodekeeper] PROGRESS elapsed_ms=539667 phase=crafting backend=baritone target=none navigation_elapsed_ms=0 navigation_ticks=0 searching=false path_index=0 path_length=0 retries=0 pending_route_events=0 dropped_route_events=0 status=CRAFT_server:minecraft:diamond_chestplate:466
[15:51:54] [Render thread/INFO] (lodekeeper) [Lodekeeper] PROGRESS elapsed_ms=541716 phase=crafting backend=baritone target=none navigation_elapsed_ms=0 navigation_ticks=0 searching=false path_index=0 path_length=0 retries=0 pending_route_events=0 dropped_route_events=0 status=CRAFT_server:minecraft:diamond_chestplate:466
[15:51:55] [Render thread/INFO] (lodekeeper) [Lodekeeper] STATION_POLICY decision=replace_distant station=minecraft:furnace position=BlockPos{x=15, y=70, z=9}
[15:51:55] [lodekeeper-planner/INFO] (lodekeeper) [Lodekeeper] PROJECT_MATERIALS project=gear_diamond before=[] after=[]
[15:51:55] [lodekeeper-planner/INFO] (lodekeeper) [Lodekeeper] PLAN project=gear_diamond success=true steps=7 branches=32 elapsedMs=0.854051
[15:51:55] [Render thread/INFO] (lodekeeper) [Lodekeeper] STEP kind=CRAFT source=server:minecraft:diamond_helmet:471 output=minecraft:diamond_helmet count=1 operations=1 auxiliary=false
[15:51:56] [Render thread/INFO] (lodekeeper) [Lodekeeper] PROGRESS elapsed_ms=543765 phase=crafting backend=baritone target=none navigation_elapsed_ms=0 navigation_ticks=0 searching=false path_index=0 path_length=0 retries=0 pending_route_events=0 dropped_route_events=0 status=CRAFT_server:minecraft:diamond_helmet:471
[15:51:58] [Render thread/INFO] (lodekeeper) [Lodekeeper] PROGRESS elapsed_ms=545776 phase=crafting backend=baritone target=none navigation_elapsed_ms=0 navigation_ticks=0 searching=false path_index=0 path_length=0 retries=0 pending_route_events=0 dropped_route_events=0 status=CRAFT_server:minecraft:diamond_helmet:471
[15:51:59] [Render thread/INFO] (lodekeeper) [Lodekeeper] STATION_POLICY decision=replace_distant station=minecraft:furnace position=BlockPos{x=15, y=70, z=9}
[15:51:59] [lodekeeper-planner/INFO] (lodekeeper) [Lodekeeper] PROJECT_MATERIALS project=gear_diamond before=[] after=[]
[15:51:59] [lodekeeper-planner/INFO] (lodekeeper) [Lodekeeper] PLAN project=gear_diamond success=true steps=6 branches=28 elapsedMs=0.745272
[15:51:59] [Render thread/INFO] (lodekeeper) [Lodekeeper] STEP kind=CRAFT source=server:minecraft:diamond_hoe:472 output=minecraft:diamond_hoe count=1 operations=1 auxiliary=false
[15:52:00] [Render thread/INFO] (lodekeeper) [Lodekeeper] PROGRESS elapsed_ms=547820 phase=crafting backend=baritone target=none navigation_elapsed_ms=0 navigation_ticks=0 searching=false path_index=0 path_length=0 retries=0 pending_route_events=0 dropped_route_events=0 status=CRAFT_server:minecraft:diamond_hoe:472
[15:52:02] [Render thread/INFO] (lodekeeper) [Lodekeeper] PROGRESS elapsed_ms=549865 phase=crafting backend=baritone target=none navigation_elapsed_ms=0 navigation_ticks=0 searching=false path_index=0 path_length=0 retries=0 pending_route_events=0 dropped_route_events=0 status=CRAFT_server:minecraft:diamond_hoe:472
[15:52:02] [Render thread/INFO] (lodekeeper) [Lodekeeper] STATION_POLICY decision=replace_distant station=minecraft:furnace position=BlockPos{x=15, y=70, z=9}
[15:52:03] [lodekeeper-planner/INFO] (lodekeeper) [Lodekeeper] PROJECT_MATERIALS project=gear_diamond before=[] after=[]
[15:52:03] [lodekeeper-planner/INFO] (lodekeeper) [Lodekeeper] PLAN project=gear_diamond success=true steps=5 branches=23 elapsedMs=0.922355
[15:52:03] [Render thread/INFO] (lodekeeper) [Lodekeeper] STEP kind=CRAFT source=server:minecraft:diamond_leggings:473 output=minecraft:diamond_leggings count=1 operations=1 auxiliary=false
[15:52:04] [Render thread/INFO] (lodekeeper) [Lodekeeper] PROGRESS elapsed_ms=551876 phase=crafting backend=baritone target=none navigation_elapsed_ms=0 navigation_ticks=0 searching=false path_index=0 path_length=0 retries=0 pending_route_events=0 dropped_route_events=0 status=CRAFT_server:minecraft:diamond_leggings:473
[15:52:06] [Render thread/INFO] (lodekeeper) [Lodekeeper] PROGRESS elapsed_ms=553916 phase=crafting backend=baritone target=none navigation_elapsed_ms=0 navigation_ticks=0 searching=false path_index=0 path_length=0 retries=0 pending_route_events=0 dropped_route_events=0 status=CRAFT_server:minecraft:diamond_leggings:473
[15:52:08] [Render thread/INFO] (lodekeeper) [Lodekeeper] STATION_POLICY decision=replace_distant station=minecraft:furnace position=BlockPos{x=15, y=70, z=9}
[15:52:08] [lodekeeper-planner/INFO] (lodekeeper) [Lodekeeper] PROJECT_MATERIALS project=gear_diamond before=[] after=[]
[15:52:08] [lodekeeper-planner/INFO] (lodekeeper) [Lodekeeper] PLAN project=gear_diamond success=true steps=4 branches=19 elapsedMs=0.636163
[15:52:08] [Render thread/INFO] (lodekeeper) [Lodekeeper] STEP kind=CRAFT source=server:minecraft:birch_planks:59 output=minecraft:birch_planks count=4 operations=1 auxiliary=false
[15:52:08] [Render thread/INFO] (lodekeeper) [Lodekeeper] PROGRESS elapsed_ms=555925 phase=crafting backend=baritone target=none navigation_elapsed_ms=0 navigation_ticks=0 searching=false path_index=0 path_length=0 retries=0 pending_route_events=0 dropped_route_events=0 status=CRAFT_server:minecraft:birch_planks:59
[15:52:09] [Render thread/INFO] (lodekeeper) [Lodekeeper] STATION_POLICY decision=replace_distant station=minecraft:furnace position=BlockPos{x=15, y=70, z=9}
[15:52:09] [lodekeeper-planner/INFO] (lodekeeper) [Lodekeeper] PROJECT_MATERIALS project=gear_diamond before=[] after=[]
[15:52:09] [lodekeeper-planner/INFO] (lodekeeper) [Lodekeeper] PLAN project=gear_diamond success=true steps=3 branches=14 elapsedMs=0.731317
[15:52:09] [Render thread/INFO] (lodekeeper) [Lodekeeper] STEP kind=CRAFT source=server:minecraft:stick:1422 output=minecraft:stick count=4 operations=1 auxiliary=false
[15:52:11] [Render thread/INFO] (lodekeeper) [Lodekeeper] PROGRESS elapsed_ms=557965 phase=crafting backend=baritone target=none navigation_elapsed_ms=0 navigation_ticks=0 searching=false path_index=0 path_length=0 retries=0 pending_route_events=0 dropped_route_events=0 status=CRAFT_server:minecraft:stick:1422
[15:52:11] [Render thread/INFO] (lodekeeper) [Lodekeeper] STATION_POLICY decision=replace_distant station=minecraft:furnace position=BlockPos{x=15, y=70, z=9}
[15:52:11] [lodekeeper-planner/INFO] (lodekeeper) [Lodekeeper] PROJECT_MATERIALS project=gear_diamond before=[] after=[]
[15:52:11] [lodekeeper-planner/INFO] (lodekeeper) [Lodekeeper] PLAN project=gear_diamond success=true steps=2 branches=10 elapsedMs=0.533624
[15:52:11] [Render thread/INFO] (lodekeeper) [Lodekeeper] STEP kind=CRAFT source=server:minecraft:diamond_shovel:475 output=minecraft:diamond_shovel count=1 operations=1 auxiliary=false
[15:52:13] [Render thread/INFO] (lodekeeper) [Lodekeeper] PROGRESS elapsed_ms=560025 phase=crafting backend=baritone target=none navigation_elapsed_ms=0 navigation_ticks=0 searching=false path_index=0 path_length=0 retries=0 pending_route_events=0 dropped_route_events=0 status=CRAFT_server:minecraft:diamond_shovel:475
[15:52:14] [Render thread/INFO] (lodekeeper) [Lodekeeper] STATION_POLICY decision=replace_distant station=minecraft:furnace position=BlockPos{x=15, y=70, z=9}
[15:52:14] [lodekeeper-planner/INFO] (lodekeeper) [Lodekeeper] PROJECT_MATERIALS project=gear_diamond before=[] after=[]
[15:52:14] [lodekeeper-planner/INFO] (lodekeeper) [Lodekeeper] PLAN project=gear_diamond success=true steps=1 branches=5 elapsedMs=0.45741
[15:52:14] [Render thread/INFO] (lodekeeper) [Lodekeeper] STEP kind=CRAFT source=server:minecraft:diamond_sword:477 output=minecraft:diamond_sword count=1 operations=1 auxiliary=false
[15:52:15] [Render thread/INFO] (lodekeeper) [Lodekeeper] PROGRESS elapsed_ms=562072 phase=crafting backend=baritone target=none navigation_elapsed_ms=0 navigation_ticks=0 searching=false path_index=0 path_length=0 retries=0 pending_route_events=0 dropped_route_events=0 status=CRAFT_server:minecraft:diamond_sword:477
[15:52:16] [Render thread/INFO] (Minecraft) [System] [CHAT] [Lodekeeper] Project complete: gear_diamond (all 9 inventory targets are present)
[15:52:16] [Render thread/INFO] (lodekeeper) [Lodekeeper] task_end reason=idle label=gear_diamond___diamond_pickaxe elapsed_ms=563550 pending_route_events=0 dropped_route_events=0 status=idle
[15:52:26] [Render thread/INFO] (Minecraft) [STDOUT]: [Lodekeeper natural verification] passed; evidence: /private/tmp/lodekeeper-preview10-hunt-fixed-natural-263/run-verification/verification/2026-10-06T14-42-28.068597Z-0eaf1532/evidence
