[14:57:01] [Render thread/INFO] (Minecraft) [STDOUT]: [Lodekeeper natural verification] Starting gear_diamond in a normal survival world; evidence under /private/tmp/lodekeeper-preview10-ore-fixed-natural-1211-retry/run/verification/evidence
[14:57:01] [Render thread/INFO] (lodekeeper) [Lodekeeper] INIT mod=0.1.0-preview.10 minecraft=1.21.1
[14:57:33] [Render thread/INFO] (Minecraft) [System] [CHAT] [Lodekeeper] Queued project gear_diamond (9 inventory targets; A full diamond tool and armor set (35 diamonds in recipes).)
[14:57:33] [Render thread/INFO] (Minecraft) [STDOUT]: [Lodekeeper natural verification] Sent !lk project gear_diamond at server tick 98
[14:57:33] [Render thread/INFO] (lodekeeper) [Lodekeeper] BEGIN label=gear_diamond___diamond_pickaxe goal=1 inventory=0 startfeet=9,69,29 elapsed_ms=0 continued=false
[14:57:33] [lodekeeper-planner/INFO] (lodekeeper) [Lodekeeper] PLAN project=gear_diamond success=false steps=0 branches=45 elapsedMs=23.130051
[14:57:33] [lodekeeper-planner/INFO] (lodekeeper) [Lodekeeper] PROJECT_MATERIALS project=gear_diamond before=[gather:minecraft:birch_log:1, gather:minecraft:birch_log:1, gather:minecraft:birch_log:1, gather:minecraft:stone:3, gather:minecraft:iron_ore:3, gather:minecraft:stone:8, gather:minecraft:birch_log:1, gather:minecraft:diamond_ore:3, gather:minecraft:diamond_ore:3, gather:minecraft:diamond_ore:4, gather:minecraft:diamond_ore:8, gather:minecraft:diamond_ore:5, gather:minecraft:diamond_ore:2, gather:minecraft:diamond_ore:7, gather:minecraft:diamond_ore:1, gather:minecraft:acacia_log:1, gather:minecraft:diamond_ore:2] after=[gather:minecraft:birch_log:1, gather:minecraft:birch_log:1, gather:minecraft:birch_log:1, gather:minecraft:stone:3, gather:minecraft:iron_ore:3, gather:minecraft:stone:8, gather:minecraft:birch_log:1, gather:minecraft:diamond_ore:3, gather:minecraft:diamond_ore:3, gather:minecraft:diamond_ore:4, gather:minecraft:diamond_ore:8, gather:minecraft:diamond_ore:5, gather:minecraft:diamond_ore:2, gather:minecraft:diamond_ore:7, gather:minecraft:diamond_ore:1, gather:minecraft:birch_log:1, gather:minecraft:diamond_ore:2]
[14:57:33] [lodekeeper-planner/INFO] (lodekeeper) [Lodekeeper] PLAN project=gear_diamond success=true steps=43 branches=424 elapsedMs=33.309276
[14:57:33] [Render thread/INFO] (lodekeeper) [Lodekeeper] STEP kind=GATHER source=gather:minecraft:birch_log output=minecraft:birch_log count=5 operations=5 auxiliary=false
[14:57:33] [Render thread/INFO] (lodekeeper) [Lodekeeper] MINING_DEPTH policy=NEAREST desiredY=-2147483648 ceiling=2031 deficit=5 phase=MINE blocks=[Block{minecraft:birch_log}]
[14:57:34] [Render thread/INFO] (lodekeeper) [Lodekeeper] NAV scan=native-mine durationNanos=564241882 hits=-1 requestTicks=0
[14:57:34] [Render thread/INFO] (lodekeeper) [Lodekeeper] NAV backend=baritone mode=MINE event=CALC_STARTED elapsedMs=579
[14:57:34] [Render thread/INFO] (lodekeeper) [Lodekeeper] NAV calcTool=minecraft:air slot=0
[14:57:34] [Render thread/INFO] (lodekeeper) [Lodekeeper] ROUTE_SEARCH kind=unknown anchor=unknown feet_y16=0 candidates=0 target=none elapsed_ms=1045
[14:57:34] [Render thread/INFO] (lodekeeper) [Lodekeeper] NAV backend=baritone mode=MINE event=CALC_FINISHED_NOW_EXECUTING elapsedMs=846
[14:57:34] [Render thread/INFO] (lodekeeper) [Lodekeeper] TARGET target=2,70,31 block=minecraft:birch_log
[14:57:34] [Render thread/INFO] (lodekeeper) [Lodekeeper] ROUTE_TRAVEL path_index=0 path_length=11 target=2,70,31 block=minecraft:birch_log elapsed_ms=1325
[14:57:35] [Render thread/INFO] (lodekeeper) [Lodekeeper] PROGRESS elapsed_ms=2015 phase=traveling backend=baritone target=2,70,31 block=minecraft:birch_log navigation_elapsed_ms=1467 navigation_ticks=28 searching=false path_index=0 path_length=10 retries=0 pending_route_events=0 dropped_route_events=0 status=mining_and_collecting_minecraft:birch_log___0/5
[14:57:35] [Render thread/INFO] (lodekeeper) [Lodekeeper] BREAK target=Mutable{x=5, y=68, z=32} block=Block{minecraft:dirt} tool=minecraft:air slot=0 remaining=-1 required=route
[14:57:37] [Render thread/INFO] (lodekeeper) [Lodekeeper] BREAK target=Mutable{x=5, y=69, z=32} block=Block{minecraft:dirt} tool=minecraft:air slot=0 remaining=-1 required=route
[14:57:37] [Render thread/INFO] (lodekeeper) [Lodekeeper] PROGRESS elapsed_ms=4078 phase=traveling backend=baritone target=2,70,31 block=minecraft:birch_log navigation_elapsed_ms=3494 navigation_ticks=68 searching=false path_index=0 path_length=6 retries=0 pending_route_events=0 dropped_route_events=0 status=mining_and_collecting_minecraft:birch_log___0/5
[14:57:37] [Render thread/INFO] (lodekeeper) [Lodekeeper] BREAK target=Mutable{x=5, y=69, z=32} block=Block{minecraft:dirt} tool=minecraft:dirt slot=0 remaining=-1 required=route
[14:57:38] [Render thread/INFO] (lodekeeper) [Lodekeeper] BREAK target=Mutable{x=4, y=69, z=32} block=Block{minecraft:grass_block} tool=minecraft:dirt slot=0 remaining=-1 required=route
[14:57:39] [Render thread/INFO] (lodekeeper) [Lodekeeper] PROGRESS elapsed_ms=6078 phase=traveling backend=baritone target=2,70,31 block=minecraft:birch_log navigation_elapsed_ms=5496 navigation_ticks=108 searching=false path_index=0 path_length=5 retries=0 pending_route_events=0 dropped_route_events=0 status=mining_and_collecting_minecraft:birch_log___0/5
[14:57:39] [Render thread/INFO] (lodekeeper) [Lodekeeper] BREAK target=Mutable{x=5, y=70, z=32} block=Block{minecraft:grass_block} tool=minecraft:dirt slot=0 remaining=-1 required=route
[14:57:41] [Render thread/INFO] (lodekeeper) [Lodekeeper] PROGRESS elapsed_ms=8136 phase=traveling backend=baritone target=2,70,31 block=minecraft:birch_log navigation_elapsed_ms=7692 navigation_ticks=152 searching=false path_index=0 path_length=4 retries=0 pending_route_events=0 dropped_route_events=0 status=mining_and_collecting_minecraft:birch_log___0/5
[14:57:42] [Render thread/INFO] (lodekeeper) [Lodekeeper] BREAK target=Mutable{x=2, y=71, z=31} block=Block{minecraft:birch_log} tool=minecraft:dirt slot=0 remaining=-1 required=route
[14:57:43] [Render thread/INFO] (lodekeeper) [Lodekeeper] PROGRESS elapsed_ms=10188 phase=traveling backend=baritone target=2,70,31 block=minecraft:birch_log navigation_elapsed_ms=9675 navigation_ticks=192 searching=false path_index=0 path_length=2 retries=0 pending_route_events=0 dropped_route_events=0 status=mining_and_collecting_minecraft:birch_log___0/5
[14:57:45] [Render thread/INFO] (lodekeeper) [Lodekeeper] BREAK target=Mutable{x=2, y=70, z=31} block=Block{minecraft:birch_log} tool=minecraft:dirt slot=0 remaining=-1 required=route
[14:57:45] [Render thread/INFO] (lodekeeper) [Lodekeeper] PROGRESS elapsed_ms=12232 phase=traveling backend=baritone target=2,70,31 block=minecraft:birch_log navigation_elapsed_ms=11686 navigation_ticks=232 searching=false path_index=0 path_length=2 retries=0 pending_route_events=0 dropped_route_events=0 status=mining_and_collecting_minecraft:birch_log___0/5
[14:57:47] [Render thread/INFO] (lodekeeper) [Lodekeeper] PROGRESS elapsed_ms=14260 phase=traveling backend=baritone target=2,70,31 block=minecraft:birch_log navigation_elapsed_ms=13680 navigation_ticks=272 searching=false path_index=0 path_length=2 retries=0 pending_route_events=0 dropped_route_events=0 status=mining_and_collecting_minecraft:birch_log___1/5
[14:57:48] [Render thread/INFO] (lodekeeper) [Lodekeeper] TARGET target=2,72,31 block=minecraft:birch_log
[14:57:48] [Render thread/INFO] (lodekeeper) [Lodekeeper] BREAK target=Mutable{x=2, y=72, z=31} block=Block{minecraft:birch_log} tool=minecraft:dirt slot=0 remaining=-1 required=route
[14:57:49] [Render thread/INFO] (lodekeeper) [Lodekeeper] PROGRESS elapsed_ms=16274 phase=traveling backend=baritone target=2,72,31 block=minecraft:birch_log navigation_elapsed_ms=15694 navigation_ticks=312 searching=false path_index=0 path_length=2 retries=0 pending_route_events=0 dropped_route_events=0 status=mining_and_collecting_minecraft:birch_log___2/5
[14:57:51] [Render thread/INFO] (lodekeeper) [Lodekeeper] PROGRESS elapsed_ms=18281 phase=traveling backend=baritone target=2,72,31 block=minecraft:birch_log navigation_elapsed_ms=17666 navigation_ticks=352 searching=false path_index=0 path_length=2 retries=0 pending_route_events=0 dropped_route_events=0 status=mining_and_collecting_minecraft:birch_log___2/5
[14:57:52] [Render thread/INFO] (lodekeeper) [Lodekeeper] TARGET target=2,73,31 block=minecraft:birch_log
[14:57:52] [Render thread/INFO] (lodekeeper) [Lodekeeper] BREAK target=Mutable{x=2, y=73, z=31} block=Block{minecraft:birch_log} tool=minecraft:dirt slot=0 remaining=-1 required=route
[14:57:53] [Render thread/INFO] (lodekeeper) [Lodekeeper] PROGRESS elapsed_ms=20311 phase=traveling backend=baritone target=2,73,31 block=minecraft:birch_log navigation_elapsed_ms=19867 navigation_ticks=396 searching=false path_index=0 path_length=2 retries=0 pending_route_events=0 dropped_route_events=0 status=mining_and_collecting_minecraft:birch_log___3/5
[14:57:55] [Render thread/INFO] (lodekeeper) [Lodekeeper] TARGET target=2,74,31 block=minecraft:birch_log
[14:57:55] [Render thread/INFO] (lodekeeper) [Lodekeeper] BREAK target=Mutable{x=2, y=74, z=31} block=Block{minecraft:birch_log} tool=minecraft:dirt slot=0 remaining=-1 required=route
[14:57:55] [Render thread/INFO] (lodekeeper) [Lodekeeper] PROGRESS elapsed_ms=22332 phase=traveling backend=baritone target=2,74,31 block=minecraft:birch_log navigation_elapsed_ms=21888 navigation_ticks=436 searching=false path_index=0 path_length=2 retries=0 pending_route_events=0 dropped_route_events=0 status=mining_and_collecting_minecraft:birch_log___3/5
[14:57:57] [Render thread/INFO] (lodekeeper) [Lodekeeper] PROGRESS elapsed_ms=24388 phase=traveling backend=baritone target=2,74,31 block=minecraft:birch_log navigation_elapsed_ms=23876 navigation_ticks=476 searching=false path_index=0 path_length=2 retries=0 pending_route_events=0 dropped_route_events=0 status=mining_and_collecting_minecraft:birch_log___4/5
[14:57:58] [Render thread/INFO] (lodekeeper) [Lodekeeper] TARGET target=none
[14:57:58] [Render thread/INFO] (lodekeeper) [Lodekeeper] BREAK target=Mutable{x=2, y=75, z=31} block=Block{minecraft:birch_log} tool=minecraft:dirt slot=0 remaining=-1 required=route
[14:57:59] [lodekeeper-planner/INFO] (lodekeeper) [Lodekeeper] PROJECT_MATERIALS project=gear_diamond before=[gather:minecraft:stone:3, gather:minecraft:iron_ore:3, gather:minecraft:stone:8, gather:minecraft:diamond_ore:3, gather:minecraft:diamond_ore:3, gather:minecraft:birch_log:1, gather:minecraft:diamond_ore:4, gather:minecraft:diamond_ore:8, gather:minecraft:diamond_ore:5, gather:minecraft:diamond_ore:2, gather:minecraft:diamond_ore:7, gather:minecraft:diamond_ore:1, gather:minecraft:diamond_ore:2] after=[gather:minecraft:stone:3, gather:minecraft:iron_ore:3, gather:minecraft:stone:8, gather:minecraft:diamond_ore:3, gather:minecraft:diamond_ore:3, gather:minecraft:birch_log:1, gather:minecraft:diamond_ore:4, gather:minecraft:diamond_ore:8, gather:minecraft:diamond_ore:5, gather:minecraft:diamond_ore:2, gather:minecraft:diamond_ore:7, gather:minecraft:diamond_ore:1, gather:minecraft:diamond_ore:2]
[14:57:59] [lodekeeper-planner/INFO] (lodekeeper) [Lodekeeper] PLAN project=gear_diamond success=true steps=38 branches=176 elapsedMs=8.217073
[14:57:59] [Render thread/INFO] (lodekeeper) [Lodekeeper] STEP kind=CRAFT source=minecraft:birch_planks output=minecraft:birch_planks count=4 operations=1 auxiliary=false
[14:57:59] [Render thread/INFO] (lodekeeper) [Lodekeeper] PROGRESS elapsed_ms=26417 phase=crafting backend=baritone target=none navigation_elapsed_ms=0 navigation_ticks=0 searching=false path_index=0 path_length=0 retries=0 pending_route_events=0 dropped_route_events=0 status=CRAFT_minecraft:birch_planks
[14:58:00] [lodekeeper-planner/INFO] (lodekeeper) [Lodekeeper] PROJECT_MATERIALS project=gear_diamond before=[gather:minecraft:stone:3, gather:minecraft:iron_ore:3, gather:minecraft:stone:8, gather:minecraft:diamond_ore:3, gather:minecraft:diamond_ore:3, gather:minecraft:birch_log:1, gather:minecraft:diamond_ore:4, gather:minecraft:diamond_ore:8, gather:minecraft:diamond_ore:5, gather:minecraft:diamond_ore:2, gather:minecraft:diamond_ore:7, gather:minecraft:diamond_ore:1, gather:minecraft:diamond_ore:2] after=[gather:minecraft:stone:3, gather:minecraft:iron_ore:3, gather:minecraft:stone:8, gather:minecraft:diamond_ore:3, gather:minecraft:diamond_ore:3, gather:minecraft:birch_log:1, gather:minecraft:diamond_ore:4, gather:minecraft:diamond_ore:8, gather:minecraft:diamond_ore:5, gather:minecraft:diamond_ore:2, gather:minecraft:diamond_ore:7, gather:minecraft:diamond_ore:1, gather:minecraft:diamond_ore:2]
[14:58:00] [lodekeeper-planner/INFO] (lodekeeper) [Lodekeeper] PLAN project=gear_diamond success=true steps=37 branches=172 elapsedMs=6.747096
[14:58:00] [Render thread/INFO] (lodekeeper) [Lodekeeper] STEP kind=CRAFT source=minecraft:stick output=minecraft:stick count=4 operations=1 auxiliary=false
[14:58:01] [Render thread/INFO] (lodekeeper) [Lodekeeper] PROGRESS elapsed_ms=28426 phase=crafting backend=baritone target=none navigation_elapsed_ms=0 navigation_ticks=0 searching=false path_index=0 path_length=0 retries=0 pending_route_events=0 dropped_route_events=0 status=CRAFT_minecraft:stick
[14:58:02] [lodekeeper-planner/INFO] (lodekeeper) [Lodekeeper] PROJECT_MATERIALS project=gear_diamond before=[gather:minecraft:stone:3, gather:minecraft:iron_ore:3, gather:minecraft:stone:8, gather:minecraft:diamond_ore:3, gather:minecraft:diamond_ore:3, gather:minecraft:birch_log:1, gather:minecraft:diamond_ore:4, gather:minecraft:diamond_ore:8, gather:minecraft:diamond_ore:5, gather:minecraft:diamond_ore:2, gather:minecraft:diamond_ore:7, gather:minecraft:diamond_ore:1, gather:minecraft:diamond_ore:2] after=[gather:minecraft:stone:3, gather:minecraft:iron_ore:3, gather:minecraft:stone:8, gather:minecraft:diamond_ore:3, gather:minecraft:diamond_ore:3, gather:minecraft:birch_log:1, gather:minecraft:diamond_ore:4, gather:minecraft:diamond_ore:8, gather:minecraft:diamond_ore:5, gather:minecraft:diamond_ore:2, gather:minecraft:diamond_ore:7, gather:minecraft:diamond_ore:1, gather:minecraft:diamond_ore:2]
[14:58:02] [lodekeeper-planner/INFO] (lodekeeper) [Lodekeeper] PLAN project=gear_diamond success=true steps=36 branches=168 elapsedMs=5.583027
[14:58:02] [Render thread/INFO] (lodekeeper) [Lodekeeper] STEP kind=CRAFT source=minecraft:birch_planks output=minecraft:birch_planks count=4 operations=1 auxiliary=false
[14:58:03] [Render thread/INFO] (lodekeeper) [Lodekeeper] PROGRESS elapsed_ms=30434 phase=planning backend=baritone target=none navigation_elapsed_ms=0 navigation_ticks=0 searching=false path_index=0 path_length=0 retries=0 pending_route_events=0 dropped_route_events=0 status=planning
[14:58:03] [lodekeeper-planner/INFO] (lodekeeper) [Lodekeeper] PROJECT_MATERIALS project=gear_diamond before=[gather:minecraft:stone:3, gather:minecraft:iron_ore:3, gather:minecraft:stone:8, gather:minecraft:diamond_ore:3, gather:minecraft:diamond_ore:3, gather:minecraft:birch_log:1, gather:minecraft:diamond_ore:4, gather:minecraft:diamond_ore:8, gather:minecraft:diamond_ore:5, gather:minecraft:diamond_ore:2, gather:minecraft:diamond_ore:7, gather:minecraft:diamond_ore:1, gather:minecraft:diamond_ore:2] after=[gather:minecraft:stone:3, gather:minecraft:iron_ore:3, gather:minecraft:stone:8, gather:minecraft:diamond_ore:3, gather:minecraft:diamond_ore:3, gather:minecraft:birch_log:1, gather:minecraft:diamond_ore:4, gather:minecraft:diamond_ore:8, gather:minecraft:diamond_ore:5, gather:minecraft:diamond_ore:2, gather:minecraft:diamond_ore:7, gather:minecraft:diamond_ore:1, gather:minecraft:diamond_ore:2]
[14:58:03] [lodekeeper-planner/INFO] (lodekeeper) [Lodekeeper] PLAN project=gear_diamond success=true steps=35 branches=163 elapsedMs=4.590952
[14:58:03] [Render thread/INFO] (lodekeeper) [Lodekeeper] STEP kind=CRAFT source=minecraft:birch_planks output=minecraft:birch_planks count=4 operations=1 auxiliary=false
[14:58:04] [lodekeeper-planner/INFO] (lodekeeper) [Lodekeeper] PROJECT_MATERIALS project=gear_diamond before=[gather:minecraft:stone:3, gather:minecraft:iron_ore:3, gather:minecraft:stone:8, gather:minecraft:diamond_ore:3, gather:minecraft:diamond_ore:3, gather:minecraft:birch_log:1, gather:minecraft:diamond_ore:4, gather:minecraft:diamond_ore:8, gather:minecraft:diamond_ore:5, gather:minecraft:diamond_ore:2, gather:minecraft:diamond_ore:7, gather:minecraft:diamond_ore:1, gather:minecraft:diamond_ore:2] after=[gather:minecraft:stone:3, gather:minecraft:iron_ore:3, gather:minecraft:stone:8, gather:minecraft:diamond_ore:3, gather:minecraft:diamond_ore:3, gather:minecraft:birch_log:1, gather:minecraft:diamond_ore:4, gather:minecraft:diamond_ore:8, gather:minecraft:diamond_ore:5, gather:minecraft:diamond_ore:2, gather:minecraft:diamond_ore:7, gather:minecraft:diamond_ore:1, gather:minecraft:diamond_ore:2]
[14:58:04] [lodekeeper-planner/INFO] (lodekeeper) [Lodekeeper] PLAN project=gear_diamond success=true steps=34 branches=158 elapsedMs=5.232597
[14:58:04] [Render thread/INFO] (lodekeeper) [Lodekeeper] STEP kind=CRAFT source=minecraft:crafting_table output=minecraft:crafting_table count=1 operations=1 auxiliary=false
[14:58:05] [Render thread/INFO] (lodekeeper) [Lodekeeper] PROGRESS elapsed_ms=32481 phase=crafting backend=baritone target=none navigation_elapsed_ms=0 navigation_ticks=0 searching=false path_index=0 path_length=0 retries=0 pending_route_events=0 dropped_route_events=0 status=CRAFT_minecraft:crafting_table
[14:58:07] [Render thread/INFO] (lodekeeper) [Lodekeeper] PROGRESS elapsed_ms=34527 phase=crafting backend=baritone target=none navigation_elapsed_ms=0 navigation_ticks=0 searching=false path_index=0 path_length=0 retries=0 pending_route_events=0 dropped_route_events=0 status=CRAFT_minecraft:crafting_table
[14:58:08] [lodekeeper-planner/INFO] (lodekeeper) [Lodekeeper] PROJECT_MATERIALS project=gear_diamond before=[gather:minecraft:stone:3, gather:minecraft:iron_ore:3, gather:minecraft:stone:8, gather:minecraft:diamond_ore:3, gather:minecraft:diamond_ore:3, gather:minecraft:birch_log:1, gather:minecraft:diamond_ore:4, gather:minecraft:diamond_ore:8, gather:minecraft:diamond_ore:5, gather:minecraft:diamond_ore:2, gather:minecraft:diamond_ore:7, gather:minecraft:diamond_ore:1, gather:minecraft:diamond_ore:2] after=[gather:minecraft:stone:3, gather:minecraft:iron_ore:3, gather:minecraft:stone:8, gather:minecraft:diamond_ore:3, gather:minecraft:diamond_ore:3, gather:minecraft:birch_log:1, gather:minecraft:diamond_ore:4, gather:minecraft:diamond_ore:8, gather:minecraft:diamond_ore:5, gather:minecraft:diamond_ore:2, gather:minecraft:diamond_ore:7, gather:minecraft:diamond_ore:1, gather:minecraft:diamond_ore:2]
[14:58:08] [lodekeeper-planner/INFO] (lodekeeper) [Lodekeeper] PLAN project=gear_diamond success=true steps=33 branches=155 elapsedMs=6.725486
[14:58:08] [Render thread/INFO] (lodekeeper) [Lodekeeper] STEP kind=PLACE_STATION source=place:minecraft:crafting_table output=null count=0 operations=1 auxiliary=false
[14:58:08] [Render thread/INFO] (lodekeeper) [Lodekeeper] TARGET target=1,70,31 block=minecraft:crafting_table
[14:58:08] [Render thread/INFO] (lodekeeper) [Lodekeeper] TARGET target=none
[14:58:08] [lodekeeper-planner/INFO] (lodekeeper) [Lodekeeper] PROJECT_MATERIALS project=gear_diamond before=[gather:minecraft:stone:3, gather:minecraft:iron_ore:3, gather:minecraft:stone:8, gather:minecraft:diamond_ore:3, gather:minecraft:diamond_ore:3, gather:minecraft:birch_log:1, gather:minecraft:diamond_ore:4, gather:minecraft:diamond_ore:8, gather:minecraft:diamond_ore:5, gather:minecraft:diamond_ore:2, gather:minecraft:diamond_ore:7, gather:minecraft:diamond_ore:1, gather:minecraft:diamond_ore:2] after=[gather:minecraft:stone:3, gather:minecraft:iron_ore:3, gather:minecraft:stone:8, gather:minecraft:diamond_ore:3, gather:minecraft:diamond_ore:3, gather:minecraft:birch_log:1, gather:minecraft:diamond_ore:4, gather:minecraft:diamond_ore:8, gather:minecraft:diamond_ore:5, gather:minecraft:diamond_ore:2, gather:minecraft:diamond_ore:7, gather:minecraft:diamond_ore:1, gather:minecraft:diamond_ore:2]
[14:58:08] [lodekeeper-planner/INFO] (lodekeeper) [Lodekeeper] PLAN project=gear_diamond success=true steps=32 branches=154 elapsedMs=4.770824
[14:58:08] [Render thread/INFO] (lodekeeper) [Lodekeeper] STEP kind=CRAFT source=minecraft:wooden_pickaxe output=minecraft:wooden_pickaxe count=1 operations=1 auxiliary=false
[14:58:09] [Render thread/INFO] (lodekeeper) [Lodekeeper] PROGRESS elapsed_ms=36582 phase=crafting backend=baritone target=none navigation_elapsed_ms=0 navigation_ticks=0 searching=false path_index=0 path_length=0 retries=0 pending_route_events=0 dropped_route_events=0 status=CRAFT_minecraft:wooden_pickaxe
[14:58:11] [Render thread/INFO] (lodekeeper) [Lodekeeper] PROGRESS elapsed_ms=38635 phase=crafting backend=baritone target=none navigation_elapsed_ms=0 navigation_ticks=0 searching=false path_index=0 path_length=0 retries=0 pending_route_events=0 dropped_route_events=0 status=CRAFT_minecraft:wooden_pickaxe
[14:58:12] [lodekeeper-planner/INFO] (lodekeeper) [Lodekeeper] PROJECT_MATERIALS project=gear_diamond before=[gather:minecraft:stone:3, gather:minecraft:iron_ore:3, gather:minecraft:stone:8, gather:minecraft:diamond_ore:3, gather:minecraft:diamond_ore:3, gather:minecraft:birch_log:1, gather:minecraft:diamond_ore:4, gather:minecraft:diamond_ore:8, gather:minecraft:diamond_ore:5, gather:minecraft:diamond_ore:2, gather:minecraft:diamond_ore:7, gather:minecraft:diamond_ore:1, gather:minecraft:diamond_ore:2] after=[gather:minecraft:stone:3, gather:minecraft:iron_ore:3, gather:minecraft:stone:8, gather:minecraft:diamond_ore:3, gather:minecraft:diamond_ore:3, gather:minecraft:birch_log:1, gather:minecraft:diamond_ore:4, gather:minecraft:diamond_ore:8, gather:minecraft:diamond_ore:5, gather:minecraft:diamond_ore:2, gather:minecraft:diamond_ore:7, gather:minecraft:diamond_ore:1, gather:minecraft:diamond_ore:2]
[14:58:12] [lodekeeper-planner/INFO] (lodekeeper) [Lodekeeper] PLAN project=gear_diamond success=true steps=31 branches=149 elapsedMs=5.775854
[14:58:12] [Render thread/INFO] (lodekeeper) [Lodekeeper] STEP kind=GATHER source=gather:minecraft:stone output=minecraft:cobblestone count=3 operations=3 auxiliary=false
[14:58:13] [Render thread/INFO] (lodekeeper) [Lodekeeper] PROGRESS elapsed_ms=40660 phase=gathering backend=baritone target=none navigation_elapsed_ms=0 navigation_ticks=0 searching=false path_index=0 path_length=0 retries=0 pending_route_events=0 dropped_route_events=0 status=mining_the_recorded_owned_crafting_table
[14:58:15] [Render thread/INFO] (lodekeeper) [Lodekeeper] PROGRESS elapsed_ms=42683 phase=gathering backend=baritone target=none navigation_elapsed_ms=0 navigation_ticks=0 searching=false path_index=0 path_length=0 retries=0 pending_route_events=0 dropped_route_events=0 status=mining_the_recorded_owned_crafting_table
[14:58:16] [Render thread/INFO] (lodekeeper) [Lodekeeper] NAV backend=baritone mode=PICKUP event=CALC_STARTED elapsedMs=4
[14:58:16] [Render thread/INFO] (lodekeeper) [Lodekeeper] NAV calcTool=minecraft:dirt slot=0
[14:58:16] [Render thread/INFO] (lodekeeper) [Lodekeeper] NAV backend=baritone mode=PICKUP event=CALC_FINISHED_NOW_EXECUTING elapsedMs=33
[14:58:16] [Render thread/INFO] (lodekeeper) [Lodekeeper] NAV backend=baritone mode=PICKUP event=CALC_STARTED elapsedMs=167
[14:58:16] [Render thread/INFO] (lodekeeper) [Lodekeeper] NAV calcTool=minecraft:dirt slot=0
[14:58:16] [Render thread/INFO] (lodekeeper) [Lodekeeper] NAV backend=baritone mode=PICKUP event=CALC_FINISHED_NOW_EXECUTING elapsedMs=181
[14:58:16] [Render thread/INFO] (lodekeeper) [Lodekeeper] NAV backend=baritone mode=PICKUP event=CALC_STARTED elapsedMs=346
[14:58:16] [Render thread/INFO] (lodekeeper) [Lodekeeper] NAV calcTool=minecraft:dirt slot=0
[14:58:16] [Render thread/INFO] (lodekeeper) [Lodekeeper] NAV backend=baritone mode=PICKUP event=CALC_FINISHED_NOW_EXECUTING elapsedMs=347
[14:58:16] [Render thread/INFO] (lodekeeper) [Lodekeeper] NAV backend=baritone mode=IDLE event=CANCELED elapsedMs=379
[14:58:16] [Render thread/INFO] (lodekeeper) [Lodekeeper] NAV backend=baritone mode=IDLE event=CANCELED elapsedMs=379
[14:58:16] [Render thread/INFO] (lodekeeper) [Lodekeeper] NAV backend=baritone mode=IDLE event=CANCELED elapsedMs=446
[14:58:16] [Render thread/INFO] (lodekeeper) [Lodekeeper] NAV backend=baritone mode=IDLE event=CANCELED elapsedMs=480
[14:58:16] [Render thread/INFO] (lodekeeper) [Lodekeeper] MINING_DEPTH policy=NEAREST desiredY=-2147483648 ceiling=2031 deficit=3 phase=MINE blocks=[Block{minecraft:stone}]
[14:58:16] [Render thread/INFO] (lodekeeper) [Lodekeeper] NAV scan=native-mine durationNanos=3471674 hits=-1 requestTicks=0
[14:58:16] [Render thread/INFO] (lodekeeper) [Lodekeeper] NAV backend=baritone mode=MINE event=CALC_STARTED elapsedMs=5
[14:58:16] [Render thread/INFO] (lodekeeper) [Lodekeeper] NAV calcTool=minecraft:wooden_pickaxe slot=6
[14:58:16] [Render thread/INFO] (lodekeeper) [Lodekeeper] NAV backend=baritone mode=MINE event=CALC_FINISHED_NOW_EXECUTING elapsedMs=33
[14:58:16] [Render thread/INFO] (lodekeeper) [Lodekeeper] TARGET target=4,64,22 block=minecraft:stone
[14:58:17] [Render thread/INFO] (lodekeeper) [Lodekeeper] BREAK target=Mutable{x=5, y=70, z=27} block=Block{minecraft:grass_block} tool=minecraft:dirt slot=0 remaining=-1 required=route
[14:58:18] [Render thread/INFO] (lodekeeper) [Lodekeeper] PROGRESS elapsed_ms=44733 phase=traveling backend=baritone target=4,64,22 block=minecraft:stone navigation_elapsed_ms=1190 navigation_ticks=24 searching=false path_index=0 path_length=7 retries=0 pending_route_events=0 dropped_route_events=0 status=mining_and_collecting_minecraft:cobblestone___0/3
[14:58:20] [Render thread/INFO] (lodekeeper) [Lodekeeper] PROGRESS elapsed_ms=46779 phase=traveling backend=baritone target=4,64,22 block=minecraft:stone navigation_elapsed_ms=3203 navigation_ticks=64 searching=false path_index=0 path_length=6 retries=0 pending_route_events=0 dropped_route_events=0 status=mining_and_collecting_minecraft:cobblestone___0/3
[14:58:22] [Render thread/INFO] (lodekeeper) [Lodekeeper] PROGRESS elapsed_ms=48837 phase=traveling backend=baritone target=4,64,22 block=minecraft:stone navigation_elapsed_ms=5190 navigation_ticks=104 searching=false path_index=0 path_length=3 retries=0 pending_route_events=0 dropped_route_events=0 status=mining_and_collecting_minecraft:cobblestone___0/3
[14:58:22] [Render thread/INFO] (lodekeeper) [Lodekeeper] BREAK target=Mutable{x=4, y=64, z=22} block=Block{minecraft:stone} tool=minecraft:wooden_pickaxe slot=6 remaining=59 required=minecraft:wooden_pickaxe
[14:58:24] [Render thread/INFO] (lodekeeper) [Lodekeeper] PROGRESS elapsed_ms=50862 phase=traveling backend=baritone target=4,64,22 block=minecraft:stone navigation_elapsed_ms=7388 navigation_ticks=148 searching=false path_index=0 path_length=2 retries=0 pending_route_events=0 dropped_route_events=0 status=mining_and_collecting_minecraft:cobblestone___0/3
[14:58:26] [Render thread/INFO] (lodekeeper) [Lodekeeper] PROGRESS elapsed_ms=52874 phase=traveling backend=baritone target=4,64,22 block=minecraft:stone navigation_elapsed_ms=9399 navigation_ticks=188 searching=false path_index=0 path_length=2 retries=0 pending_route_events=0 dropped_route_events=0 status=mining_and_collecting_minecraft:cobblestone___0/3
[14:58:27] [Render thread/INFO] (lodekeeper) [Lodekeeper] NAV backend=baritone mode=MINE event=CALC_STARTED elapsedMs=11097
[14:58:27] [Render thread/INFO] (lodekeeper) [Lodekeeper] NAV calcTool=minecraft:dirt slot=0
[14:58:27] [Render thread/INFO] (lodekeeper) [Lodekeeper] NAV backend=baritone mode=MINE event=CALC_FINISHED_NOW_EXECUTING elapsedMs=11097
[14:58:27] [Render thread/INFO] (lodekeeper) [Lodekeeper] TARGET target=3,64,23 block=minecraft:stone
[14:58:28] [Render thread/INFO] (lodekeeper) [Lodekeeper] BREAK target=Mutable{x=3, y=63, z=23} block=Block{minecraft:stone} tool=minecraft:wooden_pickaxe slot=6 remaining=58 required=minecraft:wooden_pickaxe
[14:58:28] [Render thread/INFO] (lodekeeper) [Lodekeeper] PROGRESS elapsed_ms=54880 phase=traveling backend=baritone target=3,64,23 block=minecraft:stone navigation_elapsed_ms=11405 navigation_ticks=228 searching=false path_index=0 path_length=2 retries=0 pending_route_events=0 dropped_route_events=0 status=mining_and_collecting_minecraft:cobblestone___0/3
[14:58:30] [Render thread/INFO] (lodekeeper) [Lodekeeper] PROGRESS elapsed_ms=56936 phase=traveling backend=baritone target=3,64,23 block=minecraft:stone navigation_elapsed_ms=13392 navigation_ticks=268 searching=false path_index=0 path_length=2 retries=0 pending_route_events=0 dropped_route_events=0 status=mining_and_collecting_minecraft:cobblestone___0/3
[14:58:32] [Render thread/INFO] (lodekeeper) [Lodekeeper] PROGRESS elapsed_ms=58987 phase=traveling backend=baritone target=3,64,23 block=minecraft:stone navigation_elapsed_ms=15409 navigation_ticks=308 searching=false path_index=0 path_length=2 retries=0 pending_route_events=0 dropped_route_events=0 status=mining_and_collecting_minecraft:cobblestone___0/3
[14:58:34] [Render thread/INFO] (lodekeeper) [Lodekeeper] PROGRESS elapsed_ms=61010 phase=traveling backend=baritone target=3,64,23 block=minecraft:stone navigation_elapsed_ms=17400 navigation_ticks=348 searching=false path_index=0 path_length=2 retries=0 pending_route_events=0 dropped_route_events=0 status=mining_and_collecting_minecraft:cobblestone___0/3
[14:58:35] [Render thread/INFO] (lodekeeper) [Lodekeeper] NAV backend=baritone mode=MINE event=CALC_STARTED elapsedMs=18842
[14:58:35] [Render thread/INFO] (lodekeeper) [Lodekeeper] NAV calcTool=minecraft:wooden_pickaxe slot=6
[14:58:35] [Render thread/INFO] (lodekeeper) [Lodekeeper] NAV backend=baritone mode=MINE event=CALC_FINISHED_NOW_EXECUTING elapsedMs=18908
[14:58:36] [Render thread/INFO] (lodekeeper) [Lodekeeper] PROGRESS elapsed_ms=63036 phase=traveling backend=baritone target=3,64,23 block=minecraft:stone navigation_elapsed_ms=19389 navigation_ticks=388 searching=false path_index=0 path_length=2 retries=0 pending_route_events=0 dropped_route_events=0 status=mining_and_collecting_minecraft:cobblestone___0/3
[14:58:38] [Render thread/INFO] (lodekeeper) [Lodekeeper] PROGRESS elapsed_ms=65084 phase=traveling backend=baritone target=3,64,23 block=minecraft:stone navigation_elapsed_ms=21610 navigation_ticks=432 searching=false path_index=0 path_length=2 retries=0 pending_route_events=0 dropped_route_events=0 status=mining_and_collecting_minecraft:cobblestone___0/3
[14:58:40] [Render thread/INFO] (lodekeeper) [Lodekeeper] PROGRESS elapsed_ms=67114 phase=traveling backend=baritone target=3,64,23 block=minecraft:stone navigation_elapsed_ms=23605 navigation_ticks=472 searching=false path_index=0 path_length=2 retries=0 pending_route_events=0 dropped_route_events=0 status=mining_and_collecting_minecraft:cobblestone___0/3
[14:58:42] [Render thread/INFO] (lodekeeper) [Lodekeeper] PROGRESS elapsed_ms=69133 phase=traveling backend=baritone target=3,64,23 block=minecraft:stone navigation_elapsed_ms=25588 navigation_ticks=512 searching=false path_index=0 path_length=2 retries=0 pending_route_events=0 dropped_route_events=0 status=mining_and_collecting_minecraft:cobblestone___0/3
[14:58:43] [Render thread/INFO] (lodekeeper) [Lodekeeper] NAV backend=baritone mode=MINE event=CALC_STARTED elapsedMs=26653
[14:58:43] [Render thread/INFO] (lodekeeper) [Lodekeeper] NAV calcTool=minecraft:wooden_pickaxe slot=6
[14:58:43] [Render thread/INFO] (lodekeeper) [Lodekeeper] NAV backend=baritone mode=MINE event=CALC_FINISHED_NOW_EXECUTING elapsedMs=26687
[14:58:44] [Render thread/INFO] (lodekeeper) [Lodekeeper] PROGRESS elapsed_ms=71179 phase=traveling backend=baritone target=3,64,23 block=minecraft:stone navigation_elapsed_ms=27602 navigation_ticks=552 searching=false path_index=0 path_length=2 retries=0 pending_route_events=0 dropped_route_events=0 status=mining_and_collecting_minecraft:cobblestone___0/3
[14:58:46] [Render thread/INFO] (lodekeeper) [Lodekeeper] PROGRESS elapsed_ms=73236 phase=traveling backend=baritone target=3,64,23 block=minecraft:stone navigation_elapsed_ms=29588 navigation_ticks=592 searching=false path_index=0 path_length=2 retries=0 pending_route_events=0 dropped_route_events=0 status=mining_and_collecting_minecraft:cobblestone___0/3
[14:58:48] [Render thread/INFO] (lodekeeper) [Lodekeeper] PROGRESS elapsed_ms=75285 phase=traveling backend=baritone target=3,64,23 block=minecraft:stone navigation_elapsed_ms=31810 navigation_ticks=636 searching=false path_index=0 path_length=2 retries=0 pending_route_events=0 dropped_route_events=0 status=mining_and_collecting_minecraft:cobblestone___0/3
[14:58:49] [Render thread/INFO] (lodekeeper) [Lodekeeper] BREAK target=Mutable{x=3, y=64, z=23} block=Block{minecraft:stone} tool=minecraft:wooden_pickaxe slot=6 remaining=57 required=minecraft:wooden_pickaxe
[14:58:50] [Render thread/INFO] (lodekeeper) [Lodekeeper] PROGRESS elapsed_ms=77332 phase=traveling backend=baritone target=3,64,23 block=minecraft:stone navigation_elapsed_ms=33789 navigation_ticks=676 searching=false path_index=0 path_length=2 retries=0 pending_route_events=0 dropped_route_events=0 status=mining_and_collecting_minecraft:cobblestone___1/3
[14:58:51] [Render thread/INFO] (lodekeeper) [Lodekeeper] NAV backend=baritone mode=MINE event=CALC_STARTED elapsedMs=34440
[14:58:51] [Render thread/INFO] (lodekeeper) [Lodekeeper] NAV calcTool=minecraft:wooden_pickaxe slot=6
[14:58:51] [Render thread/INFO] (lodekeeper) [Lodekeeper] NAV backend=baritone mode=MINE event=CALC_FINISHED_NOW_EXECUTING elapsedMs=34508
[14:58:52] [Render thread/INFO] (lodekeeper) [Lodekeeper] PROGRESS elapsed_ms=79387 phase=traveling backend=baritone target=3,64,23 block=minecraft:stone navigation_elapsed_ms=35811 navigation_ticks=716 searching=false path_index=0 path_length=2 retries=0 pending_route_events=0 dropped_route_events=0 status=mining_and_collecting_minecraft:cobblestone___1/3
[14:58:54] [Render thread/INFO] (lodekeeper) [Lodekeeper] PROGRESS elapsed_ms=81413 phase=traveling backend=baritone target=3,64,23 block=minecraft:stone navigation_elapsed_ms=37803 navigation_ticks=756 searching=false path_index=0 path_length=2 retries=0 pending_route_events=0 dropped_route_events=0 status=mining_and_collecting_minecraft:cobblestone___1/3
[14:58:56] [Render thread/INFO] (lodekeeper) [Lodekeeper] PROGRESS elapsed_ms=83423 phase=traveling backend=baritone target=3,64,23 block=minecraft:stone navigation_elapsed_ms=39811 navigation_ticks=796 searching=false path_index=0 path_length=2 retries=0 pending_route_events=0 dropped_route_events=0 status=mining_and_collecting_minecraft:cobblestone___1/3
[14:58:56] [Render thread/INFO] (lodekeeper) [Lodekeeper] TARGET target=3,65,23 block=minecraft:stone
[14:58:57] [Render thread/INFO] (lodekeeper) [Lodekeeper] NAV backend=baritone mode=MINE event=CALC_STARTED elapsedMs=40256
[14:58:57] [Render thread/INFO] (lodekeeper) [Lodekeeper] NAV calcTool=minecraft:wooden_pickaxe slot=6
[14:58:57] [Render thread/INFO] (lodekeeper) [Lodekeeper] NAV backend=baritone mode=MINE event=CALC_FINISHED_NOW_EXECUTING elapsedMs=40256
[14:58:57] [Render thread/INFO] (lodekeeper) [Lodekeeper] TARGET target=5,64,21 block=minecraft:stone
[14:58:57] [Render thread/INFO] (lodekeeper) [Lodekeeper] TARGET target=none
[14:58:57] [lodekeeper-planner/INFO] (lodekeeper) [Lodekeeper] PROJECT_MATERIALS project=gear_diamond before=[gather:minecraft:iron_ore:3, gather:minecraft:stone:8, gather:minecraft:diamond_ore:3, gather:minecraft:diamond_ore:3, gather:minecraft:birch_log:1, gather:minecraft:diamond_ore:4, gather:minecraft:diamond_ore:8, gather:minecraft:diamond_ore:5, gather:minecraft:diamond_ore:2, gather:minecraft:diamond_ore:7, gather:minecraft:diamond_ore:1, gather:minecraft:diamond_ore:2] after=[gather:minecraft:iron_ore:3, gather:minecraft:stone:8, gather:minecraft:diamond_ore:3, gather:minecraft:diamond_ore:3, gather:minecraft:birch_log:1, gather:minecraft:diamond_ore:4, gather:minecraft:diamond_ore:8, gather:minecraft:diamond_ore:5, gather:minecraft:diamond_ore:2, gather:minecraft:diamond_ore:7, gather:minecraft:diamond_ore:1, gather:minecraft:diamond_ore:2]
[14:58:57] [lodekeeper-planner/INFO] (lodekeeper) [Lodekeeper] PLAN project=gear_diamond success=true steps=31 branches=145 elapsedMs=4.988617
[14:58:57] [Render thread/INFO] (lodekeeper) [Lodekeeper] STEP kind=PLACE_STATION source=place:minecraft:crafting_table output=null count=0 operations=1 auxiliary=false
[14:58:57] [Render thread/INFO] (lodekeeper) [Lodekeeper] TARGET target=3,63,23 block=minecraft:crafting_table
[14:58:57] [Render thread/INFO] (lodekeeper) [Lodekeeper] TARGET target=none
[14:58:57] [lodekeeper-planner/INFO] (lodekeeper) [Lodekeeper] PROJECT_MATERIALS project=gear_diamond before=[gather:minecraft:iron_ore:3, gather:minecraft:stone:8, gather:minecraft:diamond_ore:3, gather:minecraft:diamond_ore:3, gather:minecraft:birch_log:1, gather:minecraft:diamond_ore:4, gather:minecraft:diamond_ore:8, gather:minecraft:diamond_ore:5, gather:minecraft:diamond_ore:2, gather:minecraft:diamond_ore:7, gather:minecraft:diamond_ore:1, gather:minecraft:diamond_ore:2] after=[gather:minecraft:iron_ore:3, gather:minecraft:stone:8, gather:minecraft:diamond_ore:3, gather:minecraft:diamond_ore:3, gather:minecraft:birch_log:1, gather:minecraft:diamond_ore:4, gather:minecraft:diamond_ore:8, gather:minecraft:diamond_ore:5, gather:minecraft:diamond_ore:2, gather:minecraft:diamond_ore:7, gather:minecraft:diamond_ore:1, gather:minecraft:diamond_ore:2]
[14:58:57] [lodekeeper-planner/INFO] (lodekeeper) [Lodekeeper] PLAN project=gear_diamond success=true steps=30 branches=144 elapsedMs=4.444774
[14:58:57] [Render thread/INFO] (lodekeeper) [Lodekeeper] STEP kind=CRAFT source=minecraft:stone_pickaxe output=minecraft:stone_pickaxe count=1 operations=1 auxiliary=false
[14:58:58] [Render thread/INFO] (lodekeeper) [Lodekeeper] PROGRESS elapsed_ms=85475 phase=crafting backend=baritone target=none navigation_elapsed_ms=0 navigation_ticks=0 searching=false path_index=0 path_length=0 retries=0 pending_route_events=0 dropped_route_events=0 status=CRAFT_minecraft:stone_pickaxe
[14:59:00] [Render thread/INFO] (lodekeeper) [Lodekeeper] PROGRESS elapsed_ms=87530 phase=crafting backend=baritone target=none navigation_elapsed_ms=0 navigation_ticks=0 searching=false path_index=0 path_length=0 retries=0 pending_route_events=0 dropped_route_events=0 status=CRAFT_minecraft:stone_pickaxe
[14:59:01] [lodekeeper-planner/INFO] (lodekeeper) [Lodekeeper] PROJECT_MATERIALS project=gear_diamond before=[gather:minecraft:iron_ore:3, gather:minecraft:stone:8, gather:minecraft:diamond_ore:3, gather:minecraft:diamond_ore:3, gather:minecraft:birch_log:1, gather:minecraft:diamond_ore:4, gather:minecraft:diamond_ore:8, gather:minecraft:diamond_ore:5, gather:minecraft:diamond_ore:2, gather:minecraft:diamond_ore:7, gather:minecraft:diamond_ore:1, gather:minecraft:diamond_ore:2] after=[gather:minecraft:iron_ore:3, gather:minecraft:stone:8, gather:minecraft:diamond_ore:3, gather:minecraft:diamond_ore:3, gather:minecraft:birch_log:1, gather:minecraft:diamond_ore:4, gather:minecraft:diamond_ore:8, gather:minecraft:diamond_ore:5, gather:minecraft:diamond_ore:2, gather:minecraft:diamond_ore:7, gather:minecraft:diamond_ore:1, gather:minecraft:diamond_ore:2]
[14:59:01] [lodekeeper-planner/INFO] (lodekeeper) [Lodekeeper] PLAN project=gear_diamond success=true steps=29 branches=139 elapsedMs=4.360149
[14:59:01] [Render thread/INFO] (lodekeeper) [Lodekeeper] STEP kind=GATHER source=gather:minecraft:iron_ore output=minecraft:raw_iron count=3 operations=3 auxiliary=false
[14:59:01] [Render thread/INFO] (lodekeeper) [Lodekeeper] MINING_DEPTH policy=NEAREST desiredY=16 ceiling=2031 deficit=3 phase=MINE blocks=[Block{minecraft:iron_ore}, Block{minecraft:deepslate_iron_ore}]
[14:59:01] [Render thread/INFO] (lodekeeper) [Lodekeeper] NAV scan=native-mine durationNanos=2341508 hits=-1 requestTicks=0
[14:59:01] [Render thread/INFO] (lodekeeper) [Lodekeeper] NAV backend=baritone mode=MINE event=CALC_STARTED elapsedMs=3
[14:59:01] [Render thread/INFO] (lodekeeper) [Lodekeeper] NAV calcTool=minecraft:stone_pickaxe slot=7
[14:59:02] [Render thread/INFO] (lodekeeper) [Lodekeeper] NAV backend=baritone mode=IDLE event=CANCELED elapsedMs=71
[14:59:02] [Render thread/INFO] (lodekeeper) [Lodekeeper] NAV backend=baritone mode=IDLE event=CANCELED elapsedMs=71
[14:59:02] [Render thread/INFO] (lodekeeper) [Lodekeeper] FOOD_PURSUIT event=start target=ffe898ba-de12-40f1-8e14-ba90e99e2371 routes=1 failedRoutes=0 attacks=0 health=10.0 closestBoxDistance=19.51 elapsedMs=0
[14:59:02] [Render thread/INFO] (lodekeeper) [Lodekeeper] NAV backend=baritone mode=FOLLOW event=CALC_STARTED elapsedMs=3
[14:59:02] [Render thread/INFO] (lodekeeper) [Lodekeeper] NAV calcTool=minecraft:stone_pickaxe slot=7
[14:59:02] [Render thread/INFO] (lodekeeper) [Lodekeeper] NAV backend=baritone mode=FOLLOW event=CALC_FINISHED_NOW_EXECUTING elapsedMs=32
[14:59:02] [Render thread/INFO] (lodekeeper) [Lodekeeper] NAV backend=baritone mode=FOLLOW event=CALC_STARTED elapsedMs=304
[14:59:02] [Render thread/INFO] (lodekeeper) [Lodekeeper] NAV calcTool=minecraft:stone_pickaxe slot=7
[14:59:02] [Render thread/INFO] (lodekeeper) [Lodekeeper] NAV backend=baritone mode=FOLLOW event=CALC_FINISHED_NOW_EXECUTING elapsedMs=305
[14:59:02] [Render thread/INFO] (lodekeeper) [Lodekeeper] PROGRESS elapsed_ms=89580 phase=traveling backend=baritone target=none navigation_elapsed_ms=786 navigation_ticks=16 searching=false path_index=0 path_length=24 retries=0 pending_route_events=0 dropped_route_events=0 status=pursuing_cow__1_
[14:59:03] [Render thread/INFO] (lodekeeper) [Lodekeeper] NAV backend=baritone mode=FOLLOW event=CALC_STARTED elapsedMs=1199
[14:59:03] [Render thread/INFO] (lodekeeper) [Lodekeeper] NAV calcTool=minecraft:stone_pickaxe slot=7
[14:59:03] [Render thread/INFO] (lodekeeper) [Lodekeeper] NAV backend=baritone mode=FOLLOW event=CALC_FINISHED_NOW_EXECUTING elapsedMs=1199
[14:59:04] [Render thread/INFO] (lodekeeper) [Lodekeeper] NAV backend=baritone mode=FOLLOW event=CALC_STARTED elapsedMs=2132
[14:59:04] [Render thread/INFO] (lodekeeper) [Lodekeeper] NAV calcTool=minecraft:stone_pickaxe slot=7
[14:59:04] [Render thread/INFO] (lodekeeper) [Lodekeeper] NAV backend=baritone mode=FOLLOW event=CALC_FINISHED_NOW_EXECUTING elapsedMs=2133
[14:59:04] [Render thread/INFO] (lodekeeper) [Lodekeeper] PROGRESS elapsed_ms=91614 phase=traveling backend=baritone target=none navigation_elapsed_ms=2785 navigation_ticks=56 searching=false path_index=0 path_length=17 retries=0 pending_route_events=0 dropped_route_events=0 status=pursuing_cow__1_
[14:59:05] [Render thread/INFO] (lodekeeper) [Lodekeeper] NAV backend=baritone mode=FOLLOW event=CALC_STARTED elapsedMs=3710
[14:59:05] [Render thread/INFO] (lodekeeper) [Lodekeeper] NAV calcTool=minecraft:stone_pickaxe slot=7
[14:59:05] [Render thread/INFO] (lodekeeper) [Lodekeeper] NAV backend=baritone mode=FOLLOW event=CALC_FINISHED_NOW_EXECUTING elapsedMs=3710
[14:59:06] [Render thread/INFO] (lodekeeper) [Lodekeeper] NAV backend=baritone mode=FOLLOW event=CALC_STARTED elapsedMs=4633
[14:59:06] [Render thread/INFO] (lodekeeper) [Lodekeeper] NAV calcTool=minecraft:stone_pickaxe slot=7
[14:59:06] [Render thread/INFO] (lodekeeper) [Lodekeeper] NAV backend=baritone mode=FOLLOW event=CALC_FINISHED_NOW_EXECUTING elapsedMs=4633
[14:59:06] [Render thread/INFO] (lodekeeper) [Lodekeeper] PROGRESS elapsed_ms=93632 phase=traveling backend=baritone target=none navigation_elapsed_ms=4804 navigation_ticks=96 searching=false path_index=0 path_length=11 retries=0 pending_route_events=0 dropped_route_events=0 status=pursuing_cow__1_
[14:59:08] [Render thread/INFO] (lodekeeper) [Lodekeeper] PROGRESS elapsed_ms=95666 phase=traveling backend=baritone target=none navigation_elapsed_ms=6803 navigation_ticks=136 searching=false path_index=0 path_length=7 retries=0 pending_route_events=0 dropped_route_events=0 status=pursuing_cow__1_
[14:59:09] [Render thread/INFO] (lodekeeper) [Lodekeeper] FOOD_PURSUIT event=in-reach target=ffe898ba-de12-40f1-8e14-ba90e99e2371 routes=1 failedRoutes=0 attacks=0 health=10.0 closestBoxDistance=2.66 elapsedMs=7594
[14:59:09] [Render thread/INFO] (lodekeeper) [Lodekeeper] NAV backend=baritone mode=IDLE event=CANCELED elapsedMs=7614
[14:59:09] [Render thread/INFO] (lodekeeper) [Lodekeeper] NAV backend=baritone mode=IDLE event=CANCELED elapsedMs=7614
[14:59:09] [Render thread/INFO] (lodekeeper) [Lodekeeper] NAV backend=baritone mode=IDLE event=CANCELED elapsedMs=7662
[14:59:09] [Render thread/INFO] (lodekeeper) [Lodekeeper] NAV backend=baritone mode=IDLE event=CANCELED elapsedMs=7697
[14:59:09] [Render thread/INFO] (lodekeeper) [Lodekeeper] NAV backend=baritone mode=IDLE event=CANCELED elapsedMs=7765
[14:59:09] [Render thread/INFO] (lodekeeper) [Lodekeeper] FOOD_TOOL slot=7 item=minecraft:stone_pickaxe damage=3.0 wear=2 remainingDurability=131
[14:59:09] [Render thread/INFO] (lodekeeper) [Lodekeeper] FOOD_PURSUIT event=native-attack target=ffe898ba-de12-40f1-8e14-ba90e99e2371 routes=1 failedRoutes=0 attacks=1 health=10.0 closestBoxDistance=2.38 elapsedMs=7836
[14:59:09] [Render thread/INFO] (lodekeeper) [Lodekeeper] FOOD_PURSUIT event=health-progress target=ffe898ba-de12-40f1-8e14-ba90e99e2371 routes=1 failedRoutes=0 attacks=1 health=7.0 closestBoxDistance=2.37 elapsedMs=7901
[14:59:10] [Render thread/INFO] (lodekeeper) [Lodekeeper] FOOD_PURSUIT event=start target=ffe898ba-de12-40f1-8e14-ba90e99e2371 routes=2 failedRoutes=0 attacks=1 health=7.0 closestBoxDistance=3.13 elapsedMs=8211
[14:59:10] [Render thread/INFO] (lodekeeper) [Lodekeeper] NAV backend=baritone mode=FOLLOW event=CALC_STARTED elapsedMs=1
[14:59:10] [Render thread/INFO] (lodekeeper) [Lodekeeper] NAV calcTool=minecraft:stone_pickaxe slot=7
[14:59:10] [Render thread/INFO] (lodekeeper) [Lodekeeper] NAV backend=baritone mode=FOLLOW event=CALC_FINISHED_NOW_EXECUTING elapsedMs=34
[14:59:10] [Render thread/INFO] (lodekeeper) [Lodekeeper] FOOD_PURSUIT event=in-reach target=ffe898ba-de12-40f1-8e14-ba90e99e2371 routes=2 failedRoutes=0 attacks=1 health=7.0 closestBoxDistance=2.96 elapsedMs=8451
[14:59:10] [Render thread/INFO] (lodekeeper) [Lodekeeper] NAV backend=baritone mode=IDLE event=CANCELED elapsedMs=240
[14:59:10] [Render thread/INFO] (lodekeeper) [Lodekeeper] NAV backend=baritone mode=IDLE event=CANCELED elapsedMs=241
[14:59:10] [Render thread/INFO] (lodekeeper) [Lodekeeper] NAV backend=baritone mode=IDLE event=CANCELED elapsedMs=276
[14:59:10] [Render thread/INFO] (lodekeeper) [Lodekeeper] NAV backend=baritone mode=IDLE event=CANCELED elapsedMs=344
[14:59:10] [Render thread/INFO] (lodekeeper) [Lodekeeper] FOOD_PURSUIT event=start target=ffe898ba-de12-40f1-8e14-ba90e99e2371 routes=3 failedRoutes=0 attacks=1 health=7.0 closestBoxDistance=3.05 elapsedMs=8589
[14:59:10] [Render thread/INFO] (lodekeeper) [Lodekeeper] NAV backend=baritone mode=FOLLOW event=CALC_STARTED elapsedMs=1
[14:59:10] [Render thread/INFO] (lodekeeper) [Lodekeeper] NAV calcTool=minecraft:stone_pickaxe slot=7
[14:59:10] [Render thread/INFO] (lodekeeper) [Lodekeeper] NAV backend=baritone mode=FOLLOW event=CALC_FINISHED_NOW_EXECUTING elapsedMs=68
[14:59:10] [Render thread/INFO] (lodekeeper) [Lodekeeper] FOOD_PURSUIT event=in-reach target=ffe898ba-de12-40f1-8e14-ba90e99e2371 routes=3 failedRoutes=0 attacks=1 health=7.0 closestBoxDistance=2.94 elapsedMs=8794
[14:59:10] [Render thread/INFO] (lodekeeper) [Lodekeeper] NAV backend=baritone mode=IDLE event=CANCELED elapsedMs=205
[14:59:10] [Render thread/INFO] (lodekeeper) [Lodekeeper] NAV backend=baritone mode=IDLE event=CANCELED elapsedMs=205
[14:59:10] [Render thread/INFO] (lodekeeper) [Lodekeeper] NAV backend=baritone mode=IDLE event=CANCELED elapsedMs=274
[14:59:10] [Render thread/INFO] (lodekeeper) [Lodekeeper] NAV backend=baritone mode=IDLE event=CANCELED elapsedMs=308
[14:59:11] [Render thread/INFO] (lodekeeper) [Lodekeeper] PROGRESS elapsed_ms=97690 phase=working backend=baritone target=none navigation_elapsed_ms=0 navigation_ticks=0 searching=false path_index=0 path_length=0 retries=0 pending_route_events=0 dropped_route_events=0 status=finishing_movement_before_inventory_actions
[14:59:11] [Render thread/INFO] (lodekeeper) [Lodekeeper] NAV backend=baritone mode=IDLE event=CANCELED elapsedMs=377
[14:59:11] [Render thread/INFO] (lodekeeper) [Lodekeeper] FOOD_PURSUIT event=start target=ffe898ba-de12-40f1-8e14-ba90e99e2371 routes=4 failedRoutes=0 attacks=1 health=7.0 closestBoxDistance=3.33 elapsedMs=9000
[14:59:11] [Render thread/INFO] (lodekeeper) [Lodekeeper] NAV backend=baritone mode=FOLLOW event=CALC_STARTED elapsedMs=18
[14:59:11] [Render thread/INFO] (lodekeeper) [Lodekeeper] NAV calcTool=minecraft:stone_pickaxe slot=7
[14:59:11] [Render thread/INFO] (lodekeeper) [Lodekeeper] NAV backend=baritone mode=FOLLOW event=CALC_FINISHED_NOW_EXECUTING elapsedMs=34
[14:59:11] [Render thread/INFO] (lodekeeper) [Lodekeeper] NAV backend=baritone mode=FOLLOW event=CALC_STARTED elapsedMs=103
[14:59:11] [Render thread/INFO] (lodekeeper) [Lodekeeper] NAV calcTool=minecraft:stone_pickaxe slot=7
[14:59:11] [Render thread/INFO] (lodekeeper) [Lodekeeper] NAV backend=baritone mode=FOLLOW event=CALC_FINISHED_NOW_EXECUTING elapsedMs=103
[14:59:11] [Render thread/INFO] (lodekeeper) [Lodekeeper] NAV backend=baritone mode=FOLLOW event=CALC_STARTED elapsedMs=412
[14:59:11] [Render thread/INFO] (lodekeeper) [Lodekeeper] NAV calcTool=minecraft:stone_pickaxe slot=7
[14:59:11] [Render thread/INFO] (lodekeeper) [Lodekeeper] NAV backend=baritone mode=FOLLOW event=CALC_FINISHED_NOW_EXECUTING elapsedMs=413
[14:59:11] [Render thread/INFO] (lodekeeper) [Lodekeeper] NAV backend=baritone mode=FOLLOW event=CALC_STARTED elapsedMs=548
[14:59:11] [Render thread/INFO] (lodekeeper) [Lodekeeper] NAV calcTool=minecraft:stone_pickaxe slot=7
[14:59:11] [Render thread/INFO] (lodekeeper) [Lodekeeper] NAV backend=baritone mode=FOLLOW event=CALC_FINISHED_NOW_EXECUTING elapsedMs=548
[14:59:11] [Render thread/INFO] (lodekeeper) [Lodekeeper] NAV backend=baritone mode=FOLLOW event=CALC_STARTED elapsedMs=793
[14:59:11] [Render thread/INFO] (lodekeeper) [Lodekeeper] NAV calcTool=minecraft:stone_pickaxe slot=7
[14:59:11] [Render thread/INFO] (lodekeeper) [Lodekeeper] NAV backend=baritone mode=FOLLOW event=CALC_FINISHED_NOW_EXECUTING elapsedMs=793
[14:59:12] [Render thread/INFO] (lodekeeper) [Lodekeeper] NAV backend=baritone mode=FOLLOW event=CALC_STARTED elapsedMs=1340
[14:59:12] [Render thread/INFO] (lodekeeper) [Lodekeeper] NAV calcTool=minecraft:stone_pickaxe slot=7
[14:59:12] [Render thread/INFO] (lodekeeper) [Lodekeeper] NAV backend=baritone mode=FOLLOW event=CALC_FINISHED_NOW_EXECUTING elapsedMs=1340
[14:59:12] [Render thread/INFO] (lodekeeper) [Lodekeeper] FOOD_PURSUIT event=in-reach target=ffe898ba-de12-40f1-8e14-ba90e99e2371 routes=4 failedRoutes=0 attacks=1 health=7.0 closestBoxDistance=1.45 elapsedMs=10649
[14:59:12] [Render thread/INFO] (lodekeeper) [Lodekeeper] NAV backend=baritone mode=IDLE event=CANCELED elapsedMs=1649
[14:59:12] [Render thread/INFO] (lodekeeper) [Lodekeeper] NAV backend=baritone mode=IDLE event=CANCELED elapsedMs=1649
[14:59:12] [Render thread/INFO] (lodekeeper) [Lodekeeper] NAV backend=baritone mode=IDLE event=CANCELED elapsedMs=1682
[14:59:12] [Render thread/INFO] (lodekeeper) [Lodekeeper] NAV backend=baritone mode=IDLE event=CANCELED elapsedMs=1751
[14:59:12] [Render thread/INFO] (lodekeeper) [Lodekeeper] NAV backend=baritone mode=IDLE event=CANCELED elapsedMs=1785
[14:59:12] [Render thread/INFO] (lodekeeper) [Lodekeeper] FOOD_TOOL slot=7 item=minecraft:stone_pickaxe damage=3.0 wear=2 remainingDurability=129
[14:59:12] [Render thread/INFO] (lodekeeper) [Lodekeeper] FOOD_PURSUIT event=native-attack target=ffe898ba-de12-40f1-8e14-ba90e99e2371 routes=4 failedRoutes=0 attacks=2 health=7.0 closestBoxDistance=1.13 elapsedMs=10888
[14:59:12] [Render thread/INFO] (lodekeeper) [Lodekeeper] FOOD_PURSUIT event=health-progress target=ffe898ba-de12-40f1-8e14-ba90e99e2371 routes=4 failedRoutes=0 attacks=2 health=4.0 closestBoxDistance=1.12 elapsedMs=10957
[14:59:13] [Render thread/INFO] (lodekeeper) [Lodekeeper] PROGRESS elapsed_ms=99716 phase=waiting backend=baritone target=none navigation_elapsed_ms=0 navigation_ticks=0 searching=false path_index=0 path_length=0 retries=0 pending_route_events=0 dropped_route_events=0 status=waiting_for_native_attack_cooldown
[14:59:13] [Render thread/INFO] (lodekeeper) [Lodekeeper] FOOD_PURSUIT event=start target=ffe898ba-de12-40f1-8e14-ba90e99e2371 routes=5 failedRoutes=0 attacks=2 health=4.0 closestBoxDistance=1.29 elapsedMs=11162
[14:59:13] [Render thread/INFO] (lodekeeper) [Lodekeeper] NAV backend=baritone mode=FOLLOW event=CALC_STARTED elapsedMs=1
[14:59:13] [Render thread/INFO] (lodekeeper) [Lodekeeper] NAV calcTool=minecraft:stone_pickaxe slot=7
[14:59:13] [Render thread/INFO] (lodekeeper) [Lodekeeper] NAV backend=baritone mode=FOLLOW event=CALC_FINISHED_NOW_EXECUTING elapsedMs=34
[14:59:13] [Render thread/INFO] (lodekeeper) [Lodekeeper] FOOD_PURSUIT event=in-reach target=ffe898ba-de12-40f1-8e14-ba90e99e2371 routes=5 failedRoutes=0 attacks=2 health=4.0 closestBoxDistance=1.44 elapsedMs=11297
[14:59:13] [Render thread/INFO] (lodekeeper) [Lodekeeper] NAV backend=baritone mode=IDLE event=CANCELED elapsedMs=136
[14:59:13] [Render thread/INFO] (lodekeeper) [Lodekeeper] NAV backend=baritone mode=IDLE event=CANCELED elapsedMs=136
[14:59:13] [Render thread/INFO] (lodekeeper) [Lodekeeper] NAV backend=baritone mode=IDLE event=CANCELED elapsedMs=170
[14:59:13] [Render thread/INFO] (lodekeeper) [Lodekeeper] NAV backend=baritone mode=IDLE event=CANCELED elapsedMs=240
[14:59:13] [Render thread/INFO] (lodekeeper) [Lodekeeper] FOOD_TOOL slot=7 item=minecraft:stone_pickaxe damage=3.0 wear=2 remainingDurability=127
[14:59:13] [Render thread/INFO] (lodekeeper) [Lodekeeper] FOOD_PURSUIT event=native-attack target=ffe898ba-de12-40f1-8e14-ba90e99e2371 routes=5 failedRoutes=0 attacks=3 health=4.0 closestBoxDistance=1.2 elapsedMs=11740
[14:59:13] [Render thread/INFO] (lodekeeper) [Lodekeeper] FOOD_PURSUIT event=health-progress target=ffe898ba-de12-40f1-8e14-ba90e99e2371 routes=5 failedRoutes=0 attacks=3 health=1.0 closestBoxDistance=1.13 elapsedMs=11807
[14:59:14] [Render thread/INFO] (lodekeeper) [Lodekeeper] FOOD_PURSUIT event=start target=ffe898ba-de12-40f1-8e14-ba90e99e2371 routes=6 failedRoutes=0 attacks=3 health=1.0 closestBoxDistance=3.06 elapsedMs=12389
[14:59:14] [Render thread/INFO] (lodekeeper) [Lodekeeper] NAV backend=baritone mode=FOLLOW event=CALC_STARTED elapsedMs=1
[14:59:14] [Render thread/INFO] (lodekeeper) [Lodekeeper] NAV calcTool=minecraft:stone_pickaxe slot=7
[14:59:14] [Render thread/INFO] (lodekeeper) [Lodekeeper] NAV backend=baritone mode=FOLLOW event=CALC_FINISHED_NOW_EXECUTING elapsedMs=69
[14:59:14] [Render thread/INFO] (lodekeeper) [Lodekeeper] NAV backend=baritone mode=FOLLOW event=CALC_STARTED elapsedMs=273
[14:59:14] [Render thread/INFO] (lodekeeper) [Lodekeeper] NAV calcTool=minecraft:stone_pickaxe slot=7
[14:59:14] [Render thread/INFO] (lodekeeper) [Lodekeeper] NAV backend=baritone mode=FOLLOW event=CALC_FINISHED_NOW_EXECUTING elapsedMs=273
[14:59:15] [Render thread/INFO] (lodekeeper) [Lodekeeper] FOOD_PURSUIT event=in-reach target=ffe898ba-de12-40f1-8e14-ba90e99e2371 routes=6 failedRoutes=0 attacks=3 health=1.0 closestBoxDistance=2.95 elapsedMs=13005
[14:59:15] [Render thread/INFO] (lodekeeper) [Lodekeeper] PROGRESS elapsed_ms=101730 phase=working backend=baritone target=none navigation_elapsed_ms=0 navigation_ticks=0 searching=false path_index=0 path_length=0 retries=0 pending_route_events=0 dropped_route_events=0 status=pursuing_cow__6_
[14:59:15] [Render thread/INFO] (lodekeeper) [Lodekeeper] NAV backend=baritone mode=IDLE event=CANCELED elapsedMs=616
[14:59:15] [Render thread/INFO] (lodekeeper) [Lodekeeper] NAV backend=baritone mode=IDLE event=CANCELED elapsedMs=616
[14:59:15] [Render thread/INFO] (lodekeeper) [Lodekeeper] NAV backend=baritone mode=IDLE event=CANCELED elapsedMs=650
[14:59:15] [Render thread/INFO] (lodekeeper) [Lodekeeper] NAV backend=baritone mode=IDLE event=CANCELED elapsedMs=719
[14:59:15] [Render thread/INFO] (lodekeeper) [Lodekeeper] NAV backend=baritone mode=IDLE event=CANCELED elapsedMs=753
[14:59:15] [Render thread/INFO] (lodekeeper) [Lodekeeper] FOOD_PURSUIT event=start target=ffe898ba-de12-40f1-8e14-ba90e99e2371 routes=7 failedRoutes=0 attacks=3 health=1.0 closestBoxDistance=3.17 elapsedMs=13210
[14:59:15] [Render thread/INFO] (lodekeeper) [Lodekeeper] NAV backend=baritone mode=FOLLOW event=CALC_STARTED elapsedMs=1
[14:59:15] [Render thread/INFO] (lodekeeper) [Lodekeeper] NAV calcTool=minecraft:stone_pickaxe slot=7
[14:59:15] [Render thread/INFO] (lodekeeper) [Lodekeeper] NAV backend=baritone mode=FOLLOW event=CALC_FINISHED_NOW_EXECUTING elapsedMs=35
[14:59:15] [Render thread/INFO] (lodekeeper) [Lodekeeper] NAV backend=baritone mode=FOLLOW event=CALC_STARTED elapsedMs=103
[14:59:15] [Render thread/INFO] (lodekeeper) [Lodekeeper] NAV calcTool=minecraft:stone_pickaxe slot=7
[14:59:15] [Render thread/INFO] (lodekeeper) [Lodekeeper] NAV backend=baritone mode=FOLLOW event=CALC_FINISHED_NOW_EXECUTING elapsedMs=103
[14:59:15] [Render thread/INFO] (lodekeeper) [Lodekeeper] NAV backend=baritone mode=FOLLOW event=CALC_STARTED elapsedMs=240
[14:59:15] [Render thread/INFO] (lodekeeper) [Lodekeeper] NAV calcTool=minecraft:stone_pickaxe slot=7
[14:59:15] [Render thread/INFO] (lodekeeper) [Lodekeeper] NAV backend=baritone mode=FOLLOW event=CALC_FINISHED_NOW_EXECUTING elapsedMs=256
[14:59:15] [Render thread/INFO] (lodekeeper) [Lodekeeper] FOOD_PURSUIT event=in-reach target=ffe898ba-de12-40f1-8e14-ba90e99e2371 routes=7 failedRoutes=0 attacks=3 health=1.0 closestBoxDistance=2.98 elapsedMs=13586
[14:59:15] [Render thread/INFO] (lodekeeper) [Lodekeeper] NAV backend=baritone mode=IDLE event=CANCELED elapsedMs=376
[14:59:15] [Render thread/INFO] (lodekeeper) [Lodekeeper] NAV backend=baritone mode=IDLE event=CANCELED elapsedMs=376
[14:59:15] [Render thread/INFO] (lodekeeper) [Lodekeeper] NAV backend=baritone mode=IDLE event=CANCELED elapsedMs=443
[14:59:15] [Render thread/INFO] (lodekeeper) [Lodekeeper] NAV backend=baritone mode=IDLE event=CANCELED elapsedMs=477
[14:59:15] [Render thread/INFO] (lodekeeper) [Lodekeeper] NAV backend=baritone mode=IDLE event=CANCELED elapsedMs=545
[14:59:15] [Render thread/INFO] (lodekeeper) [Lodekeeper] NAV backend=baritone mode=IDLE event=CANCELED elapsedMs=579
[14:59:15] [Render thread/INFO] (lodekeeper) [Lodekeeper] FOOD_TOOL slot=7 item=minecraft:stone_pickaxe damage=3.0 wear=2 remainingDurability=125
[14:59:15] [Render thread/INFO] (lodekeeper) [Lodekeeper] FOOD_PURSUIT event=native-attack target=ffe898ba-de12-40f1-8e14-ba90e99e2371 routes=7 failedRoutes=0 attacks=4 health=1.0 closestBoxDistance=2.48 elapsedMs=13893
[14:59:15] [Render thread/INFO] (lodekeeper) [Lodekeeper] FOOD_PURSUIT event=health-progress target=ffe898ba-de12-40f1-8e14-ba90e99e2371 routes=7 failedRoutes=0 attacks=4 health=0.0 closestBoxDistance=2.46 elapsedMs=13961
[14:59:16] [Render thread/INFO] (lodekeeper) [Lodekeeper] NAV backend=baritone mode=PICKUP event=CALC_STARTED elapsedMs=1
[14:59:16] [Render thread/INFO] (lodekeeper) [Lodekeeper] NAV calcTool=minecraft:stone_pickaxe slot=7
[14:59:16] [Render thread/INFO] (lodekeeper) [Lodekeeper] NAV backend=baritone mode=PICKUP event=CALC_FINISHED_NOW_EXECUTING elapsedMs=67
[14:59:16] [Render thread/INFO] (lodekeeper) [Lodekeeper] NAV backend=baritone mode=IDLE event=CANCELED elapsedMs=412
[14:59:16] [Render thread/INFO] (lodekeeper) [Lodekeeper] NAV backend=baritone mode=IDLE event=CANCELED elapsedMs=412
[14:59:16] [Render thread/INFO] (lodekeeper) [Lodekeeper] NAV backend=baritone mode=IDLE event=CANCELED elapsedMs=446
[14:59:16] [Render thread/INFO] (lodekeeper) [Lodekeeper] NAV backend=baritone mode=IDLE event=CANCELED elapsedMs=513
[14:59:16] [Render thread/INFO] (lodekeeper) [Lodekeeper] NAV backend=baritone mode=IDLE event=CANCELED elapsedMs=547
[14:59:16] [Render thread/INFO] (lodekeeper) [Lodekeeper] FOOD_PREPARATION decision=batch_raw_food nutrition=3 cooked_potential=8 target=36
[14:59:16] [lodekeeper-planner/INFO] (lodekeeper) [Lodekeeper] PROJECT_MATERIALS project=gear_diamond before=[gather:minecraft:iron_ore:3, gather:minecraft:stone:8, gather:minecraft:diamond_ore:3, gather:minecraft:diamond_ore:3, gather:minecraft:birch_log:1, gather:minecraft:diamond_ore:4, gather:minecraft:diamond_ore:8, gather:minecraft:diamond_ore:5, gather:minecraft:diamond_ore:2, gather:minecraft:diamond_ore:7, gather:minecraft:diamond_ore:1, gather:minecraft:diamond_ore:2] after=[gather:minecraft:iron_ore:3, gather:minecraft:stone:8, gather:minecraft:diamond_ore:3, gather:minecraft:diamond_ore:3, gather:minecraft:birch_log:1, gather:minecraft:diamond_ore:4, gather:minecraft:diamond_ore:8, gather:minecraft:diamond_ore:5, gather:minecraft:diamond_ore:2, gather:minecraft:diamond_ore:7, gather:minecraft:diamond_ore:1, gather:minecraft:diamond_ore:2]
[14:59:16] [lodekeeper-planner/INFO] (lodekeeper) [Lodekeeper] PLAN project=gear_diamond success=true steps=29 branches=139 elapsedMs=5.108302
[14:59:16] [Render thread/INFO] (lodekeeper) [Lodekeeper] STEP kind=GATHER source=gather:minecraft:iron_ore output=minecraft:raw_iron count=3 operations=3 auxiliary=false
[14:59:16] [Render thread/INFO] (lodekeeper) [Lodekeeper] MINING_DEPTH policy=NEAREST desiredY=16 ceiling=2031 deficit=3 phase=MINE blocks=[Block{minecraft:iron_ore}, Block{minecraft:deepslate_iron_ore}]
[14:59:16] [Render thread/INFO] (lodekeeper) [Lodekeeper] NAV backend=baritone mode=MINE event=CALC_STARTED elapsedMs=2
[14:59:16] [Render thread/INFO] (lodekeeper) [Lodekeeper] NAV calcTool=minecraft:stone_pickaxe slot=7
[14:59:16] [Render thread/INFO] (lodekeeper) [Lodekeeper] NAV discovered=2 retained=64 rejected=0 requestTicks=3 phase=MINE
[14:59:16] [Render thread/INFO] (lodekeeper) [Lodekeeper] NAV backend=baritone mode=MINE event=CALC_FINISHED_NOW_EXECUTING elapsedMs=137
[14:59:16] [Render thread/INFO] (lodekeeper) [Lodekeeper] TARGET target=-13,55,43 block=minecraft:iron_ore
[14:59:17] [Render thread/INFO] (lodekeeper) [Lodekeeper] NAV discovered=2 retained=64 rejected=0 requestTicks=7 phase=MINE
[14:59:17] [Render thread/INFO] (lodekeeper) [Lodekeeper] PROGRESS elapsed_ms=103785 phase=traveling backend=baritone target=-13,55,43 block=minecraft:iron_ore navigation_elapsed_ms=411 navigation_ticks=8 searching=false path_index=0 path_length=17 retries=0 pending_route_events=0 dropped_route_events=0 status=mining_and_collecting_minecraft:raw_iron___0/3
[14:59:17] [Render thread/INFO] (lodekeeper) [Lodekeeper] TARGET target=none
[14:59:17] [Render thread/INFO] (lodekeeper) [Lodekeeper] NAV backend=baritone mode=IDLE event=CANCELED elapsedMs=962
[14:59:17] [Render thread/INFO] (lodekeeper) [Lodekeeper] NAV backend=baritone mode=IDLE event=CANCELED elapsedMs=962
[14:59:17] [Render thread/INFO] (lodekeeper) [Lodekeeper] NAV backend=baritone mode=IDLE event=CANCELED elapsedMs=995
[14:59:17] [Render thread/INFO] (lodekeeper) [Lodekeeper] NAV backend=baritone mode=IDLE event=CANCELED elapsedMs=1062
[14:59:17] [Render thread/INFO] (lodekeeper) [Lodekeeper] NAV backend=baritone mode=IDLE event=CANCELED elapsedMs=1098
[14:59:17] [Render thread/INFO] (lodekeeper) [Lodekeeper] FOOD_PURSUIT event=start target=1f98b20f-ad90-4ca2-9b8c-e6e233f54dca routes=1 failedRoutes=0 attacks=0 health=10.0 closestBoxDistance=13.23 elapsedMs=0
[14:59:17] [Render thread/INFO] (lodekeeper) [Lodekeeper] NAV backend=baritone mode=FOLLOW event=CALC_STARTED elapsedMs=2
[14:59:17] [Render thread/INFO] (lodekeeper) [Lodekeeper] NAV calcTool=minecraft:stone_pickaxe slot=7
[14:59:17] [Render thread/INFO] (lodekeeper) [Lodekeeper] NAV backend=baritone mode=FOLLOW event=CALC_FINISHED_NOW_EXECUTING elapsedMs=34
[14:59:17] [Render thread/INFO] (lodekeeper) [Lodekeeper] NAV backend=baritone mode=FOLLOW event=CALC_STARTED elapsedMs=68
[14:59:17] [Render thread/INFO] (lodekeeper) [Lodekeeper] NAV calcTool=minecraft:stone_pickaxe slot=7
[14:59:17] [Render thread/INFO] (lodekeeper) [Lodekeeper] NAV backend=baritone mode=FOLLOW event=CALC_FINISHED_NOW_EXECUTING elapsedMs=68
[14:59:19] [Render thread/INFO] (lodekeeper) [Lodekeeper] PROGRESS elapsed_ms=105812 phase=traveling backend=baritone target=none navigation_elapsed_ms=1169 navigation_ticks=24 searching=false path_index=0 path_length=8 retries=0 pending_route_events=0 dropped_route_events=0 status=pursuing_cow__1_
[14:59:19] [Render thread/INFO] (lodekeeper) [Lodekeeper] NAV backend=baritone mode=FOLLOW event=CALC_STARTED elapsedMs=1341
[14:59:19] [Render thread/INFO] (lodekeeper) [Lodekeeper] NAV calcTool=minecraft:stone_pickaxe slot=7
[14:59:19] [Render thread/INFO] (lodekeeper) [Lodekeeper] NAV backend=baritone mode=FOLLOW event=CALC_FINISHED_NOW_EXECUTING elapsedMs=1342
[14:59:19] [Render thread/INFO] (lodekeeper) [Lodekeeper] FOOD_PURSUIT event=in-reach target=1f98b20f-ad90-4ca2-9b8c-e6e233f54dca routes=1 failedRoutes=0 attacks=0 health=10.0 closestBoxDistance=2.81 elapsedMs=1819
[14:59:19] [Render thread/INFO] (lodekeeper) [Lodekeeper] NAV backend=baritone mode=IDLE event=CANCELED elapsedMs=1819
[14:59:19] [Render thread/INFO] (lodekeeper) [Lodekeeper] NAV backend=baritone mode=IDLE event=CANCELED elapsedMs=1819
[14:59:19] [Render thread/INFO] (lodekeeper) [Lodekeeper] NAV backend=baritone mode=IDLE event=CANCELED elapsedMs=1887
[14:59:19] [Render thread/INFO] (lodekeeper) [Lodekeeper] NAV backend=baritone mode=IDLE event=CANCELED elapsedMs=1925
[14:59:19] [Render thread/INFO] (lodekeeper) [Lodekeeper] NAV backend=baritone mode=IDLE event=CANCELED elapsedMs=1992
[14:59:19] [Render thread/INFO] (lodekeeper) [Lodekeeper] FOOD_TOOL slot=7 item=minecraft:stone_pickaxe damage=3.0 wear=2 remainingDurability=123
[14:59:19] [Render thread/INFO] (lodekeeper) [Lodekeeper] FOOD_PURSUIT event=native-attack target=1f98b20f-ad90-4ca2-9b8c-e6e233f54dca routes=1 failedRoutes=0 attacks=1 health=10.0 closestBoxDistance=2.19 elapsedMs=2094
[14:59:19] [Render thread/INFO] (lodekeeper) [Lodekeeper] FOOD_PURSUIT event=health-progress target=1f98b20f-ad90-4ca2-9b8c-e6e233f54dca routes=1 failedRoutes=0 attacks=1 health=7.0 closestBoxDistance=2.11 elapsedMs=2128
[14:59:20] [Render thread/INFO] (lodekeeper) [Lodekeeper] FOOD_PURSUIT event=start target=1f98b20f-ad90-4ca2-9b8c-e6e233f54dca routes=2 failedRoutes=0 attacks=1 health=7.0 closestBoxDistance=3.15 elapsedMs=2777
[14:59:20] [Render thread/INFO] (lodekeeper) [Lodekeeper] NAV backend=baritone mode=FOLLOW event=CALC_STARTED elapsedMs=1
[14:59:20] [Render thread/INFO] (lodekeeper) [Lodekeeper] NAV calcTool=minecraft:stone_pickaxe slot=7
[14:59:20] [Render thread/INFO] (lodekeeper) [Lodekeeper] NAV backend=baritone mode=FOLLOW event=CALC_FINISHED_NOW_EXECUTING elapsedMs=68
[14:59:20] [Render thread/INFO] (lodekeeper) [Lodekeeper] FOOD_PURSUIT event=in-reach target=1f98b20f-ad90-4ca2-9b8c-e6e233f54dca routes=2 failedRoutes=0 attacks=1 health=7.0 closestBoxDistance=2.91 elapsedMs=3017
[14:59:20] [Render thread/INFO] (lodekeeper) [Lodekeeper] NAV backend=baritone mode=IDLE event=CANCELED elapsedMs=240
[14:59:20] [Render thread/INFO] (lodekeeper) [Lodekeeper] NAV backend=baritone mode=IDLE event=CANCELED elapsedMs=240
[14:59:20] [Render thread/INFO] (lodekeeper) [Lodekeeper] NAV backend=baritone mode=IDLE event=CANCELED elapsedMs=308
[14:59:20] [Render thread/INFO] (lodekeeper) [Lodekeeper] NAV backend=baritone mode=IDLE event=CANCELED elapsedMs=342
[14:59:21] [Render thread/INFO] (lodekeeper) [Lodekeeper] NAV backend=baritone mode=IDLE event=CANCELED elapsedMs=412
[14:59:21] [Render thread/INFO] (lodekeeper) [Lodekeeper] NAV backend=baritone mode=IDLE event=CANCELED elapsedMs=446
[14:59:21] [Render thread/INFO] (lodekeeper) [Lodekeeper] PROGRESS elapsed_ms=107831 phase=working backend=baritone target=none navigation_elapsed_ms=0 navigation_ticks=0 searching=false path_index=0 path_length=0 retries=0 pending_route_events=0 dropped_route_events=0 status=finishing_movement_before_inventory_actions
[14:59:21] [Render thread/INFO] (lodekeeper) [Lodekeeper] NAV backend=baritone mode=IDLE event=CANCELED elapsedMs=513
[14:59:21] [Render thread/INFO] (lodekeeper) [Lodekeeper] NAV backend=baritone mode=IDLE event=CANCELED elapsedMs=548
[14:59:21] [Render thread/INFO] (lodekeeper) [Lodekeeper] FOOD_TOOL slot=7 item=minecraft:stone_pickaxe damage=3.0 wear=2 remainingDurability=121
[14:59:21] [Render thread/INFO] (lodekeeper) [Lodekeeper] FOOD_PURSUIT event=native-attack target=1f98b20f-ad90-4ca2-9b8c-e6e233f54dca routes=2 failedRoutes=0 attacks=2 health=7.0 closestBoxDistance=1.36 elapsedMs=3428
[14:59:21] [Render thread/INFO] (lodekeeper) [Lodekeeper] FOOD_PURSUIT event=health-progress target=1f98b20f-ad90-4ca2-9b8c-e6e233f54dca routes=2 failedRoutes=0 attacks=2 health=4.0 closestBoxDistance=1.32 elapsedMs=3494
[14:59:22] [Render thread/INFO] (lodekeeper) [Lodekeeper] FOOD_TOOL slot=7 item=minecraft:stone_pickaxe damage=3.0 wear=2 remainingDurability=119
[14:59:22] [Render thread/INFO] (lodekeeper) [Lodekeeper] FOOD_PURSUIT event=native-attack target=1f98b20f-ad90-4ca2-9b8c-e6e233f54dca routes=2 failedRoutes=0 attacks=3 health=4.0 closestBoxDistance=2.19 elapsedMs=4290
[14:59:22] [Render thread/INFO] (lodekeeper) [Lodekeeper] FOOD_PURSUIT event=health-progress target=1f98b20f-ad90-4ca2-9b8c-e6e233f54dca routes=2 failedRoutes=0 attacks=3 health=1.0 closestBoxDistance=2.11 elapsedMs=4318
[14:59:22] [Render thread/INFO] (lodekeeper) [Lodekeeper] FOOD_TOOL slot=7 item=minecraft:stone_pickaxe damage=3.0 wear=2 remainingDurability=117
[14:59:22] [Render thread/INFO] (lodekeeper) [Lodekeeper] FOOD_PURSUIT event=native-attack target=1f98b20f-ad90-4ca2-9b8c-e6e233f54dca routes=2 failedRoutes=0 attacks=4 health=1.0 closestBoxDistance=2.24 elapsedMs=5137
[14:59:23] [Render thread/INFO] (lodekeeper) [Lodekeeper] FOOD_PURSUIT event=health-progress target=1f98b20f-ad90-4ca2-9b8c-e6e233f54dca routes=2 failedRoutes=0 attacks=4 health=0.0 closestBoxDistance=2.05 elapsedMs=5170
[14:59:23] [Render thread/INFO] (lodekeeper) [Lodekeeper] NAV backend=baritone mode=PICKUP event=CALC_STARTED elapsedMs=0
[14:59:23] [Render thread/INFO] (lodekeeper) [Lodekeeper] NAV calcTool=minecraft:stone_pickaxe slot=7
[14:59:23] [Render thread/INFO] (lodekeeper) [Lodekeeper] NAV backend=baritone mode=PICKUP event=CALC_FINISHED_NOW_EXECUTING elapsedMs=34
[14:59:23] [Render thread/INFO] (lodekeeper) [Lodekeeper] PROGRESS elapsed_ms=109881 phase=working backend=baritone target=none navigation_elapsed_ms=0 navigation_ticks=0 searching=false path_index=0 path_length=0 retries=0 pending_route_events=0 dropped_route_events=0 status=collecting_minecraft:beef
[14:59:23] [Render thread/INFO] (lodekeeper) [Lodekeeper] NAV backend=baritone mode=PICKUP event=CALC_STARTED elapsedMs=440
[14:59:23] [Render thread/INFO] (lodekeeper) [Lodekeeper] NAV calcTool=minecraft:stone_pickaxe slot=7
[14:59:23] [Render thread/INFO] (lodekeeper) [Lodekeeper] NAV backend=baritone mode=PICKUP event=CALC_FINISHED_NOW_EXECUTING elapsedMs=440
[14:59:23] [Render thread/INFO] (lodekeeper) [Lodekeeper] NAV backend=baritone mode=IDLE event=CANCELED elapsedMs=644
[14:59:23] [Render thread/INFO] (lodekeeper) [Lodekeeper] NAV backend=baritone mode=IDLE event=CANCELED elapsedMs=644
[14:59:23] [Render thread/INFO] (lodekeeper) [Lodekeeper] NAV backend=baritone mode=IDLE event=CANCELED elapsedMs=678
[14:59:23] [Render thread/INFO] (lodekeeper) [Lodekeeper] NAV backend=baritone mode=IDLE event=CANCELED elapsedMs=745
[14:59:23] [Render thread/INFO] (lodekeeper) [Lodekeeper] NAV backend=baritone mode=IDLE event=CANCELED elapsedMs=779
[14:59:23] [Render thread/INFO] (lodekeeper) [Lodekeeper] NAV backend=baritone mode=IDLE event=CANCELED elapsedMs=848
[14:59:23] [Render thread/INFO] (lodekeeper) [Lodekeeper] NAV backend=baritone mode=IDLE event=CANCELED elapsedMs=882
[14:59:24] [lodekeeper-planner/INFO] (lodekeeper) [Lodekeeper] PROJECT_MATERIALS project=gear_diamond before=[gather:minecraft:iron_ore:3, gather:minecraft:stone:8, gather:minecraft:diamond_ore:3, gather:minecraft:diamond_ore:3, gather:minecraft:birch_log:1, gather:minecraft:diamond_ore:4, gather:minecraft:diamond_ore:8, gather:minecraft:diamond_ore:5, gather:minecraft:diamond_ore:2, gather:minecraft:diamond_ore:7, gather:minecraft:diamond_ore:1, gather:minecraft:diamond_ore:2] after=[gather:minecraft:iron_ore:3, gather:minecraft:stone:8, gather:minecraft:diamond_ore:3, gather:minecraft:diamond_ore:3, gather:minecraft:birch_log:1, gather:minecraft:diamond_ore:4, gather:minecraft:diamond_ore:8, gather:minecraft:diamond_ore:5, gather:minecraft:diamond_ore:2, gather:minecraft:diamond_ore:7, gather:minecraft:diamond_ore:1, gather:minecraft:diamond_ore:2]
[14:59:24] [lodekeeper-planner/INFO] (lodekeeper) [Lodekeeper] PLAN project=gear_diamond success=true steps=29 branches=139 elapsedMs=4.213467
[14:59:24] [Render thread/INFO] (lodekeeper) [Lodekeeper] STEP kind=GATHER source=gather:minecraft:iron_ore output=minecraft:raw_iron count=3 operations=3 auxiliary=false
[14:59:24] [Render thread/INFO] (lodekeeper) [Lodekeeper] MINING_DEPTH policy=NEAREST desiredY=16 ceiling=2031 deficit=3 phase=MINE blocks=[Block{minecraft:iron_ore}, Block{minecraft:deepslate_iron_ore}]
[14:59:24] [Render thread/INFO] (lodekeeper) [Lodekeeper] NAV backend=baritone mode=MINE event=CALC_STARTED elapsedMs=2
[14:59:24] [Render thread/INFO] (lodekeeper) [Lodekeeper] NAV calcTool=minecraft:stone_pickaxe slot=7
[14:59:24] [Render thread/INFO] (lodekeeper) [Lodekeeper] ROUTE_SEARCH kind=unknown anchor=unknown feet_y16=0 candidates=0 target=none elapsed_ms=110970
[14:59:24] [Render thread/INFO] (lodekeeper) [Lodekeeper] NAV backend=baritone mode=MINE event=CALC_FINISHED_NOW_EXECUTING elapsedMs=518
[14:59:24] [Render thread/INFO] (lodekeeper) [Lodekeeper] NAV backend=baritone mode=MINE event=NEXT_SEGMENT_CALC_STARTED elapsedMs=519
[14:59:25] [Render thread/INFO] (lodekeeper) [Lodekeeper] NAV backend=baritone mode=IDLE event=NEXT_SEGMENT_CALC_FINISHED elapsedMs=963
[14:59:25] [Render thread/INFO] (lodekeeper) [Lodekeeper] NAV backend=baritone mode=IDLE event=CANCELED elapsedMs=963
[14:59:25] [Render thread/INFO] (lodekeeper) [Lodekeeper] NAV backend=baritone mode=IDLE event=CANCELED elapsedMs=963
[14:59:25] [Render thread/INFO] (lodekeeper) [Lodekeeper] NAV backend=baritone mode=IDLE event=CANCELED elapsedMs=997
[14:59:25] [Render thread/INFO] (lodekeeper) [Lodekeeper] NAV backend=baritone mode=IDLE event=CANCELED elapsedMs=1065
[14:59:25] [Render thread/INFO] (lodekeeper) [Lodekeeper] NAV backend=baritone mode=IDLE event=CANCELED elapsedMs=1100
[14:59:25] [Render thread/INFO] (lodekeeper) [Lodekeeper] FOOD_PURSUIT event=start target=e3f3da32-3ebf-42bb-9d55-65a7e2aa3033 routes=1 failedRoutes=0 attacks=0 health=10.0 closestBoxDistance=25.25 elapsedMs=0
[14:59:25] [Render thread/INFO] (lodekeeper) [Lodekeeper] PROGRESS elapsed_ms=111934 phase=working backend=baritone target=none navigation_elapsed_ms=0 navigation_ticks=0 searching=false path_index=0 path_length=0 retries=0 pending_route_events=0 dropped_route_events=0 status=pursuing_cow__1_
[14:59:25] [Render thread/INFO] (lodekeeper) [Lodekeeper] NAV backend=baritone mode=FOLLOW event=CALC_STARTED elapsedMs=1
[14:59:25] [Render thread/INFO] (lodekeeper) [Lodekeeper] NAV calcTool=minecraft:stone_pickaxe slot=7
[14:59:25] [Render thread/INFO] (lodekeeper) [Lodekeeper] NAV backend=baritone mode=FOLLOW event=CALC_FINISHED_NOW_EXECUTING elapsedMs=34
[14:59:25] [Render thread/INFO] (lodekeeper) [Lodekeeper] NAV backend=baritone mode=FOLLOW event=CALC_STARTED elapsedMs=341
[14:59:25] [Render thread/INFO] (lodekeeper) [Lodekeeper] NAV calcTool=minecraft:stone_pickaxe slot=7
[14:59:25] [Render thread/INFO] (lodekeeper) [Lodekeeper] NAV backend=baritone mode=FOLLOW event=CALC_FINISHED_NOW_EXECUTING elapsedMs=341
[14:59:26] [Render thread/INFO] (lodekeeper) [Lodekeeper] NAV backend=baritone mode=FOLLOW event=CALC_STARTED elapsedMs=1533
[14:59:26] [Render thread/INFO] (lodekeeper) [Lodekeeper] NAV calcTool=minecraft:stone_pickaxe slot=7
[14:59:26] [Render thread/INFO] (lodekeeper) [Lodekeeper] NAV backend=baritone mode=FOLLOW event=CALC_FINISHED_NOW_EXECUTING elapsedMs=1533
[14:59:27] [Render thread/INFO] (lodekeeper) [Lodekeeper] NAV backend=baritone mode=FOLLOW event=CALC_STARTED elapsedMs=1984
[14:59:27] [Render thread/INFO] (lodekeeper) [Lodekeeper] NAV calcTool=minecraft:stone_pickaxe slot=7
[14:59:27] [Render thread/INFO] (lodekeeper) [Lodekeeper] NAV backend=baritone mode=FOLLOW event=CALC_FINISHED_NOW_EXECUTING elapsedMs=1984
[14:59:27] [Render thread/INFO] (lodekeeper) [Lodekeeper] PROGRESS elapsed_ms=113986 phase=traveling backend=baritone target=none navigation_elapsed_ms=1984 navigation_ticks=40 searching=false path_index=0 path_length=19 retries=0 pending_route_events=0 dropped_route_events=0 status=pursuing_cow__1_
[14:59:28] [Render thread/INFO] (lodekeeper) [Lodekeeper] NAV backend=baritone mode=FOLLOW event=CALC_STARTED elapsedMs=3553
[14:59:28] [Render thread/INFO] (lodekeeper) [Lodekeeper] NAV calcTool=minecraft:stone_pickaxe slot=7
[14:59:28] [Render thread/INFO] (lodekeeper) [Lodekeeper] NAV backend=baritone mode=FOLLOW event=CALC_FINISHED_NOW_EXECUTING elapsedMs=3553
[14:59:29] [Render thread/INFO] (lodekeeper) [Lodekeeper] PROGRESS elapsed_ms=116036 phase=traveling backend=baritone target=none navigation_elapsed_ms=3999 navigation_ticks=80 searching=false path_index=0 path_length=12 retries=0 pending_route_events=0 dropped_route_events=0 status=pursuing_cow__1_
[14:59:29] [Render thread/INFO] (lodekeeper) [Lodekeeper] NAV backend=baritone mode=FOLLOW event=CALC_STARTED elapsedMs=4103
[14:59:29] [Render thread/INFO] (lodekeeper) [Lodekeeper] NAV calcTool=minecraft:stone_pickaxe slot=7
[14:59:29] [Render thread/INFO] (lodekeeper) [Lodekeeper] NAV backend=baritone mode=FOLLOW event=CALC_FINISHED_NOW_EXECUTING elapsedMs=4103
[14:59:30] [Render thread/INFO] (lodekeeper) [Lodekeeper] NAV backend=baritone mode=FOLLOW event=CALC_STARTED elapsedMs=5200
[14:59:30] [Render thread/INFO] (lodekeeper) [Lodekeeper] NAV calcTool=minecraft:stone_pickaxe slot=7
[14:59:30] [Render thread/INFO] (lodekeeper) [Lodekeeper] NAV backend=baritone mode=FOLLOW event=CALC_FINISHED_NOW_EXECUTING elapsedMs=5200
[14:59:30] [Render thread/INFO] (lodekeeper) [Lodekeeper] NAV backend=baritone mode=FOLLOW event=CALC_STARTED elapsedMs=5678
[14:59:30] [Render thread/INFO] (lodekeeper) [Lodekeeper] NAV calcTool=minecraft:stone_pickaxe slot=7
[14:59:30] [Render thread/INFO] (lodekeeper) [Lodekeeper] NAV backend=baritone mode=FOLLOW event=CALC_FINISHED_NOW_EXECUTING elapsedMs=5679
[14:59:31] [Render thread/INFO] (lodekeeper) [Lodekeeper] FOOD_PURSUIT event=in-reach target=e3f3da32-3ebf-42bb-9d55-65a7e2aa3033 routes=1 failedRoutes=0 attacks=0 health=10.0 closestBoxDistance=2.94 elapsedMs=6105
[14:59:31] [Render thread/INFO] (lodekeeper) [Lodekeeper] PROGRESS elapsed_ms=118039 phase=working backend=baritone target=none navigation_elapsed_ms=0 navigation_ticks=0 searching=false path_index=0 path_length=0 retries=0 pending_route_events=0 dropped_route_events=0 status=pursuing_cow__1_
[14:59:31] [Render thread/INFO] (lodekeeper) [Lodekeeper] NAV backend=baritone mode=IDLE event=CANCELED elapsedMs=6106
[14:59:31] [Render thread/INFO] (lodekeeper) [Lodekeeper] NAV backend=baritone mode=IDLE event=CANCELED elapsedMs=6106
[14:59:31] [Render thread/INFO] (lodekeeper) [Lodekeeper] NAV backend=baritone mode=IDLE event=CANCELED elapsedMs=6139
[14:59:31] [Render thread/INFO] (lodekeeper) [Lodekeeper] NAV backend=baritone mode=IDLE event=CANCELED elapsedMs=6174
[14:59:31] [Render thread/INFO] (lodekeeper) [Lodekeeper] FOOD_TOOL slot=7 item=minecraft:stone_pickaxe damage=3.0 wear=2 remainingDurability=115
[14:59:31] [Render thread/INFO] (lodekeeper) [Lodekeeper] FOOD_PURSUIT event=native-attack target=e3f3da32-3ebf-42bb-9d55-65a7e2aa3033 routes=1 failedRoutes=0 attacks=1 health=10.0 closestBoxDistance=2.82 elapsedMs=6278
[14:59:31] [Render thread/INFO] (lodekeeper) [Lodekeeper] FOOD_PURSUIT event=health-progress target=e3f3da32-3ebf-42bb-9d55-65a7e2aa3033 routes=1 failedRoutes=0 attacks=1 health=7.0 closestBoxDistance=2.81 elapsedMs=6348
[14:59:31] [Render thread/INFO] (lodekeeper) [Lodekeeper] FOOD_PURSUIT event=start target=e3f3da32-3ebf-42bb-9d55-65a7e2aa3033 routes=2 failedRoutes=0 attacks=1 health=7.0 closestBoxDistance=3.19 elapsedMs=6552
[14:59:31] [Render thread/INFO] (lodekeeper) [Lodekeeper] NAV backend=baritone mode=FOLLOW event=CALC_STARTED elapsedMs=0
[14:59:31] [Render thread/INFO] (lodekeeper) [Lodekeeper] NAV calcTool=minecraft:stone_pickaxe slot=7
[14:59:31] [Render thread/INFO] (lodekeeper) [Lodekeeper] NAV backend=baritone mode=FOLLOW event=CALC_FINISHED_NOW_EXECUTING elapsedMs=34
[14:59:32] [Render thread/INFO] (lodekeeper) [Lodekeeper] NAV backend=baritone mode=FOLLOW event=CALC_STARTED elapsedMs=206
[14:59:32] [Render thread/INFO] (lodekeeper) [Lodekeeper] NAV calcTool=minecraft:stone_pickaxe slot=7
[14:59:32] [Render thread/INFO] (lodekeeper) [Lodekeeper] NAV backend=baritone mode=FOLLOW event=CALC_FINISHED_NOW_EXECUTING elapsedMs=206
[14:59:32] [Render thread/INFO] (lodekeeper) [Lodekeeper] NAV backend=baritone mode=FOLLOW event=CALC_STARTED elapsedMs=240
[14:59:32] [Render thread/INFO] (lodekeeper) [Lodekeeper] NAV calcTool=minecraft:stone_pickaxe slot=7
[14:59:32] [Render thread/INFO] (lodekeeper) [Lodekeeper] NAV backend=baritone mode=FOLLOW event=CALC_FINISHED_NOW_EXECUTING elapsedMs=240
[14:59:32] [Render thread/INFO] (lodekeeper) [Lodekeeper] FOOD_PURSUIT event=in-reach target=e3f3da32-3ebf-42bb-9d55-65a7e2aa3033 routes=2 failedRoutes=0 attacks=1 health=7.0 closestBoxDistance=2.88 elapsedMs=7337
[14:59:32] [Render thread/INFO] (lodekeeper) [Lodekeeper] NAV backend=baritone mode=IDLE event=CANCELED elapsedMs=786
[14:59:32] [Render thread/INFO] (lodekeeper) [Lodekeeper] NAV backend=baritone mode=IDLE event=CANCELED elapsedMs=786
[14:59:32] [Render thread/INFO] (lodekeeper) [Lodekeeper] NAV backend=baritone mode=IDLE event=CANCELED elapsedMs=854
[14:59:32] [Render thread/INFO] (lodekeeper) [Lodekeeper] NAV backend=baritone mode=IDLE event=CANCELED elapsedMs=889
[14:59:32] [Render thread/INFO] (lodekeeper) [Lodekeeper] NAV backend=baritone mode=IDLE event=CANCELED elapsedMs=922
[14:59:32] [Render thread/INFO] (lodekeeper) [Lodekeeper] NAV backend=baritone mode=IDLE event=CANCELED elapsedMs=992
[14:59:32] [Render thread/INFO] (lodekeeper) [Lodekeeper] NAV backend=baritone mode=IDLE event=CANCELED elapsedMs=1025
[14:59:32] [Render thread/INFO] (lodekeeper) [Lodekeeper] FOOD_PURSUIT event=start target=e3f3da32-3ebf-42bb-9d55-65a7e2aa3033 routes=3 failedRoutes=0 attacks=1 health=7.0 closestBoxDistance=3.64 elapsedMs=7645
[14:59:32] [Render thread/INFO] (lodekeeper) [Lodekeeper] NAV backend=baritone mode=FOLLOW event=CALC_STARTED elapsedMs=1
[14:59:32] [Render thread/INFO] (lodekeeper) [Lodekeeper] NAV calcTool=minecraft:stone_pickaxe slot=7
[14:59:32] [Render thread/INFO] (lodekeeper) [Lodekeeper] NAV backend=baritone mode=FOLLOW event=CALC_FINISHED_NOW_EXECUTING elapsedMs=35
[14:59:33] [Render thread/INFO] (lodekeeper) [Lodekeeper] NAV backend=baritone mode=FOLLOW event=CALC_STARTED elapsedMs=139
[14:59:33] [Render thread/INFO] (lodekeeper) [Lodekeeper] NAV calcTool=minecraft:stone_pickaxe slot=7
[14:59:33] [Render thread/INFO] (lodekeeper) [Lodekeeper] NAV backend=baritone mode=FOLLOW event=CALC_FINISHED_NOW_EXECUTING elapsedMs=140
[14:59:33] [Render thread/INFO] (lodekeeper) [Lodekeeper] FOOD_PURSUIT event=abort target=e3f3da32-3ebf-42bb-9d55-65a7e2aa3033 routes=3 failedRoutes=0 attacks=1 health=7.0 closestBoxDistance=3.99 elapsedMs=7955
[14:59:33] [Render thread/INFO] (Minecraft) [System] [CHAT] [Lodekeeper] Food acquisition is replanning: passive food action failed: tracked animal changed or became unsafe before attack; movement cancellation remains pending
[14:59:33] [Render thread/INFO] (lodekeeper) [Lodekeeper] NAV backend=baritone mode=IDLE event=CANCELED elapsedMs=311
[14:59:33] [Render thread/INFO] (lodekeeper) [Lodekeeper] NAV backend=baritone mode=IDLE event=CANCELED elapsedMs=312
[14:59:33] [lodekeeper-planner/INFO] (lodekeeper) [Lodekeeper] PROJECT_MATERIALS project=gear_diamond before=[gather:minecraft:iron_ore:3, gather:minecraft:stone:8, gather:minecraft:diamond_ore:3, gather:minecraft:diamond_ore:3, gather:minecraft:birch_log:1, gather:minecraft:diamond_ore:4, gather:minecraft:diamond_ore:8, gather:minecraft:diamond_ore:5, gather:minecraft:diamond_ore:2, gather:minecraft:diamond_ore:7, gather:minecraft:diamond_ore:1, gather:minecraft:diamond_ore:2] after=[gather:minecraft:iron_ore:3, gather:minecraft:stone:8, gather:minecraft:diamond_ore:3, gather:minecraft:diamond_ore:3, gather:minecraft:birch_log:1, gather:minecraft:diamond_ore:4, gather:minecraft:diamond_ore:8, gather:minecraft:diamond_ore:5, gather:minecraft:diamond_ore:2, gather:minecraft:diamond_ore:7, gather:minecraft:diamond_ore:1, gather:minecraft:diamond_ore:2]
[14:59:33] [lodekeeper-planner/INFO] (lodekeeper) [Lodekeeper] PLAN project=gear_diamond success=true steps=29 branches=139 elapsedMs=4.069177
[14:59:33] [Render thread/INFO] (lodekeeper) [Lodekeeper] NAV backend=baritone mode=IDLE event=CANCELED elapsedMs=351
[14:59:33] [Render thread/INFO] (lodekeeper) [Lodekeeper] NAV backend=baritone mode=IDLE event=CANCELED elapsedMs=386
[14:59:33] [Render thread/INFO] (lodekeeper) [Lodekeeper] NAV backend=baritone mode=IDLE event=CANCELED elapsedMs=454
[14:59:33] [Render thread/INFO] (lodekeeper) [Lodekeeper] PROGRESS elapsed_ms=120067 phase=working backend=baritone target=none navigation_elapsed_ms=0 navigation_ticks=0 searching=false path_index=0 path_length=0 retries=0 pending_route_events=0 dropped_route_events=0 status=finishing_movement_before_inventory_actions
[14:59:33] [Render thread/INFO] (lodekeeper) [Lodekeeper] NAV backend=baritone mode=IDLE event=CANCELED elapsedMs=488
[14:59:33] [Render thread/INFO] (lodekeeper) [Lodekeeper] NAV backend=baritone mode=IDLE event=CANCELED elapsedMs=556
[14:59:33] [Render thread/INFO] (lodekeeper) [Lodekeeper] NAV backend=baritone mode=IDLE event=CANCELED elapsedMs=589
[14:59:33] [Render thread/INFO] (lodekeeper) [Lodekeeper] NAV backend=baritone mode=IDLE event=CANCELED elapsedMs=659
[14:59:33] [Render thread/INFO] (lodekeeper) [Lodekeeper] NAV backend=baritone mode=IDLE event=CANCELED elapsedMs=693
[14:59:33] [Render thread/INFO] (lodekeeper) [Lodekeeper] NAV backend=baritone mode=IDLE event=CANCELED elapsedMs=728
[14:59:33] [Render thread/INFO] (lodekeeper) [Lodekeeper] NAV backend=baritone mode=IDLE event=CANCELED elapsedMs=796
[14:59:33] [Render thread/INFO] (lodekeeper) [Lodekeeper] STEP kind=GATHER source=gather:minecraft:iron_ore output=minecraft:raw_iron count=3 operations=3 auxiliary=false
[14:59:33] [Render thread/INFO] (lodekeeper) [Lodekeeper] MINING_DEPTH policy=NEAREST desiredY=16 ceiling=2031 deficit=3 phase=MINE blocks=[Block{minecraft:iron_ore}, Block{minecraft:deepslate_iron_ore}]
[14:59:33] [Render thread/INFO] (lodekeeper) [Lodekeeper] NAV backend=baritone mode=MINE event=CALC_STARTED elapsedMs=1
[14:59:33] [Render thread/INFO] (lodekeeper) [Lodekeeper] NAV calcTool=minecraft:stone_pickaxe slot=7
[14:59:33] [Render thread/INFO] (lodekeeper) [Lodekeeper] NAV discovered=1 retained=64 rejected=0 requestTicks=3 phase=MINE
[14:59:33] [Render thread/INFO] (lodekeeper) [Lodekeeper] ROUTE_SEARCH kind=unknown anchor=unknown feet_y16=0 candidates=0 target=none elapsed_ms=120618
[14:59:33] [Render thread/INFO] (lodekeeper) [Lodekeeper] NAV backend=baritone mode=MINE event=CALC_FINISHED_NOW_EXECUTING elapsedMs=278
[14:59:34] [Render thread/INFO] (lodekeeper) [Lodekeeper] NAV discovered=1 retained=64 rejected=0 requestTicks=7 phase=MINE
[14:59:34] [Render thread/INFO] (lodekeeper) [Lodekeeper] TARGET target=-4,61,64 block=minecraft:iron_ore
[14:59:34] [Render thread/INFO] (lodekeeper) [Lodekeeper] ROUTE_TRAVEL path_index=0 path_length=27 target=-4,61,64 block=minecraft:iron_ore elapsed_ms=120825
[14:59:35] [Render thread/INFO] (lodekeeper) [Lodekeeper] PROGRESS elapsed_ms=122068 phase=traveling backend=baritone target=-4,61,64 block=minecraft:iron_ore navigation_elapsed_ms=1623 navigation_ticks=32 searching=false path_index=0 path_length=23 retries=0 pending_route_events=0 dropped_route_events=0 status=mining_and_collecting_minecraft:raw_iron___0/3
[14:59:37] [Render thread/INFO] (lodekeeper) [Lodekeeper] PROGRESS elapsed_ms=124126 phase=traveling backend=baritone target=-4,61,64 block=minecraft:iron_ore navigation_elapsed_ms=3614 navigation_ticks=72 searching=false path_index=0 path_length=14 retries=0 pending_route_events=0 dropped_route_events=0 status=mining_and_collecting_minecraft:raw_iron___0/3
[14:59:38] [Render thread/INFO] (lodekeeper) [Lodekeeper] BREAK target=Mutable{x=-4, y=70, z=64} block=Block{minecraft:grass_block} tool=minecraft:dirt slot=0 remaining=-1 required=route
[14:59:39] [Render thread/INFO] (lodekeeper) [Lodekeeper] BREAK target=Mutable{x=-4, y=69, z=64} block=Block{minecraft:dirt} tool=minecraft:dirt slot=0 remaining=-1 required=route
[14:59:39] [Render thread/INFO] (lodekeeper) [Lodekeeper] PROGRESS elapsed_ms=126183 phase=traveling backend=baritone target=-4,61,64 block=minecraft:iron_ore navigation_elapsed_ms=5601 navigation_ticks=112 searching=false path_index=0 path_length=10 retries=0 pending_route_events=0 dropped_route_events=0 status=mining_and_collecting_minecraft:raw_iron___0/3
[14:59:40] [Render thread/INFO] (lodekeeper) [Lodekeeper] BREAK target=Mutable{x=-4, y=68, z=64} block=Block{minecraft:dirt} tool=minecraft:dirt slot=0 remaining=-1 required=route
[14:59:41] [Render thread/INFO] (lodekeeper) [Lodekeeper] PROGRESS elapsed_ms=128210 phase=traveling backend=baritone target=-4,61,64 block=minecraft:iron_ore navigation_elapsed_ms=7799 navigation_ticks=156 searching=false path_index=0 path_length=8 retries=0 pending_route_events=0 dropped_route_events=0 status=mining_and_collecting_minecraft:raw_iron___0/3
[14:59:41] [Render thread/INFO] (lodekeeper) [Lodekeeper] BREAK target=Mutable{x=-4, y=67, z=64} block=Block{minecraft:stone} tool=minecraft:stone_pickaxe slot=7 remaining=113 required=route
[14:59:42] [Render thread/INFO] (lodekeeper) [Lodekeeper] BREAK target=Mutable{x=-4, y=66, z=64} block=Block{minecraft:stone} tool=minecraft:stone_pickaxe slot=7 remaining=112 required=route
[14:59:43] [Render thread/INFO] (lodekeeper) [Lodekeeper] BREAK target=Mutable{x=-4, y=65, z=64} block=Block{minecraft:stone} tool=minecraft:stone_pickaxe slot=7 remaining=111 required=route
[14:59:43] [Render thread/INFO] (lodekeeper) [Lodekeeper] PROGRESS elapsed_ms=130228 phase=traveling backend=baritone target=-4,61,64 block=minecraft:iron_ore navigation_elapsed_ms=9817 navigation_ticks=196 searching=false path_index=0 path_length=6 retries=0 pending_route_events=0 dropped_route_events=0 status=mining_and_collecting_minecraft:raw_iron___0/3
[14:59:43] [Render thread/INFO] (lodekeeper) [Lodekeeper] TARGET target=none
[14:59:43] [Render thread/INFO] (lodekeeper) [Lodekeeper] NAV backend=baritone mode=IDLE event=CANCELED elapsedMs=9957
[14:59:43] [Render thread/INFO] (lodekeeper) [Lodekeeper] NAV backend=baritone mode=IDLE event=CANCELED elapsedMs=9957
[14:59:43] [Render thread/INFO] (lodekeeper) [Lodekeeper] FOOD_PURSUIT event=start target=e3f3da32-3ebf-42bb-9d55-65a7e2aa3033 routes=1 failedRoutes=0 attacks=0 health=7.0 closestBoxDistance=15.57 elapsedMs=0
[14:59:43] [Render thread/INFO] (lodekeeper) [Lodekeeper] NAV backend=baritone mode=FOLLOW event=CALC_STARTED elapsedMs=1
[14:59:43] [Render thread/INFO] (lodekeeper) [Lodekeeper] NAV calcTool=minecraft:stone_pickaxe slot=7
[14:59:43] [Render thread/INFO] (lodekeeper) [Lodekeeper] NAV backend=baritone mode=FOLLOW event=CALC_FINISHED_NOW_EXECUTING elapsedMs=33
[14:59:44] [Render thread/INFO] (lodekeeper) [Lodekeeper] BREAK target=Mutable{x=-4, y=69, z=63} block=Block{minecraft:grass_block} tool=minecraft:dirt slot=0 remaining=-1 required=route
[14:59:45] [Render thread/INFO] (lodekeeper) [Lodekeeper] PROGRESS elapsed_ms=132291 phase=traveling backend=baritone target=none navigation_elapsed_ms=1786 navigation_ticks=36 searching=false path_index=0 path_length=25 retries=0 pending_route_events=0 dropped_route_events=0 status=pursuing_cow__1_
[14:59:45] [Render thread/INFO] (lodekeeper) [Lodekeeper] NAV backend=baritone mode=FOLLOW event=CALC_STARTED elapsedMs=2027
[14:59:45] [Render thread/INFO] (lodekeeper) [Lodekeeper] NAV calcTool=minecraft:dirt slot=0
[14:59:45] [Render thread/INFO] (lodekeeper) [Lodekeeper] NAV backend=baritone mode=FOLLOW event=CALC_FINISHED_NOW_EXECUTING elapsedMs=2027
[14:59:45] [Render thread/INFO] (lodekeeper) [Lodekeeper] NAV backend=baritone mode=FOLLOW event=CALC_STARTED elapsedMs=2095
[14:59:45] [Render thread/INFO] (lodekeeper) [Lodekeeper] NAV calcTool=minecraft:dirt slot=0
[14:59:45] [Render thread/INFO] (lodekeeper) [Lodekeeper] NAV backend=baritone mode=FOLLOW event=CALC_FINISHED_NOW_EXECUTING elapsedMs=2095
[14:59:46] [Render thread/INFO] (lodekeeper) [Lodekeeper] NAV backend=baritone mode=FOLLOW event=CALC_STARTED elapsedMs=3025
[14:59:46] [Render thread/INFO] (lodekeeper) [Lodekeeper] NAV calcTool=minecraft:dirt slot=0
[14:59:46] [Render thread/INFO] (lodekeeper) [Lodekeeper] NAV backend=baritone mode=FOLLOW event=CALC_FINISHED_NOW_EXECUTING elapsedMs=3025
[14:59:47] [Render thread/INFO] (lodekeeper) [Lodekeeper] NAV backend=baritone mode=FOLLOW event=CALC_STARTED elapsedMs=3605
[14:59:47] [Render thread/INFO] (lodekeeper) [Lodekeeper] NAV calcTool=minecraft:dirt slot=0
[14:59:47] [Render thread/INFO] (lodekeeper) [Lodekeeper] NAV backend=baritone mode=FOLLOW event=CALC_FINISHED_NOW_EXECUTING elapsedMs=3606
[14:59:47] [Render thread/INFO] (lodekeeper) [Lodekeeper] PROGRESS elapsed_ms=134314 phase=traveling backend=baritone target=none navigation_elapsed_ms=3777 navigation_ticks=76 searching=false path_index=0 path_length=22 retries=0 pending_route_events=0 dropped_route_events=0 status=pursuing_cow__1_
[14:59:47] [Render thread/INFO] (lodekeeper) [Lodekeeper] NAV backend=baritone mode=FOLLOW event=CALC_STARTED elapsedMs=4049
[14:59:47] [Render thread/INFO] (lodekeeper) [Lodekeeper] NAV calcTool=minecraft:dirt slot=0
[14:59:47] [Render thread/INFO] (lodekeeper) [Lodekeeper] NAV backend=baritone mode=FOLLOW event=CALC_FINISHED_NOW_EXECUTING elapsedMs=4049
[14:59:48] [Render thread/INFO] (lodekeeper) [Lodekeeper] NAV backend=baritone mode=FOLLOW event=CALC_STARTED elapsedMs=4394
[14:59:48] [Render thread/INFO] (lodekeeper) [Lodekeeper] NAV calcTool=minecraft:dirt slot=0
[14:59:48] [Render thread/INFO] (lodekeeper) [Lodekeeper] NAV backend=baritone mode=FOLLOW event=CALC_FINISHED_NOW_EXECUTING elapsedMs=4394
[14:59:48] [Render thread/INFO] (lodekeeper) [Lodekeeper] NAV backend=baritone mode=FOLLOW event=CALC_STARTED elapsedMs=4943
[14:59:48] [Render thread/INFO] (lodekeeper) [Lodekeeper] NAV calcTool=minecraft:dirt slot=0
[14:59:48] [Render thread/INFO] (lodekeeper) [Lodekeeper] NAV backend=baritone mode=FOLLOW event=CALC_FINISHED_NOW_EXECUTING elapsedMs=4943
[14:59:49] [Render thread/INFO] (lodekeeper) [Lodekeeper] NAV backend=baritone mode=FOLLOW event=CALC_STARTED elapsedMs=5385
[14:59:49] [Render thread/INFO] (lodekeeper) [Lodekeeper] NAV calcTool=minecraft:dirt slot=0
[14:59:49] [Render thread/INFO] (lodekeeper) [Lodekeeper] NAV backend=baritone mode=FOLLOW event=CALC_FINISHED_NOW_EXECUTING elapsedMs=5386
[14:59:49] [Render thread/INFO] (lodekeeper) [Lodekeeper] PROGRESS elapsed_ms=136331 phase=traveling backend=baritone target=none navigation_elapsed_ms=5793 navigation_ticks=116 searching=false path_index=0 path_length=16 retries=0 pending_route_events=0 dropped_route_events=0 status=pursuing_cow__1_
[14:59:49] [Render thread/INFO] (lodekeeper) [Lodekeeper] NAV backend=baritone mode=FOLLOW event=CALC_STARTED elapsedMs=6105
[14:59:49] [Render thread/INFO] (lodekeeper) [Lodekeeper] NAV calcTool=minecraft:dirt slot=0
[14:59:49] [Render thread/INFO] (lodekeeper) [Lodekeeper] NAV backend=baritone mode=FOLLOW event=CALC_FINISHED_NOW_EXECUTING elapsedMs=6105
[14:59:49] [Render thread/INFO] (lodekeeper) [Lodekeeper] NAV backend=baritone mode=FOLLOW event=CALC_STARTED elapsedMs=6140
[14:59:49] [Render thread/INFO] (lodekeeper) [Lodekeeper] NAV calcTool=minecraft:dirt slot=0
[14:59:49] [Render thread/INFO] (lodekeeper) [Lodekeeper] NAV backend=baritone mode=FOLLOW event=CALC_FINISHED_NOW_EXECUTING elapsedMs=6140
[14:59:50] [Render thread/INFO] (lodekeeper) [Lodekeeper] NAV backend=baritone mode=FOLLOW event=CALC_STARTED elapsedMs=7197
[14:59:50] [Render thread/INFO] (lodekeeper) [Lodekeeper] NAV calcTool=minecraft:dirt slot=0
[14:59:50] [Render thread/INFO] (lodekeeper) [Lodekeeper] NAV backend=baritone mode=FOLLOW event=CALC_FINISHED_NOW_EXECUTING elapsedMs=7197
[14:59:51] [Render thread/INFO] (lodekeeper) [Lodekeeper] NAV backend=baritone mode=FOLLOW event=CALC_STARTED elapsedMs=7850
[14:59:51] [Render thread/INFO] (lodekeeper) [Lodekeeper] NAV calcTool=minecraft:dirt slot=0
[14:59:51] [Render thread/INFO] (lodekeeper) [Lodekeeper] NAV backend=baritone mode=FOLLOW event=CALC_FINISHED_NOW_EXECUTING elapsedMs=7850
[14:59:51] [Render thread/INFO] (lodekeeper) [Lodekeeper] PROGRESS elapsed_ms=138386 phase=traveling backend=baritone target=none navigation_elapsed_ms=7781 navigation_ticks=156 searching=false path_index=0 path_length=11 retries=0 pending_route_events=0 dropped_route_events=0 status=pursuing_cow__1_
[14:59:51] [Render thread/INFO] (lodekeeper) [Lodekeeper] NAV backend=baritone mode=FOLLOW event=CALC_STARTED elapsedMs=7951
[14:59:51] [Render thread/INFO] (lodekeeper) [Lodekeeper] NAV calcTool=minecraft:dirt slot=0
[14:59:51] [Render thread/INFO] (lodekeeper) [Lodekeeper] NAV backend=baritone mode=FOLLOW event=CALC_FINISHED_NOW_EXECUTING elapsedMs=7952
[14:59:53] [Render thread/INFO] (lodekeeper) [Lodekeeper] NAV backend=baritone mode=FOLLOW event=CALC_STARTED elapsedMs=9355
[14:59:53] [Render thread/INFO] (lodekeeper) [Lodekeeper] NAV calcTool=minecraft:dirt slot=0
[14:59:53] [Render thread/INFO] (lodekeeper) [Lodekeeper] NAV backend=baritone mode=FOLLOW event=CALC_FINISHED_NOW_EXECUTING elapsedMs=9355
[14:59:53] [Render thread/INFO] (lodekeeper) [Lodekeeper] NAV backend=baritone mode=FOLLOW event=CALC_STARTED elapsedMs=9933
[14:59:53] [Render thread/INFO] (lodekeeper) [Lodekeeper] NAV calcTool=minecraft:dirt slot=0
[14:59:53] [Render thread/INFO] (lodekeeper) [Lodekeeper] NAV backend=baritone mode=FOLLOW event=CALC_FINISHED_NOW_EXECUTING elapsedMs=9934
[14:59:53] [Render thread/INFO] (lodekeeper) [Lodekeeper] PROGRESS elapsed_ms=140435 phase=traveling backend=baritone target=none navigation_elapsed_ms=10000 navigation_ticks=200 searching=false path_index=0 path_length=6 retries=0 pending_route_events=0 dropped_route_events=0 status=pursuing_cow__1_
[14:59:53] [Render thread/INFO] (lodekeeper) [Lodekeeper] NAV backend=baritone mode=FOLLOW event=CALC_STARTED elapsedMs=10238
[14:59:53] [Render thread/INFO] (lodekeeper) [Lodekeeper] NAV calcTool=minecraft:dirt slot=0
[14:59:53] [Render thread/INFO] (lodekeeper) [Lodekeeper] NAV backend=baritone mode=FOLLOW event=CALC_FINISHED_NOW_EXECUTING elapsedMs=10239
[14:59:54] [Render thread/INFO] (lodekeeper) [Lodekeeper] FOOD_PURSUIT event=in-reach target=e3f3da32-3ebf-42bb-9d55-65a7e2aa3033 routes=1 failedRoutes=0 attacks=0 health=7.0 closestBoxDistance=2.88 elapsedMs=10374
[14:59:54] [Render thread/INFO] (lodekeeper) [Lodekeeper] NAV backend=baritone mode=IDLE event=CANCELED elapsedMs=10375
[14:59:54] [Render thread/INFO] (lodekeeper) [Lodekeeper] NAV backend=baritone mode=IDLE event=CANCELED elapsedMs=10375
[14:59:54] [Render thread/INFO] (lodekeeper) [Lodekeeper] NAV backend=baritone mode=IDLE event=CANCELED elapsedMs=10443
[14:59:54] [Render thread/INFO] (lodekeeper) [Lodekeeper] NAV backend=baritone mode=IDLE event=CANCELED elapsedMs=10476
[14:59:54] [Render thread/INFO] (lodekeeper) [Lodekeeper] NAV backend=baritone mode=IDLE event=CANCELED elapsedMs=10544
[14:59:54] [Render thread/INFO] (lodekeeper) [Lodekeeper] FOOD_PURSUIT event=start target=e3f3da32-3ebf-42bb-9d55-65a7e2aa3033 routes=2 failedRoutes=0 attacks=0 health=7.0 closestBoxDistance=3.06 elapsedMs=10953
[14:59:54] [Render thread/INFO] (lodekeeper) [Lodekeeper] NAV backend=baritone mode=FOLLOW event=CALC_STARTED elapsedMs=1
[14:59:54] [Render thread/INFO] (lodekeeper) [Lodekeeper] NAV calcTool=minecraft:stone_pickaxe slot=7
[14:59:54] [Render thread/INFO] (lodekeeper) [Lodekeeper] NAV backend=baritone mode=FOLLOW event=CALC_FINISHED_NOW_EXECUTING elapsedMs=34
[14:59:54] [Render thread/INFO] (lodekeeper) [Lodekeeper] FOOD_PURSUIT event=in-reach target=e3f3da32-3ebf-42bb-9d55-65a7e2aa3033 routes=2 failedRoutes=0 attacks=0 health=7.0 closestBoxDistance=2.98 elapsedMs=11090
[14:59:54] [Render thread/INFO] (lodekeeper) [Lodekeeper] NAV backend=baritone mode=IDLE event=CANCELED elapsedMs=137
[14:59:54] [Render thread/INFO] (lodekeeper) [Lodekeeper] NAV backend=baritone mode=IDLE event=CANCELED elapsedMs=137
[14:59:54] [Render thread/INFO] (lodekeeper) [Lodekeeper] NAV backend=baritone mode=IDLE event=CANCELED elapsedMs=171
[14:59:54] [Render thread/INFO] (lodekeeper) [Lodekeeper] NAV backend=baritone mode=IDLE event=CANCELED elapsedMs=239
[14:59:54] [Render thread/INFO] (lodekeeper) [Lodekeeper] FOOD_PURSUIT event=start target=e3f3da32-3ebf-42bb-9d55-65a7e2aa3033 routes=3 failedRoutes=0 attacks=0 health=7.0 closestBoxDistance=3.03 elapsedMs=11227
[14:59:54] [Render thread/INFO] (lodekeeper) [Lodekeeper] NAV backend=baritone mode=FOLLOW event=CALC_STARTED elapsedMs=0
[14:59:54] [Render thread/INFO] (lodekeeper) [Lodekeeper] NAV calcTool=minecraft:stone_pickaxe slot=7
[14:59:55] [Render thread/INFO] (lodekeeper) [Lodekeeper] NAV backend=baritone mode=FOLLOW event=CALC_FINISHED_NOW_EXECUTING elapsedMs=68
[14:59:55] [Render thread/INFO] (lodekeeper) [Lodekeeper] FOOD_PURSUIT event=in-reach target=e3f3da32-3ebf-42bb-9d55-65a7e2aa3033 routes=3 failedRoutes=0 attacks=0 health=7.0 closestBoxDistance=2.92 elapsedMs=11398
[14:59:55] [Render thread/INFO] (lodekeeper) [Lodekeeper] NAV backend=baritone mode=IDLE event=CALC_STARTED elapsedMs=171
[14:59:55] [Render thread/INFO] (lodekeeper) [Lodekeeper] NAV calcTool=minecraft:stone_pickaxe slot=7
[14:59:55] [Render thread/INFO] (lodekeeper) [Lodekeeper] NAV backend=baritone mode=IDLE event=CALC_FINISHED_NOW_EXECUTING elapsedMs=172
[14:59:55] [Render thread/INFO] (lodekeeper) [Lodekeeper] NAV backend=baritone mode=IDLE event=CANCELED elapsedMs=172
[14:59:55] [Render thread/INFO] (lodekeeper) [Lodekeeper] NAV backend=baritone mode=IDLE event=CANCELED elapsedMs=172
[14:59:55] [Render thread/INFO] (lodekeeper) [Lodekeeper] NAV backend=baritone mode=IDLE event=CANCELED elapsedMs=207
[14:59:55] [Render thread/INFO] (lodekeeper) [Lodekeeper] NAV backend=baritone mode=IDLE event=CANCELED elapsedMs=276
[14:59:55] [Render thread/INFO] (lodekeeper) [Lodekeeper] FOOD_TOOL slot=7 item=minecraft:stone_pickaxe damage=3.0 wear=2 remainingDurability=111
[14:59:55] [Render thread/INFO] (lodekeeper) [Lodekeeper] FOOD_PURSUIT event=native-attack target=e3f3da32-3ebf-42bb-9d55-65a7e2aa3033 routes=3 failedRoutes=0 attacks=1 health=7.0 closestBoxDistance=2.86 elapsedMs=11572
[14:59:55] [Render thread/INFO] (lodekeeper) [Lodekeeper] FOOD_PURSUIT event=health-progress target=e3f3da32-3ebf-42bb-9d55-65a7e2aa3033 routes=3 failedRoutes=0 attacks=1 health=4.0 closestBoxDistance=2.86 elapsedMs=11642
[14:59:55] [Render thread/INFO] (lodekeeper) [Lodekeeper] FOOD_PURSUIT event=start target=e3f3da32-3ebf-42bb-9d55-65a7e2aa3033 routes=4 failedRoutes=0 attacks=1 health=4.0 closestBoxDistance=3.12 elapsedMs=11781
[14:59:55] [Render thread/INFO] (lodekeeper) [Lodekeeper] NAV backend=baritone mode=FOLLOW event=CALC_STARTED elapsedMs=0
[14:59:55] [Render thread/INFO] (lodekeeper) [Lodekeeper] NAV calcTool=minecraft:stone_pickaxe slot=7
[14:59:55] [Render thread/INFO] (lodekeeper) [Lodekeeper] NAV backend=baritone mode=FOLLOW event=CALC_FINISHED_NOW_EXECUTING elapsedMs=67
[14:59:55] [Render thread/INFO] (lodekeeper) [Lodekeeper] FOOD_PURSUIT event=in-reach target=e3f3da32-3ebf-42bb-9d55-65a7e2aa3033 routes=4 failedRoutes=0 attacks=1 health=4.0 closestBoxDistance=2.87 elapsedMs=11985
[14:59:55] [Render thread/INFO] (lodekeeper) [Lodekeeper] NAV backend=baritone mode=IDLE event=CANCELED elapsedMs=204
[14:59:55] [Render thread/INFO] (lodekeeper) [Lodekeeper] NAV backend=baritone mode=IDLE event=CANCELED elapsedMs=204
[14:59:55] [Render thread/INFO] (lodekeeper) [Lodekeeper] PROGRESS elapsed_ms=142487 phase=working backend=baritone target=none navigation_elapsed_ms=0 navigation_ticks=0 searching=false path_index=0 path_length=0 retries=0 pending_route_events=0 dropped_route_events=0 status=finishing_movement_before_inventory_actions
[14:59:55] [Render thread/INFO] (lodekeeper) [Lodekeeper] NAV backend=baritone mode=IDLE event=CANCELED elapsedMs=272
[14:59:55] [Render thread/INFO] (lodekeeper) [Lodekeeper] NAV backend=baritone mode=IDLE event=CANCELED elapsedMs=307
[14:59:55] [Render thread/INFO] (lodekeeper) [Lodekeeper] NAV backend=baritone mode=IDLE event=CANCELED elapsedMs=342
[14:59:56] [Render thread/INFO] (lodekeeper) [Lodekeeper] FOOD_TOOL slot=7 item=minecraft:stone_pickaxe damage=3.0 wear=2 remainingDurability=109
[14:59:56] [Render thread/INFO] (lodekeeper) [Lodekeeper] FOOD_PURSUIT event=native-attack target=e3f3da32-3ebf-42bb-9d55-65a7e2aa3033 routes=4 failedRoutes=0 attacks=2 health=4.0 closestBoxDistance=2.61 elapsedMs=12435
[14:59:56] [Render thread/INFO] (lodekeeper) [Lodekeeper] FOOD_PURSUIT event=health-progress target=e3f3da32-3ebf-42bb-9d55-65a7e2aa3033 routes=4 failedRoutes=0 attacks=2 health=1.0 closestBoxDistance=2.58 elapsedMs=12502
[14:59:57] [Render thread/INFO] (lodekeeper) [Lodekeeper] FOOD_TOOL slot=7 item=minecraft:stone_pickaxe damage=3.0 wear=2 remainingDurability=107
[14:59:57] [Render thread/INFO] (lodekeeper) [Lodekeeper] FOOD_PURSUIT event=native-attack target=e3f3da32-3ebf-42bb-9d55-65a7e2aa3033 routes=4 failedRoutes=0 attacks=3 health=1.0 closestBoxDistance=1.62 elapsedMs=13294
[14:59:57] [Render thread/INFO] (lodekeeper) [Lodekeeper] FOOD_PURSUIT event=health-progress target=e3f3da32-3ebf-42bb-9d55-65a7e2aa3033 routes=4 failedRoutes=0 attacks=3 health=0.0 closestBoxDistance=1.33 elapsedMs=13327
[14:59:57] [Render thread/INFO] (lodekeeper) [Lodekeeper] NAV backend=baritone mode=PICKUP event=CALC_STARTED elapsedMs=0
[14:59:57] [Render thread/INFO] (lodekeeper) [Lodekeeper] NAV calcTool=minecraft:stone_pickaxe slot=7
[14:59:57] [Render thread/INFO] (lodekeeper) [Lodekeeper] NAV backend=baritone mode=PICKUP event=CALC_FINISHED_NOW_EXECUTING elapsedMs=35
[14:59:57] [Render thread/INFO] (lodekeeper) [Lodekeeper] NAV backend=baritone mode=PICKUP event=CALC_STARTED elapsedMs=103
[14:59:57] [Render thread/INFO] (lodekeeper) [Lodekeeper] NAV calcTool=minecraft:dirt slot=0
[14:59:57] [Render thread/INFO] (lodekeeper) [Lodekeeper] NAV backend=baritone mode=PICKUP event=CALC_FINISHED_NOW_EXECUTING elapsedMs=103
[14:59:57] [Render thread/INFO] (lodekeeper) [Lodekeeper] PROGRESS elapsed_ms=144517 phase=working backend=baritone target=none navigation_elapsed_ms=0 navigation_ticks=0 searching=false path_index=0 path_length=0 retries=0 pending_route_events=0 dropped_route_events=0 status=finishing_movement_before_inventory_actions
[14:59:57] [Render thread/INFO] (lodekeeper) [Lodekeeper] NAV backend=baritone mode=IDLE event=AT_GOAL elapsedMs=688
[14:59:57] [Render thread/INFO] (lodekeeper) [Lodekeeper] NAV backend=baritone mode=IDLE event=CANCELED elapsedMs=756
[14:59:57] [Render thread/INFO] (lodekeeper) [Lodekeeper] NAV backend=baritone mode=IDLE event=CANCELED elapsedMs=789
[14:59:57] [Render thread/INFO] (lodekeeper) [Lodekeeper] NAV backend=baritone mode=IDLE event=CANCELED elapsedMs=857
[14:59:58] [lodekeeper-planner/INFO] (lodekeeper) [Lodekeeper] PROJECT_MATERIALS project=gear_diamond before=[gather:minecraft:iron_ore:3, gather:minecraft:stone:6, gather:minecraft:diamond_ore:3, gather:minecraft:diamond_ore:3, gather:minecraft:birch_log:1, gather:minecraft:diamond_ore:4, gather:minecraft:diamond_ore:8, gather:minecraft:diamond_ore:5, gather:minecraft:diamond_ore:2, gather:minecraft:diamond_ore:7, gather:minecraft:diamond_ore:1, gather:minecraft:diamond_ore:2] after=[gather:minecraft:iron_ore:3, gather:minecraft:stone:6, gather:minecraft:diamond_ore:3, gather:minecraft:diamond_ore:3, gather:minecraft:birch_log:1, gather:minecraft:diamond_ore:4, gather:minecraft:diamond_ore:8, gather:minecraft:diamond_ore:5, gather:minecraft:diamond_ore:2, gather:minecraft:diamond_ore:7, gather:minecraft:diamond_ore:1, gather:minecraft:diamond_ore:2]
[14:59:58] [lodekeeper-planner/INFO] (lodekeeper) [Lodekeeper] PLAN project=gear_diamond success=true steps=29 branches=140 elapsedMs=4.031428
[14:59:58] [Render thread/INFO] (lodekeeper) [Lodekeeper] STEP kind=GATHER source=gather:minecraft:iron_ore output=minecraft:raw_iron count=3 operations=3 auxiliary=false
[14:59:58] [Render thread/INFO] (lodekeeper) [Lodekeeper] MINING_DEPTH policy=NEAREST desiredY=16 ceiling=2031 deficit=3 phase=MINE blocks=[Block{minecraft:iron_ore}, Block{minecraft:deepslate_iron_ore}]
[14:59:58] [Render thread/INFO] (lodekeeper) [Lodekeeper] NAV backend=baritone mode=MINE event=CALC_STARTED elapsedMs=1
[14:59:58] [Render thread/INFO] (lodekeeper) [Lodekeeper] NAV calcTool=minecraft:stone_pickaxe slot=7
[14:59:58] [Render thread/INFO] (lodekeeper) [Lodekeeper] NAV backend=baritone mode=MINE event=CALC_FINISHED_NOW_EXECUTING elapsedMs=66
[14:59:58] [Render thread/INFO] (lodekeeper) [Lodekeeper] TARGET target=-9,71,85 block=minecraft:iron_ore
[14:59:58] [Render thread/INFO] (lodekeeper) [Lodekeeper] NAV discovered=4 retained=64 rejected=0 requestTicks=5 phase=MINE
[14:59:58] [Render thread/INFO] (lodekeeper) [Lodekeeper] NAV discovered=2 retained=64 rejected=0 requestTicks=9 phase=MINE
[14:59:58] [Render thread/INFO] (lodekeeper) [Lodekeeper] NAV discovered=2 retained=64 rejected=0 requestTicks=13 phase=MINE
[14:59:58] [Render thread/INFO] (lodekeeper) [Lodekeeper] NAV discovered=2 retained=64 rejected=0 requestTicks=17 phase=MINE
[14:59:59] [Render thread/INFO] (lodekeeper) [Lodekeeper] TARGET target=none
[14:59:59] [Render thread/INFO] (lodekeeper) [Lodekeeper] NAV backend=baritone mode=IDLE event=CANCELED elapsedMs=929
[14:59:59] [Render thread/INFO] (lodekeeper) [Lodekeeper] NAV backend=baritone mode=IDLE event=CANCELED elapsedMs=929
[14:59:59] [Render thread/INFO] (lodekeeper) [Lodekeeper] NAV backend=baritone mode=IDLE event=CANCELED elapsedMs=996
[14:59:59] [Render thread/INFO] (lodekeeper) [Lodekeeper] NAV backend=baritone mode=IDLE event=CANCELED elapsedMs=1030
[14:59:59] [Render thread/INFO] (lodekeeper) [Lodekeeper] NAV backend=baritone mode=IDLE event=CANCELED elapsedMs=1098
[14:59:59] [Render thread/INFO] (lodekeeper) [Lodekeeper] NAV backend=baritone mode=IDLE event=CANCELED elapsedMs=1132
[14:59:59] [Render thread/INFO] (lodekeeper) [Lodekeeper] NAV backend=baritone mode=IDLE event=CANCELED elapsedMs=1165
[14:59:59] [Render thread/INFO] (lodekeeper) [Lodekeeper] NAV backend=baritone mode=IDLE event=CANCELED elapsedMs=1234
[14:59:59] [Render thread/INFO] (lodekeeper) [Lodekeeper] NAV backend=baritone mode=IDLE event=CANCELED elapsedMs=1268
[14:59:59] [Render thread/INFO] (lodekeeper) [Lodekeeper] FOOD_PURSUIT event=start target=d8c52ac7-1d0d-4dd6-8650-b6a2684a6f9d routes=1 failedRoutes=0 attacks=0 health=10.0 closestBoxDistance=8.7 elapsedMs=0
[14:59:59] [Render thread/INFO] (lodekeeper) [Lodekeeper] NAV backend=baritone mode=FOLLOW event=CALC_STARTED elapsedMs=0
[14:59:59] [Render thread/INFO] (lodekeeper) [Lodekeeper] NAV calcTool=minecraft:stone_pickaxe slot=7
[14:59:59] [Render thread/INFO] (lodekeeper) [Lodekeeper] NAV backend=baritone mode=FOLLOW event=CALC_FINISHED_NOW_EXECUTING elapsedMs=35
[14:59:59] [Render thread/INFO] (lodekeeper) [Lodekeeper] NAV backend=baritone mode=FOLLOW event=CALC_STARTED elapsedMs=342
[14:59:59] [Render thread/INFO] (lodekeeper) [Lodekeeper] NAV calcTool=minecraft:stone_pickaxe slot=7
[14:59:59] [Render thread/INFO] (lodekeeper) [Lodekeeper] NAV backend=baritone mode=FOLLOW event=CALC_FINISHED_NOW_EXECUTING elapsedMs=343
[14:59:59] [Render thread/INFO] (lodekeeper) [Lodekeeper] PROGRESS elapsed_ms=146539 phase=traveling backend=baritone target=none navigation_elapsed_ms=410 navigation_ticks=8 searching=false path_index=0 path_length=8 retries=0 pending_route_events=0 dropped_route_events=0 status=pursuing_cow__1_
[15:00:00] [Render thread/INFO] (lodekeeper) [Lodekeeper] NAV backend=baritone mode=FOLLOW event=CALC_STARTED elapsedMs=960
[15:00:00] [Render thread/INFO] (lodekeeper) [Lodekeeper] NAV calcTool=minecraft:stone_pickaxe slot=7
[15:00:00] [Render thread/INFO] (lodekeeper) [Lodekeeper] NAV backend=baritone mode=FOLLOW event=CALC_FINISHED_NOW_EXECUTING elapsedMs=961
[15:00:00] [Render thread/INFO] (lodekeeper) [Lodekeeper] FOOD_PURSUIT event=in-reach target=d8c52ac7-1d0d-4dd6-8650-b6a2684a6f9d routes=1 failedRoutes=0 attacks=0 health=10.0 closestBoxDistance=2.94 elapsedMs=1401
[15:00:00] [Render thread/INFO] (lodekeeper) [Lodekeeper] NAV backend=baritone mode=IDLE event=CANCELED elapsedMs=1402
[15:00:00] [Render thread/INFO] (lodekeeper) [Lodekeeper] NAV backend=baritone mode=IDLE event=CANCELED elapsedMs=1402
[15:00:00] [Render thread/INFO] (lodekeeper) [Lodekeeper] NAV backend=baritone mode=IDLE event=CANCELED elapsedMs=1436
[15:00:00] [Render thread/INFO] (lodekeeper) [Lodekeeper] NAV backend=baritone mode=IDLE event=CANCELED elapsedMs=1504
[15:00:00] [Render thread/INFO] (lodekeeper) [Lodekeeper] NAV backend=baritone mode=IDLE event=CANCELED elapsedMs=1538
[15:00:01] [Render thread/INFO] (lodekeeper) [Lodekeeper] FOOD_TOOL slot=7 item=minecraft:stone_pickaxe damage=3.0 wear=2 remainingDurability=105
[15:00:01] [Render thread/INFO] (lodekeeper) [Lodekeeper] FOOD_PURSUIT event=native-attack target=d8c52ac7-1d0d-4dd6-8650-b6a2684a6f9d routes=1 failedRoutes=0 attacks=1 health=10.0 closestBoxDistance=2.84 elapsedMs=1641
[15:00:01] [Render thread/INFO] (lodekeeper) [Lodekeeper] FOOD_PURSUIT event=health-progress target=d8c52ac7-1d0d-4dd6-8650-b6a2684a6f9d routes=1 failedRoutes=0 attacks=1 health=7.0 closestBoxDistance=2.86 elapsedMs=1709
[15:00:01] [Render thread/INFO] (lodekeeper) [Lodekeeper] FOOD_PURSUIT event=start target=d8c52ac7-1d0d-4dd6-8650-b6a2684a6f9d routes=2 failedRoutes=0 attacks=1 health=7.0 closestBoxDistance=3.28 elapsedMs=1879
[15:00:01] [Render thread/INFO] (lodekeeper) [Lodekeeper] NAV backend=baritone mode=FOLLOW event=CALC_STARTED elapsedMs=1
[15:00:01] [Render thread/INFO] (lodekeeper) [Lodekeeper] NAV calcTool=minecraft:stone_pickaxe slot=7
[15:00:01] [Render thread/INFO] (lodekeeper) [Lodekeeper] NAV backend=baritone mode=FOLLOW event=CALC_FINISHED_NOW_EXECUTING elapsedMs=68
[15:00:01] [Render thread/INFO] (lodekeeper) [Lodekeeper] NAV backend=baritone mode=FOLLOW event=CALC_STARTED elapsedMs=103
[15:00:01] [Render thread/INFO] (lodekeeper) [Lodekeeper] NAV calcTool=minecraft:stone_pickaxe slot=7
[15:00:01] [Render thread/INFO] (lodekeeper) [Lodekeeper] NAV backend=baritone mode=FOLLOW event=CALC_FINISHED_NOW_EXECUTING elapsedMs=104
[15:00:01] [Render thread/INFO] (lodekeeper) [Lodekeeper] NAV backend=baritone mode=FOLLOW event=CALC_STARTED elapsedMs=172
[15:00:01] [Render thread/INFO] (lodekeeper) [Lodekeeper] NAV calcTool=minecraft:stone_pickaxe slot=7
[15:00:01] [Render thread/INFO] (lodekeeper) [Lodekeeper] NAV backend=baritone mode=FOLLOW event=CALC_FINISHED_NOW_EXECUTING elapsedMs=172
[15:00:01] [Render thread/INFO] (lodekeeper) [Lodekeeper] NAV backend=baritone mode=FOLLOW event=CALC_STARTED elapsedMs=309
[15:00:01] [Render thread/INFO] (lodekeeper) [Lodekeeper] NAV calcTool=minecraft:stone_pickaxe slot=7
[15:00:01] [Render thread/INFO] (lodekeeper) [Lodekeeper] NAV backend=baritone mode=FOLLOW event=CALC_FINISHED_NOW_EXECUTING elapsedMs=310
[15:00:01] [Render thread/INFO] (lodekeeper) [Lodekeeper] NAV backend=baritone mode=FOLLOW event=CALC_STARTED elapsedMs=412
[15:00:01] [Render thread/INFO] (lodekeeper) [Lodekeeper] NAV calcTool=minecraft:stone_pickaxe slot=7
[15:00:01] [Render thread/INFO] (lodekeeper) [Lodekeeper] NAV backend=baritone mode=FOLLOW event=CALC_FINISHED_NOW_EXECUTING elapsedMs=412
[15:00:01] [Render thread/INFO] (lodekeeper) [Lodekeeper] PROGRESS elapsed_ms=148556 phase=traveling backend=baritone target=none navigation_elapsed_ms=411 navigation_ticks=8 searching=false path_index=0 path_length=5 retries=0 pending_route_events=0 dropped_route_events=0 status=pursuing_cow__2_
[15:00:01] [Render thread/INFO] (lodekeeper) [Lodekeeper] NAV backend=baritone mode=FOLLOW event=CALC_STARTED elapsedMs=549
[15:00:01] [Render thread/INFO] (lodekeeper) [Lodekeeper] NAV calcTool=minecraft:stone_pickaxe slot=7
[15:00:01] [Render thread/INFO] (lodekeeper) [Lodekeeper] NAV backend=baritone mode=FOLLOW event=CALC_FINISHED_NOW_EXECUTING elapsedMs=549
[15:00:02] [Render thread/INFO] (lodekeeper) [Lodekeeper] NAV backend=baritone mode=FOLLOW event=CALC_STARTED elapsedMs=720
[15:00:02] [Render thread/INFO] (lodekeeper) [Lodekeeper] NAV calcTool=minecraft:stone_pickaxe slot=7
[15:00:02] [Render thread/INFO] (lodekeeper) [Lodekeeper] NAV backend=baritone mode=FOLLOW event=CALC_FINISHED_NOW_EXECUTING elapsedMs=720
[15:00:02] [Render thread/INFO] (lodekeeper) [Lodekeeper] NAV backend=baritone mode=FOLLOW event=CALC_STARTED elapsedMs=855
[15:00:02] [Render thread/INFO] (lodekeeper) [Lodekeeper] NAV calcTool=minecraft:stone_pickaxe slot=7
[15:00:02] [Render thread/INFO] (lodekeeper) [Lodekeeper] NAV backend=baritone mode=FOLLOW event=CALC_FINISHED_NOW_EXECUTING elapsedMs=855
[15:00:02] [Render thread/INFO] (lodekeeper) [Lodekeeper] NAV backend=baritone mode=FOLLOW event=CALC_STARTED elapsedMs=922
[15:00:02] [Render thread/INFO] (lodekeeper) [Lodekeeper] NAV calcTool=minecraft:stone_pickaxe slot=7
[15:00:02] [Render thread/INFO] (lodekeeper) [Lodekeeper] NAV backend=baritone mode=FOLLOW event=CALC_FINISHED_NOW_EXECUTING elapsedMs=922
[15:00:02] [Render thread/INFO] (lodekeeper) [Lodekeeper] FOOD_PURSUIT event=in-reach target=d8c52ac7-1d0d-4dd6-8650-b6a2684a6f9d routes=2 failedRoutes=0 attacks=1 health=7.0 closestBoxDistance=2.76 elapsedMs=3003
[15:00:02] [Render thread/INFO] (lodekeeper) [Lodekeeper] NAV backend=baritone mode=IDLE event=CANCELED elapsedMs=1227
[15:00:02] [Render thread/INFO] (lodekeeper) [Lodekeeper] NAV backend=baritone mode=IDLE event=CANCELED elapsedMs=1228
[15:00:02] [Render thread/INFO] (lodekeeper) [Lodekeeper] NAV backend=baritone mode=IDLE event=CANCELED elapsedMs=1235
[15:00:02] [Render thread/INFO] (lodekeeper) [Lodekeeper] NAV backend=baritone mode=IDLE event=CANCELED elapsedMs=1237
[15:00:02] [Render thread/INFO] (lodekeeper) [Lodekeeper] NAV backend=baritone mode=IDLE event=CANCELED elapsedMs=1269
[15:00:02] [Render thread/INFO] (lodekeeper) [Lodekeeper] FOOD_TOOL slot=7 item=minecraft:stone_pickaxe damage=3.0 wear=2 remainingDurability=103
[15:00:02] [Render thread/INFO] (lodekeeper) [Lodekeeper] FOOD_PURSUIT event=native-attack target=d8c52ac7-1d0d-4dd6-8650-b6a2684a6f9d routes=2 failedRoutes=0 attacks=2 health=7.0 closestBoxDistance=1.93 elapsedMs=3253
[15:00:02] [Render thread/INFO] (lodekeeper) [Lodekeeper] FOOD_PURSUIT event=health-progress target=d8c52ac7-1d0d-4dd6-8650-b6a2684a6f9d routes=2 failedRoutes=0 attacks=2 health=4.0 closestBoxDistance=1.74 elapsedMs=3287
[15:00:03] [Render thread/INFO] (lodekeeper) [Lodekeeper] FOOD_TOOL slot=7 item=minecraft:stone_pickaxe damage=3.0 wear=2 remainingDurability=101
[15:00:03] [Render thread/INFO] (lodekeeper) [Lodekeeper] FOOD_PURSUIT event=native-attack target=d8c52ac7-1d0d-4dd6-8650-b6a2684a6f9d routes=2 failedRoutes=0 attacks=3 health=4.0 closestBoxDistance=1.51 elapsedMs=4102
[15:00:03] [Render thread/INFO] (lodekeeper) [Lodekeeper] FOOD_PURSUIT event=health-progress target=d8c52ac7-1d0d-4dd6-8650-b6a2684a6f9d routes=2 failedRoutes=0 attacks=3 health=1.0 closestBoxDistance=1.27 elapsedMs=4136
[15:00:03] [Render thread/INFO] (lodekeeper) [Lodekeeper] PROGRESS elapsed_ms=150577 phase=waiting backend=baritone target=none navigation_elapsed_ms=0 navigation_ticks=0 searching=false path_index=0 path_length=0 retries=0 pending_route_events=0 dropped_route_events=0 status=waiting_for_native_attack_cooldown
[15:00:04] [Render thread/INFO] (lodekeeper) [Lodekeeper] FOOD_PURSUIT event=start target=d8c52ac7-1d0d-4dd6-8650-b6a2684a6f9d routes=3 failedRoutes=0 attacks=3 health=1.0 closestBoxDistance=3.12 elapsedMs=4653
[15:00:04] [Render thread/INFO] (lodekeeper) [Lodekeeper] NAV backend=baritone mode=FOLLOW event=CALC_STARTED elapsedMs=1
[15:00:04] [Render thread/INFO] (lodekeeper) [Lodekeeper] NAV calcTool=minecraft:stone_pickaxe slot=7
[15:00:04] [Render thread/INFO] (lodekeeper) [Lodekeeper] NAV backend=baritone mode=FOLLOW event=CALC_FINISHED_NOW_EXECUTING elapsedMs=33
[15:00:04] [Render thread/INFO] (lodekeeper) [Lodekeeper] NAV backend=baritone mode=FOLLOW event=CALC_STARTED elapsedMs=102
[15:00:04] [Render thread/INFO] (lodekeeper) [Lodekeeper] NAV calcTool=minecraft:stone_pickaxe slot=7
[15:00:04] [Render thread/INFO] (lodekeeper) [Lodekeeper] NAV backend=baritone mode=FOLLOW event=CALC_FINISHED_NOW_EXECUTING elapsedMs=103
[15:00:04] [Render thread/INFO] (lodekeeper) [Lodekeeper] FOOD_PURSUIT event=in-reach target=d8c52ac7-1d0d-4dd6-8650-b6a2684a6f9d routes=3 failedRoutes=0 attacks=3 health=1.0 closestBoxDistance=2.93 elapsedMs=4994
[15:00:04] [Render thread/INFO] (lodekeeper) [Lodekeeper] NAV backend=baritone mode=IDLE event=CANCELED elapsedMs=342
[15:00:04] [Render thread/INFO] (lodekeeper) [Lodekeeper] NAV backend=baritone mode=IDLE event=CANCELED elapsedMs=342
[15:00:04] [Render thread/INFO] (lodekeeper) [Lodekeeper] NAV backend=baritone mode=IDLE event=CANCELED elapsedMs=375
[15:00:04] [Render thread/INFO] (lodekeeper) [Lodekeeper] NAV backend=baritone mode=IDLE event=CANCELED elapsedMs=445
[15:00:04] [Render thread/INFO] (lodekeeper) [Lodekeeper] NAV backend=baritone mode=IDLE event=CANCELED elapsedMs=479
[15:00:04] [Render thread/INFO] (lodekeeper) [Lodekeeper] FOOD_TOOL slot=7 item=minecraft:stone_pickaxe damage=3.0 wear=2 remainingDurability=99
[15:00:04] [Render thread/INFO] (lodekeeper) [Lodekeeper] FOOD_PURSUIT event=native-attack target=d8c52ac7-1d0d-4dd6-8650-b6a2684a6f9d routes=3 failedRoutes=0 attacks=4 health=1.0 closestBoxDistance=1.78 elapsedMs=5235
[15:00:04] [Render thread/INFO] (lodekeeper) [Lodekeeper] FOOD_PURSUIT event=health-progress target=d8c52ac7-1d0d-4dd6-8650-b6a2684a6f9d routes=3 failedRoutes=0 attacks=4 health=0.0 closestBoxDistance=1.62 elapsedMs=5301
[15:00:04] [Render thread/INFO] (lodekeeper) [Lodekeeper] NAV backend=baritone mode=PICKUP event=CALC_STARTED elapsedMs=1
[15:00:04] [Render thread/INFO] (lodekeeper) [Lodekeeper] NAV calcTool=minecraft:stone_pickaxe slot=7
[15:00:04] [Render thread/INFO] (lodekeeper) [Lodekeeper] NAV backend=baritone mode=PICKUP event=CALC_FINISHED_NOW_EXECUTING elapsedMs=68
[15:00:05] [Render thread/INFO] (lodekeeper) [Lodekeeper] NAV backend=baritone mode=IDLE event=CANCELED elapsedMs=520
[15:00:05] [Render thread/INFO] (lodekeeper) [Lodekeeper] NAV backend=baritone mode=IDLE event=CANCELED elapsedMs=520
[15:00:05] [Render thread/INFO] (lodekeeper) [Lodekeeper] NAV backend=baritone mode=IDLE event=CANCELED elapsedMs=553
[15:00:05] [Render thread/INFO] (lodekeeper) [Lodekeeper] NAV backend=baritone mode=IDLE event=CANCELED elapsedMs=621
[15:00:05] [Render thread/INFO] (lodekeeper) [Lodekeeper] NAV backend=baritone mode=IDLE event=CANCELED elapsedMs=655
[15:00:05] [Render thread/INFO] (lodekeeper) [Lodekeeper] NAV backend=baritone mode=IDLE event=CANCELED elapsedMs=724
[15:00:05] [Render thread/INFO] (lodekeeper) [Lodekeeper] NAV backend=baritone mode=IDLE event=CANCELED elapsedMs=758
[15:00:05] [Render thread/INFO] (lodekeeper) [Lodekeeper] FOOD_PREPARATION decision=cook_stored_food nutrition=18 cooked_potential=48 target=36
[15:00:05] [lodekeeper-planner/INFO] (lodekeeper) [Lodekeeper] PROJECT_MATERIALS project=gear_diamond before=[gather:minecraft:iron_ore:3, gather:minecraft:stone:6, gather:minecraft:diamond_ore:3, gather:minecraft:diamond_ore:3, gather:minecraft:birch_log:1, gather:minecraft:diamond_ore:4, gather:minecraft:diamond_ore:8, gather:minecraft:diamond_ore:5, gather:minecraft:diamond_ore:2, gather:minecraft:diamond_ore:7, gather:minecraft:diamond_ore:1, gather:minecraft:diamond_ore:2] after=[gather:minecraft:iron_ore:3, gather:minecraft:stone:6, gather:minecraft:diamond_ore:3, gather:minecraft:diamond_ore:3, gather:minecraft:birch_log:1, gather:minecraft:diamond_ore:4, gather:minecraft:diamond_ore:8, gather:minecraft:diamond_ore:5, gather:minecraft:diamond_ore:2, gather:minecraft:diamond_ore:7, gather:minecraft:diamond_ore:1, gather:minecraft:diamond_ore:2]
[15:00:05] [lodekeeper-planner/INFO] (lodekeeper) [Lodekeeper] PLAN project=gear_diamond success=true steps=29 branches=140 elapsedMs=3.753181
[15:00:05] [Render thread/INFO] (lodekeeper) [Lodekeeper] STEP kind=GATHER source=gather:minecraft:iron_ore output=minecraft:raw_iron count=3 operations=3 auxiliary=false
[15:00:05] [Render thread/INFO] (lodekeeper) [Lodekeeper] MINING_DEPTH policy=NEAREST desiredY=16 ceiling=2031 deficit=3 phase=MINE blocks=[Block{minecraft:iron_ore}, Block{minecraft:deepslate_iron_ore}]
[15:00:05] [Render thread/INFO] (lodekeeper) [Lodekeeper] NAV backend=baritone mode=MINE event=CALC_STARTED elapsedMs=1
[15:00:05] [Render thread/INFO] (lodekeeper) [Lodekeeper] NAV calcTool=minecraft:stone_pickaxe slot=7
[15:00:05] [Render thread/INFO] (lodekeeper) [Lodekeeper] NAV discovered=1 retained=64 rejected=0 requestTicks=3 phase=MINE
[15:00:05] [Render thread/INFO] (lodekeeper) [Lodekeeper] TARGET target=-4,61,64 block=minecraft:iron_ore
[15:00:05] [Render thread/INFO] (lodekeeper) [Lodekeeper] NAV backend=baritone mode=MINE event=CALC_FINISHED_NOW_EXECUTING elapsedMs=205
[15:00:05] [Render thread/INFO] (lodekeeper) [Lodekeeper] PROGRESS elapsed_ms=152635 phase=traveling backend=baritone target=-4,61,64 block=minecraft:iron_ore navigation_elapsed_ms=204 navigation_ticks=4 searching=false path_index=0 path_length=33 retries=0 pending_route_events=0 dropped_route_events=0 status=mining_and_collecting_minecraft:raw_iron___0/3
[15:00:05] [Render thread/INFO] (lodekeeper) [Lodekeeper] NAV discovered=1 retained=64 rejected=0 requestTicks=7 phase=MINE
[15:00:07] [Render thread/INFO] (lodekeeper) [Lodekeeper] PROGRESS elapsed_ms=154658 phase=traveling backend=baritone target=-4,61,64 block=minecraft:iron_ore navigation_elapsed_ms=2195 navigation_ticks=44 searching=false path_index=0 path_length=25 retries=0 pending_route_events=0 dropped_route_events=0 status=mining_and_collecting_minecraft:raw_iron___0/3
[15:00:09] [Render thread/INFO] (lodekeeper) [Lodekeeper] PROGRESS elapsed_ms=156684 phase=traveling backend=baritone target=-4,61,64 block=minecraft:iron_ore navigation_elapsed_ms=4185 navigation_ticks=84 searching=false path_index=0 path_length=19 retries=0 pending_route_events=0 dropped_route_events=0 status=mining_and_collecting_minecraft:raw_iron___0/3
[15:00:12] [Render thread/INFO] (lodekeeper) [Lodekeeper] PROGRESS elapsed_ms=158739 phase=traveling backend=baritone target=-4,61,64 block=minecraft:iron_ore navigation_elapsed_ms=6412 navigation_ticks=128 searching=false path_index=0 path_length=9 retries=0 pending_route_events=0 dropped_route_events=0 status=mining_and_collecting_minecraft:raw_iron___0/3
[15:00:12] [Render thread/INFO] (lodekeeper) [Lodekeeper] BREAK target=Mutable{x=-4, y=67, z=64} block=Block{minecraft:dirt} tool=minecraft:dirt slot=0 remaining=-1 required=route
[15:00:13] [Render thread/INFO] (lodekeeper) [Lodekeeper] BREAK target=Mutable{x=-4, y=66, z=64} block=Block{minecraft:dirt} tool=minecraft:dirt slot=0 remaining=-1 required=route
[15:00:14] [Render thread/INFO] (lodekeeper) [Lodekeeper] PROGRESS elapsed_ms=160777 phase=traveling backend=baritone target=-4,61,64 block=minecraft:iron_ore navigation_elapsed_ms=8383 navigation_ticks=168 searching=false path_index=0 path_length=7 retries=0 pending_route_events=0 dropped_route_events=0 status=mining_and_collecting_minecraft:raw_iron___0/3
[15:00:14] [Render thread/INFO] (lodekeeper) [Lodekeeper] BREAK target=Mutable{x=-4, y=65, z=64} block=Block{minecraft:stone} tool=minecraft:stone_pickaxe slot=7 remaining=97 required=route
[15:00:15] [Render thread/INFO] (lodekeeper) [Lodekeeper] BREAK target=Mutable{x=-4, y=64, z=64} block=Block{minecraft:stone} tool=minecraft:stone_pickaxe slot=7 remaining=96 required=route
[15:00:16] [Render thread/INFO] (lodekeeper) [Lodekeeper] PROGRESS elapsed_ms=162830 phase=traveling backend=baritone target=-4,61,64 block=minecraft:iron_ore navigation_elapsed_ms=10398 navigation_ticks=208 searching=false path_index=0 path_length=4 retries=0 pending_route_events=0 dropped_route_events=0 status=mining_and_collecting_minecraft:raw_iron___0/3
[15:00:16] [Render thread/INFO] (lodekeeper) [Lodekeeper] BREAK target=Mutable{x=-4, y=63, z=64} block=Block{minecraft:stone} tool=minecraft:stone_pickaxe slot=7 remaining=95 required=route
[15:00:17] [Render thread/INFO] (lodekeeper) [Lodekeeper] BREAK target=Mutable{x=-4, y=62, z=64} block=Block{minecraft:stone} tool=minecraft:stone_pickaxe slot=7 remaining=94 required=route
[15:00:17] [Render thread/INFO] (lodekeeper) [Lodekeeper] BREAK target=Mutable{x=-4, y=61, z=64} block=Block{minecraft:iron_ore} tool=minecraft:stone_pickaxe slot=7 remaining=93 required=minecraft:stone_pickaxe
[15:00:18] [Render thread/INFO] (lodekeeper) [Lodekeeper] PROGRESS elapsed_ms=164886 phase=traveling backend=baritone target=-4,61,64 block=minecraft:iron_ore navigation_elapsed_ms=12389 navigation_ticks=248 searching=false path_index=0 path_length=2 retries=0 pending_route_events=0 dropped_route_events=0 status=mining_and_collecting_minecraft:raw_iron___0/3
[15:00:19] [Render thread/INFO] (lodekeeper) [Lodekeeper] NAV discovered=1 retained=64 rejected=0 requestTicks=271 phase=MINE
[15:00:19] [Render thread/INFO] (lodekeeper) [Lodekeeper] NAV backend=baritone mode=MINE event=CALC_STARTED elapsedMs=13550
[15:00:19] [Render thread/INFO] (lodekeeper) [Lodekeeper] NAV calcTool=minecraft:stone_pickaxe slot=7
[15:00:19] [Render thread/INFO] (lodekeeper) [Lodekeeper] NAV backend=baritone mode=MINE event=CALC_FINISHED_NOW_EXECUTING elapsedMs=13550
[15:00:19] [Render thread/INFO] (lodekeeper) [Lodekeeper] TARGET target=-4,61,65 block=minecraft:iron_ore
[15:00:19] [Render thread/INFO] (lodekeeper) [Lodekeeper] BREAK target=Mutable{x=-4, y=62, z=65} block=Block{minecraft:stone} tool=minecraft:stone_pickaxe slot=7 remaining=92 required=route
[15:00:20] [Render thread/INFO] (lodekeeper) [Lodekeeper] PROGRESS elapsed_ms=166935 phase=traveling backend=baritone target=-4,61,65 block=minecraft:iron_ore navigation_elapsed_ms=14608 navigation_ticks=292 searching=false path_index=0 path_length=2 retries=0 pending_route_events=0 dropped_route_events=0 status=mining_and_collecting_minecraft:raw_iron___1/3
[15:00:20] [Render thread/INFO] (lodekeeper) [Lodekeeper] BREAK target=Mutable{x=-4, y=61, z=65} block=Block{minecraft:iron_ore} tool=minecraft:stone_pickaxe slot=7 remaining=91 required=minecraft:stone_pickaxe
[15:00:21] [Render thread/INFO] (lodekeeper) [Lodekeeper] NAV backend=baritone mode=MINE event=AT_GOAL elapsedMs=15944
[15:00:21] [Render thread/INFO] (lodekeeper) [Lodekeeper] TARGET target=none
[15:00:21] [Render thread/INFO] (lodekeeper) [Lodekeeper] NAV backend=baritone mode=MINE event=CALC_STARTED elapsedMs=16284
[15:00:21] [Render thread/INFO] (lodekeeper) [Lodekeeper] NAV calcTool=minecraft:stone_pickaxe slot=7
[15:00:21] [Render thread/INFO] (lodekeeper) [Lodekeeper] NAV discovered=1 retained=64 rejected=0 requestTicks=327 phase=MINE
[15:00:21] [Render thread/INFO] (lodekeeper) [Lodekeeper] NAV backend=baritone mode=MINE event=CALC_FINISHED_NOW_EXECUTING elapsedMs=16350
[15:00:22] [Render thread/INFO] (lodekeeper) [Lodekeeper] TARGET target=-8,52,65 block=minecraft:iron_ore
[15:00:22] [Render thread/INFO] (lodekeeper) [Lodekeeper] BREAK target=Mutable{x=-4, y=60, z=65} block=Block{minecraft:stone} tool=minecraft:stone_pickaxe slot=7 remaining=90 required=route
[15:00:22] [Render thread/INFO] (lodekeeper) [Lodekeeper] PROGRESS elapsed_ms=168984 phase=traveling backend=baritone target=-8,52,65 block=minecraft:iron_ore navigation_elapsed_ms=16589 navigation_ticks=332 searching=false path_index=0 path_length=10 retries=0 pending_route_events=0 dropped_route_events=0 status=mining_and_collecting_minecraft:raw_iron___2/3
[15:00:22] [Render thread/INFO] (lodekeeper) [Lodekeeper] BREAK target=Mutable{x=-4, y=59, z=65} block=Block{minecraft:stone} tool=minecraft:stone_pickaxe slot=7 remaining=89 required=route
[15:00:23] [Render thread/INFO] (lodekeeper) [Lodekeeper] BREAK target=Mutable{x=-4, y=58, z=65} block=Block{minecraft:stone} tool=minecraft:stone_pickaxe slot=7 remaining=88 required=route
[15:00:24] [Render thread/INFO] (lodekeeper) [Lodekeeper] PROGRESS elapsed_ms=171037 phase=traveling backend=baritone target=-8,52,65 block=minecraft:iron_ore navigation_elapsed_ms=18608 navigation_ticks=372 searching=false path_index=0 path_length=8 retries=0 pending_route_events=0 dropped_route_events=0 status=mining_and_collecting_minecraft:raw_iron___2/3
[15:00:24] [Render thread/INFO] (lodekeeper) [Lodekeeper] BREAK target=Mutable{x=-4, y=57, z=65} block=Block{minecraft:stone} tool=minecraft:stone_pickaxe slot=7 remaining=87 required=route
[15:00:25] [Render thread/INFO] (lodekeeper) [Lodekeeper] BREAK target=Mutable{x=-4, y=56, z=65} block=Block{minecraft:stone} tool=minecraft:stone_pickaxe slot=7 remaining=86 required=route
[15:00:26] [Render thread/INFO] (lodekeeper) [Lodekeeper] PROGRESS elapsed_ms=173062 phase=traveling backend=baritone target=-8,52,65 block=minecraft:iron_ore navigation_elapsed_ms=20599 navigation_ticks=412 searching=false path_index=0 path_length=6 retries=0 pending_route_events=0 dropped_route_events=0 status=mining_and_collecting_minecraft:raw_iron___2/3
[15:00:26] [Render thread/INFO] (lodekeeper) [Lodekeeper] BREAK target=Mutable{x=-5, y=57, z=65} block=Block{minecraft:stone} tool=minecraft:stone_pickaxe slot=7 remaining=85 required=route
[15:00:27] [Render thread/INFO] (lodekeeper) [Lodekeeper] BREAK target=Mutable{x=-5, y=56, z=65} block=Block{minecraft:stone} tool=minecraft:stone_pickaxe slot=7 remaining=84 required=route
[15:00:28] [Render thread/INFO] (lodekeeper) [Lodekeeper] BREAK target=Mutable{x=-5, y=55, z=65} block=Block{minecraft:stone} tool=minecraft:stone_pickaxe slot=7 remaining=83 required=route
[15:00:28] [Render thread/INFO] (lodekeeper) [Lodekeeper] PROGRESS elapsed_ms=175082 phase=traveling backend=baritone target=-8,52,65 block=minecraft:iron_ore navigation_elapsed_ms=22587 navigation_ticks=452 searching=false path_index=0 path_length=5 retries=0 pending_route_events=0 dropped_route_events=0 status=mining_and_collecting_minecraft:raw_iron___2/3
[15:00:29] [Render thread/INFO] (lodekeeper) [Lodekeeper] BREAK target=Mutable{x=-6, y=56, z=65} block=Block{minecraft:stone} tool=minecraft:stone_pickaxe slot=7 remaining=82 required=route
[15:00:30] [Render thread/INFO] (lodekeeper) [Lodekeeper] BREAK target=Mutable{x=-6, y=55, z=65} block=Block{minecraft:stone} tool=minecraft:stone_pickaxe slot=7 remaining=81 required=route
[15:00:30] [Render thread/INFO] (lodekeeper) [Lodekeeper] PROGRESS elapsed_ms=177130 phase=traveling backend=baritone target=-8,52,65 block=minecraft:iron_ore navigation_elapsed_ms=24803 navigation_ticks=496 searching=false path_index=0 path_length=4 retries=0 pending_route_events=0 dropped_route_events=0 status=mining_and_collecting_minecraft:raw_iron___2/3
[15:00:31] [Render thread/INFO] (lodekeeper) [Lodekeeper] BREAK target=Mutable{x=-6, y=54, z=65} block=Block{minecraft:stone} tool=minecraft:stone_pickaxe slot=7 remaining=80 required=route
[15:00:32] [Render thread/INFO] (lodekeeper) [Lodekeeper] BREAK target=Mutable{x=-7, y=55, z=65} block=Block{minecraft:stone} tool=minecraft:stone_pickaxe slot=7 remaining=79 required=route
[15:00:32] [Render thread/INFO] (lodekeeper) [Lodekeeper] PROGRESS elapsed_ms=179182 phase=traveling backend=baritone target=-8,52,65 block=minecraft:iron_ore navigation_elapsed_ms=26787 navigation_ticks=536 searching=false path_index=0 path_length=3 retries=0 pending_route_events=0 dropped_route_events=0 status=mining_and_collecting_minecraft:raw_iron___2/3
[15:00:33] [Render thread/INFO] (lodekeeper) [Lodekeeper] BREAK target=Mutable{x=-7, y=54, z=65} block=Block{minecraft:stone} tool=minecraft:stone_pickaxe slot=7 remaining=78 required=route
[15:00:33] [Render thread/INFO] (lodekeeper) [Lodekeeper] BREAK target=Mutable{x=-7, y=53, z=65} block=Block{minecraft:stone} tool=minecraft:stone_pickaxe slot=7 remaining=77 required=route
[15:00:34] [Render thread/INFO] (lodekeeper) [Lodekeeper] PROGRESS elapsed_ms=181228 phase=traveling backend=baritone target=-8,52,65 block=minecraft:iron_ore navigation_elapsed_ms=28799 navigation_ticks=576 searching=false path_index=0 path_length=3 retries=0 pending_route_events=0 dropped_route_events=0 status=mining_and_collecting_minecraft:raw_iron___2/3
[15:00:34] [Render thread/INFO] (lodekeeper) [Lodekeeper] BREAK target=Mutable{x=-8, y=54, z=65} block=Block{minecraft:granite} tool=minecraft:stone_pickaxe slot=7 remaining=76 required=route
[15:00:35] [Render thread/INFO] (lodekeeper) [Lodekeeper] BREAK target=Mutable{x=-8, y=53, z=65} block=Block{minecraft:iron_ore} tool=minecraft:stone_pickaxe slot=7 remaining=75 required=minecraft:stone_pickaxe
[15:00:36] [Render thread/INFO] (lodekeeper) [Lodekeeper] PROGRESS elapsed_ms=183282 phase=traveling backend=baritone target=-8,52,65 block=minecraft:iron_ore navigation_elapsed_ms=30784 navigation_ticks=616 searching=false path_index=0 path_length=2 retries=0 pending_route_events=0 dropped_route_events=0 status=mining_and_collecting_minecraft:raw_iron___2/3
[15:00:37] [Render thread/INFO] (lodekeeper) [Lodekeeper] NAV discovered=1 retained=64 rejected=0 requestTicks=630 phase=MINE
[15:00:37] [Render thread/INFO] (lodekeeper) [Lodekeeper] BREAK target=Mutable{x=-8, y=52, z=65} block=Block{minecraft:iron_ore} tool=minecraft:stone_pickaxe slot=7 remaining=74 required=minecraft:stone_pickaxe
[15:00:37] [Render thread/INFO] (lodekeeper) [Lodekeeper] TARGET target=none
[15:00:37] [lodekeeper-planner/INFO] (lodekeeper) [Lodekeeper] PROJECT_MATERIALS project=gear_diamond before=[gather:minecraft:diamond_ore:3, gather:minecraft:diamond_ore:3, gather:minecraft:birch_log:1, gather:minecraft:diamond_ore:4, gather:minecraft:diamond_ore:8, gather:minecraft:diamond_ore:5, gather:minecraft:diamond_ore:2, gather:minecraft:diamond_ore:7, gather:minecraft:diamond_ore:1, gather:minecraft:diamond_ore:2] after=[gather:minecraft:diamond_ore:3, gather:minecraft:diamond_ore:3, gather:minecraft:birch_log:1, gather:minecraft:diamond_ore:4, gather:minecraft:diamond_ore:8, gather:minecraft:diamond_ore:5, gather:minecraft:diamond_ore:2, gather:minecraft:diamond_ore:7, gather:minecraft:diamond_ore:1, gather:minecraft:diamond_ore:2]
[15:00:37] [lodekeeper-planner/INFO] (lodekeeper) [Lodekeeper] PLAN project=gear_diamond success=true steps=27 branches=130 elapsedMs=3.898201
[15:00:37] [Render thread/INFO] (lodekeeper) [Lodekeeper] STEP kind=CRAFT source=minecraft:furnace output=minecraft:furnace count=1 operations=1 auxiliary=false
[15:00:37] [Render thread/INFO] (lodekeeper) [Lodekeeper] NAV backend=baritone mode=MOVE event=CALC_STARTED elapsedMs=0
[15:00:37] [Render thread/INFO] (lodekeeper) [Lodekeeper] NAV calcTool=minecraft:stone_pickaxe slot=7
[15:00:38] [Render thread/INFO] (lodekeeper) [Lodekeeper] NAV backend=baritone mode=MOVE event=CALC_FINISHED_NOW_EXECUTING elapsedMs=133
[15:00:38] [Render thread/INFO] (lodekeeper) [Lodekeeper] PROGRESS elapsed_ms=185337 phase=traveling backend=baritone target=none navigation_elapsed_ms=609 navigation_ticks=12 searching=false path_index=0 path_length=64 retries=0 pending_route_events=0 dropped_route_events=0 status=following_route
[15:00:40] [Render thread/INFO] (lodekeeper) [Lodekeeper] PROGRESS elapsed_ms=187364 phase=traveling backend=baritone target=none navigation_elapsed_ms=2604 navigation_ticks=52 searching=false path_index=0 path_length=60 retries=0 pending_route_events=0 dropped_route_events=0 status=following_route
[15:00:42] [Render thread/INFO] (lodekeeper) [Lodekeeper] PROGRESS elapsed_ms=189381 phase=traveling backend=baritone target=none navigation_elapsed_ms=4584 navigation_ticks=92 searching=false path_index=0 path_length=55 retries=0 pending_route_events=0 dropped_route_events=0 status=following_route
[15:00:43] [Render thread/INFO] (lodekeeper) [Lodekeeper] NAV backend=baritone mode=MOVE event=CALC_STARTED elapsedMs=5436
[15:00:43] [Render thread/INFO] (lodekeeper) [Lodekeeper] NAV calcTool=minecraft:air slot=0
[15:00:43] [Render thread/INFO] (lodekeeper) [Lodekeeper] NAV backend=baritone mode=MOVE event=CALC_FINISHED_NOW_EXECUTING elapsedMs=5503
[15:00:43] [Render thread/INFO] (lodekeeper) [Lodekeeper] BREAK target=Mutable{x=-4, y=66, z=63} block=Block{minecraft:stone} tool=minecraft:stone_pickaxe slot=7 remaining=74 required=route
[15:00:44] [Render thread/INFO] (lodekeeper) [Lodekeeper] BREAK target=Mutable{x=-4, y=67, z=63} block=Block{minecraft:dirt} tool=minecraft:air slot=0 remaining=-1 required=route
[15:00:44] [Render thread/INFO] (lodekeeper) [Lodekeeper] PROGRESS elapsed_ms=191432 phase=traveling backend=baritone target=none navigation_elapsed_ms=6807 navigation_ticks=136 searching=false path_index=0 path_length=52 retries=0 pending_route_events=0 dropped_route_events=0 status=following_route
[15:00:45] [Render thread/INFO] (lodekeeper) [Lodekeeper] NAV backend=baritone mode=MOVE event=CALC_STARTED elapsedMs=7696
[15:00:45] [Render thread/INFO] (lodekeeper) [Lodekeeper] NAV calcTool=minecraft:air slot=0
[15:00:45] [Render thread/INFO] (lodekeeper) [Lodekeeper] ROUTE_SEARCH kind=near anchor=3,63,23 feet_y16=1008 candidates=1 target=none elapsed_ms=192430
[15:00:45] [Render thread/INFO] (lodekeeper) [Lodekeeper] NAV backend=baritone mode=MOVE event=CALC_FINISHED_NOW_EXECUTING elapsedMs=7840
[15:00:45] [Render thread/INFO] (lodekeeper) [Lodekeeper] BREAK target=Mutable{x=-4, y=67, z=62} block=Block{minecraft:dirt} tool=minecraft:dirt slot=0 remaining=-1 required=route
[15:00:45] [Render thread/INFO] (lodekeeper) [Lodekeeper] ROUTE_TRAVEL path_index=0 path_length=53 target=none elapsed_ms=192627
[15:00:46] [Render thread/INFO] (lodekeeper) [Lodekeeper] PROGRESS elapsed_ms=193485 phase=traveling backend=baritone target=none navigation_elapsed_ms=8792 navigation_ticks=176 searching=false path_index=0 path_length=53 retries=0 pending_route_events=0 dropped_route_events=0 status=following_route
[15:00:46] [Render thread/INFO] (lodekeeper) [Lodekeeper] BREAK target=Mutable{x=-4, y=68, z=63} block=Block{minecraft:dirt} tool=minecraft:dirt slot=0 remaining=-1 required=route
[15:00:47] [Render thread/INFO] (lodekeeper) [Lodekeeper] BREAK target=Mutable{x=-4, y=68, z=62} block=Block{minecraft:dirt} tool=minecraft:dirt slot=0 remaining=-1 required=route
[15:00:48] [Render thread/INFO] (lodekeeper) [Lodekeeper] PROGRESS elapsed_ms=195540 phase=traveling backend=baritone target=none navigation_elapsed_ms=10810 navigation_ticks=216 searching=false path_index=0 path_length=53 retries=0 pending_route_events=0 dropped_route_events=0 status=following_route
[15:00:49] [Render thread/INFO] (lodekeeper) [Lodekeeper] BREAK target=Mutable{x=-5, y=68, z=62} block=Block{minecraft:dirt} tool=minecraft:dirt slot=0 remaining=-1 required=route
[15:00:50] [Render thread/INFO] (lodekeeper) [Lodekeeper] BREAK target=Mutable{x=-4, y=69, z=62} block=Block{minecraft:grass_block} tool=minecraft:dirt slot=0 remaining=-1 required=route
[15:00:50] [Render thread/INFO] (lodekeeper) [Lodekeeper] PROGRESS elapsed_ms=197559 phase=traveling backend=baritone target=none navigation_elapsed_ms=12797 navigation_ticks=256 searching=false path_index=0 path_length=52 retries=0 pending_route_events=0 dropped_route_events=0 status=following_route
[15:00:51] [Render thread/INFO] (lodekeeper) [Lodekeeper] BREAK target=Mutable{x=-5, y=69, z=62} block=Block{minecraft:grass_block} tool=minecraft:dirt slot=0 remaining=-1 required=route
[15:00:52] [Render thread/INFO] (lodekeeper) [Lodekeeper] PROGRESS elapsed_ms=199573 phase=traveling backend=baritone target=none navigation_elapsed_ms=14811 navigation_ticks=296 searching=false path_index=0 path_length=52 retries=0 pending_route_events=0 dropped_route_events=0 status=following_route
[15:00:54] [Render thread/INFO] (lodekeeper) [Lodekeeper] PROGRESS elapsed_ms=201632 phase=traveling backend=baritone target=none navigation_elapsed_ms=17007 navigation_ticks=340 searching=false path_index=0 path_length=46 retries=0 pending_route_events=0 dropped_route_events=0 status=following_route
[15:00:56] [Render thread/INFO] (lodekeeper) [Lodekeeper] PROGRESS elapsed_ms=203683 phase=traveling backend=baritone target=none navigation_elapsed_ms=18990 navigation_ticks=380 searching=false path_index=0 path_length=39 retries=0 pending_route_events=0 dropped_route_events=0 status=following_route
[15:00:59] [Render thread/INFO] (lodekeeper) [Lodekeeper] PROGRESS elapsed_ms=205735 phase=traveling backend=baritone target=none navigation_elapsed_ms=21006 navigation_ticks=420 searching=false path_index=0 path_length=30 retries=0 pending_route_events=0 dropped_route_events=0 status=following_route
[15:01:01] [Render thread/INFO] (lodekeeper) [Lodekeeper] PROGRESS elapsed_ms=207766 phase=traveling backend=baritone target=none navigation_elapsed_ms=23004 navigation_ticks=460 searching=false path_index=0 path_length=24 retries=0 pending_route_events=0 dropped_route_events=0 status=following_route
[15:01:03] [Render thread/INFO] (lodekeeper) [Lodekeeper] PROGRESS elapsed_ms=209778 phase=traveling backend=baritone target=none navigation_elapsed_ms=25013 navigation_ticks=500 searching=false path_index=0 path_length=12 retries=0 pending_route_events=0 dropped_route_events=0 status=following_route
[15:01:05] [Render thread/INFO] (lodekeeper) [Lodekeeper] PROGRESS elapsed_ms=211825 phase=traveling backend=baritone target=none navigation_elapsed_ms=27200 navigation_ticks=544 searching=false path_index=0 path_length=5 retries=0 pending_route_events=0 dropped_route_events=0 status=following_route
[15:01:07] [Render thread/INFO] (lodekeeper) [Lodekeeper] PROGRESS elapsed_ms=213841 phase=traveling backend=baritone target=none navigation_elapsed_ms=29216 navigation_ticks=584 searching=false path_index=0 path_length=4 retries=0 pending_route_events=0 dropped_route_events=0 status=following_route
[15:01:09] [Render thread/INFO] (lodekeeper) [Lodekeeper] PROGRESS elapsed_ms=215865 phase=working backend=baritone target=none navigation_elapsed_ms=0 navigation_ticks=0 searching=false path_index=0 path_length=0 retries=0 pending_route_events=0 dropped_route_events=0 status=following_route
[15:01:11] [Render thread/INFO] (lodekeeper) [Lodekeeper] PROGRESS elapsed_ms=217876 phase=working backend=baritone target=none navigation_elapsed_ms=0 navigation_ticks=0 searching=false path_index=0 path_length=0 retries=0 pending_route_events=0 dropped_route_events=0 status=following_route
[15:01:13] [Render thread/INFO] (lodekeeper) [Lodekeeper] PROGRESS elapsed_ms=219890 phase=working backend=baritone target=none navigation_elapsed_ms=0 navigation_ticks=0 searching=false path_index=0 path_length=0 retries=0 pending_route_events=0 dropped_route_events=0 status=following_route
[15:01:14] [lodekeeper-planner/INFO] (lodekeeper) [Lodekeeper] PROJECT_MATERIALS project=gear_diamond before=[gather:minecraft:diamond_ore:3, gather:minecraft:diamond_ore:3, gather:minecraft:birch_log:1, gather:minecraft:diamond_ore:4, gather:minecraft:diamond_ore:8, gather:minecraft:diamond_ore:5, gather:minecraft:diamond_ore:2, gather:minecraft:diamond_ore:7, gather:minecraft:diamond_ore:1, gather:minecraft:diamond_ore:2] after=[gather:minecraft:diamond_ore:3, gather:minecraft:diamond_ore:3, gather:minecraft:birch_log:1, gather:minecraft:diamond_ore:4, gather:minecraft:diamond_ore:8, gather:minecraft:diamond_ore:5, gather:minecraft:diamond_ore:2, gather:minecraft:diamond_ore:7, gather:minecraft:diamond_ore:1, gather:minecraft:diamond_ore:2]
[15:01:14] [lodekeeper-planner/INFO] (lodekeeper) [Lodekeeper] PLAN project=gear_diamond success=true steps=26 branches=127 elapsedMs=3.613589
[15:01:14] [Render thread/INFO] (lodekeeper) [Lodekeeper] STEP kind=PLACE_STATION source=place:minecraft:furnace output=null count=0 operations=1 auxiliary=false
[15:01:14] [Render thread/INFO] (lodekeeper) [Lodekeeper] TARGET target=5,63,28 block=minecraft:air
[15:01:14] [Render thread/INFO] (lodekeeper) [Lodekeeper] NAV backend=baritone mode=MOVE event=CALC_STARTED elapsedMs=0
[15:01:14] [Render thread/INFO] (lodekeeper) [Lodekeeper] NAV calcTool=minecraft:dirt slot=0
[15:01:14] [Render thread/INFO] (lodekeeper) [Lodekeeper] NAV backend=baritone mode=MOVE event=CALC_FINISHED_NOW_EXECUTING elapsedMs=66
[15:01:15] [Render thread/INFO] (lodekeeper) [Lodekeeper] PROGRESS elapsed_ms=221938 phase=traveling backend=baritone target=5,63,28 block=minecraft:air navigation_elapsed_ms=202 navigation_ticks=4 searching=false path_index=0 path_length=7 retries=0 pending_route_events=0 dropped_route_events=0 status=following_route
[15:01:17] [Render thread/INFO] (lodekeeper) [Lodekeeper] PROGRESS elapsed_ms=223987 phase=traveling backend=baritone target=5,63,28 block=minecraft:air navigation_elapsed_ms=2423 navigation_ticks=48 searching=false path_index=0 path_length=2 retries=0 pending_route_events=0 dropped_route_events=0 status=following_route
[15:01:18] [Render thread/INFO] (lodekeeper) [Lodekeeper] TARGET target=none
[15:01:18] [lodekeeper-planner/INFO] (lodekeeper) [Lodekeeper] PROJECT_MATERIALS project=gear_diamond before=[gather:minecraft:diamond_ore:3, gather:minecraft:diamond_ore:3, gather:minecraft:birch_log:1, gather:minecraft:diamond_ore:4, gather:minecraft:diamond_ore:8, gather:minecraft:diamond_ore:5, gather:minecraft:diamond_ore:2, gather:minecraft:diamond_ore:7, gather:minecraft:diamond_ore:1, gather:minecraft:diamond_ore:2] after=[gather:minecraft:diamond_ore:3, gather:minecraft:diamond_ore:3, gather:minecraft:birch_log:1, gather:minecraft:diamond_ore:4, gather:minecraft:diamond_ore:8, gather:minecraft:diamond_ore:5, gather:minecraft:diamond_ore:2, gather:minecraft:diamond_ore:7, gather:minecraft:diamond_ore:1, gather:minecraft:diamond_ore:2]
[15:01:18] [lodekeeper-planner/INFO] (lodekeeper) [Lodekeeper] PLAN project=gear_diamond success=true steps=25 branches=126 elapsedMs=3.358325
[15:01:18] [Render thread/INFO] (lodekeeper) [Lodekeeper] SMELT_REQUIREMENTS source=minecraft:iron_ingot_from_smelting_raw_iron selected=[SelectedItemRequirement[item=minecraft:raw_iron, count=3, consumed=true, purpose=smelting input, recipeSlot=-1], SelectedItemRequirement[item=minecraft:birch_log, count=2, consumed=true, purpose=smelting fuel, recipeSlot=-1], SelectedStationRequirement[station=minecraft:furnace, purpose=use station]]
[15:01:18] [Render thread/INFO] (lodekeeper) [Lodekeeper] STEP kind=SMELT source=minecraft:iron_ingot_from_smelting_raw_iron output=minecraft:iron_ingot count=3 operations=3 auxiliary=false
[15:01:19] [Render thread/INFO] (lodekeeper) [Lodekeeper] PROGRESS elapsed_ms=226038 phase=smelting backend=baritone target=none navigation_elapsed_ms=0 navigation_ticks=0 searching=false path_index=0 path_length=0 retries=0 pending_route_events=0 dropped_route_events=0 status=SMELT_minecraft:iron_ingot_from_smelting_raw_iron
[15:01:21] [Render thread/INFO] (lodekeeper) [Lodekeeper] PROGRESS elapsed_ms=228090 phase=smelting backend=baritone target=none navigation_elapsed_ms=0 navigation_ticks=0 searching=false path_index=0 path_length=0 retries=0 pending_route_events=0 dropped_route_events=0 status=SMELT_minecraft:iron_ingot_from_smelting_raw_iron
[15:01:23] [Render thread/INFO] (lodekeeper) [Lodekeeper] PROGRESS elapsed_ms=230142 phase=smelting backend=baritone target=none navigation_elapsed_ms=0 navigation_ticks=0 searching=false path_index=0 path_length=0 retries=0 pending_route_events=0 dropped_route_events=0 status=SMELT_minecraft:iron_ingot_from_smelting_raw_iron
[15:01:25] [Render thread/INFO] (lodekeeper) [Lodekeeper] PROGRESS elapsed_ms=232183 phase=smelting backend=baritone target=none navigation_elapsed_ms=0 navigation_ticks=0 searching=false path_index=0 path_length=0 retries=0 pending_route_events=0 dropped_route_events=0 status=SMELT_minecraft:iron_ingot_from_smelting_raw_iron
[15:01:27] [Render thread/INFO] (lodekeeper) [Lodekeeper] PROGRESS elapsed_ms=234231 phase=smelting backend=baritone target=none navigation_elapsed_ms=0 navigation_ticks=0 searching=false path_index=0 path_length=0 retries=0 pending_route_events=0 dropped_route_events=0 status=SMELT_minecraft:iron_ingot_from_smelting_raw_iron
[15:01:29] [Render thread/INFO] (lodekeeper) [Lodekeeper] PROGRESS elapsed_ms=236281 phase=smelting backend=baritone target=none navigation_elapsed_ms=0 navigation_ticks=0 searching=false path_index=0 path_length=0 retries=0 pending_route_events=0 dropped_route_events=0 status=SMELT_minecraft:iron_ingot_from_smelting_raw_iron
[15:01:31] [Render thread/INFO] (lodekeeper) [Lodekeeper] PROGRESS elapsed_ms=238331 phase=smelting backend=baritone target=none navigation_elapsed_ms=0 navigation_ticks=0 searching=false path_index=0 path_length=0 retries=0 pending_route_events=0 dropped_route_events=0 status=SMELT_minecraft:iron_ingot_from_smelting_raw_iron
[15:01:33] [Render thread/INFO] (lodekeeper) [Lodekeeper] PROGRESS elapsed_ms=240337 phase=smelting backend=baritone target=none navigation_elapsed_ms=0 navigation_ticks=0 searching=false path_index=0 path_length=0 retries=0 pending_route_events=0 dropped_route_events=0 status=SMELT_minecraft:iron_ingot_from_smelting_raw_iron
[15:01:35] [Render thread/INFO] (lodekeeper) [Lodekeeper] PROGRESS elapsed_ms=242358 phase=smelting backend=baritone target=none navigation_elapsed_ms=0 navigation_ticks=0 searching=false path_index=0 path_length=0 retries=0 pending_route_events=0 dropped_route_events=0 status=SMELT_minecraft:iron_ingot_from_smelting_raw_iron
[15:01:37] [Render thread/INFO] (lodekeeper) [Lodekeeper] PROGRESS elapsed_ms=244372 phase=smelting backend=baritone target=none navigation_elapsed_ms=0 navigation_ticks=0 searching=false path_index=0 path_length=0 retries=0 pending_route_events=0 dropped_route_events=0 status=SMELT_minecraft:iron_ingot_from_smelting_raw_iron
[15:01:39] [Render thread/INFO] (lodekeeper) [Lodekeeper] PROGRESS elapsed_ms=246385 phase=smelting backend=baritone target=none navigation_elapsed_ms=0 navigation_ticks=0 searching=false path_index=0 path_length=0 retries=0 pending_route_events=0 dropped_route_events=0 status=SMELT_minecraft:iron_ingot_from_smelting_raw_iron
[15:01:41] [Render thread/INFO] (lodekeeper) [Lodekeeper] PROGRESS elapsed_ms=248429 phase=smelting backend=baritone target=none navigation_elapsed_ms=0 navigation_ticks=0 searching=false path_index=0 path_length=0 retries=0 pending_route_events=0 dropped_route_events=0 status=SMELT_minecraft:iron_ingot_from_smelting_raw_iron
[15:01:43] [Render thread/INFO] (lodekeeper) [Lodekeeper] PROGRESS elapsed_ms=250479 phase=smelting backend=baritone target=none navigation_elapsed_ms=0 navigation_ticks=0 searching=false path_index=0 path_length=0 retries=0 pending_route_events=0 dropped_route_events=0 status=SMELT_minecraft:iron_ingot_from_smelting_raw_iron
[15:01:45] [Render thread/INFO] (lodekeeper) [Lodekeeper] PROGRESS elapsed_ms=252483 phase=smelting backend=baritone target=none navigation_elapsed_ms=0 navigation_ticks=0 searching=false path_index=0 path_length=0 retries=0 pending_route_events=0 dropped_route_events=0 status=SMELT_minecraft:iron_ingot_from_smelting_raw_iron
[15:01:47] [Render thread/INFO] (lodekeeper) [Lodekeeper] PROGRESS elapsed_ms=254530 phase=smelting backend=baritone target=none navigation_elapsed_ms=0 navigation_ticks=0 searching=false path_index=0 path_length=0 retries=0 pending_route_events=0 dropped_route_events=0 status=SMELT_minecraft:iron_ingot_from_smelting_raw_iron
[15:01:49] [lodekeeper-planner/INFO] (lodekeeper) [Lodekeeper] PROJECT_MATERIALS project=gear_diamond before=[gather:minecraft:diamond_ore:3, gather:minecraft:diamond_ore:3, gather:minecraft:birch_log:1, gather:minecraft:diamond_ore:4, gather:minecraft:diamond_ore:8, gather:minecraft:diamond_ore:5, gather:minecraft:diamond_ore:2, gather:minecraft:diamond_ore:7, gather:minecraft:diamond_ore:1, gather:minecraft:diamond_ore:2] after=[gather:minecraft:diamond_ore:3, gather:minecraft:diamond_ore:3, gather:minecraft:birch_log:1, gather:minecraft:diamond_ore:4, gather:minecraft:diamond_ore:8, gather:minecraft:diamond_ore:5, gather:minecraft:diamond_ore:2, gather:minecraft:diamond_ore:7, gather:minecraft:diamond_ore:1, gather:minecraft:diamond_ore:2]
[15:01:49] [lodekeeper-planner/INFO] (lodekeeper) [Lodekeeper] PLAN project=gear_diamond success=true steps=24 branches=111 elapsedMs=1.939684
[15:01:49] [Render thread/INFO] (lodekeeper) [Lodekeeper] STEP kind=CRAFT source=minecraft:stick output=minecraft:stick count=4 operations=1 auxiliary=false
[15:01:49] [Render thread/INFO] (lodekeeper) [Lodekeeper] PROGRESS elapsed_ms=256540 phase=crafting backend=baritone target=none navigation_elapsed_ms=0 navigation_ticks=0 searching=false path_index=0 path_length=0 retries=0 pending_route_events=0 dropped_route_events=0 status=CRAFT_minecraft:stick
[15:01:51] [lodekeeper-planner/INFO] (lodekeeper) [Lodekeeper] PROJECT_MATERIALS project=gear_diamond before=[gather:minecraft:diamond_ore:3, gather:minecraft:diamond_ore:3, gather:minecraft:birch_log:1, gather:minecraft:diamond_ore:4, gather:minecraft:diamond_ore:8, gather:minecraft:diamond_ore:5, gather:minecraft:diamond_ore:2, gather:minecraft:diamond_ore:7, gather:minecraft:diamond_ore:1, gather:minecraft:diamond_ore:2] after=[gather:minecraft:diamond_ore:3, gather:minecraft:diamond_ore:3, gather:minecraft:birch_log:1, gather:minecraft:diamond_ore:4, gather:minecraft:diamond_ore:8, gather:minecraft:diamond_ore:5, gather:minecraft:diamond_ore:2, gather:minecraft:diamond_ore:7, gather:minecraft:diamond_ore:1, gather:minecraft:diamond_ore:2]
[15:01:51] [lodekeeper-planner/INFO] (lodekeeper) [Lodekeeper] PLAN project=gear_diamond success=true steps=23 branches=107 elapsedMs=1.587313
[15:01:51] [Render thread/INFO] (lodekeeper) [Lodekeeper] STEP kind=CRAFT source=minecraft:iron_pickaxe output=minecraft:iron_pickaxe count=1 operations=1 auxiliary=false
[15:01:51] [Render thread/INFO] (lodekeeper) [Lodekeeper] PROGRESS elapsed_ms=258586 phase=crafting backend=baritone target=none navigation_elapsed_ms=0 navigation_ticks=0 searching=false path_index=0 path_length=0 retries=0 pending_route_events=0 dropped_route_events=0 status=CRAFT_minecraft:iron_pickaxe
[15:01:53] [Render thread/INFO] (lodekeeper) [Lodekeeper] PROGRESS elapsed_ms=260639 phase=crafting backend=baritone target=none navigation_elapsed_ms=0 navigation_ticks=0 searching=false path_index=0 path_length=0 retries=0 pending_route_events=0 dropped_route_events=0 status=CRAFT_minecraft:iron_pickaxe
[15:01:55] [lodekeeper-planner/INFO] (lodekeeper) [Lodekeeper] PROJECT_MATERIALS project=gear_diamond before=[gather:minecraft:diamond_ore:3, gather:minecraft:diamond_ore:3, gather:minecraft:birch_log:1, gather:minecraft:diamond_ore:4, gather:minecraft:diamond_ore:8, gather:minecraft:diamond_ore:5, gather:minecraft:diamond_ore:2, gather:minecraft:diamond_ore:7, gather:minecraft:diamond_ore:1, gather:minecraft:diamond_ore:2] after=[gather:minecraft:diamond_ore:3, gather:minecraft:diamond_ore:3, gather:minecraft:birch_log:1, gather:minecraft:diamond_ore:4, gather:minecraft:diamond_ore:8, gather:minecraft:diamond_ore:5, gather:minecraft:diamond_ore:2, gather:minecraft:diamond_ore:7, gather:minecraft:diamond_ore:1, gather:minecraft:diamond_ore:2]
[15:01:55] [lodekeeper-planner/INFO] (lodekeeper) [Lodekeeper] PLAN project=gear_diamond success=true steps=22 branches=102 elapsedMs=2.198343
[15:01:55] [Render thread/INFO] (lodekeeper) [Lodekeeper] STEP kind=GATHER source=gather:minecraft:diamond_ore output=minecraft:diamond count=3 operations=3 auxiliary=false
[15:01:55] [Render thread/INFO] (lodekeeper) [Lodekeeper] PROGRESS elapsed_ms=262683 phase=gathering backend=baritone target=none navigation_elapsed_ms=0 navigation_ticks=0 searching=false path_index=0 path_length=0 retries=0 pending_route_events=0 dropped_route_events=0 status=mining_the_recorded_owned_crafting_table
[15:01:58] [Render thread/INFO] (lodekeeper) [Lodekeeper] PROGRESS elapsed_ms=264708 phase=gathering backend=baritone target=none navigation_elapsed_ms=0 navigation_ticks=0 searching=false path_index=0 path_length=0 retries=0 pending_route_events=0 dropped_route_events=0 status=mining_the_recorded_owned_crafting_table
[15:01:59] [Render thread/INFO] (lodekeeper) [Lodekeeper] NAV backend=baritone mode=PICKUP event=CALC_STARTED elapsedMs=0
[15:01:59] [Render thread/INFO] (lodekeeper) [Lodekeeper] NAV calcTool=minecraft:air slot=0
[15:01:59] [Render thread/INFO] (lodekeeper) [Lodekeeper] NAV backend=baritone mode=PICKUP event=CALC_FINISHED_NOW_EXECUTING elapsedMs=33
[15:02:00] [Render thread/INFO] (lodekeeper) [Lodekeeper] PROGRESS elapsed_ms=266730 phase=traveling backend=baritone target=none navigation_elapsed_ms=996 navigation_ticks=20 searching=false path_index=0 path_length=5 retries=0 pending_route_events=0 dropped_route_events=0 status=collecting_the_crafting-table_drop_at_the_owned_position
[15:02:01] [Render thread/INFO] (lodekeeper) [Lodekeeper] MINING_DEPTH policy=NEAREST desiredY=-55 ceiling=2031 deficit=3 phase=MINE blocks=[Block{minecraft:diamond_ore}, Block{minecraft:deepslate_diamond_ore}]
[15:02:01] [Render thread/INFO] (lodekeeper) [Lodekeeper] NAV scan=native-mine durationNanos=2005372 hits=-1 requestTicks=0
[15:02:01] [Render thread/INFO] (lodekeeper) [Lodekeeper] NAV backend=baritone mode=MINE event=CALC_STARTED elapsedMs=4
[15:02:01] [Render thread/INFO] (lodekeeper) [Lodekeeper] NAV calcTool=minecraft:iron_pickaxe slot=5
[15:02:01] [Render thread/INFO] (lodekeeper) [Lodekeeper] ROUTE_SEARCH kind=unknown anchor=unknown feet_y16=0 candidates=0 target=none elapsed_ms=268273
[15:02:01] [Render thread/INFO] (lodekeeper) [Lodekeeper] NAV discovered=4 retained=64 rejected=0 requestTicks=5 phase=MINE
[15:02:01] [Render thread/INFO] (lodekeeper) [Lodekeeper] NAV backend=baritone mode=MINE event=CALC_FINISHED_NOW_EXECUTING elapsedMs=516
[15:02:01] [Render thread/INFO] (lodekeeper) [Lodekeeper] NAV backend=baritone mode=MINE event=NEXT_SEGMENT_CALC_STARTED elapsedMs=516
[15:02:02] [Render thread/INFO] (lodekeeper) [Lodekeeper] PROGRESS elapsed_ms=268789 phase=searching backend=baritone target=none navigation_elapsed_ms=619 navigation_ticks=12 searching=true path_index=0 path_length=10 retries=0 pending_route_events=0 dropped_route_events=0 status=mining_and_collecting_minecraft:diamond___0/3___planning_next_route
[15:02:04] [Render thread/INFO] (lodekeeper) [Lodekeeper] PROGRESS elapsed_ms=270809 phase=searching backend=baritone target=none navigation_elapsed_ms=2604 navigation_ticks=52 searching=true path_index=0 path_length=8 retries=0 pending_route_events=0 dropped_route_events=0 status=mining_and_collecting_minecraft:diamond___0/3___planning_next_route
[15:02:05] [Render thread/INFO] (lodekeeper) [Lodekeeper] NAV backend=baritone mode=MINE event=NEXT_SEGMENT_CALC_FINISHED elapsedMs=4565
[15:02:05] [Render thread/INFO] (lodekeeper) [Lodekeeper] ROUTE_TRAVEL path_index=0 path_length=59 target=none elapsed_ms=272666
[15:02:06] [Render thread/INFO] (lodekeeper) [Lodekeeper] PROGRESS elapsed_ms=272837 phase=traveling backend=baritone target=none navigation_elapsed_ms=4598 navigation_ticks=92 searching=false path_index=0 path_length=59 retries=0 pending_route_events=0 dropped_route_events=0 status=mining_and_collecting_minecraft:diamond___0/3
[15:02:08] [Render thread/INFO] (lodekeeper) [Lodekeeper] PROGRESS elapsed_ms=274857 phase=traveling backend=baritone target=none navigation_elapsed_ms=6789 navigation_ticks=136 searching=false path_index=0 path_length=59 retries=0 pending_route_events=0 dropped_route_events=0 status=mining_and_collecting_minecraft:diamond___0/3
[15:02:08] [Render thread/INFO] (lodekeeper) [Lodekeeper] NAV backend=baritone mode=MINE event=CALC_STARTED elapsedMs=7573
[15:02:08] [Render thread/INFO] (lodekeeper) [Lodekeeper] NAV calcTool=minecraft:iron_pickaxe slot=5
[15:02:08] [Render thread/INFO] (lodekeeper) [Lodekeeper] ROUTE_SEARCH kind=unknown anchor=unknown feet_y16=0 candidates=0 target=none elapsed_ms=275674
[15:02:09] [Render thread/INFO] (lodekeeper) [Lodekeeper] NAV backend=baritone mode=MINE event=CALC_STARTED elapsedMs=7847
[15:02:09] [Render thread/INFO] (lodekeeper) [Lodekeeper] NAV calcTool=minecraft:iron_pickaxe slot=5
[15:02:09] [Render thread/INFO] (lodekeeper) [Lodekeeper] ROUTE_TRAVEL path_index=0 path_length=8 target=none elapsed_ms=276483
[15:02:09] [Render thread/INFO] (lodekeeper) [Lodekeeper] NAV backend=baritone mode=MINE event=CALC_FINISHED_NOW_EXECUTING elapsedMs=8416
[15:02:09] [Render thread/INFO] (lodekeeper) [Lodekeeper] NAV backend=baritone mode=MINE event=NEXT_SEGMENT_CALC_STARTED elapsedMs=8417
[15:02:10] [Render thread/INFO] (lodekeeper) [Lodekeeper] ROUTE_SEARCH kind=unknown anchor=unknown feet_y16=0 candidates=0 target=none elapsed_ms=276688
[15:02:10] [Render thread/INFO] (lodekeeper) [Lodekeeper] PROGRESS elapsed_ms=276859 phase=searching backend=baritone target=none navigation_elapsed_ms=8791 navigation_ticks=176 searching=true path_index=0 path_length=8 retries=0 pending_route_events=0 dropped_route_events=0 status=mining_and_collecting_minecraft:diamond___0/3___planning_next_route
[15:02:12] [Render thread/INFO] (lodekeeper) [Lodekeeper] PROGRESS elapsed_ms=278873 phase=searching backend=baritone target=none navigation_elapsed_ms=10805 navigation_ticks=216 searching=true path_index=0 path_length=6 retries=0 pending_route_events=0 dropped_route_events=0 status=mining_and_collecting_minecraft:diamond___0/3___planning_next_route
[15:02:13] [Render thread/INFO] (lodekeeper) [Lodekeeper] NAV backend=baritone mode=MINE event=NEXT_SEGMENT_CALC_FINISHED elapsedMs=12450
[15:02:14] [Render thread/INFO] (lodekeeper) [Lodekeeper] ROUTE_TRAVEL path_index=0 path_length=56 target=none elapsed_ms=280690
[15:02:14] [Render thread/INFO] (lodekeeper) [Lodekeeper] PROGRESS elapsed_ms=280930 phase=traveling backend=baritone target=none navigation_elapsed_ms=12794 navigation_ticks=256 searching=false path_index=0 path_length=56 retries=0 pending_route_events=0 dropped_route_events=0 status=mining_and_collecting_minecraft:diamond___0/3
[15:02:16] [Render thread/INFO] (lodekeeper) [Lodekeeper] NAV backend=baritone mode=MINE event=CALC_STARTED elapsedMs=14642
[15:02:16] [Render thread/INFO] (lodekeeper) [Lodekeeper] NAV calcTool=minecraft:iron_pickaxe slot=5
[15:02:16] [Render thread/INFO] (lodekeeper) [Lodekeeper] ROUTE_SEARCH kind=unknown anchor=unknown feet_y16=0 candidates=0 target=none elapsed_ms=282882
[15:02:16] [Render thread/INFO] (lodekeeper) [Lodekeeper] PROGRESS elapsed_ms=282989 phase=searching backend=baritone target=none navigation_elapsed_ms=14814 navigation_ticks=296 searching=true path_index=0 path_length=0 retries=0 pending_route_events=0 dropped_route_events=0 status=mining_and_collecting_minecraft:diamond___0/3___planning_next_route
[15:02:16] [Render thread/INFO] (lodekeeper) [Lodekeeper] NAV backend=baritone mode=MINE event=CALC_STARTED elapsedMs=15056
[15:02:16] [Render thread/INFO] (lodekeeper) [Lodekeeper] NAV calcTool=minecraft:iron_pickaxe slot=5
[15:02:17] [Render thread/INFO] (lodekeeper) [Lodekeeper] NAV backend=baritone mode=MINE event=CALC_FINISHED_NOW_EXECUTING elapsedMs=15540
[15:02:17] [Render thread/INFO] (lodekeeper) [Lodekeeper] NAV backend=baritone mode=MINE event=NEXT_SEGMENT_CALC_STARTED elapsedMs=15541
[15:02:18] [Render thread/INFO] (lodekeeper) [Lodekeeper] PROGRESS elapsed_ms=285037 phase=searching backend=baritone target=none navigation_elapsed_ms=16799 navigation_ticks=336 searching=true path_index=0 path_length=4 retries=0 pending_route_events=0 dropped_route_events=0 status=mining_and_collecting_minecraft:diamond___0/3___planning_next_route
[15:02:20] [Render thread/INFO] (lodekeeper) [Lodekeeper] NAV backend=baritone mode=MINE event=PATH_FINISHED_NEXT_STILL_CALCULATING elapsedMs=18759
[15:02:20] [Render thread/INFO] (lodekeeper) [Lodekeeper] PROGRESS elapsed_ms=287069 phase=searching backend=baritone target=none navigation_elapsed_ms=19001 navigation_ticks=380 searching=true path_index=0 path_length=0 retries=0 pending_route_events=0 dropped_route_events=0 status=mining_and_collecting_minecraft:diamond___0/3___planning_next_route
[15:02:21] [Render thread/INFO] (lodekeeper) [Lodekeeper] NAV backend=baritone mode=MINE event=CALC_FINISHED_NOW_EXECUTING elapsedMs=19561
[15:02:21] [Render thread/INFO] (lodekeeper) [Lodekeeper] ROUTE_TRAVEL path_index=0 path_length=52 target=none elapsed_ms=287661
[15:02:21] [Render thread/INFO] (lodekeeper) [Lodekeeper] BREAK target=Mutable{x=12, y=63, z=14} block=Block{minecraft:stone} tool=minecraft:iron_pickaxe slot=5 remaining=250 required=route
[15:02:22] [Render thread/INFO] (lodekeeper) [Lodekeeper] PROGRESS elapsed_ms=289086 phase=traveling backend=baritone target=none navigation_elapsed_ms=21018 navigation_ticks=420 searching=false path_index=0 path_length=52 retries=0 pending_route_events=0 dropped_route_events=0 status=mining_and_collecting_minecraft:diamond___0/3
[15:02:24] [Render thread/INFO] (lodekeeper) [Lodekeeper] PROGRESS elapsed_ms=291111 phase=traveling backend=baritone target=none navigation_elapsed_ms=23009 navigation_ticks=460 searching=false path_index=0 path_length=52 retries=0 pending_route_events=0 dropped_route_events=0 status=mining_and_collecting_minecraft:diamond___0/3
[15:02:25] [Render thread/INFO] (lodekeeper) [Lodekeeper] BREAK target=Mutable{x=12, y=64, z=14} block=Block{minecraft:stone} tool=minecraft:iron_pickaxe slot=5 remaining=249 required=route
[15:02:26] [Render thread/INFO] (lodekeeper) [Lodekeeper] PROGRESS elapsed_ms=293133 phase=traveling backend=baritone target=none navigation_elapsed_ms=24999 navigation_ticks=500 searching=false path_index=0 path_length=52 retries=0 pending_route_events=0 dropped_route_events=0 status=mining_and_collecting_minecraft:diamond___0/3
[15:02:27] [Render thread/INFO] (lodekeeper) [Lodekeeper] NAV backend=baritone mode=MINE event=CALC_STARTED elapsedMs=25817
[15:02:27] [Render thread/INFO] (lodekeeper) [Lodekeeper] NAV calcTool=minecraft:iron_pickaxe slot=5
[15:02:27] [Render thread/INFO] (lodekeeper) [Lodekeeper] ROUTE_SEARCH kind=unknown anchor=unknown feet_y16=0 candidates=0 target=none elapsed_ms=294087
[15:02:27] [Render thread/INFO] (lodekeeper) [Lodekeeper] NAV backend=baritone mode=MINE event=CALC_FINISHED_NOW_EXECUTING elapsedMs=26362
[15:02:27] [Render thread/INFO] (lodekeeper) [Lodekeeper] ROUTE_TRAVEL path_index=0 path_length=23 target=none elapsed_ms=294463
[15:02:28] [Render thread/INFO] (lodekeeper) [Lodekeeper] PROGRESS elapsed_ms=295177 phase=traveling backend=baritone target=none navigation_elapsed_ms=27008 navigation_ticks=540 searching=false path_index=0 path_length=23 retries=0 pending_route_events=0 dropped_route_events=0 status=mining_and_collecting_minecraft:diamond___0/3
[15:02:28] [Render thread/INFO] (lodekeeper) [Lodekeeper] BREAK target=Mutable{x=13, y=64, z=14} block=Block{minecraft:stone} tool=minecraft:iron_pickaxe slot=5 remaining=248 required=route
[15:02:29] [Render thread/INFO] (lodekeeper) [Lodekeeper] BREAK target=Mutable{x=13, y=63, z=14} block=Block{minecraft:stone} tool=minecraft:iron_pickaxe slot=5 remaining=247 required=route
[15:02:29] [Render thread/INFO] (lodekeeper) [Lodekeeper] BREAK target=Mutable{x=13, y=62, z=14} block=Block{minecraft:stone} tool=minecraft:iron_pickaxe slot=5 remaining=246 required=route
[15:02:30] [Render thread/INFO] (lodekeeper) [Lodekeeper] PROGRESS elapsed_ms=297230 phase=traveling backend=baritone target=none navigation_elapsed_ms=28993 navigation_ticks=580 searching=false path_index=0 path_length=22 retries=0 pending_route_events=0 dropped_route_events=0 status=mining_and_collecting_minecraft:diamond___0/3
[15:02:31] [Render thread/INFO] (lodekeeper) [Lodekeeper] BREAK target=Mutable{x=13, y=61, z=14} block=Block{minecraft:stone} tool=minecraft:iron_pickaxe slot=5 remaining=245 required=route
[15:02:31] [Render thread/INFO] (lodekeeper) [Lodekeeper] BREAK target=Mutable{x=13, y=60, z=14} block=Block{minecraft:stone} tool=minecraft:iron_pickaxe slot=5 remaining=244 required=route
[15:02:32] [Render thread/INFO] (lodekeeper) [Lodekeeper] BREAK target=Mutable{x=13, y=59, z=14} block=Block{minecraft:stone} tool=minecraft:iron_pickaxe slot=5 remaining=243 required=route
[15:02:32] [Render thread/INFO] (lodekeeper) [Lodekeeper] PROGRESS elapsed_ms=299286 phase=traveling backend=baritone target=none navigation_elapsed_ms=31219 navigation_ticks=624 searching=false path_index=0 path_length=19 retries=0 pending_route_events=0 dropped_route_events=0 status=mining_and_collecting_minecraft:diamond___0/3
[15:02:33] [Render thread/INFO] (lodekeeper) [Lodekeeper] BREAK target=Mutable{x=13, y=58, z=14} block=Block{minecraft:stone} tool=minecraft:iron_pickaxe slot=5 remaining=242 required=route
[15:02:33] [Render thread/INFO] (lodekeeper) [Lodekeeper] BREAK target=Mutable{x=13, y=57, z=14} block=Block{minecraft:stone} tool=minecraft:iron_pickaxe slot=5 remaining=241 required=route
[15:02:34] [Render thread/INFO] (lodekeeper) [Lodekeeper] BREAK target=Mutable{x=13, y=56, z=14} block=Block{minecraft:stone} tool=minecraft:iron_pickaxe slot=5 remaining=240 required=route
[15:02:34] [Render thread/INFO] (lodekeeper) [Lodekeeper] PROGRESS elapsed_ms=301340 phase=traveling backend=baritone target=none navigation_elapsed_ms=33203 navigation_ticks=664 searching=false path_index=0 path_length=16 retries=0 pending_route_events=0 dropped_route_events=0 status=mining_and_collecting_minecraft:diamond___0/3
[15:02:35] [Render thread/INFO] (lodekeeper) [Lodekeeper] BREAK target=Mutable{x=13, y=55, z=14} block=Block{minecraft:stone} tool=minecraft:iron_pickaxe slot=5 remaining=239 required=route
[15:02:35] [Render thread/INFO] (lodekeeper) [Lodekeeper] BREAK target=Mutable{x=13, y=54, z=14} block=Block{minecraft:stone} tool=minecraft:iron_pickaxe slot=5 remaining=238 required=route
[15:02:36] [Render thread/INFO] (lodekeeper) [Lodekeeper] BREAK target=Mutable{x=13, y=53, z=14} block=Block{minecraft:stone} tool=minecraft:iron_pickaxe slot=5 remaining=237 required=route
[15:02:36] [Render thread/INFO] (lodekeeper) [Lodekeeper] PROGRESS elapsed_ms=303360 phase=traveling backend=baritone target=none navigation_elapsed_ms=35190 navigation_ticks=704 searching=false path_index=0 path_length=13 retries=0 pending_route_events=0 dropped_route_events=0 status=mining_and_collecting_minecraft:diamond___0/3
[15:02:37] [Render thread/INFO] (lodekeeper) [Lodekeeper] BREAK target=Mutable{x=13, y=52, z=14} block=Block{minecraft:stone} tool=minecraft:iron_pickaxe slot=5 remaining=236 required=route
[15:02:38] [Render thread/INFO] (lodekeeper) [Lodekeeper] BREAK target=Mutable{x=13, y=51, z=14} block=Block{minecraft:stone} tool=minecraft:iron_pickaxe slot=5 remaining=235 required=route
[15:02:38] [Render thread/INFO] (lodekeeper) [Lodekeeper] NAV backend=baritone mode=MINE event=NEXT_SEGMENT_CALC_STARTED elapsedMs=37043
[15:02:38] [Render thread/INFO] (lodekeeper) [Lodekeeper] ROUTE_SEARCH kind=unknown anchor=unknown feet_y16=0 candidates=0 target=none elapsed_ms=305282
[15:02:38] [Render thread/INFO] (lodekeeper) [Lodekeeper] BREAK target=Mutable{x=13, y=50, z=14} block=Block{minecraft:stone} tool=minecraft:iron_pickaxe slot=5 remaining=234 required=route
[15:02:38] [Render thread/INFO] (lodekeeper) [Lodekeeper] PROGRESS elapsed_ms=305390 phase=searching backend=baritone target=none navigation_elapsed_ms=37215 navigation_ticks=744 searching=true path_index=0 path_length=10 retries=0 pending_route_events=0 dropped_route_events=0 status=mining_and_collecting_minecraft:diamond___0/3___planning_next_route
[15:02:38] [Render thread/INFO] (lodekeeper) [Lodekeeper] NAV backend=baritone mode=MINE event=NEXT_SEGMENT_CALC_FINISHED elapsedMs=37460
[15:02:39] [Render thread/INFO] (lodekeeper) [Lodekeeper] TARGET target=15,4,9 block=minecraft:diamond_ore
[15:02:39] [Render thread/INFO] (lodekeeper) [Lodekeeper] ROUTE_TRAVEL path_index=0 path_length=48 target=15,4,9 block=minecraft:diamond_ore elapsed_ms=305667
[15:02:39] [Render thread/INFO] (lodekeeper) [Lodekeeper] BREAK target=Mutable{x=13, y=49, z=14} block=Block{minecraft:stone} tool=minecraft:iron_pickaxe slot=5 remaining=233 required=route
[15:02:40] [Render thread/INFO] (lodekeeper) [Lodekeeper] BREAK target=Mutable{x=13, y=48, z=14} block=Block{minecraft:stone} tool=minecraft:iron_pickaxe slot=5 remaining=232 required=route
[15:02:40] [Render thread/INFO] (lodekeeper) [Lodekeeper] PROGRESS elapsed_ms=307418 phase=traveling backend=baritone target=15,4,9 block=minecraft:diamond_ore navigation_elapsed_ms=39214 navigation_ticks=784 searching=false path_index=0 path_length=45 retries=0 pending_route_events=0 dropped_route_events=0 status=mining_and_collecting_minecraft:diamond___0/3
[15:02:40] [Render thread/INFO] (lodekeeper) [Lodekeeper] BREAK target=Mutable{x=13, y=49, z=13} block=Block{minecraft:stone} tool=minecraft:iron_pickaxe slot=5 remaining=231 required=route
[15:02:41] [Render thread/INFO] (lodekeeper) [Lodekeeper] BREAK target=Mutable{x=13, y=48, z=13} block=Block{minecraft:stone} tool=minecraft:iron_pickaxe slot=5 remaining=230 required=route
[15:02:42] [Render thread/INFO] (lodekeeper) [Lodekeeper] BREAK target=Mutable{x=13, y=47, z=13} block=Block{minecraft:stone} tool=minecraft:iron_pickaxe slot=5 remaining=229 required=route
[15:02:42] [Render thread/INFO] (lodekeeper) [Lodekeeper] PROGRESS elapsed_ms=309439 phase=traveling backend=baritone target=15,4,9 block=minecraft:diamond_ore navigation_elapsed_ms=41201 navigation_ticks=824 searching=false path_index=0 path_length=45 retries=0 pending_route_events=0 dropped_route_events=0 status=mining_and_collecting_minecraft:diamond___0/3
[15:02:43] [Render thread/INFO] (lodekeeper) [Lodekeeper] BREAK target=Mutable{x=13, y=46, z=13} block=Block{minecraft:stone} tool=minecraft:iron_pickaxe slot=5 remaining=228 required=route
[15:02:43] [Render thread/INFO] (lodekeeper) [Lodekeeper] BREAK target=Mutable{x=13, y=45, z=13} block=Block{minecraft:andesite} tool=minecraft:iron_pickaxe slot=5 remaining=227 required=route
[15:02:44] [Render thread/INFO] (lodekeeper) [Lodekeeper] BREAK target=Mutable{x=13, y=44, z=13} block=Block{minecraft:andesite} tool=minecraft:iron_pickaxe slot=5 remaining=226 required=route
[15:02:44] [Render thread/INFO] (lodekeeper) [Lodekeeper] PROGRESS elapsed_ms=311457 phase=traveling backend=baritone target=15,4,9 block=minecraft:diamond_ore navigation_elapsed_ms=43390 navigation_ticks=868 searching=false path_index=0 path_length=42 retries=0 pending_route_events=0 dropped_route_events=0 status=mining_and_collecting_minecraft:diamond___0/3
[15:02:45] [Render thread/INFO] (lodekeeper) [Lodekeeper] BREAK target=Mutable{x=13, y=43, z=13} block=Block{minecraft:andesite} tool=minecraft:iron_pickaxe slot=5 remaining=225 required=route
[15:02:45] [Render thread/INFO] (lodekeeper) [Lodekeeper] BREAK target=Mutable{x=13, y=42, z=13} block=Block{minecraft:andesite} tool=minecraft:iron_pickaxe slot=5 remaining=224 required=route
[15:02:46] [Render thread/INFO] (lodekeeper) [Lodekeeper] BREAK target=Mutable{x=14, y=43, z=13} block=Block{minecraft:andesite} tool=minecraft:iron_pickaxe slot=5 remaining=223 required=route
[15:02:46] [Render thread/INFO] (lodekeeper) [Lodekeeper] PROGRESS elapsed_ms=313476 phase=traveling backend=baritone target=15,4,9 block=minecraft:diamond_ore navigation_elapsed_ms=45409 navigation_ticks=908 searching=false path_index=0 path_length=39 retries=0 pending_route_events=0 dropped_route_events=0 status=mining_and_collecting_minecraft:diamond___0/3
[15:02:47] [Render thread/INFO] (lodekeeper) [Lodekeeper] BREAK target=Mutable{x=14, y=42, z=13} block=Block{minecraft:andesite} tool=minecraft:iron_pickaxe slot=5 remaining=222 required=route
[15:02:48] [Render thread/INFO] (lodekeeper) [Lodekeeper] BREAK target=Mutable{x=14, y=41, z=13} block=Block{minecraft:andesite} tool=minecraft:iron_pickaxe slot=5 remaining=221 required=route
[15:02:48] [Render thread/INFO] (lodekeeper) [Lodekeeper] PROGRESS elapsed_ms=315485 phase=traveling backend=baritone target=15,4,9 block=minecraft:diamond_ore navigation_elapsed_ms=47418 navigation_ticks=948 searching=false path_index=0 path_length=39 retries=0 pending_route_events=0 dropped_route_events=0 status=mining_and_collecting_minecraft:diamond___0/3
[15:02:49] [Render thread/INFO] (lodekeeper) [Lodekeeper] BREAK target=Mutable{x=14, y=40, z=13} block=Block{minecraft:andesite} tool=minecraft:iron_pickaxe slot=5 remaining=220 required=route
[15:02:49] [Render thread/INFO] (lodekeeper) [Lodekeeper] BREAK target=Mutable{x=14, y=41, z=14} block=Block{minecraft:andesite} tool=minecraft:iron_pickaxe slot=5 remaining=219 required=route
[15:02:50] [Render thread/INFO] (lodekeeper) [Lodekeeper] BREAK target=Mutable{x=14, y=40, z=14} block=Block{minecraft:andesite} tool=minecraft:iron_pickaxe slot=5 remaining=218 required=route
[15:02:50] [Render thread/INFO] (lodekeeper) [Lodekeeper] PROGRESS elapsed_ms=317535 phase=traveling backend=baritone target=15,4,9 block=minecraft:diamond_ore navigation_elapsed_ms=49398 navigation_ticks=988 searching=false path_index=0 path_length=37 retries=0 pending_route_events=0 dropped_route_events=0 status=mining_and_collecting_minecraft:diamond___0/3
[15:02:51] [Render thread/INFO] (lodekeeper) [Lodekeeper] BREAK target=Mutable{x=14, y=39, z=14} block=Block{minecraft:andesite} tool=minecraft:iron_pickaxe slot=5 remaining=217 required=route
[15:02:52] [Render thread/INFO] (lodekeeper) [Lodekeeper] BREAK target=Mutable{x=14, y=38, z=14} block=Block{minecraft:stone} tool=minecraft:iron_pickaxe slot=5 remaining=216 required=route
[15:02:52] [Render thread/INFO] (lodekeeper) [Lodekeeper] BREAK target=Mutable{x=14, y=37, z=14} block=Block{minecraft:stone} tool=minecraft:iron_pickaxe slot=5 remaining=215 required=route
[15:02:52] [Render thread/INFO] (lodekeeper) [Lodekeeper] PROGRESS elapsed_ms=319562 phase=traveling backend=baritone target=15,4,9 block=minecraft:diamond_ore navigation_elapsed_ms=51391 navigation_ticks=1028 searching=false path_index=0 path_length=35 retries=0 pending_route_events=0 dropped_route_events=0 status=mining_and_collecting_minecraft:diamond___0/3
[15:02:53] [Render thread/INFO] (lodekeeper) [Lodekeeper] BREAK target=Mutable{x=14, y=36, z=14} block=Block{minecraft:stone} tool=minecraft:iron_pickaxe slot=5 remaining=214 required=route
[15:02:54] [Render thread/INFO] (lodekeeper) [Lodekeeper] BREAK target=Mutable{x=14, y=35, z=14} block=Block{minecraft:stone} tool=minecraft:iron_pickaxe slot=5 remaining=213 required=route
[15:02:54] [Render thread/INFO] (lodekeeper) [Lodekeeper] BREAK target=Mutable{x=14, y=34, z=14} block=Block{minecraft:stone} tool=minecraft:iron_pickaxe slot=5 remaining=212 required=route
[15:02:54] [Render thread/INFO] (lodekeeper) [Lodekeeper] PROGRESS elapsed_ms=321584 phase=traveling backend=baritone target=15,4,9 block=minecraft:diamond_ore navigation_elapsed_ms=53414 navigation_ticks=1068 searching=false path_index=0 path_length=32 retries=0 pending_route_events=0 dropped_route_events=0 status=mining_and_collecting_minecraft:diamond___0/3
[15:02:55] [Render thread/INFO] (lodekeeper) [Lodekeeper] BREAK target=Mutable{x=14, y=33, z=14} block=Block{minecraft:stone} tool=minecraft:iron_pickaxe slot=5 remaining=211 required=route
[15:02:56] [Render thread/INFO] (lodekeeper) [Lodekeeper] BREAK target=Mutable{x=14, y=32, z=14} block=Block{minecraft:stone} tool=minecraft:iron_pickaxe slot=5 remaining=210 required=route
[15:02:56] [Render thread/INFO] (lodekeeper) [Lodekeeper] BREAK target=Mutable{x=14, y=31, z=14} block=Block{minecraft:stone} tool=minecraft:iron_pickaxe slot=5 remaining=209 required=route
[15:02:57] [Render thread/INFO] (lodekeeper) [Lodekeeper] PROGRESS elapsed_ms=323638 phase=traveling backend=baritone target=15,4,9 block=minecraft:diamond_ore navigation_elapsed_ms=55400 navigation_ticks=1108 searching=false path_index=0 path_length=29 retries=0 pending_route_events=0 dropped_route_events=0 status=mining_and_collecting_minecraft:diamond___0/3
[15:02:57] [Render thread/INFO] (lodekeeper) [Lodekeeper] BREAK target=Mutable{x=14, y=30, z=14} block=Block{minecraft:stone} tool=minecraft:iron_pickaxe slot=5 remaining=208 required=route
[15:02:58] [Render thread/INFO] (lodekeeper) [Lodekeeper] BREAK target=Mutable{x=14, y=29, z=14} block=Block{minecraft:stone} tool=minecraft:iron_pickaxe slot=5 remaining=207 required=route
[15:02:59] [Render thread/INFO] (lodekeeper) [Lodekeeper] PROGRESS elapsed_ms=325660 phase=traveling backend=baritone target=15,4,9 block=minecraft:diamond_ore navigation_elapsed_ms=57592 navigation_ticks=1152 searching=false path_index=0 path_length=26 retries=0 pending_route_events=0 dropped_route_events=0 status=mining_and_collecting_minecraft:diamond___0/3
[15:02:59] [Render thread/INFO] (lodekeeper) [Lodekeeper] BREAK target=Mutable{x=14, y=28, z=14} block=Block{minecraft:stone} tool=minecraft:iron_pickaxe slot=5 remaining=206 required=route
[15:02:59] [Render thread/INFO] (lodekeeper) [Lodekeeper] BREAK target=Mutable{x=14, y=27, z=14} block=Block{minecraft:stone} tool=minecraft:iron_pickaxe slot=5 remaining=205 required=route
[15:03:00] [Render thread/INFO] (lodekeeper) [Lodekeeper] BREAK target=Mutable{x=14, y=26, z=14} block=Block{minecraft:stone} tool=minecraft:iron_pickaxe slot=5 remaining=204 required=route
[15:03:01] [Render thread/INFO] (lodekeeper) [Lodekeeper] PROGRESS elapsed_ms=327676 phase=traveling backend=baritone target=15,4,9 block=minecraft:diamond_ore navigation_elapsed_ms=59609 navigation_ticks=1192 searching=false path_index=0 path_length=23 retries=0 pending_route_events=0 dropped_route_events=0 status=mining_and_collecting_minecraft:diamond___0/3
[15:03:01] [Render thread/INFO] (lodekeeper) [Lodekeeper] BREAK target=Mutable{x=14, y=25, z=14} block=Block{minecraft:stone} tool=minecraft:iron_pickaxe slot=5 remaining=203 required=route
[15:03:01] [Render thread/INFO] (lodekeeper) [Lodekeeper] BREAK target=Mutable{x=14, y=24, z=14} block=Block{minecraft:stone} tool=minecraft:iron_pickaxe slot=5 remaining=202 required=route
[15:03:02] [Render thread/INFO] (lodekeeper) [Lodekeeper] BREAK target=Mutable{x=14, y=23, z=14} block=Block{minecraft:stone} tool=minecraft:iron_pickaxe slot=5 remaining=201 required=route
[15:03:03] [Render thread/INFO] (lodekeeper) [Lodekeeper] PROGRESS elapsed_ms=329737 phase=traveling backend=baritone target=15,4,9 block=minecraft:diamond_ore navigation_elapsed_ms=61601 navigation_ticks=1232 searching=false path_index=0 path_length=21 retries=0 pending_route_events=0 dropped_route_events=0 status=mining_and_collecting_minecraft:diamond___0/3
[15:03:03] [Render thread/INFO] (lodekeeper) [Lodekeeper] BREAK target=Mutable{x=14, y=22, z=14} block=Block{minecraft:stone} tool=minecraft:iron_pickaxe slot=5 remaining=200 required=route
[15:03:03] [Render thread/INFO] (lodekeeper) [Lodekeeper] BREAK target=Mutable{x=14, y=21, z=14} block=Block{minecraft:stone} tool=minecraft:iron_pickaxe slot=5 remaining=199 required=route
[15:03:04] [Render thread/INFO] (lodekeeper) [Lodekeeper] BREAK target=Mutable{x=14, y=20, z=14} block=Block{minecraft:stone} tool=minecraft:iron_pickaxe slot=5 remaining=198 required=route
[15:03:05] [Render thread/INFO] (lodekeeper) [Lodekeeper] PROGRESS elapsed_ms=331788 phase=traveling backend=baritone target=15,4,9 block=minecraft:diamond_ore navigation_elapsed_ms=63618 navigation_ticks=1272 searching=false path_index=0 path_length=18 retries=0 pending_route_events=0 dropped_route_events=0 status=mining_and_collecting_minecraft:diamond___0/3
[15:03:05] [Render thread/INFO] (lodekeeper) [Lodekeeper] BREAK target=Mutable{x=14, y=19, z=14} block=Block{minecraft:stone} tool=minecraft:iron_pickaxe slot=5 remaining=197 required=route
[15:03:06] [Render thread/INFO] (lodekeeper) [Lodekeeper] BREAK target=Mutable{x=14, y=18, z=14} block=Block{minecraft:andesite} tool=minecraft:iron_pickaxe slot=5 remaining=196 required=route
[15:03:06] [Render thread/INFO] (lodekeeper) [Lodekeeper] BREAK target=Mutable{x=14, y=17, z=14} block=Block{minecraft:andesite} tool=minecraft:iron_pickaxe slot=5 remaining=195 required=route
[15:03:07] [Render thread/INFO] (lodekeeper) [Lodekeeper] PROGRESS elapsed_ms=333808 phase=traveling backend=baritone target=15,4,9 block=minecraft:diamond_ore navigation_elapsed_ms=65603 navigation_ticks=1312 searching=false path_index=0 path_length=15 retries=0 pending_route_events=0 dropped_route_events=0 status=mining_and_collecting_minecraft:diamond___0/3
[15:03:07] [Render thread/INFO] (lodekeeper) [Lodekeeper] BREAK target=Mutable{x=14, y=16, z=14} block=Block{minecraft:andesite} tool=minecraft:iron_pickaxe slot=5 remaining=194 required=route
[15:03:08] [Render thread/INFO] (lodekeeper) [Lodekeeper] BREAK target=Mutable{x=14, y=15, z=14} block=Block{minecraft:andesite} tool=minecraft:iron_pickaxe slot=5 remaining=193 required=route
[15:03:08] [Render thread/INFO] (lodekeeper) [Lodekeeper] BREAK target=Mutable{x=14, y=14, z=14} block=Block{minecraft:andesite} tool=minecraft:iron_pickaxe slot=5 remaining=192 required=route
[15:03:09] [Render thread/INFO] (lodekeeper) [Lodekeeper] PROGRESS elapsed_ms=335825 phase=traveling backend=baritone target=15,4,9 block=minecraft:diamond_ore navigation_elapsed_ms=67620 navigation_ticks=1352 searching=false path_index=0 path_length=12 retries=0 pending_route_events=0 dropped_route_events=0 status=mining_and_collecting_minecraft:diamond___0/3
[15:03:09] [Render thread/INFO] (lodekeeper) [Lodekeeper] BREAK target=Mutable{x=14, y=13, z=14} block=Block{minecraft:andesite} tool=minecraft:iron_pickaxe slot=5 remaining=191 required=route
[15:03:10] [Render thread/INFO] (lodekeeper) [Lodekeeper] BREAK target=Mutable{x=14, y=12, z=14} block=Block{minecraft:andesite} tool=minecraft:iron_pickaxe slot=5 remaining=190 required=route
[15:03:10] [Render thread/INFO] (lodekeeper) [Lodekeeper] BREAK target=Mutable{x=14, y=11, z=14} block=Block{minecraft:stone} tool=minecraft:iron_pickaxe slot=5 remaining=189 required=route
[15:03:11] [Render thread/INFO] (lodekeeper) [Lodekeeper] PROGRESS elapsed_ms=337881 phase=traveling backend=baritone target=15,4,9 block=minecraft:diamond_ore navigation_elapsed_ms=69813 navigation_ticks=1396 searching=false path_index=0 path_length=9 retries=0 pending_route_events=0 dropped_route_events=0 status=mining_and_collecting_minecraft:diamond___0/3
[15:03:11] [Render thread/INFO] (lodekeeper) [Lodekeeper] BREAK target=Mutable{x=14, y=12, z=13} block=Block{minecraft:andesite} tool=minecraft:iron_pickaxe slot=5 remaining=188 required=route
[15:03:12] [Render thread/INFO] (lodekeeper) [Lodekeeper] BREAK target=Mutable{x=14, y=11, z=13} block=Block{minecraft:andesite} tool=minecraft:iron_pickaxe slot=5 remaining=187 required=route
[15:03:13] [Render thread/INFO] (lodekeeper) [Lodekeeper] BREAK target=Mutable{x=14, y=10, z=13} block=Block{minecraft:stone} tool=minecraft:iron_pickaxe slot=5 remaining=186 required=route
[15:03:13] [Render thread/INFO] (lodekeeper) [Lodekeeper] PROGRESS elapsed_ms=339935 phase=traveling backend=baritone target=15,4,9 block=minecraft:diamond_ore navigation_elapsed_ms=71799 navigation_ticks=1436 searching=false path_index=0 path_length=8 retries=0 pending_route_events=0 dropped_route_events=0 status=mining_and_collecting_minecraft:diamond___0/3
[15:03:13] [Render thread/INFO] (lodekeeper) [Lodekeeper] BREAK target=Mutable{x=14, y=11, z=12} block=Block{minecraft:andesite} tool=minecraft:iron_pickaxe slot=5 remaining=185 required=route
[15:03:14] [Render thread/INFO] (lodekeeper) [Lodekeeper] BREAK target=Mutable{x=14, y=10, z=12} block=Block{minecraft:stone} tool=minecraft:iron_pickaxe slot=5 remaining=184 required=route
[15:03:15] [Render thread/INFO] (lodekeeper) [Lodekeeper] PROGRESS elapsed_ms=341961 phase=traveling backend=baritone target=15,4,9 block=minecraft:diamond_ore navigation_elapsed_ms=73790 navigation_ticks=1476 searching=false path_index=0 path_length=7 retries=0 pending_route_events=0 dropped_route_events=0 status=mining_and_collecting_minecraft:diamond___0/3
[15:03:15] [Render thread/INFO] (lodekeeper) [Lodekeeper] BREAK target=Mutable{x=14, y=9, z=12} block=Block{minecraft:stone} tool=minecraft:iron_pickaxe slot=5 remaining=183 required=route
[15:03:16] [Render thread/INFO] (lodekeeper) [Lodekeeper] BREAK target=Mutable{x=14, y=10, z=11} block=Block{minecraft:stone} tool=minecraft:iron_pickaxe slot=5 remaining=182 required=route
[15:03:16] [Render thread/INFO] (lodekeeper) [Lodekeeper] BREAK target=Mutable{x=14, y=9, z=11} block=Block{minecraft:stone} tool=minecraft:iron_pickaxe slot=5 remaining=181 required=route
[15:03:17] [Render thread/INFO] (lodekeeper) [Lodekeeper] PROGRESS elapsed_ms=344027 phase=traveling backend=baritone target=15,4,9 block=minecraft:diamond_ore navigation_elapsed_ms=75789 navigation_ticks=1516 searching=false path_index=0 path_length=6 retries=0 pending_route_events=0 dropped_route_events=0 status=mining_and_collecting_minecraft:diamond___0/3
[15:03:17] [Render thread/INFO] (lodekeeper) [Lodekeeper] BREAK target=Mutable{x=14, y=8, z=11} block=Block{minecraft:stone} tool=minecraft:iron_pickaxe slot=5 remaining=180 required=route
[15:03:18] [Render thread/INFO] (lodekeeper) [Lodekeeper] BREAK target=Mutable{x=15, y=9, z=11} block=Block{minecraft:stone} tool=minecraft:iron_pickaxe slot=5 remaining=179 required=route
[15:03:19] [Render thread/INFO] (lodekeeper) [Lodekeeper] BREAK target=Mutable{x=15, y=8, z=11} block=Block{minecraft:stone} tool=minecraft:iron_pickaxe slot=5 remaining=178 required=route
[15:03:19] [Render thread/INFO] (lodekeeper) [Lodekeeper] PROGRESS elapsed_ms=346078 phase=traveling backend=baritone target=15,4,9 block=minecraft:diamond_ore navigation_elapsed_ms=78011 navigation_ticks=1560 searching=false path_index=0 path_length=5 retries=0 pending_route_events=0 dropped_route_events=0 status=mining_and_collecting_minecraft:diamond___0/3
[15:03:19] [Render thread/INFO] (lodekeeper) [Lodekeeper] BREAK target=Mutable{x=15, y=7, z=11} block=Block{minecraft:stone} tool=minecraft:iron_pickaxe slot=5 remaining=177 required=route
[15:03:20] [Render thread/INFO] (lodekeeper) [Lodekeeper] BREAK target=Mutable{x=15, y=8, z=10} block=Block{minecraft:stone} tool=minecraft:iron_pickaxe slot=5 remaining=176 required=route
[15:03:21] [Render thread/INFO] (lodekeeper) [Lodekeeper] PROGRESS elapsed_ms=348135 phase=traveling backend=baritone target=15,4,9 block=minecraft:diamond_ore navigation_elapsed_ms=79999 navigation_ticks=1600 searching=false path_index=0 path_length=4 retries=0 pending_route_events=0 dropped_route_events=0 status=mining_and_collecting_minecraft:diamond___0/3
[15:03:21] [Render thread/INFO] (lodekeeper) [Lodekeeper] BREAK target=Mutable{x=15, y=7, z=10} block=Block{minecraft:stone} tool=minecraft:iron_pickaxe slot=5 remaining=175 required=route
[15:03:22] [Render thread/INFO] (lodekeeper) [Lodekeeper] BREAK target=Mutable{x=15, y=6, z=10} block=Block{minecraft:stone} tool=minecraft:iron_pickaxe slot=5 remaining=174 required=route
[15:03:23] [Render thread/INFO] (lodekeeper) [Lodekeeper] BREAK target=Mutable{x=15, y=7, z=9} block=Block{minecraft:stone} tool=minecraft:iron_pickaxe slot=5 remaining=173 required=route
[15:03:23] [Render thread/INFO] (lodekeeper) [Lodekeeper] PROGRESS elapsed_ms=350185 phase=traveling backend=baritone target=15,4,9 block=minecraft:diamond_ore navigation_elapsed_ms=82016 navigation_ticks=1640 searching=false path_index=0 path_length=3 retries=0 pending_route_events=0 dropped_route_events=0 status=mining_and_collecting_minecraft:diamond___0/3
[15:03:23] [Render thread/INFO] (lodekeeper) [Lodekeeper] BREAK target=Mutable{x=15, y=6, z=9} block=Block{minecraft:stone} tool=minecraft:iron_pickaxe slot=5 remaining=172 required=route
[15:03:24] [Render thread/INFO] (lodekeeper) [Lodekeeper] BREAK target=Mutable{x=15, y=5, z=9} block=Block{minecraft:diamond_ore} tool=minecraft:iron_pickaxe slot=5 remaining=171 required=minecraft:iron_pickaxe
[15:03:25] [Render thread/INFO] (lodekeeper) [Lodekeeper] NAV discovered=1 retained=64 rejected=0 requestTicks=1678 phase=MINE
[15:03:25] [Render thread/INFO] (lodekeeper) [Lodekeeper] PROGRESS elapsed_ms=352229 phase=traveling backend=baritone target=15,4,9 block=minecraft:diamond_ore navigation_elapsed_ms=83991 navigation_ticks=1680 searching=false path_index=0 path_length=3 retries=0 pending_route_events=0 dropped_route_events=0 status=mining_and_collecting_minecraft:diamond___0/3
[15:03:25] [Render thread/INFO] (lodekeeper) [Lodekeeper] BREAK target=Mutable{x=15, y=4, z=9} block=Block{minecraft:diamond_ore} tool=minecraft:iron_pickaxe slot=5 remaining=170 required=minecraft:iron_pickaxe
[15:03:26] [Render thread/INFO] (lodekeeper) [Lodekeeper] NAV discovered=1 retained=64 rejected=0 requestTicks=1703 phase=MINE
[15:03:26] [Render thread/INFO] (lodekeeper) [Lodekeeper] NAV backend=baritone mode=MINE event=CALC_STARTED elapsedMs=85159
[15:03:26] [Render thread/INFO] (lodekeeper) [Lodekeeper] NAV calcTool=minecraft:iron_pickaxe slot=5
[15:03:26] [Render thread/INFO] (lodekeeper) [Lodekeeper] NAV backend=baritone mode=MINE event=CALC_FINISHED_NOW_EXECUTING elapsedMs=85159
[15:03:26] [Render thread/INFO] (lodekeeper) [Lodekeeper] TARGET target=15,4,8 block=minecraft:diamond_ore
[15:03:26] [Render thread/INFO] (lodekeeper) [Lodekeeper] BREAK target=Mutable{x=15, y=5, z=8} block=Block{minecraft:deepslate_diamond_ore} tool=minecraft:iron_pickaxe slot=5 remaining=169 required=minecraft:iron_pickaxe
[15:03:27] [Render thread/INFO] (lodekeeper) [Lodekeeper] PROGRESS elapsed_ms=354282 phase=traveling backend=baritone target=15,4,8 block=minecraft:diamond_ore navigation_elapsed_ms=86215 navigation_ticks=1724 searching=false path_index=0 path_length=2 retries=0 pending_route_events=0 dropped_route_events=0 status=mining_and_collecting_minecraft:diamond___2/3
[15:03:28] [Render thread/INFO] (lodekeeper) [Lodekeeper] NAV discovered=1 retained=64 rejected=0 requestTicks=1732 phase=MINE
[15:03:28] [Render thread/INFO] (lodekeeper) [Lodekeeper] BREAK target=Mutable{x=15, y=4, z=8} block=Block{minecraft:diamond_ore} tool=minecraft:iron_pickaxe slot=5 remaining=168 required=minecraft:iron_pickaxe
[15:03:28] [Render thread/INFO] (lodekeeper) [Lodekeeper] TARGET target=none
[15:03:28] [Render thread/INFO] (lodekeeper) [Lodekeeper] STATION_POLICY decision=replace_distant station=minecraft:furnace position=BlockPos{x=5, y=63, z=28}
[15:03:28] [lodekeeper-planner/INFO] (lodekeeper) [Lodekeeper] PROJECT_MATERIALS project=gear_diamond before=[gather:minecraft:diamond_ore:3, gather:minecraft:birch_log:1, gather:minecraft:diamond_ore:4, gather:minecraft:diamond_ore:8, gather:minecraft:diamond_ore:5, gather:minecraft:diamond_ore:2, gather:minecraft:diamond_ore:7, gather:minecraft:diamond_ore:1, gather:minecraft:diamond_ore:2] after=[gather:minecraft:diamond_ore:3, gather:minecraft:birch_log:1, gather:minecraft:diamond_ore:4, gather:minecraft:diamond_ore:8, gather:minecraft:diamond_ore:5, gather:minecraft:diamond_ore:2, gather:minecraft:diamond_ore:7, gather:minecraft:diamond_ore:1, gather:minecraft:diamond_ore:2]
[15:03:28] [lodekeeper-planner/INFO] (lodekeeper) [Lodekeeper] PLAN project=gear_diamond success=true steps=22 branches=98 elapsedMs=2.392457
[15:03:28] [Render thread/INFO] (lodekeeper) [Lodekeeper] STEP kind=PLACE_STATION source=place:minecraft:crafting_table output=null count=0 operations=1 auxiliary=false
[15:03:28] [Render thread/INFO] (lodekeeper) [Lodekeeper] TARGET target=15,5,8 block=minecraft:crafting_table
[15:03:28] [Render thread/INFO] (lodekeeper) [Lodekeeper] STATION_POLICY decision=replace_distant station=minecraft:furnace position=BlockPos{x=5, y=63, z=28}
[15:03:28] [Render thread/INFO] (lodekeeper) [Lodekeeper] TARGET target=none
[15:03:28] [lodekeeper-planner/INFO] (lodekeeper) [Lodekeeper] PROJECT_MATERIALS project=gear_diamond before=[gather:minecraft:diamond_ore:3, gather:minecraft:birch_log:1, gather:minecraft:diamond_ore:4, gather:minecraft:diamond_ore:8, gather:minecraft:diamond_ore:5, gather:minecraft:diamond_ore:2, gather:minecraft:diamond_ore:7, gather:minecraft:diamond_ore:1, gather:minecraft:diamond_ore:2] after=[gather:minecraft:diamond_ore:3, gather:minecraft:birch_log:1, gather:minecraft:diamond_ore:4, gather:minecraft:diamond_ore:8, gather:minecraft:diamond_ore:5, gather:minecraft:diamond_ore:2, gather:minecraft:diamond_ore:7, gather:minecraft:diamond_ore:1, gather:minecraft:diamond_ore:2]
[15:03:28] [lodekeeper-planner/INFO] (lodekeeper) [Lodekeeper] PLAN project=gear_diamond success=true steps=21 branches=97 elapsedMs=1.440696
[15:03:29] [Render thread/INFO] (lodekeeper) [Lodekeeper] STEP kind=CRAFT source=minecraft:diamond_pickaxe output=minecraft:diamond_pickaxe count=1 operations=1 auxiliary=false
[15:03:29] [Render thread/INFO] (lodekeeper) [Lodekeeper] PROGRESS elapsed_ms=356328 phase=crafting backend=baritone target=none navigation_elapsed_ms=0 navigation_ticks=0 searching=false path_index=0 path_length=0 retries=0 pending_route_events=0 dropped_route_events=0 status=CRAFT_minecraft:diamond_pickaxe
[15:03:31] [Render thread/INFO] (lodekeeper) [Lodekeeper] PROGRESS elapsed_ms=358375 phase=crafting backend=baritone target=none navigation_elapsed_ms=0 navigation_ticks=0 searching=false path_index=0 path_length=0 retries=0 pending_route_events=0 dropped_route_events=0 status=CRAFT_minecraft:diamond_pickaxe
[15:03:33] [Render thread/INFO] (lodekeeper) [Lodekeeper] STATION_POLICY decision=replace_distant station=minecraft:furnace position=BlockPos{x=5, y=63, z=28}
[15:03:33] [lodekeeper-planner/INFO] (lodekeeper) [Lodekeeper] PROJECT_MATERIALS project=gear_diamond before=[gather:minecraft:diamond_ore:3, gather:minecraft:birch_log:1, gather:minecraft:diamond_ore:4, gather:minecraft:diamond_ore:8, gather:minecraft:diamond_ore:5, gather:minecraft:diamond_ore:2, gather:minecraft:diamond_ore:7, gather:minecraft:diamond_ore:1, gather:minecraft:diamond_ore:2] after=[gather:minecraft:diamond_ore:3, gather:minecraft:birch_log:1, gather:minecraft:diamond_ore:4, gather:minecraft:diamond_ore:8, gather:minecraft:diamond_ore:5, gather:minecraft:diamond_ore:2, gather:minecraft:diamond_ore:7, gather:minecraft:diamond_ore:1, gather:minecraft:diamond_ore:2]
[15:03:33] [lodekeeper-planner/INFO] (lodekeeper) [Lodekeeper] PLAN project=gear_diamond success=true steps=20 branches=92 elapsedMs=1.538693
[15:03:33] [Render thread/INFO] (lodekeeper) [Lodekeeper] STEP kind=GATHER source=gather:minecraft:diamond_ore output=minecraft:diamond count=32 operations=32 auxiliary=false
[15:03:33] [Render thread/INFO] (lodekeeper) [Lodekeeper] PROGRESS elapsed_ms=360387 phase=gathering backend=baritone target=none navigation_elapsed_ms=0 navigation_ticks=0 searching=false path_index=0 path_length=0 retries=0 pending_route_events=0 dropped_route_events=0 status=mining_the_recorded_owned_crafting_table
[15:03:35] [Render thread/INFO] (lodekeeper) [Lodekeeper] PROGRESS elapsed_ms=362407 phase=gathering backend=baritone target=none navigation_elapsed_ms=0 navigation_ticks=0 searching=false path_index=0 path_length=0 retries=0 pending_route_events=0 dropped_route_events=0 status=mining_the_recorded_owned_crafting_table
[15:03:36] [Render thread/INFO] (lodekeeper) [Lodekeeper] NAV backend=baritone mode=PICKUP event=CALC_STARTED elapsedMs=0
[15:03:36] [Render thread/INFO] (lodekeeper) [Lodekeeper] NAV calcTool=minecraft:air slot=0
[15:03:37] [Render thread/INFO] (lodekeeper) [Lodekeeper] NAV backend=baritone mode=PICKUP event=CALC_FINISHED_NOW_EXECUTING elapsedMs=68
[15:03:37] [Render thread/INFO] (lodekeeper) [Lodekeeper] BREAK target=Mutable{x=15, y=6, z=8} block=Block{minecraft:stone} tool=minecraft:diamond_pickaxe slot=1 remaining=1561 required=route
[15:03:37] [Render thread/INFO] (lodekeeper) [Lodekeeper] STATION_POLICY decision=replace_distant station=minecraft:furnace position=BlockPos{x=5, y=63, z=28}
[15:03:37] [lodekeeper-planner/INFO] (lodekeeper) [Lodekeeper] PROJECT_MATERIALS project=gear_diamond before=[gather:minecraft:diamond_ore:3, gather:minecraft:birch_log:1, gather:minecraft:diamond_ore:4, gather:minecraft:diamond_ore:8, gather:minecraft:diamond_ore:5, gather:minecraft:diamond_ore:2, gather:minecraft:diamond_ore:7, gather:minecraft:diamond_ore:1, gather:minecraft:diamond_ore:2] after=[gather:minecraft:diamond_ore:3, gather:minecraft:birch_log:1, gather:minecraft:diamond_ore:4, gather:minecraft:diamond_ore:8, gather:minecraft:diamond_ore:5, gather:minecraft:diamond_ore:2, gather:minecraft:diamond_ore:7, gather:minecraft:diamond_ore:1, gather:minecraft:diamond_ore:2]
[15:03:37] [lodekeeper-planner/INFO] (lodekeeper) [Lodekeeper] PLAN project=gear_diamond success=true steps=21 branches=93 elapsedMs=1.705365
[15:03:37] [Render thread/INFO] (lodekeeper) [Lodekeeper] STEP kind=GATHER source=gather:minecraft:diamond_ore output=minecraft:diamond count=32 operations=32 auxiliary=false
[15:03:37] [Render thread/INFO] (lodekeeper) [Lodekeeper] MINING_DEPTH policy=BULK_DIAMOND desiredY=-55 ceiling=-40 deficit=32 phase=DESCEND blocks=[Block{minecraft:diamond_ore}, Block{minecraft:deepslate_diamond_ore}]
[15:03:37] [Render thread/INFO] (lodekeeper) [Lodekeeper] NAV backend=baritone mode=DESCEND event=CALC_STARTED elapsedMs=1
[15:03:37] [Render thread/INFO] (lodekeeper) [Lodekeeper] NAV calcTool=minecraft:diamond_pickaxe slot=1
[15:03:37] [Render thread/INFO] (lodekeeper) [Lodekeeper] ROUTE_SEARCH kind=unknown anchor=unknown feet_y16=0 candidates=0 target=none elapsed_ms=364213
[15:03:37] [Render thread/INFO] (lodekeeper) [Lodekeeper] PROGRESS elapsed_ms=364421 phase=searching backend=baritone target=none navigation_elapsed_ms=411 navigation_ticks=8 searching=true path_index=0 path_length=0 retries=0 pending_route_events=0 dropped_route_events=0 status=seeking_mining_depth_-55_for_minecraft:diamond___0/32___planning_next_route
[15:03:37] [Render thread/INFO] (lodekeeper) [Lodekeeper] NAV backend=baritone mode=DESCEND event=CALC_FINISHED_NOW_EXECUTING elapsedMs=516
[15:03:37] [Render thread/INFO] (lodekeeper) [Lodekeeper] BREAK target=Mutable{x=15, y=3, z=9} block=Block{minecraft:granite} tool=minecraft:diamond_pickaxe slot=1 remaining=1561 required=route
[15:03:38] [Render thread/INFO] (lodekeeper) [Lodekeeper] ROUTE_TRAVEL path_index=0 path_length=39 target=none elapsed_ms=364626
[15:03:38] [Render thread/INFO] (lodekeeper) [Lodekeeper] BREAK target=Mutable{x=15, y=2, z=9} block=Block{minecraft:granite} tool=minecraft:diamond_pickaxe slot=1 remaining=1560 required=route
[15:03:39] [Render thread/INFO] (lodekeeper) [Lodekeeper] BREAK target=Mutable{x=15, y=1, z=9} block=Block{minecraft:granite} tool=minecraft:diamond_pickaxe slot=1 remaining=1559 required=route
[15:03:39] [Render thread/INFO] (lodekeeper) [Lodekeeper] BREAK target=Mutable{x=15, y=0, z=9} block=Block{minecraft:deepslate} tool=minecraft:diamond_pickaxe slot=1 remaining=1558 required=route
[15:03:39] [Render thread/INFO] (lodekeeper) [Lodekeeper] PROGRESS elapsed_ms=366439 phase=traveling backend=baritone target=none navigation_elapsed_ms=2429 navigation_ticks=48 searching=false path_index=0 path_length=36 retries=0 pending_route_events=0 dropped_route_events=0 status=seeking_mining_depth_-55_for_minecraft:diamond___0/32
[15:03:40] [Render thread/INFO] (lodekeeper) [Lodekeeper] BREAK target=Mutable{x=15, y=-1, z=9} block=Block{minecraft:deepslate} tool=minecraft:diamond_pickaxe slot=1 remaining=1557 required=route
[15:03:41] [Render thread/INFO] (lodekeeper) [Lodekeeper] BREAK target=Mutable{x=15, y=-2, z=9} block=Block{minecraft:deepslate} tool=minecraft:diamond_pickaxe slot=1 remaining=1556 required=route
[15:03:41] [Render thread/INFO] (lodekeeper) [Lodekeeper] PROGRESS elapsed_ms=368483 phase=traveling backend=baritone target=none navigation_elapsed_ms=4404 navigation_ticks=88 searching=false path_index=0 path_length=34 retries=0 pending_route_events=0 dropped_route_events=0 status=seeking_mining_depth_-55_for_minecraft:diamond___0/32
[15:03:42] [Render thread/INFO] (lodekeeper) [Lodekeeper] BREAK target=Mutable{x=15, y=-3, z=9} block=Block{minecraft:deepslate_iron_ore} tool=minecraft:diamond_pickaxe slot=1 remaining=1555 required=route
[15:03:43] [Render thread/INFO] (lodekeeper) [Lodekeeper] BREAK target=Mutable{x=15, y=-4, z=9} block=Block{minecraft:deepslate} tool=minecraft:diamond_pickaxe slot=1 remaining=1554 required=route
[15:03:43] [Render thread/INFO] (lodekeeper) [Lodekeeper] PROGRESS elapsed_ms=370525 phase=traveling backend=baritone target=none navigation_elapsed_ms=6414 navigation_ticks=128 searching=false path_index=0 path_length=32 retries=0 pending_route_events=0 dropped_route_events=0 status=seeking_mining_depth_-55_for_minecraft:diamond___0/32
[15:03:44] [Render thread/INFO] (lodekeeper) [Lodekeeper] BREAK target=Mutable{x=15, y=-5, z=9} block=Block{minecraft:deepslate} tool=minecraft:diamond_pickaxe slot=1 remaining=1553 required=route
[15:03:45] [Render thread/INFO] (lodekeeper) [Lodekeeper] BREAK target=Mutable{x=15, y=-6, z=9} block=Block{minecraft:deepslate} tool=minecraft:diamond_pickaxe slot=1 remaining=1552 required=route
[15:03:45] [Render thread/INFO] (lodekeeper) [Lodekeeper] PROGRESS elapsed_ms=372539 phase=traveling backend=baritone target=none navigation_elapsed_ms=8426 navigation_ticks=168 searching=false path_index=0 path_length=30 retries=0 pending_route_events=0 dropped_route_events=0 status=seeking_mining_depth_-55_for_minecraft:diamond___0/32
[15:03:46] [Render thread/INFO] (lodekeeper) [Lodekeeper] BREAK target=Mutable{x=15, y=-7, z=9} block=Block{minecraft:deepslate} tool=minecraft:diamond_pickaxe slot=1 remaining=1551 required=route
[15:03:47] [Render thread/INFO] (lodekeeper) [Lodekeeper] BREAK target=Mutable{x=15, y=-8, z=9} block=Block{minecraft:deepslate} tool=minecraft:diamond_pickaxe slot=1 remaining=1550 required=route
[15:03:47] [Render thread/INFO] (lodekeeper) [Lodekeeper] PROGRESS elapsed_ms=374588 phase=traveling backend=baritone target=none navigation_elapsed_ms=10409 navigation_ticks=208 searching=false path_index=0 path_length=28 retries=0 pending_route_events=0 dropped_route_events=0 status=seeking_mining_depth_-55_for_minecraft:diamond___0/32
[15:03:48] [Render thread/INFO] (lodekeeper) [Lodekeeper] BREAK target=Mutable{x=15, y=-9, z=9} block=Block{minecraft:deepslate} tool=minecraft:diamond_pickaxe slot=1 remaining=1549 required=route
[15:03:49] [Render thread/INFO] (lodekeeper) [Lodekeeper] BREAK target=Mutable{x=15, y=-10, z=9} block=Block{minecraft:deepslate} tool=minecraft:diamond_pickaxe slot=1 remaining=1548 required=route
[15:03:49] [Render thread/INFO] (lodekeeper) [Lodekeeper] BREAK target=Mutable{x=15, y=-11, z=9} block=Block{minecraft:deepslate} tool=minecraft:diamond_pickaxe slot=1 remaining=1547 required=route
[15:03:50] [Render thread/INFO] (lodekeeper) [Lodekeeper] PROGRESS elapsed_ms=376608 phase=traveling backend=baritone target=none navigation_elapsed_ms=12598 navigation_ticks=252 searching=false path_index=0 path_length=25 retries=0 pending_route_events=0 dropped_route_events=0 status=seeking_mining_depth_-55_for_minecraft:diamond___0/32
[15:03:50] [Render thread/INFO] (lodekeeper) [Lodekeeper] BREAK target=Mutable{x=15, y=-12, z=9} block=Block{minecraft:deepslate} tool=minecraft:diamond_pickaxe slot=1 remaining=1546 required=route
[15:03:51] [Render thread/INFO] (lodekeeper) [Lodekeeper] BREAK target=Mutable{x=15, y=-13, z=9} block=Block{minecraft:deepslate} tool=minecraft:diamond_pickaxe slot=1 remaining=1545 required=route
[15:03:52] [Render thread/INFO] (lodekeeper) [Lodekeeper] PROGRESS elapsed_ms=378624 phase=traveling backend=baritone target=none navigation_elapsed_ms=14614 navigation_ticks=292 searching=false path_index=0 path_length=23 retries=0 pending_route_events=0 dropped_route_events=0 status=seeking_mining_depth_-55_for_minecraft:diamond___0/32
[15:03:52] [Render thread/INFO] (lodekeeper) [Lodekeeper] BREAK target=Mutable{x=15, y=-14, z=9} block=Block{minecraft:deepslate} tool=minecraft:diamond_pickaxe slot=1 remaining=1544 required=route
[15:03:53] [Render thread/INFO] (lodekeeper) [Lodekeeper] BREAK target=Mutable{x=15, y=-15, z=9} block=Block{minecraft:deepslate} tool=minecraft:diamond_pickaxe slot=1 remaining=1543 required=route
[15:03:54] [Render thread/INFO] (lodekeeper) [Lodekeeper] PROGRESS elapsed_ms=380639 phase=traveling backend=baritone target=none navigation_elapsed_ms=16629 navigation_ticks=332 searching=false path_index=0 path_length=21 retries=0 pending_route_events=0 dropped_route_events=0 status=seeking_mining_depth_-55_for_minecraft:diamond___0/32
[15:03:54] [Render thread/INFO] (lodekeeper) [Lodekeeper] BREAK target=Mutable{x=15, y=-16, z=9} block=Block{minecraft:deepslate} tool=minecraft:diamond_pickaxe slot=1 remaining=1542 required=route
[15:03:55] [Render thread/INFO] (lodekeeper) [Lodekeeper] BREAK target=Mutable{x=15, y=-17, z=9} block=Block{minecraft:deepslate} tool=minecraft:diamond_pickaxe slot=1 remaining=1541 required=route
[15:03:56] [Render thread/INFO] (lodekeeper) [Lodekeeper] PROGRESS elapsed_ms=382685 phase=traveling backend=baritone target=none navigation_elapsed_ms=18607 navigation_ticks=372 searching=false path_index=0 path_length=19 retries=0 pending_route_events=0 dropped_route_events=0 status=seeking_mining_depth_-55_for_minecraft:diamond___0/32
[15:03:56] [Render thread/INFO] (lodekeeper) [Lodekeeper] BREAK target=Mutable{x=15, y=-18, z=9} block=Block{minecraft:deepslate} tool=minecraft:diamond_pickaxe slot=1 remaining=1540 required=route
[15:03:57] [Render thread/INFO] (lodekeeper) [Lodekeeper] BREAK target=Mutable{x=15, y=-19, z=9} block=Block{minecraft:deepslate} tool=minecraft:diamond_pickaxe slot=1 remaining=1539 required=route
[15:03:58] [Render thread/INFO] (lodekeeper) [Lodekeeper] BREAK target=Mutable{x=15, y=-20, z=9} block=Block{minecraft:deepslate} tool=minecraft:diamond_pickaxe slot=1 remaining=1538 required=route
[15:03:58] [Render thread/INFO] (lodekeeper) [Lodekeeper] PROGRESS elapsed_ms=384732 phase=traveling backend=baritone target=none navigation_elapsed_ms=20621 navigation_ticks=412 searching=false path_index=0 path_length=16 retries=0 pending_route_events=0 dropped_route_events=0 status=seeking_mining_depth_-55_for_minecraft:diamond___0/32
[15:03:58] [Render thread/INFO] (lodekeeper) [Lodekeeper] BREAK target=Mutable{x=15, y=-21, z=9} block=Block{minecraft:deepslate} tool=minecraft:diamond_pickaxe slot=1 remaining=1537 required=route
[15:03:59] [Render thread/INFO] (lodekeeper) [Lodekeeper] BREAK target=Mutable{x=15, y=-22, z=9} block=Block{minecraft:deepslate} tool=minecraft:diamond_pickaxe slot=1 remaining=1536 required=route
[15:04:00] [Render thread/INFO] (lodekeeper) [Lodekeeper] PROGRESS elapsed_ms=386777 phase=traveling backend=baritone target=none navigation_elapsed_ms=22603 navigation_ticks=452 searching=false path_index=0 path_length=14 retries=0 pending_route_events=0 dropped_route_events=0 status=seeking_mining_depth_-55_for_minecraft:diamond___0/32
[15:04:00] [Render thread/INFO] (lodekeeper) [Lodekeeper] BREAK target=Mutable{x=15, y=-23, z=9} block=Block{minecraft:deepslate} tool=minecraft:diamond_pickaxe slot=1 remaining=1535 required=route
[15:04:01] [Render thread/INFO] (lodekeeper) [Lodekeeper] BREAK target=Mutable{x=15, y=-24, z=9} block=Block{minecraft:deepslate} tool=minecraft:diamond_pickaxe slot=1 remaining=1534 required=route
[15:04:02] [Render thread/INFO] (lodekeeper) [Lodekeeper] PROGRESS elapsed_ms=388835 phase=traveling backend=baritone target=none navigation_elapsed_ms=24825 navigation_ticks=496 searching=false path_index=0 path_length=12 retries=0 pending_route_events=0 dropped_route_events=0 status=seeking_mining_depth_-55_for_minecraft:diamond___0/32
[15:04:02] [Render thread/INFO] (lodekeeper) [Lodekeeper] BREAK target=Mutable{x=15, y=-25, z=9} block=Block{minecraft:deepslate} tool=minecraft:diamond_pickaxe slot=1 remaining=1533 required=route
[15:04:03] [Render thread/INFO] (lodekeeper) [Lodekeeper] BREAK target=Mutable{x=15, y=-26, z=9} block=Block{minecraft:deepslate} tool=minecraft:diamond_pickaxe slot=1 remaining=1532 required=route
[15:04:04] [Render thread/INFO] (lodekeeper) [Lodekeeper] NAV backend=baritone mode=DESCEND event=NEXT_SEGMENT_CALC_STARTED elapsedMs=26705
[15:04:04] [Render thread/INFO] (lodekeeper) [Lodekeeper] NAV backend=baritone mode=DESCEND event=NEXT_SEGMENT_CALC_FINISHED elapsedMs=26773
[15:04:04] [Render thread/INFO] (lodekeeper) [Lodekeeper] PROGRESS elapsed_ms=390885 phase=traveling backend=baritone target=none navigation_elapsed_ms=26806 navigation_ticks=536 searching=false path_index=0 path_length=30 retries=0 pending_route_events=0 dropped_route_events=0 status=seeking_mining_depth_-55_for_minecraft:diamond___0/32
[15:04:04] [Render thread/INFO] (lodekeeper) [Lodekeeper] BREAK target=Mutable{x=15, y=-27, z=9} block=Block{minecraft:deepslate} tool=minecraft:diamond_pickaxe slot=1 remaining=1531 required=route
[15:04:05] [Render thread/INFO] (lodekeeper) [Lodekeeper] BREAK target=Mutable{x=15, y=-28, z=9} block=Block{minecraft:deepslate} tool=minecraft:diamond_pickaxe slot=1 remaining=1530 required=route
[15:04:06] [Render thread/INFO] (lodekeeper) [Lodekeeper] BREAK target=Mutable{x=15, y=-29, z=9} block=Block{minecraft:deepslate} tool=minecraft:diamond_pickaxe slot=1 remaining=1529 required=route
[15:04:06] [Render thread/INFO] (lodekeeper) [Lodekeeper] PROGRESS elapsed_ms=392938 phase=traveling backend=baritone target=none navigation_elapsed_ms=28827 navigation_ticks=576 searching=false path_index=0 path_length=28 retries=0 pending_route_events=0 dropped_route_events=0 status=seeking_mining_depth_-55_for_minecraft:diamond___0/32
[15:04:07] [Render thread/INFO] (lodekeeper) [Lodekeeper] BREAK target=Mutable{x=15, y=-30, z=9} block=Block{minecraft:deepslate} tool=minecraft:diamond_pickaxe slot=1 remaining=1528 required=route
[15:04:07] [Render thread/INFO] (lodekeeper) [Lodekeeper] BREAK target=Mutable{x=15, y=-31, z=9} block=Block{minecraft:deepslate} tool=minecraft:diamond_pickaxe slot=1 remaining=1527 required=route
[15:04:08] [Render thread/INFO] (lodekeeper) [Lodekeeper] PROGRESS elapsed_ms=394966 phase=traveling backend=baritone target=none navigation_elapsed_ms=30818 navigation_ticks=616 searching=false path_index=0 path_length=26 retries=0 pending_route_events=0 dropped_route_events=0 status=seeking_mining_depth_-55_for_minecraft:diamond___0/32
[15:04:08] [Render thread/INFO] (lodekeeper) [Lodekeeper] BREAK target=Mutable{x=15, y=-32, z=9} block=Block{minecraft:deepslate} tool=minecraft:diamond_pickaxe slot=1 remaining=1526 required=route
[15:04:09] [Render thread/INFO] (lodekeeper) [Lodekeeper] BREAK target=Mutable{x=15, y=-33, z=9} block=Block{minecraft:deepslate} tool=minecraft:diamond_pickaxe slot=1 remaining=1525 required=route
[15:04:10] [Render thread/INFO] (lodekeeper) [Lodekeeper] PROGRESS elapsed_ms=396991 phase=traveling backend=baritone target=none navigation_elapsed_ms=32807 navigation_ticks=656 searching=false path_index=0 path_length=24 retries=0 pending_route_events=0 dropped_route_events=0 status=seeking_mining_depth_-55_for_minecraft:diamond___0/32
[15:04:10] [Render thread/INFO] (lodekeeper) [Lodekeeper] BREAK target=Mutable{x=15, y=-34, z=9} block=Block{minecraft:deepslate} tool=minecraft:diamond_pickaxe slot=1 remaining=1524 required=route
[15:04:11] [Render thread/INFO] (lodekeeper) [Lodekeeper] BREAK target=Mutable{x=15, y=-35, z=9} block=Block{minecraft:deepslate} tool=minecraft:diamond_pickaxe slot=1 remaining=1523 required=route
[15:04:12] [Render thread/INFO] (lodekeeper) [Lodekeeper] PROGRESS elapsed_ms=399016 phase=traveling backend=baritone target=none navigation_elapsed_ms=35006 navigation_ticks=700 searching=false path_index=0 path_length=21 retries=0 pending_route_events=0 dropped_route_events=0 status=seeking_mining_depth_-55_for_minecraft:diamond___0/32
[15:04:12] [Render thread/INFO] (lodekeeper) [Lodekeeper] BREAK target=Mutable{x=15, y=-36, z=9} block=Block{minecraft:deepslate} tool=minecraft:diamond_pickaxe slot=1 remaining=1522 required=route
[15:04:13] [Render thread/INFO] (lodekeeper) [Lodekeeper] BREAK target=Mutable{x=15, y=-37, z=9} block=Block{minecraft:deepslate} tool=minecraft:diamond_pickaxe slot=1 remaining=1521 required=route
[15:04:14] [Render thread/INFO] (lodekeeper) [Lodekeeper] BREAK target=Mutable{x=15, y=-38, z=9} block=Block{minecraft:deepslate} tool=minecraft:diamond_pickaxe slot=1 remaining=1520 required=route
[15:04:14] [Render thread/INFO] (lodekeeper) [Lodekeeper] PROGRESS elapsed_ms=401032 phase=traveling backend=baritone target=none navigation_elapsed_ms=37022 navigation_ticks=740 searching=false path_index=0 path_length=19 retries=0 pending_route_events=0 dropped_route_events=0 status=seeking_mining_depth_-55_for_minecraft:diamond___0/32
[15:04:15] [Render thread/INFO] (lodekeeper) [Lodekeeper] BREAK target=Mutable{x=15, y=-39, z=9} block=Block{minecraft:deepslate} tool=minecraft:diamond_pickaxe slot=1 remaining=1519 required=route
[15:04:16] [Render thread/INFO] (lodekeeper) [Lodekeeper] BREAK target=Mutable{x=15, y=-40, z=9} block=Block{minecraft:deepslate} tool=minecraft:diamond_pickaxe slot=1 remaining=1518 required=route
[15:04:16] [Render thread/INFO] (lodekeeper) [Lodekeeper] PROGRESS elapsed_ms=403083 phase=traveling backend=baritone target=none navigation_elapsed_ms=39006 navigation_ticks=780 searching=false path_index=0 path_length=17 retries=0 pending_route_events=0 dropped_route_events=0 status=seeking_mining_depth_-55_for_minecraft:diamond___0/32
[15:04:16] [Render thread/INFO] (lodekeeper) [Lodekeeper] BREAK target=Mutable{x=15, y=-41, z=9} block=Block{minecraft:deepslate} tool=minecraft:diamond_pickaxe slot=1 remaining=1517 required=route
[15:04:17] [Render thread/INFO] (lodekeeper) [Lodekeeper] BREAK target=Mutable{x=15, y=-42, z=9} block=Block{minecraft:deepslate} tool=minecraft:diamond_pickaxe slot=1 remaining=1516 required=route
[15:04:18] [Render thread/INFO] (lodekeeper) [Lodekeeper] PROGRESS elapsed_ms=405139 phase=traveling backend=baritone target=none navigation_elapsed_ms=41027 navigation_ticks=820 searching=false path_index=0 path_length=15 retries=0 pending_route_events=0 dropped_route_events=0 status=seeking_mining_depth_-55_for_minecraft:diamond___0/32
[15:04:18] [Render thread/INFO] (lodekeeper) [Lodekeeper] BREAK target=Mutable{x=15, y=-43, z=9} block=Block{minecraft:deepslate} tool=minecraft:diamond_pickaxe slot=1 remaining=1515 required=route
[15:04:19] [Render thread/INFO] (lodekeeper) [Lodekeeper] BREAK target=Mutable{x=15, y=-44, z=9} block=Block{minecraft:deepslate} tool=minecraft:diamond_pickaxe slot=1 remaining=1514 required=route
[15:04:20] [Render thread/INFO] (lodekeeper) [Lodekeeper] BREAK target=Mutable{x=15, y=-45, z=9} block=Block{minecraft:deepslate} tool=minecraft:diamond_pickaxe slot=1 remaining=1513 required=route
[15:04:20] [Render thread/INFO] (lodekeeper) [Lodekeeper] PROGRESS elapsed_ms=407159 phase=traveling backend=baritone target=none navigation_elapsed_ms=43013 navigation_ticks=860 searching=false path_index=0 path_length=12 retries=0 pending_route_events=0 dropped_route_events=0 status=seeking_mining_depth_-55_for_minecraft:diamond___0/32
[15:04:21] [Render thread/INFO] (lodekeeper) [Lodekeeper] BREAK target=Mutable{x=15, y=-46, z=9} block=Block{minecraft:deepslate} tool=minecraft:diamond_pickaxe slot=1 remaining=1512 required=route
[15:04:22] [Render thread/INFO] (lodekeeper) [Lodekeeper] BREAK target=Mutable{x=15, y=-47, z=9} block=Block{minecraft:deepslate} tool=minecraft:diamond_pickaxe slot=1 remaining=1511 required=route
[15:04:22] [Render thread/INFO] (lodekeeper) [Lodekeeper] PROGRESS elapsed_ms=409178 phase=traveling backend=baritone target=none navigation_elapsed_ms=45030 navigation_ticks=900 searching=false path_index=0 path_length=10 retries=0 pending_route_events=0 dropped_route_events=0 status=seeking_mining_depth_-55_for_minecraft:diamond___0/32
[15:04:23] [Render thread/INFO] (lodekeeper) [Lodekeeper] BREAK target=Mutable{x=15, y=-48, z=9} block=Block{minecraft:deepslate} tool=minecraft:diamond_pickaxe slot=1 remaining=1510 required=route
[15:04:24] [Render thread/INFO] (lodekeeper) [Lodekeeper] BREAK target=Mutable{x=15, y=-49, z=9} block=Block{minecraft:deepslate} tool=minecraft:diamond_pickaxe slot=1 remaining=1509 required=route
[15:04:24] [Render thread/INFO] (lodekeeper) [Lodekeeper] PROGRESS elapsed_ms=411234 phase=traveling backend=baritone target=none navigation_elapsed_ms=47224 navigation_ticks=944 searching=false path_index=0 path_length=8 retries=0 pending_route_events=0 dropped_route_events=0 status=seeking_mining_depth_-55_for_minecraft:diamond___0/32
[15:04:25] [Render thread/INFO] (lodekeeper) [Lodekeeper] BREAK target=Mutable{x=15, y=-50, z=9} block=Block{minecraft:deepslate} tool=minecraft:diamond_pickaxe slot=1 remaining=1508 required=route
[15:04:25] [Render thread/INFO] (lodekeeper) [Lodekeeper] BREAK target=Mutable{x=15, y=-51, z=9} block=Block{minecraft:deepslate} tool=minecraft:diamond_pickaxe slot=1 remaining=1507 required=route
[15:04:26] [Render thread/INFO] (lodekeeper) [Lodekeeper] PROGRESS elapsed_ms=413282 phase=traveling backend=baritone target=none navigation_elapsed_ms=49206 navigation_ticks=984 searching=false path_index=0 path_length=6 retries=0 pending_route_events=0 dropped_route_events=0 status=seeking_mining_depth_-55_for_minecraft:diamond___0/32
[15:04:26] [Render thread/INFO] (lodekeeper) [Lodekeeper] BREAK target=Mutable{x=15, y=-52, z=9} block=Block{minecraft:deepslate} tool=minecraft:diamond_pickaxe slot=1 remaining=1506 required=route
[15:04:27] [Render thread/INFO] (lodekeeper) [Lodekeeper] BREAK target=Mutable{x=15, y=-53, z=9} block=Block{minecraft:deepslate} tool=minecraft:diamond_pickaxe slot=1 remaining=1505 required=route
[15:04:28] [Render thread/INFO] (lodekeeper) [Lodekeeper] BREAK target=Mutable{x=15, y=-54, z=9} block=Block{minecraft:deepslate} tool=minecraft:diamond_pickaxe slot=1 remaining=1504 required=route
[15:04:28] [Render thread/INFO] (lodekeeper) [Lodekeeper] PROGRESS elapsed_ms=415329 phase=traveling backend=baritone target=none navigation_elapsed_ms=51217 navigation_ticks=1024 searching=false path_index=0 path_length=3 retries=0 pending_route_events=0 dropped_route_events=0 status=seeking_mining_depth_-55_for_minecraft:diamond___0/32
[15:04:29] [Render thread/INFO] (lodekeeper) [Lodekeeper] BREAK target=Mutable{x=15, y=-55, z=9} block=Block{minecraft:deepslate} tool=minecraft:diamond_pickaxe slot=1 remaining=1503 required=route
[15:04:30] [Render thread/INFO] (lodekeeper) [Lodekeeper] NAV phase=DESCEND -> MINE targetY=-55 requestTicks=1055
[15:04:30] [Render thread/INFO] (lodekeeper) [Lodekeeper] NAV backend=baritone mode=SUSPENDED event=CANCELED elapsedMs=52760
[15:04:30] [Render thread/INFO] (lodekeeper) [Lodekeeper] NAV backend=baritone mode=SUSPENDED event=CANCELED elapsedMs=52760
[15:04:30] [Render thread/INFO] (lodekeeper) [Lodekeeper] NAV backend=baritone mode=SUSPENDED event=CANCELED elapsedMs=52829
[15:04:30] [Render thread/INFO] (lodekeeper) [Lodekeeper] NAV backend=baritone mode=SUSPENDED event=CANCELED elapsedMs=52865
[15:04:30] [Render thread/INFO] (lodekeeper) [Lodekeeper] NAV backend=baritone mode=SUSPENDED event=CANCELED elapsedMs=52898
[15:04:30] [Render thread/INFO] (lodekeeper) [Lodekeeper] NAV discovered=34 retained=64 rejected=0 requestTicks=1056 phase=MINE
[15:04:30] [Render thread/INFO] (lodekeeper) [Lodekeeper] NAV backend=baritone mode=MINE event=CALC_STARTED elapsedMs=52970
[15:04:30] [Render thread/INFO] (lodekeeper) [Lodekeeper] NAV calcTool=minecraft:diamond_pickaxe slot=1
[15:04:30] [Render thread/INFO] (lodekeeper) [Lodekeeper] NAV backend=baritone mode=MINE event=CALC_FINISHED_NOW_EXECUTING elapsedMs=53001
[15:04:30] [Render thread/INFO] (lodekeeper) [Lodekeeper] TARGET target=14,-47,8 block=minecraft:deepslate_diamond_ore
[15:04:30] [Render thread/INFO] (lodekeeper) [Lodekeeper] PROGRESS elapsed_ms=417357 phase=traveling backend=baritone target=14,-47,8 block=minecraft:deepslate_diamond_ore navigation_elapsed_ms=53347 navigation_ticks=1064 searching=false path_index=0 path_length=7 retries=0 pending_route_events=0 dropped_route_events=0 status=mining_and_collecting_minecraft:diamond___0/32
[15:04:32] [Render thread/INFO] (lodekeeper) [Lodekeeper] BREAK target=Mutable{x=14, y=-49, z=9} block=Block{minecraft:deepslate} tool=minecraft:diamond_pickaxe slot=1 remaining=1502 required=route
[15:04:32] [Render thread/INFO] (lodekeeper) [Lodekeeper] PROGRESS elapsed_ms=419374 phase=traveling backend=baritone target=14,-47,8 block=minecraft:deepslate_diamond_ore navigation_elapsed_ms=55364 navigation_ticks=1104 searching=false path_index=0 path_length=3 retries=0 pending_route_events=0 dropped_route_events=0 status=mining_and_collecting_minecraft:diamond___0/32
[15:04:33] [Render thread/INFO] (lodekeeper) [Lodekeeper] BREAK target=Mutable{x=14, y=-48, z=9} block=Block{minecraft:deepslate} tool=minecraft:diamond_pickaxe slot=1 remaining=1501 required=route
[15:04:34] [Render thread/INFO] (lodekeeper) [Lodekeeper] BREAK target=Mutable{x=14, y=-48, z=8} block=Block{minecraft:deepslate} tool=minecraft:diamond_pickaxe slot=1 remaining=1500 required=route
[15:04:34] [Render thread/INFO] (lodekeeper) [Lodekeeper] PROGRESS elapsed_ms=421407 phase=traveling backend=baritone target=14,-47,8 block=minecraft:deepslate_diamond_ore navigation_elapsed_ms=57364 navigation_ticks=1144 searching=false path_index=0 path_length=2 retries=0 pending_route_events=0 dropped_route_events=0 status=mining_and_collecting_minecraft:diamond___0/32
[15:04:35] [Render thread/INFO] (lodekeeper) [Lodekeeper] BREAK target=Mutable{x=14, y=-47, z=9} block=Block{minecraft:deepslate} tool=minecraft:diamond_pickaxe slot=1 remaining=1499 required=route
[15:04:36] [Render thread/INFO] (lodekeeper) [Lodekeeper] BREAK target=Mutable{x=14, y=-47, z=8} block=Block{minecraft:deepslate_diamond_ore} tool=minecraft:diamond_pickaxe slot=1 remaining=1498 required=minecraft:diamond_pickaxe
[15:04:36] [Render thread/INFO] (lodekeeper) [Lodekeeper] PROGRESS elapsed_ms=423419 phase=traveling backend=baritone target=14,-47,8 block=minecraft:deepslate_diamond_ore navigation_elapsed_ms=59375 navigation_ticks=1184 searching=false path_index=0 path_length=2 retries=0 pending_route_events=0 dropped_route_events=0 status=mining_and_collecting_minecraft:diamond___0/32
[15:04:37] [Render thread/INFO] (lodekeeper) [Lodekeeper] NAV discovered=1 retained=64 rejected=0 requestTicks=1194 phase=MINE
[15:04:37] [Render thread/INFO] (lodekeeper) [Lodekeeper] NAV backend=baritone mode=MINE event=CALC_STARTED elapsedMs=59855
[15:04:37] [Render thread/INFO] (lodekeeper) [Lodekeeper] NAV calcTool=minecraft:diamond_pickaxe slot=1
[15:04:37] [Render thread/INFO] (lodekeeper) [Lodekeeper] NAV backend=baritone mode=MINE event=CALC_FINISHED_NOW_EXECUTING elapsedMs=59855
[15:04:37] [Render thread/INFO] (lodekeeper) [Lodekeeper] TARGET target=13,-47,8 block=minecraft:deepslate_diamond_ore
[15:04:37] [Render thread/INFO] (lodekeeper) [Lodekeeper] BREAK target=Mutable{x=13, y=-47, z=8} block=Block{minecraft:deepslate_diamond_ore} tool=minecraft:diamond_pickaxe slot=1 remaining=1497 required=minecraft:diamond_pickaxe
[15:04:38] [Render thread/INFO] (lodekeeper) [Lodekeeper] NAV discovered=1 retained=64 rejected=0 requestTicks=1219 phase=MINE
[15:04:38] [Render thread/INFO] (lodekeeper) [Lodekeeper] NAV backend=baritone mode=MINE event=CALC_STARTED elapsedMs=61121
[15:04:38] [Render thread/INFO] (lodekeeper) [Lodekeeper] NAV calcTool=minecraft:diamond_pickaxe slot=1
[15:04:38] [Render thread/INFO] (lodekeeper) [Lodekeeper] NAV backend=baritone mode=MINE event=CALC_FINISHED_NOW_EXECUTING elapsedMs=61122
[15:04:38] [Render thread/INFO] (lodekeeper) [Lodekeeper] TARGET target=13,-47,7 block=minecraft:deepslate_diamond_ore
[15:04:38] [Render thread/INFO] (lodekeeper) [Lodekeeper] BREAK target=Mutable{x=13, y=-48, z=8} block=Block{minecraft:deepslate} tool=minecraft:diamond_pickaxe slot=1 remaining=1496 required=route
[15:04:38] [Render thread/INFO] (lodekeeper) [Lodekeeper] PROGRESS elapsed_ms=425439 phase=traveling backend=baritone target=13,-47,7 block=minecraft:deepslate_diamond_ore navigation_elapsed_ms=61360 navigation_ticks=1224 searching=false path_index=0 path_length=3 retries=0 pending_route_events=0 dropped_route_events=0 status=mining_and_collecting_minecraft:diamond___1/32
[15:04:39] [Render thread/INFO] (lodekeeper) [Lodekeeper] BREAK target=Mutable{x=13, y=-47, z=7} block=Block{minecraft:deepslate_diamond_ore} tool=minecraft:diamond_pickaxe slot=1 remaining=1495 required=minecraft:diamond_pickaxe
[15:04:40] [Render thread/INFO] (lodekeeper) [Lodekeeper] NAV discovered=1 retained=64 rejected=0 requestTicks=1260 phase=MINE
[15:04:40] [Render thread/INFO] (lodekeeper) [Lodekeeper] TARGET target=14,-47,7 block=minecraft:deepslate_diamond_ore
[15:04:40] [Render thread/INFO] (lodekeeper) [Lodekeeper] NAV backend=baritone mode=MINE event=CALC_STARTED elapsedMs=63171
[15:04:40] [Render thread/INFO] (lodekeeper) [Lodekeeper] NAV calcTool=minecraft:diamond_pickaxe slot=1
[15:04:40] [Render thread/INFO] (lodekeeper) [Lodekeeper] NAV backend=baritone mode=MINE event=CALC_FINISHED_NOW_EXECUTING elapsedMs=63171
[15:04:40] [Render thread/INFO] (lodekeeper) [Lodekeeper] BREAK target=Mutable{x=14, y=-47, z=7} block=Block{minecraft:deepslate_diamond_ore} tool=minecraft:diamond_pickaxe slot=1 remaining=1494 required=minecraft:diamond_pickaxe
[15:04:40] [Render thread/INFO] (lodekeeper) [Lodekeeper] PROGRESS elapsed_ms=427486 phase=traveling backend=baritone target=14,-47,7 block=minecraft:deepslate_diamond_ore navigation_elapsed_ms=63375 navigation_ticks=1264 searching=false path_index=0 path_length=2 retries=0 pending_route_events=0 dropped_route_events=0 status=mining_and_collecting_minecraft:diamond___2/32
[15:04:41] [Render thread/INFO] (lodekeeper) [Lodekeeper] NAV discovered=1 retained=64 rejected=0 requestTicks=1283 phase=MINE
[15:04:41] [Render thread/INFO] (lodekeeper) [Lodekeeper] TARGET target=14,-46,7 block=minecraft:deepslate_diamond_ore
[15:04:41] [Render thread/INFO] (lodekeeper) [Lodekeeper] BREAK target=Mutable{x=14, y=-46, z=8} block=Block{minecraft:deepslate} tool=minecraft:diamond_pickaxe slot=1 remaining=1493 required=route
[15:04:42] [Render thread/INFO] (lodekeeper) [Lodekeeper] BREAK target=Mutable{x=14, y=-46, z=7} block=Block{minecraft:deepslate_diamond_ore} tool=minecraft:diamond_pickaxe slot=1 remaining=1492 required=minecraft:diamond_pickaxe
[15:04:42] [Render thread/INFO] (lodekeeper) [Lodekeeper] PROGRESS elapsed_ms=429536 phase=traveling backend=baritone target=14,-46,7 block=minecraft:deepslate_diamond_ore navigation_elapsed_ms=65356 navigation_ticks=1304 searching=false path_index=0 path_length=2 retries=0 pending_route_events=0 dropped_route_events=0 status=mining_and_collecting_minecraft:diamond___4/32
[15:04:43] [Render thread/INFO] (lodekeeper) [Lodekeeper] TARGET target=none
[15:04:44] [Render thread/INFO] (lodekeeper) [Lodekeeper] NAV backend=baritone mode=MINE event=AT_GOAL elapsedMs=66723
[15:04:44] [Render thread/INFO] (lodekeeper) [Lodekeeper] NAV backend=baritone mode=MINE event=CALC_STARTED elapsedMs=66824
[15:04:44] [Render thread/INFO] (lodekeeper) [Lodekeeper] NAV calcTool=minecraft:diamond_pickaxe slot=1
[15:04:44] [Render thread/INFO] (lodekeeper) [Lodekeeper] NAV discovered=1 retained=64 rejected=0 requestTicks=1334 phase=MINE
[15:04:44] [Render thread/INFO] (lodekeeper) [Lodekeeper] NAV backend=baritone mode=MINE event=CALC_FINISHED_NOW_EXECUTING elapsedMs=66925
[15:04:44] [Render thread/INFO] (lodekeeper) [Lodekeeper] TARGET target=22,-54,7 block=minecraft:deepslate_diamond_ore
[15:04:44] [Render thread/INFO] (lodekeeper) [Lodekeeper] BREAK target=Mutable{x=15, y=-46, z=7} block=Block{minecraft:deepslate} tool=minecraft:diamond_pickaxe slot=1 remaining=1491 required=route
[15:04:44] [Render thread/INFO] (lodekeeper) [Lodekeeper] PROGRESS elapsed_ms=431581 phase=traveling backend=baritone target=22,-54,7 block=minecraft:deepslate_diamond_ore navigation_elapsed_ms=67571 navigation_ticks=1348 searching=false path_index=0 path_length=13 retries=0 pending_route_events=0 dropped_route_events=0 status=mining_and_collecting_minecraft:diamond___5/32
[15:04:45] [Render thread/INFO] (lodekeeper) [Lodekeeper] BREAK target=Mutable{x=15, y=-47, z=7} block=Block{minecraft:deepslate} tool=minecraft:diamond_pickaxe slot=1 remaining=1490 required=route
[15:04:46] [Render thread/INFO] (lodekeeper) [Lodekeeper] BREAK target=Mutable{x=16, y=-46, z=7} block=Block{minecraft:deepslate} tool=minecraft:diamond_pickaxe slot=1 remaining=1489 required=route
[15:04:47] [Render thread/INFO] (lodekeeper) [Lodekeeper] PROGRESS elapsed_ms=433633 phase=traveling backend=baritone target=22,-54,7 block=minecraft:deepslate_diamond_ore navigation_elapsed_ms=69555 navigation_ticks=1388 searching=false path_index=0 path_length=12 retries=0 pending_route_events=0 dropped_route_events=0 status=mining_and_collecting_minecraft:diamond___5/32
[15:04:47] [Render thread/INFO] (lodekeeper) [Lodekeeper] BREAK target=Mutable{x=16, y=-47, z=7} block=Block{minecraft:deepslate} tool=minecraft:diamond_pickaxe slot=1 remaining=1488 required=route
[15:04:47] [Render thread/INFO] (lodekeeper) [Lodekeeper] BREAK target=Mutable{x=17, y=-46, z=7} block=Block{minecraft:deepslate} tool=minecraft:diamond_pickaxe slot=1 remaining=1487 required=route
[15:04:48] [Render thread/INFO] (lodekeeper) [Lodekeeper] BREAK target=Mutable{x=17, y=-47, z=7} block=Block{minecraft:deepslate} tool=minecraft:diamond_pickaxe slot=1 remaining=1486 required=route
[15:04:49] [Render thread/INFO] (lodekeeper) [Lodekeeper] PROGRESS elapsed_ms=435665 phase=traveling backend=baritone target=22,-54,7 block=minecraft:deepslate_diamond_ore navigation_elapsed_ms=71554 navigation_ticks=1428 searching=false path_index=0 path_length=11 retries=0 pending_route_events=0 dropped_route_events=0 status=mining_and_collecting_minecraft:diamond___5/32
[15:04:49] [Render thread/INFO] (lodekeeper) [Lodekeeper] BREAK target=Mutable{x=18, y=-46, z=7} block=Block{minecraft:deepslate} tool=minecraft:diamond_pickaxe slot=1 remaining=1485 required=route
[15:04:50] [Render thread/INFO] (lodekeeper) [Lodekeeper] BREAK target=Mutable{x=18, y=-47, z=7} block=Block{minecraft:deepslate} tool=minecraft:diamond_pickaxe slot=1 remaining=1484 required=route
[15:04:51] [Render thread/INFO] (lodekeeper) [Lodekeeper] PROGRESS elapsed_ms=437686 phase=traveling backend=baritone target=22,-54,7 block=minecraft:deepslate_diamond_ore navigation_elapsed_ms=73574 navigation_ticks=1468 searching=false path_index=0 path_length=10 retries=0 pending_route_events=0 dropped_route_events=0 status=mining_and_collecting_minecraft:diamond___5/32
[15:04:51] [Render thread/INFO] (lodekeeper) [Lodekeeper] BREAK target=Mutable{x=19, y=-46, z=7} block=Block{minecraft:deepslate} tool=minecraft:diamond_pickaxe slot=1 remaining=1483 required=route
[15:04:52] [Render thread/INFO] (lodekeeper) [Lodekeeper] BREAK target=Mutable{x=19, y=-47, z=7} block=Block{minecraft:deepslate} tool=minecraft:diamond_pickaxe slot=1 remaining=1482 required=route
[15:04:53] [Render thread/INFO] (lodekeeper) [Lodekeeper] PROGRESS elapsed_ms=439733 phase=traveling backend=baritone target=22,-54,7 block=minecraft:deepslate_diamond_ore navigation_elapsed_ms=75554 navigation_ticks=1508 searching=false path_index=0 path_length=9 retries=0 pending_route_events=0 dropped_route_events=0 status=mining_and_collecting_minecraft:diamond___5/32
[15:04:53] [Render thread/INFO] (lodekeeper) [Lodekeeper] BREAK target=Mutable{x=20, y=-46, z=7} block=Block{minecraft:deepslate} tool=minecraft:diamond_pickaxe slot=1 remaining=1481 required=route
[15:04:54] [Render thread/INFO] (lodekeeper) [Lodekeeper] BREAK target=Mutable{x=20, y=-47, z=7} block=Block{minecraft:deepslate} tool=minecraft:diamond_pickaxe slot=1 remaining=1480 required=route
[15:04:55] [Render thread/INFO] (lodekeeper) [Lodekeeper] PROGRESS elapsed_ms=441785 phase=traveling backend=baritone target=22,-54,7 block=minecraft:deepslate_diamond_ore navigation_elapsed_ms=77775 navigation_ticks=1552 searching=false path_index=0 path_length=8 retries=0 pending_route_events=0 dropped_route_events=0 status=mining_and_collecting_minecraft:diamond___5/32
[15:04:55] [Render thread/INFO] (lodekeeper) [Lodekeeper] BREAK target=Mutable{x=20, y=-48, z=7} block=Block{minecraft:deepslate} tool=minecraft:diamond_pickaxe slot=1 remaining=1479 required=route
[15:04:56] [Render thread/INFO] (lodekeeper) [Lodekeeper] BREAK target=Mutable{x=21, y=-47, z=7} block=Block{minecraft:deepslate} tool=minecraft:diamond_pickaxe slot=1 remaining=1478 required=route
[15:04:57] [Render thread/INFO] (lodekeeper) [Lodekeeper] BREAK target=Mutable{x=21, y=-49, z=7} block=Block{minecraft:deepslate} tool=minecraft:diamond_pickaxe slot=1 remaining=1477 required=route
[15:04:57] [Render thread/INFO] (lodekeeper) [Lodekeeper] PROGRESS elapsed_ms=443837 phase=traveling backend=baritone target=22,-54,7 block=minecraft:deepslate_diamond_ore navigation_elapsed_ms=79759 navigation_ticks=1592 searching=false path_index=0 path_length=7 retries=0 pending_route_events=0 dropped_route_events=0 status=mining_and_collecting_minecraft:diamond___5/32
[15:04:58] [Render thread/INFO] (lodekeeper) [Lodekeeper] BREAK target=Mutable{x=22, y=-49, z=7} block=Block{minecraft:deepslate} tool=minecraft:diamond_pickaxe slot=1 remaining=1476 required=route
[15:04:59] [Render thread/INFO] (lodekeeper) [Lodekeeper] BREAK target=Mutable{x=22, y=-50, z=7} block=Block{minecraft:deepslate} tool=minecraft:diamond_pickaxe slot=1 remaining=1475 required=route
[15:04:59] [Render thread/INFO] (lodekeeper) [Lodekeeper] PROGRESS elapsed_ms=445887 phase=traveling backend=baritone target=22,-54,7 block=minecraft:deepslate_diamond_ore navigation_elapsed_ms=81775 navigation_ticks=1632 searching=false path_index=0 path_length=6 retries=0 pending_route_events=0 dropped_route_events=0 status=mining_and_collecting_minecraft:diamond___5/32
[15:05:00] [Render thread/INFO] (lodekeeper) [Lodekeeper] BREAK target=Mutable{x=22, y=-51, z=7} block=Block{minecraft:deepslate} tool=minecraft:diamond_pickaxe slot=1 remaining=1474 required=route
[15:05:01] [Render thread/INFO] (lodekeeper) [Lodekeeper] BREAK target=Mutable{x=22, y=-52, z=7} block=Block{minecraft:deepslate} tool=minecraft:diamond_pickaxe slot=1 remaining=1473 required=route
[15:05:01] [Render thread/INFO] (lodekeeper) [Lodekeeper] PROGRESS elapsed_ms=447934 phase=traveling backend=baritone target=22,-54,7 block=minecraft:deepslate_diamond_ore navigation_elapsed_ms=83752 navigation_ticks=1672 searching=false path_index=0 path_length=4 retries=0 pending_route_events=0 dropped_route_events=0 status=mining_and_collecting_minecraft:diamond___5/32
[15:05:01] [Render thread/INFO] (lodekeeper) [Lodekeeper] BREAK target=Mutable{x=22, y=-53, z=7} block=Block{minecraft:deepslate} tool=minecraft:diamond_pickaxe slot=1 remaining=1472 required=route
[15:05:02] [Render thread/INFO] (lodekeeper) [Lodekeeper] BREAK target=Mutable{x=22, y=-54, z=7} block=Block{minecraft:deepslate_diamond_ore} tool=minecraft:diamond_pickaxe slot=1 remaining=1471 required=minecraft:diamond_pickaxe
[15:05:03] [Render thread/INFO] (lodekeeper) [Lodekeeper] PROGRESS elapsed_ms=449981 phase=traveling backend=baritone target=22,-54,7 block=minecraft:deepslate_diamond_ore navigation_elapsed_ms=85971 navigation_ticks=1716 searching=false path_index=0 path_length=2 retries=0 pending_route_events=0 dropped_route_events=0 status=mining_and_collecting_minecraft:diamond___5/32
[15:05:03] [Render thread/INFO] (lodekeeper) [Lodekeeper] TARGET target=none
[15:05:03] [Render thread/INFO] (lodekeeper) [Lodekeeper] NAV discovered=1 retained=64 rejected=0 requestTicks=1725 phase=MINE
[15:05:03] [Render thread/INFO] (lodekeeper) [Lodekeeper] NAV backend=baritone mode=MINE event=CALC_STARTED elapsedMs=86416
[15:05:03] [Render thread/INFO] (lodekeeper) [Lodekeeper] NAV calcTool=minecraft:diamond_pickaxe slot=1
[15:05:03] [Render thread/INFO] (lodekeeper) [Lodekeeper] NAV backend=baritone mode=MINE event=CALC_FINISHED_NOW_EXECUTING elapsedMs=86416
[15:05:03] [Render thread/INFO] (lodekeeper) [Lodekeeper] TARGET target=23,-54,7 block=minecraft:deepslate_diamond_ore
[15:05:04] [Render thread/INFO] (lodekeeper) [Lodekeeper] BREAK target=Mutable{x=23, y=-53, z=7} block=Block{minecraft:deepslate} tool=minecraft:diamond_pickaxe slot=1 remaining=1470 required=route
[15:05:04] [Render thread/INFO] (lodekeeper) [Lodekeeper] BREAK target=Mutable{x=23, y=-54, z=7} block=Block{minecraft:deepslate_diamond_ore} tool=minecraft:diamond_pickaxe slot=1 remaining=1469 required=minecraft:diamond_pickaxe
[15:05:05] [Render thread/INFO] (lodekeeper) [Lodekeeper] PROGRESS elapsed_ms=452036 phase=traveling backend=baritone target=23,-54,7 block=minecraft:deepslate_diamond_ore navigation_elapsed_ms=87956 navigation_ticks=1756 searching=false path_index=0 path_length=2 retries=0 pending_route_events=0 dropped_route_events=0 status=mining_and_collecting_minecraft:diamond___6/32
[15:05:05] [Render thread/INFO] (lodekeeper) [Lodekeeper] NAV discovered=1 retained=64 rejected=0 requestTicks=1766 phase=MINE
[15:05:05] [Render thread/INFO] (lodekeeper) [Lodekeeper] NAV backend=baritone mode=MINE event=CALC_STARTED elapsedMs=88473
[15:05:05] [Render thread/INFO] (lodekeeper) [Lodekeeper] NAV calcTool=minecraft:diamond_pickaxe slot=1
[15:05:05] [Render thread/INFO] (lodekeeper) [Lodekeeper] NAV backend=baritone mode=MINE event=CALC_FINISHED_NOW_EXECUTING elapsedMs=88473
[15:05:05] [Render thread/INFO] (lodekeeper) [Lodekeeper] TARGET target=22,-55,8 block=minecraft:deepslate_diamond_ore
[15:05:06] [Render thread/INFO] (lodekeeper) [Lodekeeper] BREAK target=Mutable{x=22, y=-53, z=8} block=Block{minecraft:deepslate} tool=minecraft:diamond_pickaxe slot=1 remaining=1468 required=route
[15:05:06] [Render thread/INFO] (lodekeeper) [Lodekeeper] BREAK target=Mutable{x=22, y=-54, z=8} block=Block{minecraft:deepslate} tool=minecraft:diamond_pickaxe slot=1 remaining=1467 required=route
[15:05:07] [Render thread/INFO] (lodekeeper) [Lodekeeper] PROGRESS elapsed_ms=454057 phase=traveling backend=baritone target=22,-55,8 block=minecraft:deepslate_diamond_ore navigation_elapsed_ms=89946 navigation_ticks=1796 searching=false path_index=0 path_length=2 retries=0 pending_route_events=0 dropped_route_events=0 status=mining_and_collecting_minecraft:diamond___7/32
[15:05:07] [Render thread/INFO] (lodekeeper) [Lodekeeper] BREAK target=Mutable{x=22, y=-55, z=8} block=Block{minecraft:deepslate_diamond_ore} tool=minecraft:diamond_pickaxe slot=1 remaining=1466 required=minecraft:diamond_pickaxe
[15:05:08] [Render thread/INFO] (lodekeeper) [Lodekeeper] TARGET target=none
[15:05:09] [Render thread/INFO] (lodekeeper) [Lodekeeper] NAV discovered=1 retained=64 rejected=0 requestTicks=1838 phase=MINE
[15:05:09] [Render thread/INFO] (lodekeeper) [Lodekeeper] PROGRESS elapsed_ms=456071 phase=traveling backend=baritone target=none navigation_elapsed_ms=91958 navigation_ticks=1836 searching=false path_index=0 path_length=2 retries=0 pending_route_events=0 dropped_route_events=0 status=mining_and_collecting_minecraft:diamond___8/32
[15:05:09] [Render thread/INFO] (lodekeeper) [Lodekeeper] NAV backend=baritone mode=MINE event=CALC_STARTED elapsedMs=92062
[15:05:09] [Render thread/INFO] (lodekeeper) [Lodekeeper] NAV calcTool=minecraft:diamond_pickaxe slot=1
[15:05:09] [Render thread/INFO] (lodekeeper) [Lodekeeper] NAV backend=baritone mode=MINE event=CALC_FINISHED_NOW_EXECUTING elapsedMs=92062
[15:05:09] [Render thread/INFO] (lodekeeper) [Lodekeeper] TARGET target=23,-60,2 block=minecraft:deepslate_diamond_ore
[15:05:10] [Render thread/INFO] (lodekeeper) [Lodekeeper] BREAK target=Mutable{x=23, y=-53, z=6} block=Block{minecraft:deepslate} tool=minecraft:diamond_pickaxe slot=1 remaining=1465 required=route
[15:05:11] [Render thread/INFO] (lodekeeper) [Lodekeeper] BREAK target=Mutable{x=23, y=-54, z=6} block=Block{minecraft:deepslate} tool=minecraft:diamond_pickaxe slot=1 remaining=1464 required=route
[15:05:11] [Render thread/INFO] (lodekeeper) [Lodekeeper] PROGRESS elapsed_ms=458078 phase=traveling backend=baritone target=23,-60,2 block=minecraft:deepslate_diamond_ore navigation_elapsed_ms=93966 navigation_ticks=1876 searching=false path_index=0 path_length=11 retries=0 pending_route_events=0 dropped_route_events=0 status=mining_and_collecting_minecraft:diamond___8/32
[15:05:11] [Render thread/INFO] (lodekeeper) [Lodekeeper] BREAK target=Mutable{x=23, y=-53, z=5} block=Block{minecraft:deepslate} tool=minecraft:diamond_pickaxe slot=1 remaining=1463 required=route
[15:05:12] [Render thread/INFO] (lodekeeper) [Lodekeeper] BREAK target=Mutable{x=23, y=-54, z=5} block=Block{minecraft:deepslate} tool=minecraft:diamond_pickaxe slot=1 remaining=1462 required=route
[15:05:13] [Render thread/INFO] (lodekeeper) [Lodekeeper] PROGRESS elapsed_ms=460129 phase=traveling backend=baritone target=23,-60,2 block=minecraft:deepslate_diamond_ore navigation_elapsed_ms=95949 navigation_ticks=1916 searching=false path_index=0 path_length=10 retries=0 pending_route_events=0 dropped_route_events=0 status=mining_and_collecting_minecraft:diamond___8/32
[15:05:13] [Render thread/INFO] (lodekeeper) [Lodekeeper] BREAK target=Mutable{x=23, y=-53, z=4} block=Block{minecraft:tuff} tool=minecraft:diamond_pickaxe slot=1 remaining=1461 required=route
[15:05:14] [Render thread/INFO] (lodekeeper) [Lodekeeper] BREAK target=Mutable{x=23, y=-54, z=4} block=Block{minecraft:deepslate} tool=minecraft:diamond_pickaxe slot=1 remaining=1460 required=route
[15:05:15] [Render thread/INFO] (lodekeeper) [Lodekeeper] BREAK target=Mutable{x=23, y=-53, z=3} block=Block{minecraft:tuff} tool=minecraft:diamond_pickaxe slot=1 remaining=1459 required=route
[15:05:15] [Render thread/INFO] (lodekeeper) [Lodekeeper] PROGRESS elapsed_ms=462136 phase=traveling backend=baritone target=23,-60,2 block=minecraft:deepslate_diamond_ore navigation_elapsed_ms=97955 navigation_ticks=1956 searching=false path_index=0 path_length=8 retries=0 pending_route_events=0 dropped_route_events=0 status=mining_and_collecting_minecraft:diamond___8/32
[15:05:15] [Render thread/INFO] (lodekeeper) [Lodekeeper] BREAK target=Mutable{x=23, y=-54, z=3} block=Block{minecraft:tuff} tool=minecraft:diamond_pickaxe slot=1 remaining=1458 required=route
[15:05:16] [Render thread/INFO] (lodekeeper) [Lodekeeper] BREAK target=Mutable{x=23, y=-53, z=2} block=Block{minecraft:tuff} tool=minecraft:diamond_pickaxe slot=1 remaining=1457 required=route
[15:05:17] [Render thread/INFO] (lodekeeper) [Lodekeeper] BREAK target=Mutable{x=23, y=-54, z=2} block=Block{minecraft:tuff} tool=minecraft:diamond_pickaxe slot=1 remaining=1456 required=route
[15:05:17] [Render thread/INFO] (lodekeeper) [Lodekeeper] PROGRESS elapsed_ms=464160 phase=traveling backend=baritone target=23,-60,2 block=minecraft:deepslate_diamond_ore navigation_elapsed_ms=100150 navigation_ticks=2000 searching=false path_index=0 path_length=7 retries=0 pending_route_events=0 dropped_route_events=0 status=mining_and_collecting_minecraft:diamond___8/32
[15:05:17] [Render thread/INFO] (lodekeeper) [Lodekeeper] BREAK target=Mutable{x=23, y=-55, z=2} block=Block{minecraft:deepslate} tool=minecraft:diamond_pickaxe slot=1 remaining=1455 required=route
[15:05:18] [Render thread/INFO] (lodekeeper) [Lodekeeper] BREAK target=Mutable{x=23, y=-56, z=2} block=Block{minecraft:deepslate} tool=minecraft:diamond_pickaxe slot=1 remaining=1454 required=route
[15:05:19] [Render thread/INFO] (lodekeeper) [Lodekeeper] PROGRESS elapsed_ms=466171 phase=traveling backend=baritone target=23,-60,2 block=minecraft:deepslate_diamond_ore navigation_elapsed_ms=102161 navigation_ticks=2040 searching=false path_index=0 path_length=6 retries=0 pending_route_events=0 dropped_route_events=0 status=mining_and_collecting_minecraft:diamond___8/32
[15:05:19] [Render thread/INFO] (lodekeeper) [Lodekeeper] BREAK target=Mutable{x=23, y=-57, z=2} block=Block{minecraft:deepslate} tool=minecraft:diamond_pickaxe slot=1 remaining=1453 required=route
[15:05:20] [Render thread/INFO] (lodekeeper) [Lodekeeper] BREAK target=Mutable{x=23, y=-58, z=2} block=Block{minecraft:deepslate} tool=minecraft:diamond_pickaxe slot=1 remaining=1452 required=route
[15:05:21] [Render thread/INFO] (lodekeeper) [Lodekeeper] PROGRESS elapsed_ms=468183 phase=traveling backend=baritone target=23,-60,2 block=minecraft:deepslate_diamond_ore navigation_elapsed_ms=104174 navigation_ticks=2080 searching=false path_index=0 path_length=3 retries=0 pending_route_events=0 dropped_route_events=0 status=mining_and_collecting_minecraft:diamond___8/32
[15:05:21] [Render thread/INFO] (lodekeeper) [Lodekeeper] BREAK target=Mutable{x=23, y=-59, z=2} block=Block{minecraft:deepslate_diamond_ore} tool=minecraft:diamond_pickaxe slot=1 remaining=1451 required=minecraft:diamond_pickaxe
[15:05:22] [Render thread/INFO] (lodekeeper) [Lodekeeper] NAV discovered=1 retained=64 rejected=0 requestTicks=2099 phase=MINE
[15:05:22] [Render thread/INFO] (lodekeeper) [Lodekeeper] BREAK target=Mutable{x=23, y=-60, z=2} block=Block{minecraft:deepslate_diamond_ore} tool=minecraft:diamond_pickaxe slot=1 remaining=1450 required=minecraft:diamond_pickaxe
[15:05:23] [Render thread/INFO] (lodekeeper) [Lodekeeper] PROGRESS elapsed_ms=470229 phase=traveling backend=baritone target=23,-60,2 block=minecraft:deepslate_diamond_ore navigation_elapsed_ms=106150 navigation_ticks=2120 searching=false path_index=0 path_length=2 retries=0 pending_route_events=0 dropped_route_events=0 status=mining_and_collecting_minecraft:diamond___9/32
[15:05:23] [Render thread/INFO] (lodekeeper) [Lodekeeper] NAV discovered=1 retained=64 rejected=0 requestTicks=2122 phase=MINE
[15:05:23] [Render thread/INFO] (lodekeeper) [Lodekeeper] NAV backend=baritone mode=MINE event=CALC_STARTED elapsedMs=106273
[15:05:23] [Render thread/INFO] (lodekeeper) [Lodekeeper] NAV calcTool=minecraft:diamond_pickaxe slot=1
[15:05:23] [Render thread/INFO] (lodekeeper) [Lodekeeper] NAV backend=baritone mode=MINE event=CALC_FINISHED_NOW_EXECUTING elapsedMs=106293
[15:05:23] [Render thread/INFO] (lodekeeper) [Lodekeeper] TARGET target=24,-60,2 block=minecraft:deepslate_diamond_ore
[15:05:23] [Render thread/INFO] (lodekeeper) [Lodekeeper] BREAK target=Mutable{x=24, y=-59, z=2} block=Block{minecraft:deepslate_diamond_ore} tool=minecraft:diamond_pickaxe slot=1 remaining=1449 required=minecraft:diamond_pickaxe
[15:05:24] [Render thread/INFO] (lodekeeper) [Lodekeeper] NAV discovered=1 retained=64 rejected=0 requestTicks=2145 phase=MINE
[15:05:25] [Render thread/INFO] (lodekeeper) [Lodekeeper] BREAK target=Mutable{x=24, y=-60, z=2} block=Block{minecraft:deepslate_diamond_ore} tool=minecraft:diamond_pickaxe slot=1 remaining=1448 required=minecraft:diamond_pickaxe
[15:05:25] [Render thread/INFO] (lodekeeper) [Lodekeeper] PROGRESS elapsed_ms=472237 phase=traveling backend=baritone target=24,-60,2 block=minecraft:deepslate_diamond_ore navigation_elapsed_ms=108150 navigation_ticks=2160 searching=false path_index=0 path_length=2 retries=0 pending_route_events=0 dropped_route_events=0 status=mining_and_collecting_minecraft:diamond___11/32
[15:05:25] [Render thread/INFO] (lodekeeper) [Lodekeeper] NAV discovered=1 retained=64 rejected=0 requestTicks=2168 phase=MINE
[15:05:25] [Render thread/INFO] (lodekeeper) [Lodekeeper] TARGET target=23,-60,1 block=minecraft:deepslate_diamond_ore
[15:05:25] [Render thread/INFO] (lodekeeper) [Lodekeeper] NAV backend=baritone mode=MINE event=CALC_STARTED elapsedMs=108561
[15:05:25] [Render thread/INFO] (lodekeeper) [Lodekeeper] NAV calcTool=minecraft:diamond_pickaxe slot=1
[15:05:25] [Render thread/INFO] (lodekeeper) [Lodekeeper] NAV backend=baritone mode=MINE event=CALC_FINISHED_NOW_EXECUTING elapsedMs=108561
[15:05:26] [Render thread/INFO] (lodekeeper) [Lodekeeper] BREAK target=Mutable{x=23, y=-59, z=1} block=Block{minecraft:deepslate_diamond_ore} tool=minecraft:diamond_pickaxe slot=1 remaining=1447 required=minecraft:diamond_pickaxe
[15:05:27] [Render thread/INFO] (lodekeeper) [Lodekeeper] NAV discovered=1 retained=64 rejected=0 requestTicks=2191 phase=MINE
[15:05:27] [Render thread/INFO] (lodekeeper) [Lodekeeper] BREAK target=Mutable{x=23, y=-60, z=1} block=Block{minecraft:deepslate_diamond_ore} tool=minecraft:diamond_pickaxe slot=1 remaining=1446 required=minecraft:diamond_pickaxe
[15:05:27] [Render thread/INFO] (lodekeeper) [Lodekeeper] PROGRESS elapsed_ms=474258 phase=traveling backend=baritone target=23,-60,1 block=minecraft:deepslate_diamond_ore navigation_elapsed_ms=110178 navigation_ticks=2200 searching=false path_index=0 path_length=2 retries=0 pending_route_events=0 dropped_route_events=0 status=mining_and_collecting_minecraft:diamond___13/32
[15:05:28] [Render thread/INFO] (lodekeeper) [Lodekeeper] NAV discovered=1 retained=64 rejected=0 requestTicks=2214 phase=MINE
[15:05:28] [Render thread/INFO] (lodekeeper) [Lodekeeper] NAV backend=baritone mode=MINE event=CALC_STARTED elapsedMs=110862
[15:05:28] [Render thread/INFO] (lodekeeper) [Lodekeeper] NAV calcTool=minecraft:diamond_pickaxe slot=1
[15:05:28] [Render thread/INFO] (lodekeeper) [Lodekeeper] NAV backend=baritone mode=MINE event=CALC_FINISHED_NOW_EXECUTING elapsedMs=110863
[15:05:28] [Render thread/INFO] (lodekeeper) [Lodekeeper] TARGET target=24,-59,1 block=minecraft:deepslate_diamond_ore
[15:05:28] [Render thread/INFO] (lodekeeper) [Lodekeeper] BREAK target=Mutable{x=24, y=-59, z=1} block=Block{minecraft:deepslate_diamond_ore} tool=minecraft:diamond_pickaxe slot=1 remaining=1445 required=minecraft:diamond_pickaxe
[15:05:29] [Render thread/INFO] (lodekeeper) [Lodekeeper] TARGET target=none
[15:05:29] [Render thread/INFO] (lodekeeper) [Lodekeeper] PROGRESS elapsed_ms=476272 phase=traveling backend=baritone target=none navigation_elapsed_ms=112161 navigation_ticks=2240 searching=false path_index=0 path_length=2 retries=0 pending_route_events=0 dropped_route_events=0 status=mining_and_collecting_minecraft:diamond___14/32
[15:05:29] [Render thread/INFO] (lodekeeper) [Lodekeeper] BREAK target=Mutable{x=23, y=-58, z=1} block=Block{minecraft:deepslate} tool=minecraft:diamond_pickaxe slot=1 remaining=1444 required=route
[15:05:29] [Render thread/INFO] (lodekeeper) [Lodekeeper] NAV discovered=1 retained=64 rejected=0 requestTicks=2248 phase=MINE
[15:05:29] [Render thread/INFO] (lodekeeper) [Lodekeeper] TARGET target=23,-58,-8 block=minecraft:deepslate_diamond_ore
[15:05:29] [Render thread/INFO] (lodekeeper) [Lodekeeper] NAV backend=baritone mode=MINE event=CALC_STARTED elapsedMs=112573
[15:05:30] [Render thread/INFO] (lodekeeper) [Lodekeeper] NAV calcTool=minecraft:diamond_pickaxe slot=1
[15:05:30] [Render thread/INFO] (lodekeeper) [Lodekeeper] NAV backend=baritone mode=MINE event=CALC_FINISHED_NOW_EXECUTING elapsedMs=112592
[15:05:30] [Render thread/INFO] (lodekeeper) [Lodekeeper] BREAK target=Mutable{x=23, y=-59, z=0} block=Block{minecraft:deepslate} tool=minecraft:diamond_pickaxe slot=1 remaining=1444 required=route
[15:05:30] [Render thread/INFO] (lodekeeper) [Lodekeeper] BREAK target=Mutable{x=23, y=-60, z=0} block=Block{minecraft:deepslate} tool=minecraft:diamond_pickaxe slot=1 remaining=1443 required=route
[15:05:31] [Render thread/INFO] (lodekeeper) [Lodekeeper] PROGRESS elapsed_ms=478327 phase=traveling backend=baritone target=23,-58,-8 block=minecraft:deepslate_diamond_ore navigation_elapsed_ms=114179 navigation_ticks=2280 searching=false path_index=0 path_length=10 retries=0 pending_route_events=0 dropped_route_events=0 status=mining_and_collecting_minecraft:diamond___15/32
[15:05:31] [Render thread/INFO] (lodekeeper) [Lodekeeper] BREAK target=Mutable{x=23, y=-59, z=-1} block=Block{minecraft:deepslate} tool=minecraft:diamond_pickaxe slot=1 remaining=1442 required=route
[15:05:32] [Render thread/INFO] (lodekeeper) [Lodekeeper] BREAK target=Mutable{x=23, y=-60, z=-1} block=Block{minecraft:deepslate} tool=minecraft:diamond_pickaxe slot=1 remaining=1441 required=route
[15:05:33] [Render thread/INFO] (lodekeeper) [Lodekeeper] BREAK target=Mutable{x=23, y=-59, z=-2} block=Block{minecraft:deepslate} tool=minecraft:diamond_pickaxe slot=1 remaining=1440 required=route
[15:05:33] [Render thread/INFO] (lodekeeper) [Lodekeeper] PROGRESS elapsed_ms=480389 phase=traveling backend=baritone target=23,-58,-8 block=minecraft:deepslate_diamond_ore navigation_elapsed_ms=116379 navigation_ticks=2324 searching=false path_index=0 path_length=8 retries=0 pending_route_events=0 dropped_route_events=0 status=mining_and_collecting_minecraft:diamond___15/32
[15:05:34] [Render thread/INFO] (lodekeeper) [Lodekeeper] BREAK target=Mutable{x=23, y=-60, z=-2} block=Block{minecraft:deepslate} tool=minecraft:diamond_pickaxe slot=1 remaining=1439 required=route
[15:05:35] [Render thread/INFO] (lodekeeper) [Lodekeeper] BREAK target=Mutable{x=23, y=-59, z=-3} block=Block{minecraft:deepslate} tool=minecraft:diamond_pickaxe slot=1 remaining=1438 required=route
[15:05:35] [Render thread/INFO] (lodekeeper) [Lodekeeper] PROGRESS elapsed_ms=482420 phase=traveling backend=baritone target=23,-58,-8 block=minecraft:deepslate_diamond_ore navigation_elapsed_ms=118375 navigation_ticks=2364 searching=false path_index=0 path_length=7 retries=0 pending_route_events=0 dropped_route_events=0 status=mining_and_collecting_minecraft:diamond___15/32
[15:05:36] [Render thread/INFO] (lodekeeper) [Lodekeeper] BREAK target=Mutable{x=23, y=-60, z=-3} block=Block{minecraft:deepslate} tool=minecraft:diamond_pickaxe slot=1 remaining=1437 required=route
[15:05:37] [Render thread/INFO] (lodekeeper) [Lodekeeper] BREAK target=Mutable{x=23, y=-59, z=-4} block=Block{minecraft:deepslate} tool=minecraft:diamond_pickaxe slot=1 remaining=1436 required=route
[15:05:37] [Render thread/INFO] (lodekeeper) [Lodekeeper] PROGRESS elapsed_ms=484432 phase=traveling backend=baritone target=23,-58,-8 block=minecraft:deepslate_diamond_ore navigation_elapsed_ms=120355 navigation_ticks=2404 searching=false path_index=0 path_length=6 retries=0 pending_route_events=0 dropped_route_events=0 status=mining_and_collecting_minecraft:diamond___15/32
[15:05:38] [Render thread/INFO] (lodekeeper) [Lodekeeper] BREAK target=Mutable{x=23, y=-60, z=-4} block=Block{minecraft:deepslate} tool=minecraft:diamond_pickaxe slot=1 remaining=1435 required=route
[15:05:39] [Render thread/INFO] (lodekeeper) [Lodekeeper] BREAK target=Mutable{x=23, y=-59, z=-5} block=Block{minecraft:deepslate} tool=minecraft:diamond_pickaxe slot=1 remaining=1434 required=route
[15:05:39] [Render thread/INFO] (lodekeeper) [Lodekeeper] PROGRESS elapsed_ms=486487 phase=traveling backend=baritone target=23,-58,-8 block=minecraft:deepslate_diamond_ore navigation_elapsed_ms=122374 navigation_ticks=2444 searching=false path_index=0 path_length=5 retries=0 pending_route_events=0 dropped_route_events=0 status=mining_and_collecting_minecraft:diamond___15/32
[15:05:39] [Render thread/INFO] (lodekeeper) [Lodekeeper] BREAK target=Mutable{x=23, y=-60, z=-5} block=Block{minecraft:deepslate} tool=minecraft:diamond_pickaxe slot=1 remaining=1433 required=route
[15:05:40] [Render thread/INFO] (lodekeeper) [Lodekeeper] BREAK target=Mutable{x=23, y=-59, z=-6} block=Block{minecraft:deepslate} tool=minecraft:diamond_pickaxe slot=1 remaining=1432 required=route
[15:05:41] [Render thread/INFO] (lodekeeper) [Lodekeeper] BREAK target=Mutable{x=23, y=-60, z=-6} block=Block{minecraft:deepslate} tool=minecraft:diamond_pickaxe slot=1 remaining=1431 required=route
[15:05:41] [Render thread/INFO] (lodekeeper) [Lodekeeper] PROGRESS elapsed_ms=488508 phase=traveling backend=baritone target=23,-58,-8 block=minecraft:deepslate_diamond_ore navigation_elapsed_ms=124363 navigation_ticks=2484 searching=false path_index=0 path_length=4 retries=0 pending_route_events=0 dropped_route_events=0 status=mining_and_collecting_minecraft:diamond___15/32
[15:05:42] [Render thread/INFO] (lodekeeper) [Lodekeeper] BREAK target=Mutable{x=23, y=-59, z=-7} block=Block{minecraft:deepslate} tool=minecraft:diamond_pickaxe slot=1 remaining=1430 required=route
[15:05:43] [Render thread/INFO] (lodekeeper) [Lodekeeper] BREAK target=Mutable{x=23, y=-58, z=-6} block=Block{minecraft:deepslate} tool=minecraft:diamond_pickaxe slot=1 remaining=1429 required=route
[15:05:43] [Render thread/INFO] (lodekeeper) [Lodekeeper] PROGRESS elapsed_ms=490528 phase=traveling backend=baritone target=23,-58,-8 block=minecraft:deepslate_diamond_ore navigation_elapsed_ms=126380 navigation_ticks=2524 searching=false path_index=0 path_length=3 retries=0 pending_route_events=0 dropped_route_events=0 status=mining_and_collecting_minecraft:diamond___15/32
[15:05:44] [Render thread/INFO] (lodekeeper) [Lodekeeper] BREAK target=Mutable{x=23, y=-58, z=-7} block=Block{minecraft:deepslate} tool=minecraft:diamond_pickaxe slot=1 remaining=1428 required=route
[15:05:45] [Render thread/INFO] (lodekeeper) [Lodekeeper] BREAK target=Mutable{x=23, y=-58, z=-8} block=Block{minecraft:deepslate_diamond_ore} tool=minecraft:diamond_pickaxe slot=1 remaining=1427 required=minecraft:diamond_pickaxe
[15:05:45] [Render thread/INFO] (lodekeeper) [Lodekeeper] PROGRESS elapsed_ms=492540 phase=traveling backend=baritone target=23,-58,-8 block=minecraft:deepslate_diamond_ore navigation_elapsed_ms=128360 navigation_ticks=2564 searching=false path_index=0 path_length=2 retries=0 pending_route_events=0 dropped_route_events=0 status=mining_and_collecting_minecraft:diamond___15/32
[15:05:46] [Render thread/INFO] (lodekeeper) [Lodekeeper] TARGET target=23,-57,-8 block=minecraft:deepslate_diamond_ore
[15:05:46] [Render thread/INFO] (lodekeeper) [Lodekeeper] NAV discovered=1 retained=64 rejected=0 requestTicks=2577 phase=MINE
[15:05:46] [Render thread/INFO] (lodekeeper) [Lodekeeper] BREAK target=Mutable{x=23, y=-57, z=-7} block=Block{minecraft:deepslate} tool=minecraft:diamond_pickaxe slot=1 remaining=1426 required=route
[15:05:47] [Render thread/INFO] (lodekeeper) [Lodekeeper] BREAK target=Mutable{x=23, y=-57, z=-8} block=Block{minecraft:deepslate_diamond_ore} tool=minecraft:diamond_pickaxe slot=1 remaining=1425 required=minecraft:diamond_pickaxe
[15:05:47] [Render thread/INFO] (lodekeeper) [Lodekeeper] PROGRESS elapsed_ms=494558 phase=traveling backend=baritone target=23,-57,-8 block=minecraft:deepslate_diamond_ore navigation_elapsed_ms=130548 navigation_ticks=2608 searching=false path_index=0 path_length=2 retries=0 pending_route_events=0 dropped_route_events=0 status=mining_and_collecting_minecraft:diamond___16/32
[15:05:48] [Render thread/INFO] (lodekeeper) [Lodekeeper] NAV discovered=1 retained=64 rejected=0 requestTicks=2618 phase=MINE
[15:05:48] [Render thread/INFO] (lodekeeper) [Lodekeeper] NAV backend=baritone mode=MINE event=CALC_STARTED elapsedMs=131061
[15:05:48] [Render thread/INFO] (lodekeeper) [Lodekeeper] NAV calcTool=minecraft:diamond_pickaxe slot=1
[15:05:48] [Render thread/INFO] (lodekeeper) [Lodekeeper] NAV backend=baritone mode=MINE event=CALC_FINISHED_NOW_EXECUTING elapsedMs=131062
[15:05:48] [Render thread/INFO] (lodekeeper) [Lodekeeper] TARGET target=24,-58,-8 block=minecraft:deepslate_diamond_ore
[15:05:48] [Render thread/INFO] (lodekeeper) [Lodekeeper] BREAK target=Mutable{x=24, y=-57, z=-8} block=Block{minecraft:deepslate_diamond_ore} tool=minecraft:diamond_pickaxe slot=1 remaining=1424 required=minecraft:diamond_pickaxe
[15:05:49] [Render thread/INFO] (lodekeeper) [Lodekeeper] NAV discovered=1 retained=64 rejected=0 requestTicks=2643 phase=MINE
[15:05:49] [Render thread/INFO] (lodekeeper) [Lodekeeper] BREAK target=Mutable{x=24, y=-58, z=-8} block=Block{minecraft:deepslate_diamond_ore} tool=minecraft:diamond_pickaxe slot=1 remaining=1423 required=minecraft:diamond_pickaxe
[15:05:49] [Render thread/INFO] (lodekeeper) [Lodekeeper] PROGRESS elapsed_ms=496580 phase=traveling backend=baritone target=24,-58,-8 block=minecraft:deepslate_diamond_ore navigation_elapsed_ms=132570 navigation_ticks=2648 searching=false path_index=0 path_length=2 retries=0 pending_route_events=0 dropped_route_events=0 status=mining_and_collecting_minecraft:diamond___17/32
[15:05:50] [Render thread/INFO] (lodekeeper) [Lodekeeper] NAV backend=baritone mode=MINE event=AT_GOAL elapsedMs=133524
[15:05:50] [Render thread/INFO] (lodekeeper) [Lodekeeper] TARGET target=none
[15:05:51] [Render thread/INFO] (lodekeeper) [Lodekeeper] NAV backend=baritone mode=MINE event=CALC_STARTED elapsedMs=133865
[15:05:51] [Render thread/INFO] (lodekeeper) [Lodekeeper] NAV calcTool=minecraft:diamond_pickaxe slot=1
[15:05:51] [Render thread/INFO] (lodekeeper) [Lodekeeper] NAV discovered=1 retained=64 rejected=0 requestTicks=2675 phase=MINE
[15:05:51] [Render thread/INFO] (lodekeeper) [Lodekeeper] NAV backend=baritone mode=MINE event=CALC_FINISHED_NOW_EXECUTING elapsedMs=133899
[15:05:51] [Render thread/INFO] (lodekeeper) [Lodekeeper] TARGET target=15,-59,-4 block=minecraft:deepslate_diamond_ore
[15:05:51] [Render thread/INFO] (lodekeeper) [Lodekeeper] PROGRESS elapsed_ms=498591 phase=traveling backend=baritone target=15,-59,-4 block=minecraft:deepslate_diamond_ore navigation_elapsed_ms=134581 navigation_ticks=2688 searching=false path_index=0 path_length=12 retries=0 pending_route_events=0 dropped_route_events=0 status=mining_and_collecting_minecraft:diamond___19/32
[15:05:52] [Render thread/INFO] (lodekeeper) [Lodekeeper] BREAK target=Mutable{x=22, y=-59, z=-4} block=Block{minecraft:deepslate} tool=minecraft:diamond_pickaxe slot=1 remaining=1422 required=route
[15:05:53] [Render thread/INFO] (lodekeeper) [Lodekeeper] BREAK target=Mutable{x=23, y=-58, z=-4} block=Block{minecraft:deepslate} tool=minecraft:diamond_pickaxe slot=1 remaining=1421 required=route
[15:05:54] [Render thread/INFO] (lodekeeper) [Lodekeeper] PROGRESS elapsed_ms=500638 phase=traveling backend=baritone target=15,-59,-4 block=minecraft:deepslate_diamond_ore navigation_elapsed_ms=136559 navigation_ticks=2728 searching=false path_index=0 path_length=9 retries=0 pending_route_events=0 dropped_route_events=0 status=mining_and_collecting_minecraft:diamond___19/32
[15:05:54] [Render thread/INFO] (lodekeeper) [Lodekeeper] BREAK target=Mutable{x=22, y=-58, z=-4} block=Block{minecraft:deepslate} tool=minecraft:diamond_pickaxe slot=1 remaining=1420 required=route
[15:05:55] [Render thread/INFO] (lodekeeper) [Lodekeeper] BREAK target=Mutable{x=21, y=-58, z=-4} block=Block{minecraft:deepslate} tool=minecraft:diamond_pickaxe slot=1 remaining=1419 required=route
[15:05:56] [Render thread/INFO] (lodekeeper) [Lodekeeper] PROGRESS elapsed_ms=502660 phase=traveling backend=baritone target=15,-59,-4 block=minecraft:deepslate_diamond_ore navigation_elapsed_ms=138548 navigation_ticks=2768 searching=false path_index=0 path_length=8 retries=0 pending_route_events=0 dropped_route_events=0 status=mining_and_collecting_minecraft:diamond___19/32
[15:05:56] [Render thread/INFO] (lodekeeper) [Lodekeeper] BREAK target=Mutable{x=21, y=-59, z=-4} block=Block{minecraft:deepslate} tool=minecraft:diamond_pickaxe slot=1 remaining=1418 required=route
[15:05:57] [Render thread/INFO] (lodekeeper) [Lodekeeper] BREAK target=Mutable{x=20, y=-58, z=-4} block=Block{minecraft:deepslate} tool=minecraft:diamond_pickaxe slot=1 remaining=1417 required=route
[15:05:58] [Render thread/INFO] (lodekeeper) [Lodekeeper] PROGRESS elapsed_ms=504663 phase=traveling backend=baritone target=15,-59,-4 block=minecraft:deepslate_diamond_ore navigation_elapsed_ms=140553 navigation_ticks=2808 searching=false path_index=0 path_length=7 retries=0 pending_route_events=0 dropped_route_events=0 status=mining_and_collecting_minecraft:diamond___19/32
[15:05:58] [Render thread/INFO] (lodekeeper) [Lodekeeper] BREAK target=Mutable{x=20, y=-59, z=-4} block=Block{minecraft:deepslate} tool=minecraft:diamond_pickaxe slot=1 remaining=1416 required=route
[15:05:59] [Render thread/INFO] (lodekeeper) [Lodekeeper] BREAK target=Mutable{x=19, y=-58, z=-4} block=Block{minecraft:deepslate} tool=minecraft:diamond_pickaxe slot=1 remaining=1415 required=route
[15:06:00] [Render thread/INFO] (lodekeeper) [Lodekeeper] PROGRESS elapsed_ms=506682 phase=traveling backend=baritone target=15,-59,-4 block=minecraft:deepslate_diamond_ore navigation_elapsed_ms=142570 navigation_ticks=2848 searching=false path_index=0 path_length=6 retries=0 pending_route_events=0 dropped_route_events=0 status=mining_and_collecting_minecraft:diamond___19/32
[15:06:00] [Render thread/INFO] (lodekeeper) [Lodekeeper] BREAK target=Mutable{x=19, y=-59, z=-4} block=Block{minecraft:deepslate} tool=minecraft:diamond_pickaxe slot=1 remaining=1414 required=route
[15:06:01] [Render thread/INFO] (lodekeeper) [Lodekeeper] BREAK target=Mutable{x=18, y=-58, z=-4} block=Block{minecraft:deepslate} tool=minecraft:diamond_pickaxe slot=1 remaining=1413 required=route
[15:06:01] [Render thread/INFO] (lodekeeper) [Lodekeeper] BREAK target=Mutable{x=18, y=-59, z=-4} block=Block{minecraft:deepslate} tool=minecraft:diamond_pickaxe slot=1 remaining=1412 required=route
[15:06:02] [Render thread/INFO] (lodekeeper) [Lodekeeper] PROGRESS elapsed_ms=508710 phase=traveling backend=baritone target=15,-59,-4 block=minecraft:deepslate_diamond_ore navigation_elapsed_ms=144564 navigation_ticks=2888 searching=false path_index=0 path_length=5 retries=0 pending_route_events=0 dropped_route_events=0 status=mining_and_collecting_minecraft:diamond___19/32
[15:06:02] [Render thread/INFO] (lodekeeper) [Lodekeeper] BREAK target=Mutable{x=17, y=-58, z=-4} block=Block{minecraft:deepslate} tool=minecraft:diamond_pickaxe slot=1 remaining=1411 required=route
[15:06:03] [Render thread/INFO] (lodekeeper) [Lodekeeper] BREAK target=Mutable{x=17, y=-59, z=-4} block=Block{minecraft:deepslate} tool=minecraft:diamond_pickaxe slot=1 remaining=1410 required=route
[15:06:04] [Render thread/INFO] (lodekeeper) [Lodekeeper] PROGRESS elapsed_ms=510732 phase=traveling backend=baritone target=15,-59,-4 block=minecraft:deepslate_diamond_ore navigation_elapsed_ms=146551 navigation_ticks=2928 searching=false path_index=0 path_length=4 retries=0 pending_route_events=0 dropped_route_events=0 status=mining_and_collecting_minecraft:diamond___19/32
[15:06:04] [Render thread/INFO] (lodekeeper) [Lodekeeper] BREAK target=Mutable{x=16, y=-58, z=-4} block=Block{minecraft:deepslate} tool=minecraft:diamond_pickaxe slot=1 remaining=1409 required=route
[15:06:05] [Render thread/INFO] (lodekeeper) [Lodekeeper] BREAK target=Mutable{x=16, y=-59, z=-4} block=Block{minecraft:deepslate} tool=minecraft:diamond_pickaxe slot=1 remaining=1408 required=route
[15:06:06] [Render thread/INFO] (lodekeeper) [Lodekeeper] PROGRESS elapsed_ms=512782 phase=traveling backend=baritone target=15,-59,-4 block=minecraft:deepslate_diamond_ore navigation_elapsed_ms=148772 navigation_ticks=2972 searching=false path_index=0 path_length=3 retries=0 pending_route_events=0 dropped_route_events=0 status=mining_and_collecting_minecraft:diamond___19/32
[15:06:06] [Render thread/INFO] (lodekeeper) [Lodekeeper] BREAK target=Mutable{x=15, y=-58, z=-4} block=Block{minecraft:deepslate} tool=minecraft:diamond_pickaxe slot=1 remaining=1407 required=route
[15:06:07] [Render thread/INFO] (lodekeeper) [Lodekeeper] BREAK target=Mutable{x=15, y=-59, z=-4} block=Block{minecraft:deepslate_diamond_ore} tool=minecraft:diamond_pickaxe slot=1 remaining=1406 required=minecraft:diamond_pickaxe
[15:06:08] [Render thread/INFO] (lodekeeper) [Lodekeeper] PROGRESS elapsed_ms=514838 phase=traveling backend=baritone target=15,-59,-4 block=minecraft:deepslate_diamond_ore navigation_elapsed_ms=150759 navigation_ticks=3012 searching=false path_index=0 path_length=2 retries=0 pending_route_events=0 dropped_route_events=0 status=mining_and_collecting_minecraft:diamond___19/32
[15:06:08] [Render thread/INFO] (lodekeeper) [Lodekeeper] NAV discovered=1 retained=64 rejected=0 requestTicks=3014 phase=MINE
[15:06:08] [Render thread/INFO] (lodekeeper) [Lodekeeper] NAV backend=baritone mode=MINE event=CALC_STARTED elapsedMs=150863
[15:06:08] [Render thread/INFO] (lodekeeper) [Lodekeeper] NAV calcTool=minecraft:diamond_pickaxe slot=1
[15:06:08] [Render thread/INFO] (lodekeeper) [Lodekeeper] NAV backend=baritone mode=MINE event=CALC_FINISHED_NOW_EXECUTING elapsedMs=150863
[15:06:08] [Render thread/INFO] (lodekeeper) [Lodekeeper] TARGET target=14,-59,-4 block=minecraft:deepslate_diamond_ore
[15:06:08] [Render thread/INFO] (lodekeeper) [Lodekeeper] BREAK target=Mutable{x=14, y=-58, z=-4} block=Block{minecraft:deepslate} tool=minecraft:diamond_pickaxe slot=1 remaining=1405 required=route
[15:06:09] [Render thread/INFO] (lodekeeper) [Lodekeeper] BREAK target=Mutable{x=14, y=-59, z=-4} block=Block{minecraft:deepslate_diamond_ore} tool=minecraft:diamond_pickaxe slot=1 remaining=1404 required=minecraft:diamond_pickaxe
[15:06:10] [Render thread/INFO] (lodekeeper) [Lodekeeper] PROGRESS elapsed_ms=516862 phase=traveling backend=baritone target=14,-59,-4 block=minecraft:deepslate_diamond_ore navigation_elapsed_ms=152751 navigation_ticks=3052 searching=false path_index=0 path_length=2 retries=0 pending_route_events=0 dropped_route_events=0 status=mining_and_collecting_minecraft:diamond___20/32
[15:06:10] [Render thread/INFO] (lodekeeper) [Lodekeeper] NAV discovered=1 retained=64 rejected=0 requestTicks=3055 phase=MINE
[15:06:10] [Render thread/INFO] (lodekeeper) [Lodekeeper] NAV backend=baritone mode=MINE event=CALC_STARTED elapsedMs=152923
[15:06:10] [Render thread/INFO] (lodekeeper) [Lodekeeper] NAV calcTool=minecraft:diamond_pickaxe slot=1
[15:06:10] [Render thread/INFO] (lodekeeper) [Lodekeeper] NAV backend=baritone mode=MINE event=CALC_FINISHED_NOW_EXECUTING elapsedMs=152923
[15:06:10] [Render thread/INFO] (lodekeeper) [Lodekeeper] TARGET target=14,-59,-5 block=minecraft:deepslate_diamond_ore
[15:06:10] [Render thread/INFO] (lodekeeper) [Lodekeeper] BREAK target=Mutable{x=14, y=-58, z=-5} block=Block{minecraft:deepslate} tool=minecraft:diamond_pickaxe slot=1 remaining=1403 required=route
[15:06:11] [Render thread/INFO] (lodekeeper) [Lodekeeper] BREAK target=Mutable{x=14, y=-59, z=-5} block=Block{minecraft:deepslate_diamond_ore} tool=minecraft:diamond_pickaxe slot=1 remaining=1402 required=minecraft:diamond_pickaxe
[15:06:12] [Render thread/INFO] (lodekeeper) [Lodekeeper] PROGRESS elapsed_ms=518885 phase=traveling backend=baritone target=14,-59,-5 block=minecraft:deepslate_diamond_ore navigation_elapsed_ms=154773 navigation_ticks=3092 searching=false path_index=0 path_length=2 retries=0 pending_route_events=0 dropped_route_events=0 status=mining_and_collecting_minecraft:diamond___21/32
[15:06:12] [Render thread/INFO] (lodekeeper) [Lodekeeper] NAV discovered=1 retained=64 rejected=0 requestTicks=3096 phase=MINE
[15:06:12] [Render thread/INFO] (lodekeeper) [Lodekeeper] TARGET target=15,-59,-5 block=minecraft:deepslate_diamond_ore
[15:06:12] [Render thread/INFO] (lodekeeper) [Lodekeeper] NAV backend=baritone mode=MINE event=CALC_STARTED elapsedMs=154979
[15:06:12] [Render thread/INFO] (lodekeeper) [Lodekeeper] NAV calcTool=minecraft:diamond_pickaxe slot=1
[15:06:12] [Render thread/INFO] (lodekeeper) [Lodekeeper] NAV backend=baritone mode=MINE event=CALC_FINISHED_NOW_EXECUTING elapsedMs=154980
[15:06:12] [Render thread/INFO] (lodekeeper) [Lodekeeper] BREAK target=Mutable{x=15, y=-58, z=-5} block=Block{minecraft:deepslate_diamond_ore} tool=minecraft:diamond_pickaxe slot=1 remaining=1401 required=minecraft:diamond_pickaxe
[15:06:13] [Render thread/INFO] (lodekeeper) [Lodekeeper] NAV discovered=1 retained=64 rejected=0 requestTicks=3119 phase=MINE
[15:06:13] [Render thread/INFO] (lodekeeper) [Lodekeeper] BREAK target=Mutable{x=15, y=-59, z=-5} block=Block{minecraft:deepslate_diamond_ore} tool=minecraft:diamond_pickaxe slot=1 remaining=1400 required=minecraft:diamond_pickaxe
[15:06:14] [Render thread/INFO] (lodekeeper) [Lodekeeper] PROGRESS elapsed_ms=520935 phase=traveling backend=baritone target=15,-59,-5 block=minecraft:deepslate_diamond_ore navigation_elapsed_ms=156756 navigation_ticks=3132 searching=false path_index=0 path_length=2 retries=0 pending_route_events=0 dropped_route_events=0 status=mining_and_collecting_minecraft:diamond___23/32
[15:06:14] [Render thread/INFO] (lodekeeper) [Lodekeeper] NAV backend=baritone mode=MINE event=AT_GOAL elapsedMs=157301
[15:06:14] [Render thread/INFO] (lodekeeper) [Lodekeeper] TARGET target=none
[15:06:15] [Render thread/INFO] (lodekeeper) [Lodekeeper] NAV backend=baritone mode=MINE event=CALC_STARTED elapsedMs=157678
[15:06:15] [Render thread/INFO] (lodekeeper) [Lodekeeper] NAV calcTool=minecraft:diamond_pickaxe slot=1
[15:06:15] [Render thread/INFO] (lodekeeper) [Lodekeeper] NAV discovered=1 retained=64 rejected=0 requestTicks=3151 phase=MINE
[15:06:15] [Render thread/INFO] (lodekeeper) [Lodekeeper] ROUTE_SEARCH kind=unknown anchor=unknown feet_y16=0 candidates=0 target=none elapsed_ms=521756
[15:06:15] [Render thread/INFO] (lodekeeper) [Lodekeeper] NAV backend=baritone mode=MINE event=CALC_FINISHED_NOW_EXECUTING elapsedMs=157816
[15:06:15] [Render thread/INFO] (lodekeeper) [Lodekeeper] BREAK target=Mutable{x=15, y=-58, z=-6} block=Block{minecraft:deepslate} tool=minecraft:diamond_pickaxe slot=1 remaining=1399 required=route
[15:06:15] [Render thread/INFO] (lodekeeper) [Lodekeeper] TARGET target=17,-55,-15 block=minecraft:deepslate_diamond_ore
[15:06:15] [Render thread/INFO] (lodekeeper) [Lodekeeper] ROUTE_TRAVEL path_index=0 path_length=13 target=17,-55,-15 block=minecraft:deepslate_diamond_ore elapsed_ms=521962
[15:06:16] [Render thread/INFO] (lodekeeper) [Lodekeeper] BREAK target=Mutable{x=15, y=-59, z=-6} block=Block{minecraft:deepslate} tool=minecraft:diamond_pickaxe slot=1 remaining=1398 required=route
[15:06:16] [Render thread/INFO] (lodekeeper) [Lodekeeper] PROGRESS elapsed_ms=522984 phase=traveling backend=baritone target=17,-55,-15 block=minecraft:deepslate_diamond_ore navigation_elapsed_ms=158974 navigation_ticks=3176 searching=false path_index=0 path_length=13 retries=0 pending_route_events=0 dropped_route_events=0 status=mining_and_collecting_minecraft:diamond___24/32
[15:06:17] [Render thread/INFO] (lodekeeper) [Lodekeeper] BREAK target=Mutable{x=15, y=-58, z=-7} block=Block{minecraft:deepslate} tool=minecraft:diamond_pickaxe slot=1 remaining=1397 required=route
[15:06:17] [Render thread/INFO] (lodekeeper) [Lodekeeper] BREAK target=Mutable{x=15, y=-59, z=-7} block=Block{minecraft:deepslate} tool=minecraft:diamond_pickaxe slot=1 remaining=1396 required=route
[15:06:18] [Render thread/INFO] (lodekeeper) [Lodekeeper] PROGRESS elapsed_ms=525036 phase=traveling backend=baritone target=17,-55,-15 block=minecraft:deepslate_diamond_ore navigation_elapsed_ms=160958 navigation_ticks=3216 searching=false path_index=0 path_length=12 retries=0 pending_route_events=0 dropped_route_events=0 status=mining_and_collecting_minecraft:diamond___24/32
[15:06:18] [Render thread/INFO] (lodekeeper) [Lodekeeper] BREAK target=Mutable{x=15, y=-58, z=-8} block=Block{minecraft:deepslate} tool=minecraft:diamond_pickaxe slot=1 remaining=1395 required=route
[15:06:19] [Render thread/INFO] (lodekeeper) [Lodekeeper] BREAK target=Mutable{x=15, y=-59, z=-8} block=Block{minecraft:deepslate} tool=minecraft:diamond_pickaxe slot=1 remaining=1394 required=route
[15:06:20] [Render thread/INFO] (lodekeeper) [Lodekeeper] PROGRESS elapsed_ms=527089 phase=traveling backend=baritone target=17,-55,-15 block=minecraft:deepslate_diamond_ore navigation_elapsed_ms=162976 navigation_ticks=3256 searching=false path_index=0 path_length=11 retries=0 pending_route_events=0 dropped_route_events=0 status=mining_and_collecting_minecraft:diamond___24/32
[15:06:20] [Render thread/INFO] (lodekeeper) [Lodekeeper] BREAK target=Mutable{x=15, y=-58, z=-9} block=Block{minecraft:deepslate} tool=minecraft:diamond_pickaxe slot=1 remaining=1393 required=route
[15:06:21] [Render thread/INFO] (lodekeeper) [Lodekeeper] BREAK target=Mutable{x=15, y=-59, z=-9} block=Block{minecraft:deepslate} tool=minecraft:diamond_pickaxe slot=1 remaining=1392 required=route
[15:06:22] [Render thread/INFO] (lodekeeper) [Lodekeeper] BREAK target=Mutable{x=15, y=-58, z=-10} block=Block{minecraft:deepslate} tool=minecraft:diamond_pickaxe slot=1 remaining=1391 required=route
[15:06:22] [Render thread/INFO] (lodekeeper) [Lodekeeper] PROGRESS elapsed_ms=529111 phase=traveling backend=baritone target=17,-55,-15 block=minecraft:deepslate_diamond_ore navigation_elapsed_ms=164965 navigation_ticks=3296 searching=false path_index=0 path_length=9 retries=0 pending_route_events=0 dropped_route_events=0 status=mining_and_collecting_minecraft:diamond___24/32
[15:06:23] [Render thread/INFO] (lodekeeper) [Lodekeeper] BREAK target=Mutable{x=15, y=-59, z=-10} block=Block{minecraft:deepslate} tool=minecraft:diamond_pickaxe slot=1 remaining=1390 required=route
[15:06:24] [Render thread/INFO] (lodekeeper) [Lodekeeper] BREAK target=Mutable{x=15, y=-58, z=-11} block=Block{minecraft:deepslate} tool=minecraft:diamond_pickaxe slot=1 remaining=1389 required=route
[15:06:24] [Render thread/INFO] (lodekeeper) [Lodekeeper] PROGRESS elapsed_ms=531131 phase=traveling backend=baritone target=17,-55,-15 block=minecraft:deepslate_diamond_ore navigation_elapsed_ms=166950 navigation_ticks=3336 searching=false path_index=0 path_length=8 retries=0 pending_route_events=0 dropped_route_events=0 status=mining_and_collecting_minecraft:diamond___24/32
[15:06:25] [Render thread/INFO] (lodekeeper) [Lodekeeper] BREAK target=Mutable{x=15, y=-59, z=-11} block=Block{minecraft:deepslate} tool=minecraft:diamond_pickaxe slot=1 remaining=1388 required=route
[15:06:26] [Render thread/INFO] (lodekeeper) [Lodekeeper] BREAK target=Mutable{x=15, y=-58, z=-12} block=Block{minecraft:deepslate} tool=minecraft:diamond_pickaxe slot=1 remaining=1387 required=route
[15:06:26] [Render thread/INFO] (lodekeeper) [Lodekeeper] PROGRESS elapsed_ms=533158 phase=traveling backend=baritone target=17,-55,-15 block=minecraft:deepslate_diamond_ore navigation_elapsed_ms=169148 navigation_ticks=3380 searching=false path_index=0 path_length=7 retries=0 pending_route_events=0 dropped_route_events=0 status=mining_and_collecting_minecraft:diamond___24/32
[15:06:26] [Render thread/INFO] (lodekeeper) [Lodekeeper] BREAK target=Mutable{x=15, y=-59, z=-12} block=Block{minecraft:deepslate} tool=minecraft:diamond_pickaxe slot=1 remaining=1386 required=route
[15:06:27] [Render thread/INFO] (lodekeeper) [Lodekeeper] BREAK target=Mutable{x=15, y=-58, z=-13} block=Block{minecraft:deepslate} tool=minecraft:diamond_pickaxe slot=1 remaining=1385 required=route
[15:06:28] [Render thread/INFO] (lodekeeper) [Lodekeeper] PROGRESS elapsed_ms=535181 phase=traveling backend=baritone target=17,-55,-15 block=minecraft:deepslate_diamond_ore navigation_elapsed_ms=171172 navigation_ticks=3420 searching=false path_index=0 path_length=6 retries=0 pending_route_events=0 dropped_route_events=0 status=mining_and_collecting_minecraft:diamond___24/32
[15:06:28] [Render thread/INFO] (lodekeeper) [Lodekeeper] BREAK target=Mutable{x=15, y=-59, z=-13} block=Block{minecraft:deepslate} tool=minecraft:diamond_pickaxe slot=1 remaining=1384 required=route
[15:06:29] [Render thread/INFO] (lodekeeper) [Lodekeeper] BREAK target=Mutable{x=15, y=-58, z=-14} block=Block{minecraft:deepslate} tool=minecraft:diamond_pickaxe slot=1 remaining=1383 required=route
[15:06:30] [Render thread/INFO] (lodekeeper) [Lodekeeper] BREAK target=Mutable{x=15, y=-57, z=-13} block=Block{minecraft:deepslate} tool=minecraft:diamond_pickaxe slot=1 remaining=1382 required=route
[15:06:30] [Render thread/INFO] (lodekeeper) [Lodekeeper] PROGRESS elapsed_ms=537239 phase=traveling backend=baritone target=17,-55,-15 block=minecraft:deepslate_diamond_ore navigation_elapsed_ms=173162 navigation_ticks=3460 searching=false path_index=0 path_length=5 retries=0 pending_route_events=0 dropped_route_events=0 status=mining_and_collecting_minecraft:diamond___24/32
[15:06:31] [Render thread/INFO] (lodekeeper) [Lodekeeper] BREAK target=Mutable{x=15, y=-57, z=-14} block=Block{minecraft:deepslate} tool=minecraft:diamond_pickaxe slot=1 remaining=1381 required=route
[15:06:32] [Render thread/INFO] (lodekeeper) [Lodekeeper] BREAK target=Mutable{x=16, y=-57, z=-14} block=Block{minecraft:deepslate} tool=minecraft:diamond_pickaxe slot=1 remaining=1380 required=route
[15:06:32] [Render thread/INFO] (lodekeeper) [Lodekeeper] PROGRESS elapsed_ms=539286 phase=traveling backend=baritone target=17,-55,-15 block=minecraft:deepslate_diamond_ore navigation_elapsed_ms=175173 navigation_ticks=3500 searching=false path_index=0 path_length=4 retries=0 pending_route_events=0 dropped_route_events=0 status=mining_and_collecting_minecraft:diamond___24/32
[15:06:33] [Render thread/INFO] (lodekeeper) [Lodekeeper] BREAK target=Mutable{x=15, y=-56, z=-14} block=Block{minecraft:deepslate} tool=minecraft:diamond_pickaxe slot=1 remaining=1379 required=route
[15:06:34] [Render thread/INFO] (lodekeeper) [Lodekeeper] BREAK target=Mutable{x=16, y=-56, z=-14} block=Block{minecraft:deepslate} tool=minecraft:diamond_pickaxe slot=1 remaining=1378 required=route
[15:06:34] [Render thread/INFO] (lodekeeper) [Lodekeeper] PROGRESS elapsed_ms=541338 phase=traveling backend=baritone target=17,-55,-15 block=minecraft:deepslate_diamond_ore navigation_elapsed_ms=177158 navigation_ticks=3540 searching=false path_index=0 path_length=4 retries=0 pending_route_events=0 dropped_route_events=0 status=mining_and_collecting_minecraft:diamond___24/32
[15:06:35] [Render thread/INFO] (lodekeeper) [Lodekeeper] BREAK target=Mutable{x=16, y=-56, z=-15} block=Block{minecraft:deepslate} tool=minecraft:diamond_pickaxe slot=1 remaining=1377 required=route
[15:06:36] [Render thread/INFO] (lodekeeper) [Lodekeeper] BREAK target=Mutable{x=16, y=-55, z=-14} block=Block{minecraft:deepslate} tool=minecraft:diamond_pickaxe slot=1 remaining=1376 required=route
[15:06:36] [Render thread/INFO] (lodekeeper) [Lodekeeper] PROGRESS elapsed_ms=543388 phase=traveling backend=baritone target=17,-55,-15 block=minecraft:deepslate_diamond_ore navigation_elapsed_ms=179378 navigation_ticks=3584 searching=false path_index=0 path_length=3 retries=0 pending_route_events=0 dropped_route_events=0 status=mining_and_collecting_minecraft:diamond___24/32
[15:06:37] [Render thread/INFO] (lodekeeper) [Lodekeeper] BREAK target=Mutable{x=16, y=-55, z=-15} block=Block{minecraft:deepslate} tool=minecraft:diamond_pickaxe slot=1 remaining=1375 required=route
[15:06:38] [Render thread/INFO] (lodekeeper) [Lodekeeper] BREAK target=Mutable{x=17, y=-55, z=-15} block=Block{minecraft:deepslate_diamond_ore} tool=minecraft:diamond_pickaxe slot=1 remaining=1374 required=minecraft:diamond_pickaxe
[15:06:38] [Render thread/INFO] (lodekeeper) [Lodekeeper] PROGRESS elapsed_ms=545410 phase=traveling backend=baritone target=17,-55,-15 block=minecraft:deepslate_diamond_ore navigation_elapsed_ms=181366 navigation_ticks=3624 searching=false path_index=0 path_length=2 retries=0 pending_route_events=0 dropped_route_events=0 status=mining_and_collecting_minecraft:diamond___24/32
[15:06:39] [Render thread/INFO] (lodekeeper) [Lodekeeper] NAV discovered=1 retained=64 rejected=0 requestTicks=3630 phase=MINE
[15:06:39] [Render thread/INFO] (lodekeeper) [Lodekeeper] NAV backend=baritone mode=MINE event=CALC_STARTED elapsedMs=181674
[15:06:39] [Render thread/INFO] (lodekeeper) [Lodekeeper] NAV calcTool=minecraft:diamond_pickaxe slot=1
[15:06:39] [Render thread/INFO] (lodekeeper) [Lodekeeper] NAV backend=baritone mode=MINE event=CALC_FINISHED_NOW_EXECUTING elapsedMs=181674
[15:06:39] [Render thread/INFO] (lodekeeper) [Lodekeeper] TARGET target=18,-55,-16 block=minecraft:deepslate_diamond_ore
[15:06:39] [Render thread/INFO] (lodekeeper) [Lodekeeper] BREAK target=Mutable{x=16, y=-54, z=-15} block=Block{minecraft:deepslate} tool=minecraft:diamond_pickaxe slot=1 remaining=1373 required=route
[15:06:40] [Render thread/INFO] (lodekeeper) [Lodekeeper] BREAK target=Mutable{x=17, y=-54, z=-15} block=Block{minecraft:deepslate} tool=minecraft:diamond_pickaxe slot=1 remaining=1372 required=route
[15:06:40] [Render thread/INFO] (lodekeeper) [Lodekeeper] PROGRESS elapsed_ms=547432 phase=traveling backend=baritone target=18,-55,-16 block=minecraft:deepslate_diamond_ore navigation_elapsed_ms=183354 navigation_ticks=3664 searching=false path_index=0 path_length=4 retries=0 pending_route_events=0 dropped_route_events=0 status=mining_and_collecting_minecraft:diamond___25/32
[15:06:41] [Render thread/INFO] (lodekeeper) [Lodekeeper] BREAK target=Mutable{x=17, y=-54, z=-16} block=Block{minecraft:deepslate} tool=minecraft:diamond_pickaxe slot=1 remaining=1371 required=route
[15:06:42] [Render thread/INFO] (lodekeeper) [Lodekeeper] BREAK target=Mutable{x=17, y=-55, z=-16} block=Block{minecraft:deepslate} tool=minecraft:diamond_pickaxe slot=1 remaining=1370 required=route
[15:06:42] [Render thread/INFO] (lodekeeper) [Lodekeeper] PROGRESS elapsed_ms=549460 phase=traveling backend=baritone target=18,-55,-16 block=minecraft:deepslate_diamond_ore navigation_elapsed_ms=185347 navigation_ticks=3704 searching=false path_index=0 path_length=3 retries=0 pending_route_events=0 dropped_route_events=0 status=mining_and_collecting_minecraft:diamond___25/32
[15:06:42] [Render thread/INFO] (lodekeeper) [Lodekeeper] BREAK target=Mutable{x=18, y=-54, z=-16} block=Block{minecraft:deepslate} tool=minecraft:diamond_pickaxe slot=1 remaining=1369 required=route
[15:06:43] [Render thread/INFO] (lodekeeper) [Lodekeeper] BREAK target=Mutable{x=18, y=-55, z=-16} block=Block{minecraft:deepslate_diamond_ore} tool=minecraft:diamond_pickaxe slot=1 remaining=1368 required=minecraft:diamond_pickaxe
[15:06:44] [Render thread/INFO] (lodekeeper) [Lodekeeper] PROGRESS elapsed_ms=551483 phase=traveling backend=baritone target=18,-55,-16 block=minecraft:deepslate_diamond_ore navigation_elapsed_ms=187369 navigation_ticks=3744 searching=false path_index=0 path_length=2 retries=0 pending_route_events=0 dropped_route_events=0 status=mining_and_collecting_minecraft:diamond___25/32
[15:06:45] [Render thread/INFO] (lodekeeper) [Lodekeeper] TARGET target=none
[15:06:45] [Render thread/INFO] (lodekeeper) [Lodekeeper] NAV backend=baritone mode=MINE event=AT_GOAL elapsedMs=188056
[15:06:45] [Render thread/INFO] (lodekeeper) [Lodekeeper] NAV backend=baritone mode=MINE event=CALC_STARTED elapsedMs=188398
[15:06:45] [Render thread/INFO] (lodekeeper) [Lodekeeper] NAV calcTool=minecraft:diamond_pickaxe slot=1
[15:06:45] [Render thread/INFO] (lodekeeper) [Lodekeeper] NAV discovered=1 retained=64 rejected=0 requestTicks=3766 phase=MINE
[15:06:45] [Render thread/INFO] (lodekeeper) [Lodekeeper] NAV backend=baritone mode=MINE event=CALC_FINISHED_NOW_EXECUTING elapsedMs=188465
[15:06:45] [Render thread/INFO] (lodekeeper) [Lodekeeper] TARGET target=7,-56,-14 block=minecraft:deepslate_diamond_ore
[15:06:46] [Render thread/INFO] (lodekeeper) [Lodekeeper] PROGRESS elapsed_ms=553539 phase=traveling backend=baritone target=7,-56,-14 block=minecraft:deepslate_diamond_ore navigation_elapsed_ms=189359 navigation_ticks=3784 searching=false path_index=0 path_length=11 retries=0 pending_route_events=0 dropped_route_events=0 status=mining_and_collecting_minecraft:diamond___26/32
[15:06:47] [Render thread/INFO] (lodekeeper) [Lodekeeper] BREAK target=Mutable{x=14, y=-57, z=-14} block=Block{minecraft:deepslate} tool=minecraft:diamond_pickaxe slot=1 remaining=1367 required=route
[15:06:48] [Render thread/INFO] (lodekeeper) [Lodekeeper] BREAK target=Mutable{x=14, y=-56, z=-14} block=Block{minecraft:deepslate} tool=minecraft:diamond_pickaxe slot=1 remaining=1366 required=route
[15:06:48] [Render thread/INFO] (lodekeeper) [Lodekeeper] PROGRESS elapsed_ms=555588 phase=traveling backend=baritone target=7,-56,-14 block=minecraft:deepslate_diamond_ore navigation_elapsed_ms=191579 navigation_ticks=3828 searching=false path_index=0 path_length=9 retries=0 pending_route_events=0 dropped_route_events=0 status=mining_and_collecting_minecraft:diamond___26/32
[15:06:49] [Render thread/INFO] (lodekeeper) [Lodekeeper] BREAK target=Mutable{x=13, y=-56, z=-14} block=Block{minecraft:deepslate} tool=minecraft:diamond_pickaxe slot=1 remaining=1365 required=route
[15:06:50] [Render thread/INFO] (lodekeeper) [Lodekeeper] BREAK target=Mutable{x=13, y=-57, z=-14} block=Block{minecraft:deepslate} tool=minecraft:diamond_pickaxe slot=1 remaining=1364 required=route
[15:06:51] [Render thread/INFO] (lodekeeper) [Lodekeeper] PROGRESS elapsed_ms=557617 phase=traveling backend=baritone target=7,-56,-14 block=minecraft:deepslate_diamond_ore navigation_elapsed_ms=193572 navigation_ticks=3868 searching=false path_index=0 path_length=8 retries=0 pending_route_events=0 dropped_route_events=0 status=mining_and_collecting_minecraft:diamond___26/32
[15:06:51] [Render thread/INFO] (lodekeeper) [Lodekeeper] BREAK target=Mutable{x=12, y=-56, z=-14} block=Block{minecraft:deepslate} tool=minecraft:diamond_pickaxe slot=1 remaining=1363 required=route
[15:06:52] [Render thread/INFO] (lodekeeper) [Lodekeeper] BREAK target=Mutable{x=12, y=-57, z=-14} block=Block{minecraft:deepslate} tool=minecraft:diamond_pickaxe slot=1 remaining=1362 required=route
[15:06:53] [Render thread/INFO] (lodekeeper) [Lodekeeper] PROGRESS elapsed_ms=559676 phase=traveling backend=baritone target=7,-56,-14 block=minecraft:deepslate_diamond_ore navigation_elapsed_ms=195563 navigation_ticks=3908 searching=false path_index=0 path_length=7 retries=0 pending_route_events=0 dropped_route_events=0 status=mining_and_collecting_minecraft:diamond___26/32
[15:06:53] [Render thread/INFO] (lodekeeper) [Lodekeeper] BREAK target=Mutable{x=11, y=-56, z=-14} block=Block{minecraft:deepslate} tool=minecraft:diamond_pickaxe slot=1 remaining=1361 required=route
[15:06:54] [Render thread/INFO] (lodekeeper) [Lodekeeper] BREAK target=Mutable{x=11, y=-57, z=-14} block=Block{minecraft:deepslate} tool=minecraft:diamond_pickaxe slot=1 remaining=1360 required=route
[15:06:54] [Render thread/INFO] (lodekeeper) [Lodekeeper] BREAK target=Mutable{x=10, y=-56, z=-14} block=Block{minecraft:deepslate} tool=minecraft:diamond_pickaxe slot=1 remaining=1359 required=route
[15:06:55] [Render thread/INFO] (lodekeeper) [Lodekeeper] PROGRESS elapsed_ms=561684 phase=traveling backend=baritone target=7,-56,-14 block=minecraft:deepslate_diamond_ore navigation_elapsed_ms=197573 navigation_ticks=3948 searching=false path_index=0 path_length=5 retries=0 pending_route_events=0 dropped_route_events=0 status=mining_and_collecting_minecraft:diamond___26/32
[15:06:55] [Render thread/INFO] (lodekeeper) [Lodekeeper] BREAK target=Mutable{x=10, y=-57, z=-14} block=Block{minecraft:deepslate} tool=minecraft:diamond_pickaxe slot=1 remaining=1358 required=route
[15:06:56] [Render thread/INFO] (lodekeeper) [Lodekeeper] BREAK target=Mutable{x=9, y=-56, z=-14} block=Block{minecraft:deepslate} tool=minecraft:diamond_pickaxe slot=1 remaining=1357 required=route
[15:06:57] [Render thread/INFO] (lodekeeper) [Lodekeeper] PROGRESS elapsed_ms=563729 phase=traveling backend=baritone target=7,-56,-14 block=minecraft:deepslate_diamond_ore navigation_elapsed_ms=199548 navigation_ticks=3988 searching=false path_index=0 path_length=4 retries=0 pending_route_events=0 dropped_route_events=0 status=mining_and_collecting_minecraft:diamond___26/32
[15:06:57] [Render thread/INFO] (lodekeeper) [Lodekeeper] BREAK target=Mutable{x=9, y=-57, z=-14} block=Block{minecraft:deepslate} tool=minecraft:diamond_pickaxe slot=1 remaining=1356 required=route
[15:06:58] [Render thread/INFO] (lodekeeper) [Lodekeeper] BREAK target=Mutable{x=8, y=-56, z=-14} block=Block{minecraft:deepslate} tool=minecraft:diamond_pickaxe slot=1 remaining=1355 required=route
[15:06:59] [Render thread/INFO] (lodekeeper) [Lodekeeper] PROGRESS elapsed_ms=565786 phase=traveling backend=baritone target=7,-56,-14 block=minecraft:deepslate_diamond_ore navigation_elapsed_ms=201777 navigation_ticks=4032 searching=false path_index=0 path_length=3 retries=0 pending_route_events=0 dropped_route_events=0 status=mining_and_collecting_minecraft:diamond___26/32
[15:06:59] [Render thread/INFO] (lodekeeper) [Lodekeeper] BREAK target=Mutable{x=8, y=-57, z=-14} block=Block{minecraft:deepslate} tool=minecraft:diamond_pickaxe slot=1 remaining=1354 required=route
[15:07:00] [Render thread/INFO] (lodekeeper) [Lodekeeper] BREAK target=Mutable{x=7, y=-56, z=-14} block=Block{minecraft:deepslate_diamond_ore} tool=minecraft:diamond_pickaxe slot=1 remaining=1353 required=minecraft:diamond_pickaxe
[15:07:01] [Render thread/INFO] (lodekeeper) [Lodekeeper] PROGRESS elapsed_ms=567814 phase=traveling backend=baritone target=7,-56,-14 block=minecraft:deepslate_diamond_ore navigation_elapsed_ms=203770 navigation_ticks=4072 searching=false path_index=0 path_length=2 retries=0 pending_route_events=0 dropped_route_events=0 status=mining_and_collecting_minecraft:diamond___26/32
[15:07:01] [Render thread/INFO] (lodekeeper) [Lodekeeper] NAV discovered=1 retained=64 rejected=0 requestTicks=4075 phase=MINE
[15:07:01] [Render thread/INFO] (lodekeeper) [Lodekeeper] NAV backend=baritone mode=MINE event=CALC_STARTED elapsedMs=203908
[15:07:01] [Render thread/INFO] (lodekeeper) [Lodekeeper] NAV calcTool=minecraft:diamond_pickaxe slot=1
[15:07:01] [Render thread/INFO] (lodekeeper) [Lodekeeper] NAV backend=baritone mode=MINE event=CALC_FINISHED_NOW_EXECUTING elapsedMs=203908
[15:07:01] [Render thread/INFO] (lodekeeper) [Lodekeeper] TARGET target=8,-55,-13 block=minecraft:deepslate_diamond_ore
[15:07:01] [Render thread/INFO] (lodekeeper) [Lodekeeper] BREAK target=Mutable{x=8, y=-56, z=-13} block=Block{minecraft:deepslate} tool=minecraft:diamond_pickaxe slot=1 remaining=1352 required=route
[15:07:02] [Render thread/INFO] (lodekeeper) [Lodekeeper] BREAK target=Mutable{x=8, y=-55, z=-14} block=Block{minecraft:deepslate} tool=minecraft:diamond_pickaxe slot=1 remaining=1351 required=route
[15:07:03] [Render thread/INFO] (lodekeeper) [Lodekeeper] PROGRESS elapsed_ms=569833 phase=traveling backend=baritone target=8,-55,-13 block=minecraft:deepslate_diamond_ore navigation_elapsed_ms=205755 navigation_ticks=4112 searching=false path_index=0 path_length=3 retries=0 pending_route_events=0 dropped_route_events=0 status=mining_and_collecting_minecraft:diamond___27/32
[15:07:03] [Render thread/INFO] (lodekeeper) [Lodekeeper] BREAK target=Mutable{x=8, y=-55, z=-13} block=Block{minecraft:deepslate_diamond_ore} tool=minecraft:diamond_pickaxe slot=1 remaining=1350 required=minecraft:diamond_pickaxe
[15:07:04] [Render thread/INFO] (lodekeeper) [Lodekeeper] NAV discovered=1 retained=64 rejected=0 requestTicks=4134 phase=MINE
[15:07:04] [Render thread/INFO] (lodekeeper) [Lodekeeper] TARGET target=8,-54,-13 block=minecraft:deepslate_diamond_ore
[15:07:04] [Render thread/INFO] (lodekeeper) [Lodekeeper] BREAK target=Mutable{x=8, y=-54, z=-13} block=Block{minecraft:deepslate_diamond_ore} tool=minecraft:diamond_pickaxe slot=1 remaining=1349 required=minecraft:diamond_pickaxe
[15:07:05] [Render thread/INFO] (lodekeeper) [Lodekeeper] PROGRESS elapsed_ms=571857 phase=traveling backend=baritone target=8,-54,-13 block=minecraft:deepslate_diamond_ore navigation_elapsed_ms=207779 navigation_ticks=4152 searching=false path_index=0 path_length=2 retries=0 pending_route_events=0 dropped_route_events=0 status=mining_and_collecting_minecraft:diamond___28/32
[15:07:05] [Render thread/INFO] (lodekeeper) [Lodekeeper] TARGET target=none
[15:07:05] [Render thread/INFO] (lodekeeper) [Lodekeeper] NAV backend=baritone mode=MINE event=AT_GOAL elapsedMs=208358
[15:07:05] [Render thread/INFO] (lodekeeper) [Lodekeeper] NAV backend=baritone mode=MINE event=CALC_STARTED elapsedMs=208565
[15:07:05] [Render thread/INFO] (lodekeeper) [Lodekeeper] NAV calcTool=minecraft:cobblestone slot=4
[15:07:06] [Render thread/INFO] (lodekeeper) [Lodekeeper] NAV discovered=1 retained=64 rejected=0 requestTicks=4169 phase=MINE
[15:07:06] [Render thread/INFO] (lodekeeper) [Lodekeeper] TARGET target=28,-48,-9 block=minecraft:deepslate_diamond_ore
[15:07:06] [Render thread/INFO] (lodekeeper) [Lodekeeper] NAV backend=baritone mode=MINE event=CALC_FINISHED_NOW_EXECUTING elapsedMs=208773
[15:07:06] [Render thread/INFO] (lodekeeper) [Lodekeeper] BREAK target=Mutable{x=8, y=-56, z=-13} block=Block{minecraft:cobblestone} tool=minecraft:diamond_pickaxe slot=1 remaining=1348 required=route
[15:07:07] [Render thread/INFO] (lodekeeper) [Lodekeeper] PROGRESS elapsed_ms=573862 phase=traveling backend=baritone target=28,-48,-9 block=minecraft:deepslate_diamond_ore navigation_elapsed_ms=209749 navigation_ticks=4192 searching=false path_index=0 path_length=41 retries=0 pending_route_events=0 dropped_route_events=0 status=mining_and_collecting_minecraft:diamond___29/32
[15:07:09] [Render thread/INFO] (lodekeeper) [Lodekeeper] PROGRESS elapsed_ms=575880 phase=traveling backend=baritone target=28,-48,-9 block=minecraft:deepslate_diamond_ore navigation_elapsed_ms=211767 navigation_ticks=4232 searching=false path_index=0 path_length=33 retries=0 pending_route_events=0 dropped_route_events=0 status=mining_and_collecting_minecraft:diamond___29/32
[15:07:11] [Render thread/INFO] (lodekeeper) [Lodekeeper] PROGRESS elapsed_ms=577936 phase=traveling backend=baritone target=28,-48,-9 block=minecraft:deepslate_diamond_ore navigation_elapsed_ms=213754 navigation_ticks=4272 searching=false path_index=0 path_length=22 retries=0 pending_route_events=0 dropped_route_events=0 status=mining_and_collecting_minecraft:diamond___29/32
[15:07:13] [Render thread/INFO] (lodekeeper) [Lodekeeper] PROGRESS elapsed_ms=579956 phase=traveling backend=baritone target=28,-48,-9 block=minecraft:deepslate_diamond_ore navigation_elapsed_ms=215946 navigation_ticks=4316 searching=false path_index=0 path_length=13 retries=0 pending_route_events=0 dropped_route_events=0 status=mining_and_collecting_minecraft:diamond___29/32
[15:07:14] [Render thread/INFO] (lodekeeper) [Lodekeeper] BREAK target=Mutable{x=24, y=-56, z=-8} block=Block{minecraft:deepslate} tool=minecraft:diamond_pickaxe slot=1 remaining=1347 required=route
[15:07:15] [Render thread/INFO] (lodekeeper) [Lodekeeper] BREAK target=Mutable{x=25, y=-56, z=-8} block=Block{minecraft:deepslate} tool=minecraft:diamond_pickaxe slot=1 remaining=1346 required=route
[15:07:15] [Render thread/INFO] (lodekeeper) [Lodekeeper] PROGRESS elapsed_ms=581981 phase=traveling backend=baritone target=28,-48,-9 block=minecraft:deepslate_diamond_ore navigation_elapsed_ms=217971 navigation_ticks=4356 searching=false path_index=0 path_length=9 retries=0 pending_route_events=0 dropped_route_events=0 status=mining_and_collecting_minecraft:diamond___29/32
[15:07:15] [Render thread/INFO] (lodekeeper) [Lodekeeper] BREAK target=Mutable{x=24, y=-55, z=-8} block=Block{minecraft:deepslate} tool=minecraft:diamond_pickaxe slot=1 remaining=1345 required=route
[15:07:16] [Render thread/INFO] (lodekeeper) [Lodekeeper] BREAK target=Mutable{x=25, y=-55, z=-8} block=Block{minecraft:deepslate} tool=minecraft:diamond_pickaxe slot=1 remaining=1344 required=route
[15:07:17] [Render thread/INFO] (lodekeeper) [Lodekeeper] PROGRESS elapsed_ms=584008 phase=traveling backend=baritone target=28,-48,-9 block=minecraft:deepslate_diamond_ore navigation_elapsed_ms=219963 navigation_ticks=4396 searching=false path_index=0 path_length=9 retries=0 pending_route_events=0 dropped_route_events=0 status=mining_and_collecting_minecraft:diamond___29/32
[15:07:17] [Render thread/INFO] (lodekeeper) [Lodekeeper] BREAK target=Mutable{x=25, y=-54, z=-8} block=Block{minecraft:deepslate} tool=minecraft:diamond_pickaxe slot=1 remaining=1343 required=route
[15:07:18] [Render thread/INFO] (lodekeeper) [Lodekeeper] BREAK target=Mutable{x=25, y=-53, z=-8} block=Block{minecraft:deepslate} tool=minecraft:diamond_pickaxe slot=1 remaining=1342 required=route
[15:07:19] [Render thread/INFO] (lodekeeper) [Lodekeeper] PROGRESS elapsed_ms=586019 phase=traveling backend=baritone target=28,-48,-9 block=minecraft:deepslate_diamond_ore navigation_elapsed_ms=221973 navigation_ticks=4436 searching=false path_index=0 path_length=7 retries=0 pending_route_events=0 dropped_route_events=0 status=mining_and_collecting_minecraft:diamond___29/32
[15:07:19] [Render thread/INFO] (lodekeeper) [Lodekeeper] BREAK target=Mutable{x=25, y=-52, z=-8} block=Block{minecraft:deepslate} tool=minecraft:diamond_pickaxe slot=1 remaining=1341 required=route
[15:07:20] [Render thread/INFO] (lodekeeper) [Lodekeeper] BREAK target=Mutable{x=26, y=-52, z=-8} block=Block{minecraft:deepslate} tool=minecraft:diamond_pickaxe slot=1 remaining=1340 required=route
[15:07:21] [Render thread/INFO] (lodekeeper) [Lodekeeper] PROGRESS elapsed_ms=588033 phase=traveling backend=baritone target=28,-48,-9 block=minecraft:deepslate_diamond_ore navigation_elapsed_ms=223956 navigation_ticks=4476 searching=false path_index=0 path_length=5 retries=0 pending_route_events=0 dropped_route_events=0 status=mining_and_collecting_minecraft:diamond___29/32
[15:07:21] [Render thread/INFO] (lodekeeper) [Lodekeeper] BREAK target=Mutable{x=25, y=-51, z=-8} block=Block{minecraft:deepslate} tool=minecraft:diamond_pickaxe slot=1 remaining=1339 required=route
[15:07:22] [Render thread/INFO] (lodekeeper) [Lodekeeper] BREAK target=Mutable{x=26, y=-51, z=-8} block=Block{minecraft:deepslate} tool=minecraft:diamond_pickaxe slot=1 remaining=1338 required=route
[15:07:23] [Render thread/INFO] (lodekeeper) [Lodekeeper] PROGRESS elapsed_ms=590039 phase=traveling backend=baritone target=28,-48,-9 block=minecraft:deepslate_diamond_ore navigation_elapsed_ms=225960 navigation_ticks=4516 searching=false path_index=0 path_length=5 retries=0 pending_route_events=0 dropped_route_events=0 status=mining_and_collecting_minecraft:diamond___29/32
[15:07:23] [Render thread/INFO] (lodekeeper) [Lodekeeper] BREAK target=Mutable{x=27, y=-51, z=-8} block=Block{minecraft:deepslate} tool=minecraft:diamond_pickaxe slot=1 remaining=1337 required=route
[15:07:24] [Render thread/INFO] (lodekeeper) [Lodekeeper] BREAK target=Mutable{x=26, y=-50, z=-8} block=Block{minecraft:deepslate} tool=minecraft:diamond_pickaxe slot=1 remaining=1336 required=route
[15:07:25] [Render thread/INFO] (lodekeeper) [Lodekeeper] PROGRESS elapsed_ms=592058 phase=traveling backend=baritone target=28,-48,-9 block=minecraft:deepslate_diamond_ore navigation_elapsed_ms=227980 navigation_ticks=4556 searching=false path_index=0 path_length=4 retries=0 pending_route_events=0 dropped_route_events=0 status=mining_and_collecting_minecraft:diamond___29/32
[15:07:25] [Render thread/INFO] (lodekeeper) [Lodekeeper] BREAK target=Mutable{x=27, y=-50, z=-8} block=Block{minecraft:deepslate} tool=minecraft:diamond_pickaxe slot=1 remaining=1335 required=route
[15:07:26] [Render thread/INFO] (lodekeeper) [Lodekeeper] BREAK target=Mutable{x=28, y=-50, z=-8} block=Block{minecraft:deepslate} tool=minecraft:diamond_pickaxe slot=1 remaining=1334 required=route
[15:07:27] [Render thread/INFO] (lodekeeper) [Lodekeeper] BREAK target=Mutable{x=27, y=-49, z=-8} block=Block{minecraft:deepslate} tool=minecraft:diamond_pickaxe slot=1 remaining=1333 required=route
[15:07:27] [Render thread/INFO] (lodekeeper) [Lodekeeper] PROGRESS elapsed_ms=594085 phase=traveling backend=baritone target=28,-48,-9 block=minecraft:deepslate_diamond_ore navigation_elapsed_ms=229972 navigation_ticks=4596 searching=false path_index=0 path_length=3 retries=0 pending_route_events=0 dropped_route_events=0 status=mining_and_collecting_minecraft:diamond___29/32
[15:07:28] [Render thread/INFO] (lodekeeper) [Lodekeeper] BREAK target=Mutable{x=28, y=-49, z=-8} block=Block{minecraft:deepslate} tool=minecraft:diamond_pickaxe slot=1 remaining=1332 required=route
[15:07:29] [Render thread/INFO] (lodekeeper) [Lodekeeper] BREAK target=Mutable{x=28, y=-49, z=-9} block=Block{minecraft:deepslate} tool=minecraft:diamond_pickaxe slot=1 remaining=1331 required=route
[15:07:29] [Render thread/INFO] (lodekeeper) [Lodekeeper] PROGRESS elapsed_ms=596135 phase=traveling backend=baritone target=28,-48,-9 block=minecraft:deepslate_diamond_ore navigation_elapsed_ms=231956 navigation_ticks=4636 searching=false path_index=0 path_length=2 retries=0 pending_route_events=0 dropped_route_events=0 status=mining_and_collecting_minecraft:diamond___29/32
[15:07:30] [Render thread/INFO] (lodekeeper) [Lodekeeper] BREAK target=Mutable{x=28, y=-48, z=-8} block=Block{minecraft:deepslate} tool=minecraft:diamond_pickaxe slot=1 remaining=1330 required=route
[15:07:31] [Render thread/INFO] (lodekeeper) [Lodekeeper] BREAK target=Mutable{x=28, y=-48, z=-9} block=Block{minecraft:deepslate_diamond_ore} tool=minecraft:diamond_pickaxe slot=1 remaining=1329 required=minecraft:diamond_pickaxe
[15:07:31] [Render thread/INFO] (lodekeeper) [Lodekeeper] PROGRESS elapsed_ms=598160 phase=traveling backend=baritone target=28,-48,-9 block=minecraft:deepslate_diamond_ore navigation_elapsed_ms=234150 navigation_ticks=4680 searching=false path_index=0 path_length=2 retries=0 pending_route_events=0 dropped_route_events=0 status=mining_and_collecting_minecraft:diamond___29/32
[15:07:32] [Render thread/INFO] (lodekeeper) [Lodekeeper] NAV discovered=1 retained=64 rejected=0 requestTicks=4691 phase=MINE
[15:07:32] [Render thread/INFO] (lodekeeper) [Lodekeeper] NAV backend=baritone mode=MINE event=CALC_STARTED elapsedMs=234697
[15:07:32] [Render thread/INFO] (lodekeeper) [Lodekeeper] NAV calcTool=minecraft:diamond_pickaxe slot=1
[15:07:32] [Render thread/INFO] (lodekeeper) [Lodekeeper] NAV backend=baritone mode=MINE event=CALC_FINISHED_NOW_EXECUTING elapsedMs=234698
[15:07:32] [Render thread/INFO] (lodekeeper) [Lodekeeper] TARGET target=29,-48,-9 block=minecraft:deepslate_diamond_ore
[15:07:32] [Render thread/INFO] (lodekeeper) [Lodekeeper] BREAK target=Mutable{x=29, y=-48, z=-9} block=Block{minecraft:deepslate_diamond_ore} tool=minecraft:diamond_pickaxe slot=1 remaining=1328 required=minecraft:diamond_pickaxe
[15:07:33] [Render thread/INFO] (lodekeeper) [Lodekeeper] NAV discovered=1 retained=64 rejected=0 requestTicks=4720 phase=MINE
[15:07:33] [Render thread/INFO] (lodekeeper) [Lodekeeper] TARGET target=28,-48,-10 block=minecraft:deepslate_diamond_ore
[15:07:33] [Render thread/INFO] (lodekeeper) [Lodekeeper] PROGRESS elapsed_ms=600181 phase=traveling backend=baritone target=28,-48,-10 block=minecraft:deepslate_diamond_ore navigation_elapsed_ms=236168 navigation_ticks=4720 searching=false path_index=0 path_length=2 retries=0 pending_route_events=0 dropped_route_events=0 status=mining_and_collecting_minecraft:diamond___30/32
[15:07:33] [Render thread/INFO] (lodekeeper) [Lodekeeper] NAV backend=baritone mode=MINE event=CALC_STARTED elapsedMs=236173
[15:07:33] [Render thread/INFO] (lodekeeper) [Lodekeeper] NAV calcTool=minecraft:diamond_pickaxe slot=1
[15:07:33] [Render thread/INFO] (lodekeeper) [Lodekeeper] NAV backend=baritone mode=MINE event=CALC_FINISHED_NOW_EXECUTING elapsedMs=236192
[15:07:33] [Render thread/INFO] (lodekeeper) [Lodekeeper] BREAK target=Mutable{x=28, y=-48, z=-10} block=Block{minecraft:deepslate_diamond_ore} tool=minecraft:diamond_pickaxe slot=1 remaining=1327 required=minecraft:diamond_pickaxe
[15:07:34] [Render thread/INFO] (lodekeeper) [Lodekeeper] NAV discovered=1 retained=64 rejected=0 requestTicks=4743 phase=MINE
[15:07:34] [Render thread/INFO] (lodekeeper) [Lodekeeper] NAV backend=baritone mode=MINE event=CALC_STARTED elapsedMs=237308
[15:07:34] [Render thread/INFO] (lodekeeper) [Lodekeeper] NAV calcTool=minecraft:diamond_pickaxe slot=1
[15:07:34] [Render thread/INFO] (lodekeeper) [Lodekeeper] NAV backend=baritone mode=MINE event=CALC_FINISHED_NOW_EXECUTING elapsedMs=237327
[15:07:34] [Render thread/INFO] (lodekeeper) [Lodekeeper] TARGET target=29,-48,-10 block=minecraft:deepslate_diamond_ore
[15:07:34] [Render thread/INFO] (lodekeeper) [Lodekeeper] BREAK target=Mutable{x=29, y=-49, z=-9} block=Block{minecraft:deepslate} tool=minecraft:diamond_pickaxe slot=1 remaining=1326 required=route
[15:07:35] [Render thread/INFO] (lodekeeper) [Lodekeeper] TARGET target=none
[15:07:35] [Render thread/INFO] (lodekeeper) [Lodekeeper] STATION_POLICY decision=replace_distant station=minecraft:furnace position=BlockPos{x=5, y=63, z=28}
[15:07:35] [lodekeeper-planner/INFO] (lodekeeper) [Lodekeeper] PROJECT_MATERIALS project=gear_diamond before=[gather:minecraft:birch_log:1] after=[gather:minecraft:birch_log:1]
[15:07:35] [lodekeeper-planner/INFO] (lodekeeper) [Lodekeeper] PLAN project=gear_diamond success=true steps=13 branches=53 elapsedMs=1.493061
[15:07:35] [Render thread/INFO] (lodekeeper) [Lodekeeper] STEP kind=GATHER source=gather:minecraft:birch_log output=minecraft:birch_log count=1 operations=1 auxiliary=false
[15:07:35] [Render thread/INFO] (lodekeeper) [Lodekeeper] MINING_DEPTH policy=NEAREST desiredY=-2147483648 ceiling=2031 deficit=1 phase=MINE blocks=[Block{minecraft:birch_log}]
[15:07:35] [Render thread/INFO] (lodekeeper) [Lodekeeper] NAV backend=baritone mode=MINE event=CALC_STARTED elapsedMs=1
[15:07:35] [Render thread/INFO] (lodekeeper) [Lodekeeper] NAV calcTool=minecraft:diamond_pickaxe slot=1
[15:07:35] [Render thread/INFO] (lodekeeper) [Lodekeeper] PROGRESS elapsed_ms=602229 phase=gathering backend=baritone target=none navigation_elapsed_ms=0 navigation_ticks=0 searching=false path_index=0 path_length=0 retries=0 pending_route_events=0 dropped_route_events=0 status=mining_and_collecting_minecraft:birch_log___0/1
[15:07:35] [Render thread/INFO] (lodekeeper) [Lodekeeper] ROUTE_SEARCH kind=unknown anchor=unknown feet_y16=0 candidates=0 target=none elapsed_ms=602364
[15:07:36] [Render thread/INFO] (lodekeeper) [Lodekeeper] NAV backend=baritone mode=MINE event=CALC_FINISHED_NOW_EXECUTING elapsedMs=513
[15:07:36] [Render thread/INFO] (lodekeeper) [Lodekeeper] BREAK target=Mutable{x=28, y=-47, z=-9} block=Block{minecraft:deepslate} tool=minecraft:diamond_pickaxe slot=1 remaining=1326 required=route
[15:07:36] [Render thread/INFO] (lodekeeper) [Lodekeeper] ROUTE_TRAVEL path_index=0 path_length=18 target=none elapsed_ms=602777
[15:07:37] [Render thread/INFO] (lodekeeper) [Lodekeeper] BREAK target=Mutable{x=28, y=-47, z=-10} block=Block{minecraft:deepslate} tool=minecraft:diamond_pickaxe slot=1 remaining=1325 required=route
[15:07:37] [Render thread/INFO] (lodekeeper) [Lodekeeper] PROGRESS elapsed_ms=604283 phase=traveling backend=baritone target=none navigation_elapsed_ms=2018 navigation_ticks=40 searching=false path_index=0 path_length=18 retries=0 pending_route_events=0 dropped_route_events=0 status=mining_and_collecting_minecraft:birch_log___0/1
[15:07:38] [Render thread/INFO] (lodekeeper) [Lodekeeper] BREAK target=Mutable{x=27, y=-47, z=-10} block=Block{minecraft:deepslate} tool=minecraft:diamond_pickaxe slot=1 remaining=1324 required=route
[15:07:39] [Render thread/INFO] (lodekeeper) [Lodekeeper] BREAK target=Mutable{x=28, y=-46, z=-10} block=Block{minecraft:deepslate} tool=minecraft:diamond_pickaxe slot=1 remaining=1323 required=route
[15:07:39] [Render thread/INFO] (lodekeeper) [Lodekeeper] PROGRESS elapsed_ms=606331 phase=traveling backend=baritone target=none navigation_elapsed_ms=3999 navigation_ticks=80 searching=false path_index=0 path_length=17 retries=0 pending_route_events=0 dropped_route_events=0 status=mining_and_collecting_minecraft:birch_log___0/1
[15:07:39] [Render thread/INFO] (lodekeeper) [Lodekeeper] BREAK target=Mutable{x=27, y=-46, z=-10} block=Block{minecraft:deepslate} tool=minecraft:diamond_pickaxe slot=1 remaining=1322 required=route
[15:07:40] [Render thread/INFO] (lodekeeper) [Lodekeeper] BREAK target=Mutable{x=26, y=-46, z=-10} block=Block{minecraft:deepslate} tool=minecraft:diamond_pickaxe slot=1 remaining=1321 required=route
[15:07:41] [Render thread/INFO] (lodekeeper) [Lodekeeper] PROGRESS elapsed_ms=608375 phase=traveling backend=baritone target=none navigation_elapsed_ms=6212 navigation_ticks=124 searching=false path_index=0 path_length=16 retries=0 pending_route_events=0 dropped_route_events=0 status=mining_and_collecting_minecraft:birch_log___0/1
[15:07:41] [Render thread/INFO] (lodekeeper) [Lodekeeper] BREAK target=Mutable{x=27, y=-45, z=-10} block=Block{minecraft:deepslate} tool=minecraft:diamond_pickaxe slot=1 remaining=1320 required=route
[15:07:42] [Render thread/INFO] (lodekeeper) [Lodekeeper] BREAK target=Mutable{x=26, y=-45, z=-10} block=Block{minecraft:deepslate} tool=minecraft:diamond_pickaxe slot=1 remaining=1319 required=route
[15:07:43] [Render thread/INFO] (lodekeeper) [Lodekeeper] BREAK target=Mutable{x=25, y=-45, z=-10} block=Block{minecraft:deepslate} tool=minecraft:diamond_pickaxe slot=1 remaining=1318 required=route
[15:07:43] [Render thread/INFO] (lodekeeper) [Lodekeeper] PROGRESS elapsed_ms=610426 phase=traveling backend=baritone target=none navigation_elapsed_ms=8195 navigation_ticks=164 searching=false path_index=0 path_length=15 retries=0 pending_route_events=0 dropped_route_events=0 status=mining_and_collecting_minecraft:birch_log___0/1
[15:07:44] [Render thread/INFO] (lodekeeper) [Lodekeeper] BREAK target=Mutable{x=26, y=-44, z=-10} block=Block{minecraft:deepslate} tool=minecraft:diamond_pickaxe slot=1 remaining=1317 required=route
[15:07:45] [Render thread/INFO] (lodekeeper) [Lodekeeper] BREAK target=Mutable{x=25, y=-44, z=-10} block=Block{minecraft:deepslate} tool=minecraft:diamond_pickaxe slot=1 remaining=1316 required=route
[15:07:45] [Render thread/INFO] (lodekeeper) [Lodekeeper] PROGRESS elapsed_ms=612484 phase=traveling backend=baritone target=none navigation_elapsed_ms=10218 navigation_ticks=204 searching=false path_index=0 path_length=15 retries=0 pending_route_events=0 dropped_route_events=0 status=mining_and_collecting_minecraft:birch_log___0/1
[15:07:46] [Render thread/INFO] (lodekeeper) [Lodekeeper] BREAK target=Mutable{x=24, y=-44, z=-10} block=Block{minecraft:deepslate} tool=minecraft:diamond_pickaxe slot=1 remaining=1315 required=route
[15:07:47] [Render thread/INFO] (lodekeeper) [Lodekeeper] BREAK target=Mutable{x=25, y=-43, z=-10} block=Block{minecraft:deepslate} tool=minecraft:diamond_pickaxe slot=1 remaining=1314 required=route
[15:07:47] [Render thread/INFO] (lodekeeper) [Lodekeeper] PROGRESS elapsed_ms=614531 phase=traveling backend=baritone target=none navigation_elapsed_ms=12201 navigation_ticks=244 searching=false path_index=0 path_length=14 retries=0 pending_route_events=0 dropped_route_events=0 status=mining_and_collecting_minecraft:birch_log___0/1
[15:07:48] [Render thread/INFO] (lodekeeper) [Lodekeeper] BREAK target=Mutable{x=24, y=-43, z=-10} block=Block{minecraft:deepslate} tool=minecraft:diamond_pickaxe slot=1 remaining=1313 required=route
[15:07:49] [Render thread/INFO] (lodekeeper) [Lodekeeper] BREAK target=Mutable{x=23, y=-43, z=-10} block=Block{minecraft:deepslate} tool=minecraft:diamond_pickaxe slot=1 remaining=1312 required=route
[15:07:49] [Render thread/INFO] (lodekeeper) [Lodekeeper] PROGRESS elapsed_ms=616558 phase=traveling backend=baritone target=none navigation_elapsed_ms=14396 navigation_ticks=288 searching=false path_index=0 path_length=13 retries=0 pending_route_events=0 dropped_route_events=0 status=mining_and_collecting_minecraft:birch_log___0/1
[15:07:50] [Render thread/INFO] (lodekeeper) [Lodekeeper] BREAK target=Mutable{x=24, y=-42, z=-10} block=Block{minecraft:deepslate} tool=minecraft:diamond_pickaxe slot=1 remaining=1311 required=route
[15:07:51] [Render thread/INFO] (lodekeeper) [Lodekeeper] BREAK target=Mutable{x=23, y=-42, z=-10} block=Block{minecraft:deepslate} tool=minecraft:diamond_pickaxe slot=1 remaining=1310 required=route
[15:07:51] [Render thread/INFO] (lodekeeper) [Lodekeeper] PROGRESS elapsed_ms=618567 phase=traveling backend=baritone target=none navigation_elapsed_ms=16405 navigation_ticks=328 searching=false path_index=0 path_length=13 retries=0 pending_route_events=0 dropped_route_events=0 status=mining_and_collecting_minecraft:birch_log___0/1
[15:07:52] [Render thread/INFO] (lodekeeper) [Lodekeeper] NAV backend=baritone mode=MINE event=NEXT_SEGMENT_CALC_STARTED elapsedMs=16714
[15:07:52] [Render thread/INFO] (lodekeeper) [Lodekeeper] BREAK target=Mutable{x=23, y=-42, z=-11} block=Block{minecraft:deepslate} tool=minecraft:diamond_pickaxe slot=1 remaining=1309 required=route
[15:07:52] [Render thread/INFO] (lodekeeper) [Lodekeeper] ROUTE_SEARCH kind=unknown anchor=unknown feet_y16=0 candidates=0 target=none elapsed_ms=618977
[15:07:53] [Render thread/INFO] (lodekeeper) [Lodekeeper] BREAK target=Mutable{x=23, y=-41, z=-10} block=Block{minecraft:deepslate} tool=minecraft:diamond_pickaxe slot=1 remaining=1308 required=route
[15:07:54] [Render thread/INFO] (lodekeeper) [Lodekeeper] PROGRESS elapsed_ms=620629 phase=searching backend=baritone target=none navigation_elapsed_ms=18400 navigation_ticks=368 searching=true path_index=0 path_length=12 retries=0 pending_route_events=0 dropped_route_events=0 status=mining_and_collecting_minecraft:birch_log___0/1___planning_next_route
[15:07:54] [Render thread/INFO] (lodekeeper) [Lodekeeper] BREAK target=Mutable{x=23, y=-41, z=-11} block=Block{minecraft:deepslate} tool=minecraft:diamond_pickaxe slot=1 remaining=1307 required=route
[15:07:55] [Render thread/INFO] (lodekeeper) [Lodekeeper] BREAK target=Mutable{x=23, y=-41, z=-12} block=Block{minecraft:deepslate} tool=minecraft:diamond_pickaxe slot=1 remaining=1306 required=route
[15:07:56] [Render thread/INFO] (lodekeeper) [Lodekeeper] BREAK target=Mutable{x=23, y=-40, z=-11} block=Block{minecraft:deepslate} tool=minecraft:diamond_pickaxe slot=1 remaining=1305 required=route
[15:07:56] [Render thread/INFO] (lodekeeper) [Lodekeeper] PROGRESS elapsed_ms=622687 phase=searching backend=baritone target=none navigation_elapsed_ms=20420 navigation_ticks=408 searching=true path_index=0 path_length=11 retries=0 pending_route_events=0 dropped_route_events=0 status=mining_and_collecting_minecraft:birch_log___0/1___planning_next_route
[15:07:56] [Render thread/INFO] (lodekeeper) [Lodekeeper] NAV backend=baritone mode=MINE event=NEXT_SEGMENT_CALC_FINISHED elapsedMs=20767
[15:07:56] [Render thread/INFO] (lodekeeper) [Lodekeeper] ROUTE_TRAVEL path_index=0 path_length=84 target=none elapsed_ms=622963
[15:07:58] [Render thread/INFO] (lodekeeper) [Lodekeeper] PROGRESS elapsed_ms=624714 phase=traveling backend=baritone target=none navigation_elapsed_ms=22416 navigation_ticks=448 searching=false path_index=0 path_length=81 retries=0 pending_route_events=0 dropped_route_events=0 status=mining_and_collecting_minecraft:birch_log___0/1
[15:08:00] [Render thread/INFO] (lodekeeper) [Lodekeeper] BREAK target=Mutable{x=28, y=-35, z=-10} block=Block{minecraft:deepslate} tool=minecraft:diamond_pickaxe slot=1 remaining=1304 required=route
[15:08:00] [Render thread/INFO] (lodekeeper) [Lodekeeper] PROGRESS elapsed_ms=626775 phase=traveling backend=baritone target=none navigation_elapsed_ms=24613 navigation_ticks=492 searching=false path_index=0 path_length=75 retries=0 pending_route_events=0 dropped_route_events=0 status=mining_and_collecting_minecraft:birch_log___0/1
[15:08:00] [Render thread/INFO] (lodekeeper) [Lodekeeper] BREAK target=Mutable{x=28, y=-34, z=-10} block=Block{minecraft:deepslate} tool=minecraft:diamond_pickaxe slot=1 remaining=1303 required=route
[15:08:02] [Render thread/INFO] (lodekeeper) [Lodekeeper] BREAK target=Mutable{x=28, y=-33, z=-10} block=Block{minecraft:deepslate} tool=minecraft:diamond_pickaxe slot=1 remaining=1302 required=route
[15:08:02] [Render thread/INFO] (lodekeeper) [Lodekeeper] PROGRESS elapsed_ms=628833 phase=traveling backend=baritone target=none navigation_elapsed_ms=26604 navigation_ticks=532 searching=false path_index=0 path_length=74 retries=0 pending_route_events=0 dropped_route_events=0 status=mining_and_collecting_minecraft:birch_log___0/1
[15:08:02] [Render thread/INFO] (lodekeeper) [Lodekeeper] BREAK target=Mutable{x=28, y=-32, z=-10} block=Block{minecraft:deepslate} tool=minecraft:diamond_pickaxe slot=1 remaining=1301 required=route
[15:08:03] [Render thread/INFO] (lodekeeper) [Lodekeeper] BREAK target=Mutable{x=28, y=-31, z=-10} block=Block{minecraft:deepslate} tool=minecraft:diamond_pickaxe slot=1 remaining=1300 required=route
[15:08:04] [Render thread/INFO] (lodekeeper) [Lodekeeper] PROGRESS elapsed_ms=630858 phase=traveling backend=baritone target=none navigation_elapsed_ms=28627 navigation_ticks=572 searching=false path_index=0 path_length=72 retries=0 pending_route_events=0 dropped_route_events=0 status=mining_and_collecting_minecraft:birch_log___0/1
[15:08:04] [Render thread/INFO] (lodekeeper) [Lodekeeper] BREAK target=Mutable{x=28, y=-30, z=-10} block=Block{minecraft:deepslate} tool=minecraft:diamond_pickaxe slot=1 remaining=1299 required=route
[15:08:05] [Render thread/INFO] (lodekeeper) [Lodekeeper] BREAK target=Mutable{x=28, y=-29, z=-10} block=Block{minecraft:deepslate} tool=minecraft:diamond_pickaxe slot=1 remaining=1298 required=route
[15:08:06] [Render thread/INFO] (lodekeeper) [Lodekeeper] PROGRESS elapsed_ms=632860 phase=traveling backend=baritone target=none navigation_elapsed_ms=30595 navigation_ticks=612 searching=false path_index=0 path_length=70 retries=0 pending_route_events=0 dropped_route_events=0 status=mining_and_collecting_minecraft:birch_log___0/1
[15:08:06] [Render thread/INFO] (lodekeeper) [Lodekeeper] BREAK target=Mutable{x=28, y=-28, z=-10} block=Block{minecraft:deepslate} tool=minecraft:diamond_pickaxe slot=1 remaining=1297 required=route
[15:08:07] [Render thread/INFO] (lodekeeper) [Lodekeeper] BREAK target=Mutable{x=28, y=-27, z=-10} block=Block{minecraft:deepslate} tool=minecraft:diamond_pickaxe slot=1 remaining=1296 required=route
[15:08:08] [Render thread/INFO] (lodekeeper) [Lodekeeper] PROGRESS elapsed_ms=634873 phase=traveling backend=baritone target=none navigation_elapsed_ms=32608 navigation_ticks=652 searching=false path_index=0 path_length=68 retries=0 pending_route_events=0 dropped_route_events=0 status=mining_and_collecting_minecraft:birch_log___0/1
[15:08:08] [Render thread/INFO] (lodekeeper) [Lodekeeper] BREAK target=Mutable{x=28, y=-26, z=-10} block=Block{minecraft:deepslate} tool=minecraft:diamond_pickaxe slot=1 remaining=1295 required=route
[15:08:09] [Render thread/INFO] (lodekeeper) [Lodekeeper] BREAK target=Mutable{x=28, y=-26, z=-11} block=Block{minecraft:deepslate} tool=minecraft:diamond_pickaxe slot=1 remaining=1294 required=route
[15:08:10] [Render thread/INFO] (lodekeeper) [Lodekeeper] PROGRESS elapsed_ms=636891 phase=traveling backend=baritone target=none navigation_elapsed_ms=34624 navigation_ticks=692 searching=false path_index=0 path_length=66 retries=0 pending_route_events=0 dropped_route_events=0 status=mining_and_collecting_minecraft:birch_log___0/1
[15:08:10] [Render thread/INFO] (lodekeeper) [Lodekeeper] BREAK target=Mutable{x=28, y=-25, z=-10} block=Block{minecraft:deepslate} tool=minecraft:diamond_pickaxe slot=1 remaining=1293 required=route
[15:08:11] [Render thread/INFO] (lodekeeper) [Lodekeeper] BREAK target=Mutable{x=28, y=-25, z=-11} block=Block{minecraft:deepslate} tool=minecraft:diamond_pickaxe slot=1 remaining=1292 required=route
[15:08:12] [Render thread/INFO] (lodekeeper) [Lodekeeper] PROGRESS elapsed_ms=638914 phase=traveling backend=baritone target=none navigation_elapsed_ms=36613 navigation_ticks=732 searching=false path_index=0 path_length=66 retries=0 pending_route_events=0 dropped_route_events=0 status=mining_and_collecting_minecraft:birch_log___0/1
[15:08:12] [Render thread/INFO] (lodekeeper) [Lodekeeper] BREAK target=Mutable{x=28, y=-25, z=-12} block=Block{minecraft:deepslate} tool=minecraft:diamond_pickaxe slot=1 remaining=1291 required=route
[15:08:13] [Render thread/INFO] (lodekeeper) [Lodekeeper] BREAK target=Mutable{x=28, y=-24, z=-11} block=Block{minecraft:deepslate} tool=minecraft:diamond_pickaxe slot=1 remaining=1290 required=route
[15:08:14] [Render thread/INFO] (lodekeeper) [Lodekeeper] PROGRESS elapsed_ms=640932 phase=traveling backend=baritone target=none navigation_elapsed_ms=38600 navigation_ticks=772 searching=false path_index=0 path_length=65 retries=0 pending_route_events=0 dropped_route_events=0 status=mining_and_collecting_minecraft:birch_log___0/1
[15:08:14] [Render thread/INFO] (lodekeeper) [Lodekeeper] BREAK target=Mutable{x=28, y=-24, z=-12} block=Block{minecraft:deepslate} tool=minecraft:diamond_pickaxe slot=1 remaining=1289 required=route
[15:08:15] [Render thread/INFO] (lodekeeper) [Lodekeeper] BREAK target=Mutable{x=28, y=-23, z=-12} block=Block{minecraft:deepslate} tool=minecraft:diamond_pickaxe slot=1 remaining=1288 required=route
[15:08:16] [Render thread/INFO] (lodekeeper) [Lodekeeper] PROGRESS elapsed_ms=642988 phase=traveling backend=baritone target=none navigation_elapsed_ms=40826 navigation_ticks=816 searching=false path_index=0 path_length=64 retries=0 pending_route_events=0 dropped_route_events=0 status=mining_and_collecting_minecraft:birch_log___0/1
[15:08:16] [Render thread/INFO] (lodekeeper) [Lodekeeper] BREAK target=Mutable{x=28, y=-22, z=-12} block=Block{minecraft:deepslate} tool=minecraft:diamond_pickaxe slot=1 remaining=1287 required=route
[15:08:17] [Render thread/INFO] (lodekeeper) [Lodekeeper] BREAK target=Mutable{x=28, y=-21, z=-12} block=Block{minecraft:deepslate} tool=minecraft:diamond_pickaxe slot=1 remaining=1286 required=route
[15:08:18] [Render thread/INFO] (lodekeeper) [Lodekeeper] PROGRESS elapsed_ms=645018 phase=traveling backend=baritone target=none navigation_elapsed_ms=42821 navigation_ticks=856 searching=false path_index=0 path_length=62 retries=0 pending_route_events=0 dropped_route_events=0 status=mining_and_collecting_minecraft:birch_log___0/1
[15:08:18] [Render thread/INFO] (lodekeeper) [Lodekeeper] BREAK target=Mutable{x=28, y=-20, z=-12} block=Block{minecraft:deepslate} tool=minecraft:diamond_pickaxe slot=1 remaining=1285 required=route
[15:08:19] [Render thread/INFO] (lodekeeper) [Lodekeeper] BREAK target=Mutable{x=28, y=-19, z=-12} block=Block{minecraft:deepslate} tool=minecraft:diamond_pickaxe slot=1 remaining=1284 required=route
[15:08:20] [Render thread/INFO] (lodekeeper) [Lodekeeper] PROGRESS elapsed_ms=647036 phase=traveling backend=baritone target=none navigation_elapsed_ms=44805 navigation_ticks=896 searching=false path_index=0 path_length=60 retries=0 pending_route_events=0 dropped_route_events=0 status=mining_and_collecting_minecraft:birch_log___0/1
[15:08:20] [Render thread/INFO] (lodekeeper) [Lodekeeper] BREAK target=Mutable{x=28, y=-19, z=-13} block=Block{minecraft:deepslate} tool=minecraft:diamond_pickaxe slot=1 remaining=1283 required=route
[15:08:21] [Render thread/INFO] (lodekeeper) [Lodekeeper] BREAK target=Mutable{x=28, y=-18, z=-12} block=Block{minecraft:tuff} tool=minecraft:diamond_pickaxe slot=1 remaining=1282 required=route
[15:08:22] [Render thread/INFO] (lodekeeper) [Lodekeeper] BREAK target=Mutable{x=28, y=-18, z=-13} block=Block{minecraft:tuff} tool=minecraft:diamond_pickaxe slot=1 remaining=1281 required=route
[15:08:22] [Render thread/INFO] (lodekeeper) [Lodekeeper] PROGRESS elapsed_ms=649062 phase=traveling backend=baritone target=none navigation_elapsed_ms=46796 navigation_ticks=936 searching=false path_index=0 path_length=59 retries=0 pending_route_events=0 dropped_route_events=0 status=mining_and_collecting_minecraft:birch_log___0/1
[15:08:23] [Render thread/INFO] (lodekeeper) [Lodekeeper] BREAK target=Mutable{x=28, y=-18, z=-14} block=Block{minecraft:deepslate} tool=minecraft:diamond_pickaxe slot=1 remaining=1280 required=route
[15:08:23] [Render thread/INFO] (lodekeeper) [Lodekeeper] BREAK target=Mutable{x=28, y=-17, z=-13} block=Block{minecraft:tuff} tool=minecraft:diamond_pickaxe slot=1 remaining=1279 required=route
[15:08:24] [Render thread/INFO] (lodekeeper) [Lodekeeper] PROGRESS elapsed_ms=651072 phase=traveling backend=baritone target=none navigation_elapsed_ms=48808 navigation_ticks=976 searching=false path_index=0 path_length=58 retries=0 pending_route_events=0 dropped_route_events=0 status=mining_and_collecting_minecraft:birch_log___0/1
[15:08:24] [Render thread/INFO] (lodekeeper) [Lodekeeper] BREAK target=Mutable{x=28, y=-17, z=-14} block=Block{minecraft:tuff} tool=minecraft:diamond_pickaxe slot=1 remaining=1278 required=route
[15:08:25] [Render thread/INFO] (lodekeeper) [Lodekeeper] BREAK target=Mutable{x=28, y=-17, z=-15} block=Block{minecraft:deepslate} tool=minecraft:diamond_pickaxe slot=1 remaining=1277 required=route
[15:08:26] [Render thread/INFO] (lodekeeper) [Lodekeeper] BREAK target=Mutable{x=28, y=-16, z=-14} block=Block{minecraft:tuff} tool=minecraft:diamond_pickaxe slot=1 remaining=1276 required=route
[15:08:26] [Render thread/INFO] (lodekeeper) [Lodekeeper] PROGRESS elapsed_ms=653127 phase=traveling backend=baritone target=none navigation_elapsed_ms=50830 navigation_ticks=1016 searching=false path_index=0 path_length=57 retries=0 pending_route_events=0 dropped_route_events=0 status=mining_and_collecting_minecraft:birch_log___0/1
[15:08:26] [Render thread/INFO] (lodekeeper) [Lodekeeper] BREAK target=Mutable{x=28, y=-16, z=-15} block=Block{minecraft:tuff} tool=minecraft:diamond_pickaxe slot=1 remaining=1275 required=route
[15:08:27] [Render thread/INFO] (lodekeeper) [Lodekeeper] BREAK target=Mutable{x=28, y=-15, z=-15} block=Block{minecraft:tuff} tool=minecraft:diamond_pickaxe slot=1 remaining=1274 required=route
[15:08:28] [Render thread/INFO] (lodekeeper) [Lodekeeper] PROGRESS elapsed_ms=655132 phase=traveling backend=baritone target=none navigation_elapsed_ms=52799 navigation_ticks=1056 searching=false path_index=0 path_length=55 retries=0 pending_route_events=0 dropped_route_events=0 status=mining_and_collecting_minecraft:birch_log___0/1
[15:08:30] [Render thread/INFO] (lodekeeper) [Lodekeeper] PROGRESS elapsed_ms=657158 phase=traveling backend=baritone target=none navigation_elapsed_ms=54996 navigation_ticks=1100 searching=false path_index=0 path_length=42 retries=0 pending_route_events=0 dropped_route_events=0 status=mining_and_collecting_minecraft:birch_log___0/1
[15:08:32] [Render thread/INFO] (lodekeeper) [Lodekeeper] PROGRESS elapsed_ms=659180 phase=traveling backend=baritone target=none navigation_elapsed_ms=57017 navigation_ticks=1140 searching=false path_index=0 path_length=33 retries=0 pending_route_events=0 dropped_route_events=0 status=mining_and_collecting_minecraft:birch_log___0/1
[15:08:33] [Render thread/INFO] (lodekeeper) [Lodekeeper] BREAK target=Mutable{x=7, y=-13, z=-10} block=Block{minecraft:tuff} tool=minecraft:diamond_pickaxe slot=1 remaining=1273 required=route
[15:08:34] [Render thread/INFO] (lodekeeper) [Lodekeeper] PROGRESS elapsed_ms=661206 phase=traveling backend=baritone target=none navigation_elapsed_ms=59009 navigation_ticks=1180 searching=false path_index=0 path_length=28 retries=0 pending_route_events=0 dropped_route_events=0 status=mining_and_collecting_minecraft:birch_log___0/1
[15:08:36] [Render thread/INFO] (lodekeeper) [Lodekeeper] PROGRESS elapsed_ms=663222 phase=traveling backend=baritone target=none navigation_elapsed_ms=61024 navigation_ticks=1220 searching=false path_index=0 path_length=21 retries=0 pending_route_events=0 dropped_route_events=0 status=mining_and_collecting_minecraft:birch_log___0/1
[15:08:38] [Render thread/INFO] (lodekeeper) [Lodekeeper] PROGRESS elapsed_ms=665239 phase=traveling backend=baritone target=none navigation_elapsed_ms=63009 navigation_ticks=1260 searching=false path_index=0 path_length=12 retries=0 pending_route_events=0 dropped_route_events=0 status=mining_and_collecting_minecraft:birch_log___0/1
[15:08:39] [Render thread/INFO] (lodekeeper) [Lodekeeper] BREAK target=Mutable{x=15, y=-4, z=-24} block=Block{minecraft:deepslate} tool=minecraft:diamond_pickaxe slot=1 remaining=1272 required=route
[15:08:40] [Render thread/INFO] (lodekeeper) [Lodekeeper] PROGRESS elapsed_ms=667260 phase=traveling backend=baritone target=none navigation_elapsed_ms=64994 navigation_ticks=1300 searching=false path_index=0 path_length=9 retries=0 pending_route_events=0 dropped_route_events=0 status=mining_and_collecting_minecraft:birch_log___0/1
[15:08:40] [Render thread/INFO] (lodekeeper) [Lodekeeper] BREAK target=Mutable{x=14, y=-3, z=-24} block=Block{minecraft:andesite} tool=minecraft:diamond_pickaxe slot=1 remaining=1271 required=route
[15:08:41] [Render thread/INFO] (lodekeeper) [Lodekeeper] BREAK target=Mutable{x=15, y=-3, z=-24} block=Block{minecraft:andesite} tool=minecraft:diamond_pickaxe slot=1 remaining=1270 required=route
[15:08:42] [Render thread/INFO] (lodekeeper) [Lodekeeper] BREAK target=Mutable{x=15, y=-3, z=-25} block=Block{minecraft:andesite} tool=minecraft:diamond_pickaxe slot=1 remaining=1269 required=route
[15:08:42] [Render thread/INFO] (lodekeeper) [Lodekeeper] PROGRESS elapsed_ms=669327 phase=traveling backend=baritone target=none navigation_elapsed_ms=66995 navigation_ticks=1340 searching=false path_index=0 path_length=8 retries=0 pending_route_events=0 dropped_route_events=0 status=mining_and_collecting_minecraft:birch_log___0/1
[15:08:42] [Render thread/INFO] (lodekeeper) [Lodekeeper] BREAK target=Mutable{x=15, y=-2, z=-24} block=Block{minecraft:andesite} tool=minecraft:diamond_pickaxe slot=1 remaining=1268 required=route
[15:08:43] [Render thread/INFO] (lodekeeper) [Lodekeeper] BREAK target=Mutable{x=15, y=-2, z=-25} block=Block{minecraft:andesite} tool=minecraft:diamond_pickaxe slot=1 remaining=1267 required=route
[15:08:43] [Render thread/INFO] (lodekeeper) [Lodekeeper] NAV backend=baritone mode=MINE event=NEXT_SEGMENT_CALC_STARTED elapsedMs=68399
[15:08:44] [Render thread/INFO] (lodekeeper) [Lodekeeper] BREAK target=Mutable{x=15, y=-2, z=-26} block=Block{minecraft:andesite} tool=minecraft:diamond_pickaxe slot=1 remaining=1266 required=route
[15:08:44] [Render thread/INFO] (lodekeeper) [Lodekeeper] ROUTE_SEARCH kind=unknown anchor=unknown feet_y16=0 candidates=0 target=none elapsed_ms=670765
[15:08:44] [Render thread/INFO] (lodekeeper) [Lodekeeper] BREAK target=Mutable{x=15, y=-1, z=-25} block=Block{minecraft:andesite} tool=minecraft:diamond_pickaxe slot=1 remaining=1265 required=route
[15:08:44] [Render thread/INFO] (lodekeeper) [Lodekeeper] PROGRESS elapsed_ms=671383 phase=searching backend=baritone target=none navigation_elapsed_ms=69220 navigation_ticks=1384 searching=true path_index=0 path_length=7 retries=0 pending_route_events=0 dropped_route_events=0 status=mining_and_collecting_minecraft:birch_log___0/1___planning_next_route
[15:08:45] [Render thread/INFO] (lodekeeper) [Lodekeeper] BREAK target=Mutable{x=15, y=-1, z=-26} block=Block{minecraft:andesite} tool=minecraft:diamond_pickaxe slot=1 remaining=1264 required=route
[15:08:45] [Render thread/INFO] (lodekeeper) [Lodekeeper] BREAK target=Mutable{x=15, y=-1, z=-27} block=Block{minecraft:andesite} tool=minecraft:diamond_pickaxe slot=1 remaining=1263 required=route
[15:08:46] [Render thread/INFO] (lodekeeper) [Lodekeeper] BREAK target=Mutable{x=15, y=0, z=-26} block=Block{minecraft:andesite} tool=minecraft:diamond_pickaxe slot=1 remaining=1262 required=route
[15:08:46] [Render thread/INFO] (lodekeeper) [Lodekeeper] PROGRESS elapsed_ms=673413 phase=searching backend=baritone target=none navigation_elapsed_ms=71217 navigation_ticks=1424 searching=true path_index=0 path_length=6 retries=0 pending_route_events=0 dropped_route_events=0 status=mining_and_collecting_minecraft:birch_log___0/1___planning_next_route
[15:08:47] [Render thread/INFO] (lodekeeper) [Lodekeeper] BREAK target=Mutable{x=15, y=0, z=-27} block=Block{minecraft:andesite} tool=minecraft:diamond_pickaxe slot=1 remaining=1261 required=route
[15:08:47] [Render thread/INFO] (lodekeeper) [Lodekeeper] BREAK target=Mutable{x=15, y=0, z=-28} block=Block{minecraft:andesite} tool=minecraft:diamond_pickaxe slot=1 remaining=1260 required=route
[15:08:47] [Render thread/INFO] (lodekeeper) [Lodekeeper] ROUTE_TRAVEL path_index=0 path_length=5 target=none elapsed_ms=674581
[15:08:47] [Render thread/INFO] (lodekeeper) [Lodekeeper] NAV backend=baritone mode=MINE event=NEXT_SEGMENT_CALC_FINISHED elapsedMs=72419
[15:08:48] [Render thread/INFO] (lodekeeper) [Lodekeeper] BREAK target=Mutable{x=15, y=1, z=-27} block=Block{minecraft:andesite} tool=minecraft:diamond_pickaxe slot=1 remaining=1259 required=route
[15:08:48] [Render thread/INFO] (lodekeeper) [Lodekeeper] PROGRESS elapsed_ms=675438 phase=traveling backend=baritone target=none navigation_elapsed_ms=73208 navigation_ticks=1464 searching=false path_index=0 path_length=43 retries=0 pending_route_events=0 dropped_route_events=0 status=mining_and_collecting_minecraft:birch_log___0/1
[15:08:49] [Render thread/INFO] (lodekeeper) [Lodekeeper] BREAK target=Mutable{x=15, y=1, z=-28} block=Block{minecraft:andesite} tool=minecraft:diamond_pickaxe slot=1 remaining=1258 required=route
[15:08:49] [Render thread/INFO] (lodekeeper) [Lodekeeper] BREAK target=Mutable{x=15, y=1, z=-29} block=Block{minecraft:andesite} tool=minecraft:diamond_pickaxe slot=1 remaining=1257 required=route
[15:08:50] [Render thread/INFO] (lodekeeper) [Lodekeeper] BREAK target=Mutable{x=15, y=2, z=-28} block=Block{minecraft:andesite} tool=minecraft:diamond_pickaxe slot=1 remaining=1256 required=route
[15:08:50] [Render thread/INFO] (lodekeeper) [Lodekeeper] PROGRESS elapsed_ms=677486 phase=traveling backend=baritone target=none navigation_elapsed_ms=75221 navigation_ticks=1504 searching=false path_index=0 path_length=42 retries=0 pending_route_events=0 dropped_route_events=0 status=mining_and_collecting_minecraft:birch_log___0/1
[15:08:51] [Render thread/INFO] (lodekeeper) [Lodekeeper] BREAK target=Mutable{x=15, y=2, z=-29} block=Block{minecraft:andesite} tool=minecraft:diamond_pickaxe slot=1 remaining=1255 required=route
[15:08:51] [Render thread/INFO] (lodekeeper) [Lodekeeper] BREAK target=Mutable{x=16, y=2, z=-29} block=Block{minecraft:andesite} tool=minecraft:diamond_pickaxe slot=1 remaining=1254 required=route
[15:08:52] [Render thread/INFO] (lodekeeper) [Lodekeeper] BREAK target=Mutable{x=15, y=3, z=-29} block=Block{minecraft:andesite} tool=minecraft:diamond_pickaxe slot=1 remaining=1253 required=route
[15:08:52] [Render thread/INFO] (lodekeeper) [Lodekeeper] PROGRESS elapsed_ms=679541 phase=traveling backend=baritone target=none navigation_elapsed_ms=77206 navigation_ticks=1544 searching=false path_index=0 path_length=41 retries=0 pending_route_events=0 dropped_route_events=0 status=mining_and_collecting_minecraft:birch_log___0/1
[15:08:52] [Render thread/INFO] (lodekeeper) [Lodekeeper] BREAK target=Mutable{x=16, y=3, z=-29} block=Block{minecraft:andesite} tool=minecraft:diamond_pickaxe slot=1 remaining=1252 required=route
[15:08:53] [Render thread/INFO] (lodekeeper) [Lodekeeper] BREAK target=Mutable{x=17, y=3, z=-29} block=Block{minecraft:andesite} tool=minecraft:diamond_pickaxe slot=1 remaining=1251 required=route
[15:08:54] [Render thread/INFO] (lodekeeper) [Lodekeeper] BREAK target=Mutable{x=16, y=4, z=-29} block=Block{minecraft:stone} tool=minecraft:diamond_pickaxe slot=1 remaining=1250 required=route
[15:08:54] [Render thread/INFO] (lodekeeper) [Lodekeeper] BREAK target=Mutable{x=17, y=4, z=-29} block=Block{minecraft:stone} tool=minecraft:diamond_pickaxe slot=1 remaining=1249 required=route
[15:08:54] [Render thread/INFO] (lodekeeper) [Lodekeeper] PROGRESS elapsed_ms=681584 phase=traveling backend=baritone target=none navigation_elapsed_ms=79422 navigation_ticks=1588 searching=false path_index=0 path_length=40 retries=0 pending_route_events=0 dropped_route_events=0 status=mining_and_collecting_minecraft:birch_log___0/1
[15:08:55] [Render thread/INFO] (lodekeeper) [Lodekeeper] BREAK target=Mutable{x=18, y=4, z=-29} block=Block{minecraft:stone} tool=minecraft:diamond_pickaxe slot=1 remaining=1248 required=route
[15:08:56] [Render thread/INFO] (lodekeeper) [Lodekeeper] BREAK target=Mutable{x=17, y=5, z=-29} block=Block{minecraft:stone} tool=minecraft:diamond_pickaxe slot=1 remaining=1247 required=route
[15:08:56] [Render thread/INFO] (lodekeeper) [Lodekeeper] BREAK target=Mutable{x=18, y=5, z=-29} block=Block{minecraft:stone} tool=minecraft:diamond_pickaxe slot=1 remaining=1246 required=route
[15:08:57] [Render thread/INFO] (lodekeeper) [Lodekeeper] PROGRESS elapsed_ms=683637 phase=traveling backend=baritone target=none navigation_elapsed_ms=81407 navigation_ticks=1628 searching=false path_index=0 path_length=39 retries=0 pending_route_events=0 dropped_route_events=0 status=mining_and_collecting_minecraft:birch_log___0/1
[15:08:57] [Render thread/INFO] (lodekeeper) [Lodekeeper] BREAK target=Mutable{x=18, y=5, z=-28} block=Block{minecraft:stone} tool=minecraft:diamond_pickaxe slot=1 remaining=1245 required=route
[15:08:58] [Render thread/INFO] (lodekeeper) [Lodekeeper] BREAK target=Mutable{x=18, y=6, z=-29} block=Block{minecraft:stone} tool=minecraft:diamond_pickaxe slot=1 remaining=1244 required=route
[15:08:58] [Render thread/INFO] (lodekeeper) [Lodekeeper] BREAK target=Mutable{x=18, y=6, z=-28} block=Block{minecraft:stone} tool=minecraft:diamond_pickaxe slot=1 remaining=1243 required=route
[15:08:59] [Render thread/INFO] (lodekeeper) [Lodekeeper] PROGRESS elapsed_ms=685690 phase=traveling backend=baritone target=none navigation_elapsed_ms=83426 navigation_ticks=1668 searching=false path_index=0 path_length=38 retries=0 pending_route_events=0 dropped_route_events=0 status=mining_and_collecting_minecraft:birch_log___0/1
[15:08:59] [Render thread/INFO] (lodekeeper) [Lodekeeper] BREAK target=Mutable{x=18, y=6, z=-27} block=Block{minecraft:stone} tool=minecraft:diamond_pickaxe slot=1 remaining=1242 required=route
[15:09:00] [Render thread/INFO] (lodekeeper) [Lodekeeper] BREAK target=Mutable{x=18, y=5, z=-27} block=Block{minecraft:stone} tool=minecraft:diamond_pickaxe slot=1 remaining=1241 required=route
[15:09:00] [Render thread/INFO] (lodekeeper) [Lodekeeper] BREAK target=Mutable{x=18, y=6, z=-26} block=Block{minecraft:stone} tool=minecraft:diamond_pickaxe slot=1 remaining=1240 required=route
[15:09:01] [Render thread/INFO] (lodekeeper) [Lodekeeper] PROGRESS elapsed_ms=687723 phase=traveling backend=baritone target=none navigation_elapsed_ms=85422 navigation_ticks=1708 searching=false path_index=0 path_length=36 retries=0 pending_route_events=0 dropped_route_events=0 status=mining_and_collecting_minecraft:birch_log___0/1
[15:09:01] [Render thread/INFO] (lodekeeper) [Lodekeeper] BREAK target=Mutable{x=18, y=5, z=-26} block=Block{minecraft:stone} tool=minecraft:diamond_pickaxe slot=1 remaining=1239 required=route
[15:09:01] [Render thread/INFO] (lodekeeper) [Lodekeeper] BREAK target=Mutable{x=19, y=6, z=-26} block=Block{minecraft:stone} tool=minecraft:diamond_pickaxe slot=1 remaining=1238 required=route
[15:09:02] [Render thread/INFO] (lodekeeper) [Lodekeeper] BREAK target=Mutable{x=18, y=7, z=-26} block=Block{minecraft:stone} tool=minecraft:diamond_pickaxe slot=1 remaining=1237 required=route
[15:09:03] [Render thread/INFO] (lodekeeper) [Lodekeeper] BREAK target=Mutable{x=19, y=7, z=-26} block=Block{minecraft:stone} tool=minecraft:diamond_pickaxe slot=1 remaining=1236 required=route
[15:09:03] [Render thread/INFO] (lodekeeper) [Lodekeeper] PROGRESS elapsed_ms=689735 phase=traveling backend=baritone target=none navigation_elapsed_ms=87401 navigation_ticks=1748 searching=false path_index=0 path_length=35 retries=0 pending_route_events=0 dropped_route_events=0 status=mining_and_collecting_minecraft:birch_log___0/1
[15:09:03] [Render thread/INFO] (lodekeeper) [Lodekeeper] BREAK target=Mutable{x=20, y=7, z=-26} block=Block{minecraft:stone} tool=minecraft:diamond_pickaxe slot=1 remaining=1235 required=route
[15:09:04] [Render thread/INFO] (lodekeeper) [Lodekeeper] BREAK target=Mutable{x=19, y=8, z=-26} block=Block{minecraft:stone} tool=minecraft:diamond_pickaxe slot=1 remaining=1234 required=route
[15:09:05] [Render thread/INFO] (lodekeeper) [Lodekeeper] BREAK target=Mutable{x=20, y=8, z=-26} block=Block{minecraft:stone} tool=minecraft:diamond_pickaxe slot=1 remaining=1233 required=route
[15:09:05] [Render thread/INFO] (lodekeeper) [Lodekeeper] PROGRESS elapsed_ms=691762 phase=traveling backend=baritone target=none navigation_elapsed_ms=89600 navigation_ticks=1792 searching=false path_index=0 path_length=34 retries=0 pending_route_events=0 dropped_route_events=0 status=mining_and_collecting_minecraft:birch_log___0/1
[15:09:05] [Render thread/INFO] (lodekeeper) [Lodekeeper] BREAK target=Mutable{x=20, y=9, z=-26} block=Block{minecraft:stone} tool=minecraft:diamond_pickaxe slot=1 remaining=1232 required=route
[15:09:06] [Render thread/INFO] (lodekeeper) [Lodekeeper] BREAK target=Mutable{x=20, y=9, z=-25} block=Block{minecraft:stone} tool=minecraft:diamond_pickaxe slot=1 remaining=1231 required=route
[15:09:07] [Render thread/INFO] (lodekeeper) [Lodekeeper] PROGRESS elapsed_ms=693777 phase=traveling backend=baritone target=none navigation_elapsed_ms=91615 navigation_ticks=1832 searching=false path_index=0 path_length=33 retries=0 pending_route_events=0 dropped_route_events=0 status=mining_and_collecting_minecraft:birch_log___0/1
[15:09:07] [Render thread/INFO] (lodekeeper) [Lodekeeper] BREAK target=Mutable{x=20, y=10, z=-25} block=Block{minecraft:stone} tool=minecraft:diamond_pickaxe slot=1 remaining=1230 required=route
[15:09:09] [Render thread/INFO] (lodekeeper) [Lodekeeper] PROGRESS elapsed_ms=695786 phase=traveling backend=baritone target=none navigation_elapsed_ms=93624 navigation_ticks=1872 searching=false path_index=0 path_length=27 retries=0 pending_route_events=0 dropped_route_events=0 status=mining_and_collecting_minecraft:birch_log___0/1
[15:09:09] [Render thread/INFO] (lodekeeper) [Lodekeeper] BREAK target=Mutable{x=24, y=13, z=-21} block=Block{minecraft:stone} tool=minecraft:diamond_pickaxe slot=1 remaining=1229 required=route
[15:09:10] [Render thread/INFO] (lodekeeper) [Lodekeeper] BREAK target=Mutable{x=24, y=15, z=-21} block=Block{minecraft:stone} tool=minecraft:diamond_pickaxe slot=1 remaining=1228 required=route
[15:09:11] [Render thread/INFO] (lodekeeper) [Lodekeeper] BREAK target=Mutable{x=25, y=15, z=-21} block=Block{minecraft:stone} tool=minecraft:diamond_pickaxe slot=1 remaining=1227 required=route
[15:09:11] [Render thread/INFO] (lodekeeper) [Lodekeeper] PROGRESS elapsed_ms=697829 phase=traveling backend=baritone target=none navigation_elapsed_ms=95596 navigation_ticks=1912 searching=false path_index=0 path_length=25 retries=0 pending_route_events=0 dropped_route_events=0 status=mining_and_collecting_minecraft:birch_log___0/1
[15:09:11] [Render thread/INFO] (lodekeeper) [Lodekeeper] BREAK target=Mutable{x=26, y=15, z=-21} block=Block{minecraft:stone} tool=minecraft:diamond_pickaxe slot=1 remaining=1226 required=route
[15:09:12] [Render thread/INFO] (lodekeeper) [Lodekeeper] BREAK target=Mutable{x=25, y=16, z=-21} block=Block{minecraft:stone} tool=minecraft:diamond_pickaxe slot=1 remaining=1225 required=route
[15:09:13] [Render thread/INFO] (lodekeeper) [Lodekeeper] BREAK target=Mutable{x=26, y=16, z=-21} block=Block{minecraft:stone} tool=minecraft:diamond_pickaxe slot=1 remaining=1224 required=route
[15:09:13] [Render thread/INFO] (lodekeeper) [Lodekeeper] PROGRESS elapsed_ms=699878 phase=traveling backend=baritone target=none navigation_elapsed_ms=97613 navigation_ticks=1952 searching=false path_index=0 path_length=24 retries=0 pending_route_events=0 dropped_route_events=0 status=mining_and_collecting_minecraft:birch_log___0/1
[15:09:13] [Render thread/INFO] (lodekeeper) [Lodekeeper] BREAK target=Mutable{x=26, y=17, z=-21} block=Block{minecraft:stone} tool=minecraft:diamond_pickaxe slot=1 remaining=1223 required=route
[15:09:14] [Render thread/INFO] (lodekeeper) [Lodekeeper] BREAK target=Mutable{x=25, y=17, z=-21} block=Block{minecraft:stone} tool=minecraft:diamond_pickaxe slot=1 remaining=1222 required=route
[15:09:15] [Render thread/INFO] (lodekeeper) [Lodekeeper] PROGRESS elapsed_ms=701939 phase=traveling backend=baritone target=none navigation_elapsed_ms=99604 navigation_ticks=1992 searching=false path_index=0 path_length=23 retries=0 pending_route_events=0 dropped_route_events=0 status=mining_and_collecting_minecraft:birch_log___0/1
[15:09:15] [Render thread/INFO] (lodekeeper) [Lodekeeper] BREAK target=Mutable{x=24, y=17, z=-21} block=Block{minecraft:stone} tool=minecraft:diamond_pickaxe slot=1 remaining=1221 required=route
[15:09:15] [Render thread/INFO] (lodekeeper) [Lodekeeper] BREAK target=Mutable{x=25, y=18, z=-21} block=Block{minecraft:stone} tool=minecraft:diamond_pickaxe slot=1 remaining=1220 required=route
[15:09:16] [Render thread/INFO] (lodekeeper) [Lodekeeper] BREAK target=Mutable{x=24, y=18, z=-21} block=Block{minecraft:stone} tool=minecraft:diamond_pickaxe slot=1 remaining=1219 required=route
[15:09:17] [Render thread/INFO] (lodekeeper) [Lodekeeper] BREAK target=Mutable{x=23, y=18, z=-21} block=Block{minecraft:stone} tool=minecraft:diamond_pickaxe slot=1 remaining=1218 required=route
[15:09:17] [Render thread/INFO] (lodekeeper) [Lodekeeper] PROGRESS elapsed_ms=703985 phase=traveling backend=baritone target=none navigation_elapsed_ms=101823 navigation_ticks=2036 searching=false path_index=0 path_length=21 retries=0 pending_route_events=0 dropped_route_events=0 status=mining_and_collecting_minecraft:birch_log___0/1
[15:09:17] [Render thread/INFO] (lodekeeper) [Lodekeeper] BREAK target=Mutable{x=24, y=19, z=-21} block=Block{minecraft:stone} tool=minecraft:diamond_pickaxe slot=1 remaining=1217 required=route
[15:09:18] [Render thread/INFO] (lodekeeper) [Lodekeeper] BREAK target=Mutable{x=23, y=19, z=-21} block=Block{minecraft:stone} tool=minecraft:diamond_pickaxe slot=1 remaining=1216 required=route
[15:09:19] [Render thread/INFO] (lodekeeper) [Lodekeeper] BREAK target=Mutable{x=22, y=19, z=-21} block=Block{minecraft:stone} tool=minecraft:diamond_pickaxe slot=1 remaining=1215 required=route
[15:09:19] [Render thread/INFO] (lodekeeper) [Lodekeeper] PROGRESS elapsed_ms=706008 phase=traveling backend=baritone target=none navigation_elapsed_ms=103811 navigation_ticks=2076 searching=false path_index=0 path_length=20 retries=0 pending_route_events=0 dropped_route_events=0 status=mining_and_collecting_minecraft:birch_log___0/1
[15:09:19] [Render thread/INFO] (lodekeeper) [Lodekeeper] BREAK target=Mutable{x=23, y=20, z=-21} block=Block{minecraft:stone} tool=minecraft:diamond_pickaxe slot=1 remaining=1214 required=route
[15:09:20] [Render thread/INFO] (lodekeeper) [Lodekeeper] BREAK target=Mutable{x=22, y=20, z=-21} block=Block{minecraft:stone} tool=minecraft:diamond_pickaxe slot=1 remaining=1213 required=route
[15:09:21] [Render thread/INFO] (lodekeeper) [Lodekeeper] BREAK target=Mutable{x=21, y=20, z=-21} block=Block{minecraft:stone} tool=minecraft:diamond_pickaxe slot=1 remaining=1212 required=route
[15:09:21] [Render thread/INFO] (lodekeeper) [Lodekeeper] PROGRESS elapsed_ms=708029 phase=traveling backend=baritone target=none navigation_elapsed_ms=105798 navigation_ticks=2116 searching=false path_index=0 path_length=19 retries=0 pending_route_events=0 dropped_route_events=0 status=mining_and_collecting_minecraft:birch_log___0/1
[15:09:21] [Render thread/INFO] (lodekeeper) [Lodekeeper] BREAK target=Mutable{x=22, y=21, z=-21} block=Block{minecraft:stone} tool=minecraft:diamond_pickaxe slot=1 remaining=1211 required=route
[15:09:22] [Render thread/INFO] (lodekeeper) [Lodekeeper] BREAK target=Mutable{x=21, y=21, z=-21} block=Block{minecraft:stone} tool=minecraft:diamond_pickaxe slot=1 remaining=1210 required=route
[15:09:23] [Render thread/INFO] (lodekeeper) [Lodekeeper] BREAK target=Mutable{x=21, y=21, z=-22} block=Block{minecraft:stone} tool=minecraft:diamond_pickaxe slot=1 remaining=1209 required=route
[15:09:23] [Render thread/INFO] (lodekeeper) [Lodekeeper] PROGRESS elapsed_ms=710075 phase=traveling backend=baritone target=none navigation_elapsed_ms=107811 navigation_ticks=2156 searching=false path_index=0 path_length=18 retries=0 pending_route_events=0 dropped_route_events=0 status=mining_and_collecting_minecraft:birch_log___0/1
[15:09:23] [Render thread/INFO] (lodekeeper) [Lodekeeper] BREAK target=Mutable{x=21, y=22, z=-21} block=Block{minecraft:stone} tool=minecraft:diamond_pickaxe slot=1 remaining=1208 required=route
[15:09:24] [Render thread/INFO] (lodekeeper) [Lodekeeper] BREAK target=Mutable{x=21, y=22, z=-22} block=Block{minecraft:stone} tool=minecraft:diamond_pickaxe slot=1 remaining=1207 required=route
[15:09:24] [Render thread/INFO] (lodekeeper) [Lodekeeper] BREAK target=Mutable{x=21, y=22, z=-23} block=Block{minecraft:stone} tool=minecraft:diamond_pickaxe slot=1 remaining=1206 required=route
[15:09:25] [Render thread/INFO] (lodekeeper) [Lodekeeper] PROGRESS elapsed_ms=712090 phase=traveling backend=baritone target=none navigation_elapsed_ms=109823 navigation_ticks=2196 searching=false path_index=0 path_length=17 retries=0 pending_route_events=0 dropped_route_events=0 status=mining_and_collecting_minecraft:birch_log___0/1
[15:09:25] [Render thread/INFO] (lodekeeper) [Lodekeeper] BREAK target=Mutable{x=21, y=23, z=-22} block=Block{minecraft:stone} tool=minecraft:diamond_pickaxe slot=1 remaining=1205 required=route
[15:09:26] [Render thread/INFO] (lodekeeper) [Lodekeeper] BREAK target=Mutable{x=21, y=23, z=-23} block=Block{minecraft:stone} tool=minecraft:diamond_pickaxe slot=1 remaining=1204 required=route
[15:09:26] [Render thread/INFO] (lodekeeper) [Lodekeeper] BREAK target=Mutable{x=21, y=23, z=-24} block=Block{minecraft:stone} tool=minecraft:diamond_pickaxe slot=1 remaining=1203 required=route
[15:09:27] [Render thread/INFO] (lodekeeper) [Lodekeeper] BREAK target=Mutable{x=21, y=24, z=-23} block=Block{minecraft:stone} tool=minecraft:diamond_pickaxe slot=1 remaining=1202 required=route
[15:09:27] [Render thread/INFO] (lodekeeper) [Lodekeeper] PROGRESS elapsed_ms=714136 phase=traveling backend=baritone target=none navigation_elapsed_ms=111804 navigation_ticks=2236 searching=false path_index=0 path_length=16 retries=0 pending_route_events=0 dropped_route_events=0 status=mining_and_collecting_minecraft:birch_log___0/1
[15:09:28] [Render thread/INFO] (lodekeeper) [Lodekeeper] BREAK target=Mutable{x=21, y=24, z=-24} block=Block{minecraft:stone} tool=minecraft:diamond_pickaxe slot=1 remaining=1201 required=route
[15:09:28] [Render thread/INFO] (lodekeeper) [Lodekeeper] BREAK target=Mutable{x=21, y=24, z=-25} block=Block{minecraft:stone} tool=minecraft:diamond_pickaxe slot=1 remaining=1200 required=route
[15:09:29] [Render thread/INFO] (lodekeeper) [Lodekeeper] BREAK target=Mutable{x=21, y=25, z=-24} block=Block{minecraft:stone} tool=minecraft:diamond_pickaxe slot=1 remaining=1199 required=route
[15:09:29] [Render thread/INFO] (lodekeeper) [Lodekeeper] PROGRESS elapsed_ms=716187 phase=traveling backend=baritone target=none navigation_elapsed_ms=114024 navigation_ticks=2280 searching=false path_index=0 path_length=15 retries=0 pending_route_events=0 dropped_route_events=0 status=mining_and_collecting_minecraft:birch_log___0/1
[15:09:30] [Render thread/INFO] (lodekeeper) [Lodekeeper] BREAK target=Mutable{x=21, y=25, z=-25} block=Block{minecraft:stone} tool=minecraft:diamond_pickaxe slot=1 remaining=1198 required=route
[15:09:30] [Render thread/INFO] (lodekeeper) [Lodekeeper] BREAK target=Mutable{x=20, y=25, z=-25} block=Block{minecraft:stone} tool=minecraft:diamond_pickaxe slot=1 remaining=1197 required=route
[15:09:31] [Render thread/INFO] (lodekeeper) [Lodekeeper] BREAK target=Mutable{x=21, y=26, z=-25} block=Block{minecraft:stone} tool=minecraft:diamond_pickaxe slot=1 remaining=1196 required=route
[15:09:31] [Render thread/INFO] (lodekeeper) [Lodekeeper] PROGRESS elapsed_ms=718237 phase=traveling backend=baritone target=none navigation_elapsed_ms=116007 navigation_ticks=2320 searching=false path_index=0 path_length=14 retries=0 pending_route_events=0 dropped_route_events=0 status=mining_and_collecting_minecraft:birch_log___0/1
[15:09:31] [Render thread/INFO] (lodekeeper) [Lodekeeper] BREAK target=Mutable{x=20, y=26, z=-25} block=Block{minecraft:stone} tool=minecraft:diamond_pickaxe slot=1 remaining=1195 required=route
[15:09:32] [Render thread/INFO] (lodekeeper) [Lodekeeper] BREAK target=Mutable{x=20, y=26, z=-26} block=Block{minecraft:stone} tool=minecraft:diamond_pickaxe slot=1 remaining=1194 required=route
[15:09:33] [Render thread/INFO] (lodekeeper) [Lodekeeper] BREAK target=Mutable{x=20, y=27, z=-25} block=Block{minecraft:stone} tool=minecraft:diamond_pickaxe slot=1 remaining=1193 required=route
[15:09:33] [Render thread/INFO] (lodekeeper) [Lodekeeper] PROGRESS elapsed_ms=720257 phase=traveling backend=baritone target=none navigation_elapsed_ms=118026 navigation_ticks=2360 searching=false path_index=0 path_length=13 retries=0 pending_route_events=0 dropped_route_events=0 status=mining_and_collecting_minecraft:birch_log___0/1
[15:09:34] [Render thread/INFO] (lodekeeper) [Lodekeeper] BREAK target=Mutable{x=20, y=27, z=-26} block=Block{minecraft:stone} tool=minecraft:diamond_pickaxe slot=1 remaining=1192 required=route
[15:09:34] [Render thread/INFO] (lodekeeper) [Lodekeeper] BREAK target=Mutable{x=19, y=27, z=-26} block=Block{minecraft:stone} tool=minecraft:diamond_pickaxe slot=1 remaining=1191 required=route
[15:09:35] [Render thread/INFO] (lodekeeper) [Lodekeeper] BREAK target=Mutable{x=20, y=28, z=-26} block=Block{minecraft:stone} tool=minecraft:diamond_pickaxe slot=1 remaining=1190 required=route
[15:09:35] [Render thread/INFO] (lodekeeper) [Lodekeeper] PROGRESS elapsed_ms=722271 phase=traveling backend=baritone target=none navigation_elapsed_ms=120005 navigation_ticks=2400 searching=false path_index=0 path_length=12 retries=0 pending_route_events=0 dropped_route_events=0 status=mining_and_collecting_minecraft:birch_log___0/1
[15:09:36] [Render thread/INFO] (lodekeeper) [Lodekeeper] BREAK target=Mutable{x=19, y=28, z=-26} block=Block{minecraft:stone} tool=minecraft:diamond_pickaxe slot=1 remaining=1189 required=route
[15:09:36] [Render thread/INFO] (lodekeeper) [Lodekeeper] BREAK target=Mutable{x=19, y=28, z=-27} block=Block{minecraft:stone} tool=minecraft:diamond_pickaxe slot=1 remaining=1188 required=route
[15:09:37] [Render thread/INFO] (lodekeeper) [Lodekeeper] BREAK target=Mutable{x=19, y=29, z=-26} block=Block{minecraft:stone} tool=minecraft:diamond_pickaxe slot=1 remaining=1187 required=route
[15:09:37] [Render thread/INFO] (lodekeeper) [Lodekeeper] PROGRESS elapsed_ms=724282 phase=traveling backend=baritone target=none navigation_elapsed_ms=122017 navigation_ticks=2440 searching=false path_index=0 path_length=11 retries=0 pending_route_events=0 dropped_route_events=0 status=mining_and_collecting_minecraft:birch_log___0/1
[15:09:37] [Render thread/INFO] (lodekeeper) [Lodekeeper] BREAK target=Mutable{x=19, y=29, z=-27} block=Block{minecraft:stone} tool=minecraft:diamond_pickaxe slot=1 remaining=1186 required=route
[15:09:38] [Render thread/INFO] (lodekeeper) [Lodekeeper] BREAK target=Mutable{x=19, y=29, z=-28} block=Block{minecraft:stone} tool=minecraft:diamond_pickaxe slot=1 remaining=1185 required=route
[15:09:39] [Render thread/INFO] (lodekeeper) [Lodekeeper] BREAK target=Mutable{x=19, y=30, z=-27} block=Block{minecraft:stone} tool=minecraft:diamond_pickaxe slot=1 remaining=1184 required=route
[15:09:39] [Render thread/INFO] (lodekeeper) [Lodekeeper] PROGRESS elapsed_ms=726337 phase=traveling backend=baritone target=none navigation_elapsed_ms=124005 navigation_ticks=2480 searching=false path_index=0 path_length=10 retries=0 pending_route_events=0 dropped_route_events=0 status=mining_and_collecting_minecraft:birch_log___0/1
[15:09:39] [Render thread/INFO] (lodekeeper) [Lodekeeper] BREAK target=Mutable{x=19, y=30, z=-28} block=Block{minecraft:stone} tool=minecraft:diamond_pickaxe slot=1 remaining=1183 required=route
[15:09:40] [Render thread/INFO] (lodekeeper) [Lodekeeper] BREAK target=Mutable{x=19, y=30, z=-29} block=Block{minecraft:stone} tool=minecraft:diamond_pickaxe slot=1 remaining=1182 required=route
[15:09:41] [Render thread/INFO] (lodekeeper) [Lodekeeper] BREAK target=Mutable{x=19, y=31, z=-28} block=Block{minecraft:stone} tool=minecraft:diamond_pickaxe slot=1 remaining=1181 required=route
[15:09:41] [Render thread/INFO] (lodekeeper) [Lodekeeper] PROGRESS elapsed_ms=728366 phase=traveling backend=baritone target=none navigation_elapsed_ms=126204 navigation_ticks=2524 searching=false path_index=0 path_length=9 retries=0 pending_route_events=0 dropped_route_events=0 status=mining_and_collecting_minecraft:birch_log___0/1
[15:09:41] [Render thread/INFO] (lodekeeper) [Lodekeeper] BREAK target=Mutable{x=19, y=31, z=-29} block=Block{minecraft:stone} tool=minecraft:diamond_pickaxe slot=1 remaining=1180 required=route
[15:09:42] [Render thread/INFO] (lodekeeper) [Lodekeeper] BREAK target=Mutable{x=18, y=31, z=-29} block=Block{minecraft:stone} tool=minecraft:diamond_pickaxe slot=1 remaining=1179 required=route
[15:09:43] [Render thread/INFO] (lodekeeper) [Lodekeeper] BREAK target=Mutable{x=19, y=32, z=-29} block=Block{minecraft:stone} tool=minecraft:diamond_pickaxe slot=1 remaining=1178 required=route
[15:09:43] [Render thread/INFO] (lodekeeper) [Lodekeeper] PROGRESS elapsed_ms=730385 phase=traveling backend=baritone target=none navigation_elapsed_ms=128223 navigation_ticks=2564 searching=false path_index=0 path_length=8 retries=0 pending_route_events=0 dropped_route_events=0 status=mining_and_collecting_minecraft:birch_log___0/1
[15:09:43] [Render thread/INFO] (lodekeeper) [Lodekeeper] BREAK target=Mutable{x=18, y=32, z=-29} block=Block{minecraft:stone} tool=minecraft:diamond_pickaxe slot=1 remaining=1177 required=route
[15:09:44] [Render thread/INFO] (lodekeeper) [Lodekeeper] NAV backend=baritone mode=MINE event=NEXT_SEGMENT_CALC_STARTED elapsedMs=128873
[15:09:44] [Render thread/INFO] (lodekeeper) [Lodekeeper] BREAK target=Mutable{x=18, y=32, z=-30} block=Block{minecraft:stone} tool=minecraft:diamond_pickaxe slot=1 remaining=1176 required=route
[15:09:44] [Render thread/INFO] (lodekeeper) [Lodekeeper] ROUTE_SEARCH kind=unknown anchor=unknown feet_y16=0 candidates=0 target=none elapsed_ms=731170
[15:09:45] [Render thread/INFO] (lodekeeper) [Lodekeeper] BREAK target=Mutable{x=18, y=33, z=-29} block=Block{minecraft:stone} tool=minecraft:diamond_pickaxe slot=1 remaining=1175 required=route
[15:09:45] [Render thread/INFO] (lodekeeper) [Lodekeeper] BREAK target=Mutable{x=18, y=33, z=-30} block=Block{minecraft:stone} tool=minecraft:diamond_pickaxe slot=1 remaining=1174 required=route
[15:09:45] [Render thread/INFO] (lodekeeper) [Lodekeeper] PROGRESS elapsed_ms=732409 phase=searching backend=baritone target=none navigation_elapsed_ms=130212 navigation_ticks=2604 searching=true path_index=0 path_length=7 retries=0 pending_route_events=0 dropped_route_events=0 status=mining_and_collecting_minecraft:birch_log___0/1___planning_next_route
[15:09:46] [Render thread/INFO] (lodekeeper) [Lodekeeper] BREAK target=Mutable{x=17, y=33, z=-30} block=Block{minecraft:stone} tool=minecraft:diamond_pickaxe slot=1 remaining=1173 required=route
[15:09:46] [Render thread/INFO] (lodekeeper) [Lodekeeper] ROUTE_TRAVEL path_index=0 path_length=6 target=none elapsed_ms=733578
[15:09:46] [Render thread/INFO] (lodekeeper) [Lodekeeper] NAV backend=baritone mode=MINE event=NEXT_SEGMENT_CALC_FINISHED elapsedMs=131416
[15:09:46] [Render thread/INFO] (lodekeeper) [Lodekeeper] BREAK target=Mutable{x=18, y=34, z=-30} block=Block{minecraft:stone} tool=minecraft:diamond_pickaxe slot=1 remaining=1172 required=route
[15:09:47] [Render thread/INFO] (lodekeeper) [Lodekeeper] TARGET target=16,65,-31 block=minecraft:birch_log
[15:09:47] [Render thread/INFO] (lodekeeper) [Lodekeeper] BREAK target=Mutable{x=17, y=34, z=-30} block=Block{minecraft:stone} tool=minecraft:diamond_pickaxe slot=1 remaining=1171 required=route
[15:09:47] [Render thread/INFO] (lodekeeper) [Lodekeeper] PROGRESS elapsed_ms=734438 phase=traveling backend=baritone target=16,65,-31 block=minecraft:birch_log navigation_elapsed_ms=132206 navigation_ticks=2644 searching=false path_index=0 path_length=38 retries=0 pending_route_events=0 dropped_route_events=0 status=mining_and_collecting_minecraft:birch_log___0/1
[15:09:48] [Render thread/INFO] (lodekeeper) [Lodekeeper] BREAK target=Mutable{x=17, y=34, z=-31} block=Block{minecraft:stone} tool=minecraft:diamond_pickaxe slot=1 remaining=1170 required=route
[15:09:48] [Render thread/INFO] (lodekeeper) [Lodekeeper] BREAK target=Mutable{x=17, y=35, z=-30} block=Block{minecraft:stone} tool=minecraft:diamond_pickaxe slot=1 remaining=1169 required=route
[15:09:49] [Render thread/INFO] (lodekeeper) [Lodekeeper] BREAK target=Mutable{x=17, y=35, z=-31} block=Block{minecraft:stone} tool=minecraft:diamond_pickaxe slot=1 remaining=1168 required=route
[15:09:49] [Render thread/INFO] (lodekeeper) [Lodekeeper] PROGRESS elapsed_ms=736488 phase=traveling backend=baritone target=16,65,-31 block=minecraft:birch_log navigation_elapsed_ms=134223 navigation_ticks=2684 searching=false path_index=0 path_length=37 retries=0 pending_route_events=0 dropped_route_events=0 status=mining_and_collecting_minecraft:birch_log___0/1
[15:09:50] [Render thread/INFO] (lodekeeper) [Lodekeeper] BREAK target=Mutable{x=16, y=35, z=-31} block=Block{minecraft:stone} tool=minecraft:diamond_pickaxe slot=1 remaining=1167 required=route
[15:09:50] [Render thread/INFO] (lodekeeper) [Lodekeeper] BREAK target=Mutable{x=17, y=36, z=-31} block=Block{minecraft:stone} tool=minecraft:diamond_pickaxe slot=1 remaining=1166 required=route
[15:09:51] [Render thread/INFO] (lodekeeper) [Lodekeeper] BREAK target=Mutable{x=16, y=36, z=-31} block=Block{minecraft:stone} tool=minecraft:diamond_pickaxe slot=1 remaining=1165 required=route
[15:09:51] [Render thread/INFO] (lodekeeper) [Lodekeeper] PROGRESS elapsed_ms=738537 phase=traveling backend=baritone target=16,65,-31 block=minecraft:birch_log navigation_elapsed_ms=136203 navigation_ticks=2724 searching=false path_index=0 path_length=36 retries=0 pending_route_events=0 dropped_route_events=0 status=mining_and_collecting_minecraft:birch_log___0/1
[15:09:52] [Render thread/INFO] (lodekeeper) [Lodekeeper] BREAK target=Mutable{x=15, y=36, z=-31} block=Block{minecraft:stone} tool=minecraft:diamond_pickaxe slot=1 remaining=1164 required=route
[15:09:52] [Render thread/INFO] (lodekeeper) [Lodekeeper] BREAK target=Mutable{x=16, y=37, z=-31} block=Block{minecraft:stone} tool=minecraft:diamond_pickaxe slot=1 remaining=1163 required=route
[15:09:53] [Render thread/INFO] (lodekeeper) [Lodekeeper] BREAK target=Mutable{x=15, y=37, z=-31} block=Block{minecraft:stone} tool=minecraft:diamond_pickaxe slot=1 remaining=1162 required=route
[15:09:53] [Render thread/INFO] (lodekeeper) [Lodekeeper] PROGRESS elapsed_ms=740583 phase=traveling backend=baritone target=16,65,-31 block=minecraft:birch_log navigation_elapsed_ms=138421 navigation_ticks=2768 searching=false path_index=0 path_length=35 retries=0 pending_route_events=0 dropped_route_events=0 status=mining_and_collecting_minecraft:birch_log___0/1
[15:09:53] [Render thread/INFO] (lodekeeper) [Lodekeeper] BREAK target=Mutable{x=15, y=38, z=-31} block=Block{minecraft:stone} tool=minecraft:diamond_pickaxe slot=1 remaining=1161 required=route
[15:09:54] [Render thread/INFO] (lodekeeper) [Lodekeeper] BREAK target=Mutable{x=16, y=38, z=-31} block=Block{minecraft:stone} tool=minecraft:diamond_pickaxe slot=1 remaining=1160 required=route
[15:09:55] [Render thread/INFO] (lodekeeper) [Lodekeeper] BREAK target=Mutable{x=16, y=38, z=-30} block=Block{minecraft:stone} tool=minecraft:diamond_pickaxe slot=1 remaining=1159 required=route
[15:09:56] [Render thread/INFO] (lodekeeper) [Lodekeeper] PROGRESS elapsed_ms=742639 phase=traveling backend=baritone target=16,65,-31 block=minecraft:birch_log navigation_elapsed_ms=140409 navigation_ticks=2808 searching=false path_index=0 path_length=33 retries=0 pending_route_events=0 dropped_route_events=0 status=mining_and_collecting_minecraft:birch_log___0/1
[15:09:56] [Render thread/INFO] (lodekeeper) [Lodekeeper] BREAK target=Mutable{x=16, y=39, z=-31} block=Block{minecraft:stone} tool=minecraft:diamond_pickaxe slot=1 remaining=1158 required=route
[15:09:56] [Render thread/INFO] (lodekeeper) [Lodekeeper] BREAK target=Mutable{x=16, y=39, z=-30} block=Block{minecraft:stone} tool=minecraft:diamond_pickaxe slot=1 remaining=1157 required=route
[15:09:57] [Render thread/INFO] (lodekeeper) [Lodekeeper] BREAK target=Mutable{x=16, y=40, z=-30} block=Block{minecraft:stone} tool=minecraft:diamond_pickaxe slot=1 remaining=1156 required=route
[15:09:57] [Render thread/INFO] (lodekeeper) [Lodekeeper] BREAK target=Mutable{x=16, y=40, z=-31} block=Block{minecraft:stone} tool=minecraft:diamond_pickaxe slot=1 remaining=1155 required=route
[15:09:58] [Render thread/INFO] (lodekeeper) [Lodekeeper] PROGRESS elapsed_ms=744656 phase=traveling backend=baritone target=16,65,-31 block=minecraft:birch_log navigation_elapsed_ms=142426 navigation_ticks=2848 searching=false path_index=0 path_length=32 retries=0 pending_route_events=0 dropped_route_events=0 status=mining_and_collecting_minecraft:birch_log___0/1
[15:09:58] [Render thread/INFO] (lodekeeper) [Lodekeeper] BREAK target=Mutable{x=15, y=40, z=-31} block=Block{minecraft:stone} tool=minecraft:diamond_pickaxe slot=1 remaining=1154 required=route
[15:09:59] [Render thread/INFO] (lodekeeper) [Lodekeeper] BREAK target=Mutable{x=16, y=41, z=-31} block=Block{minecraft:stone} tool=minecraft:diamond_pickaxe slot=1 remaining=1153 required=route
[15:10:00] [Render thread/INFO] (lodekeeper) [Lodekeeper] PROGRESS elapsed_ms=746678 phase=traveling backend=baritone target=16,65,-31 block=minecraft:birch_log navigation_elapsed_ms=144414 navigation_ticks=2888 searching=false path_index=0 path_length=31 retries=0 pending_route_events=0 dropped_route_events=0 status=mining_and_collecting_minecraft:birch_log___0/1
[15:10:00] [Render thread/INFO] (lodekeeper) [Lodekeeper] BREAK target=Mutable{x=15, y=41, z=-31} block=Block{minecraft:stone} tool=minecraft:diamond_pickaxe slot=1 remaining=1152 required=route
[15:10:00] [Render thread/INFO] (lodekeeper) [Lodekeeper] BREAK target=Mutable{x=15, y=42, z=-31} block=Block{minecraft:stone} tool=minecraft:diamond_pickaxe slot=1 remaining=1151 required=route
[15:10:01] [Render thread/INFO] (lodekeeper) [Lodekeeper] BREAK target=Mutable{x=16, y=42, z=-31} block=Block{minecraft:stone} tool=minecraft:diamond_pickaxe slot=1 remaining=1150 required=route
[15:10:02] [Render thread/INFO] (lodekeeper) [Lodekeeper] PROGRESS elapsed_ms=748731 phase=traveling backend=baritone target=16,65,-31 block=minecraft:birch_log navigation_elapsed_ms=146398 navigation_ticks=2928 searching=false path_index=0 path_length=30 retries=0 pending_route_events=0 dropped_route_events=0 status=mining_and_collecting_minecraft:birch_log___0/1
[15:10:02] [Render thread/INFO] (lodekeeper) [Lodekeeper] BREAK target=Mutable{x=16, y=42, z=-32} block=Block{minecraft:stone} tool=minecraft:diamond_pickaxe slot=1 remaining=1149 required=route
[15:10:02] [Render thread/INFO] (lodekeeper) [Lodekeeper] BREAK target=Mutable{x=16, y=43, z=-31} block=Block{minecraft:stone} tool=minecraft:diamond_pickaxe slot=1 remaining=1148 required=route
[15:10:03] [Render thread/INFO] (lodekeeper) [Lodekeeper] BREAK target=Mutable{x=16, y=43, z=-32} block=Block{minecraft:stone} tool=minecraft:diamond_pickaxe slot=1 remaining=1147 required=route
[15:10:04] [Render thread/INFO] (lodekeeper) [Lodekeeper] PROGRESS elapsed_ms=750784 phase=traveling backend=baritone target=16,65,-31 block=minecraft:birch_log navigation_elapsed_ms=148622 navigation_ticks=2972 searching=false path_index=0 path_length=29 retries=0 pending_route_events=0 dropped_route_events=0 status=mining_and_collecting_minecraft:birch_log___0/1
[15:10:04] [Render thread/INFO] (lodekeeper) [Lodekeeper] BREAK target=Mutable{x=16, y=44, z=-32} block=Block{minecraft:stone} tool=minecraft:diamond_pickaxe slot=1 remaining=1146 required=route
[15:10:04] [Render thread/INFO] (lodekeeper) [Lodekeeper] BREAK target=Mutable{x=16, y=44, z=-31} block=Block{minecraft:stone} tool=minecraft:diamond_pickaxe slot=1 remaining=1145 required=route
[15:10:05] [Render thread/INFO] (lodekeeper) [Lodekeeper] BREAK target=Mutable{x=16, y=45, z=-31} block=Block{minecraft:stone} tool=minecraft:diamond_pickaxe slot=1 remaining=1144 required=route
[15:10:06] [Render thread/INFO] (lodekeeper) [Lodekeeper] PROGRESS elapsed_ms=752834 phase=traveling backend=baritone target=16,65,-31 block=minecraft:birch_log navigation_elapsed_ms=150604 navigation_ticks=3012 searching=false path_index=0 path_length=27 retries=0 pending_route_events=0 dropped_route_events=0 status=mining_and_collecting_minecraft:birch_log___0/1
[15:10:06] [Render thread/INFO] (lodekeeper) [Lodekeeper] BREAK target=Mutable{x=16, y=45, z=-32} block=Block{minecraft:stone} tool=minecraft:diamond_pickaxe slot=1 remaining=1143 required=route
[15:10:07] [Render thread/INFO] (lodekeeper) [Lodekeeper] BREAK target=Mutable{x=16, y=46, z=-32} block=Block{minecraft:stone} tool=minecraft:diamond_pickaxe slot=1 remaining=1142 required=route
[15:10:07] [Render thread/INFO] (lodekeeper) [Lodekeeper] BREAK target=Mutable{x=16, y=46, z=-31} block=Block{minecraft:andesite} tool=minecraft:diamond_pickaxe slot=1 remaining=1141 required=route
[15:10:08] [Render thread/INFO] (lodekeeper) [Lodekeeper] PROGRESS elapsed_ms=754857 phase=traveling backend=baritone target=16,65,-31 block=minecraft:birch_log navigation_elapsed_ms=152624 navigation_ticks=3052 searching=false path_index=0 path_length=26 retries=0 pending_route_events=0 dropped_route_events=0 status=mining_and_collecting_minecraft:birch_log___0/1
[15:10:08] [Render thread/INFO] (lodekeeper) [Lodekeeper] BREAK target=Mutable{x=16, y=47, z=-31} block=Block{minecraft:andesite} tool=minecraft:diamond_pickaxe slot=1 remaining=1140 required=route
[15:10:09] [Render thread/INFO] (lodekeeper) [Lodekeeper] BREAK target=Mutable{x=16, y=47, z=-32} block=Block{minecraft:andesite} tool=minecraft:diamond_pickaxe slot=1 remaining=1139 required=route
[15:10:10] [Render thread/INFO] (lodekeeper) [Lodekeeper] PROGRESS elapsed_ms=756869 phase=traveling backend=baritone target=16,65,-31 block=minecraft:birch_log navigation_elapsed_ms=154606 navigation_ticks=3092 searching=false path_index=0 path_length=25 retries=0 pending_route_events=0 dropped_route_events=0 status=mining_and_collecting_minecraft:birch_log___0/1
[15:10:10] [Render thread/INFO] (lodekeeper) [Lodekeeper] BREAK target=Mutable{x=16, y=48, z=-32} block=Block{minecraft:andesite} tool=minecraft:diamond_pickaxe slot=1 remaining=1138 required=route
[15:10:10] [Render thread/INFO] (lodekeeper) [Lodekeeper] BREAK target=Mutable{x=16, y=48, z=-31} block=Block{minecraft:andesite} tool=minecraft:diamond_pickaxe slot=1 remaining=1137 required=route
[15:10:11] [Render thread/INFO] (lodekeeper) [Lodekeeper] BREAK target=Mutable{x=15, y=48, z=-31} block=Block{minecraft:andesite} tool=minecraft:diamond_pickaxe slot=1 remaining=1136 required=route
[15:10:12] [Render thread/INFO] (lodekeeper) [Lodekeeper] PROGRESS elapsed_ms=758887 phase=traveling backend=baritone target=16,65,-31 block=minecraft:birch_log navigation_elapsed_ms=156621 navigation_ticks=3132 searching=false path_index=0 path_length=23 retries=0 pending_route_events=0 dropped_route_events=0 status=mining_and_collecting_minecraft:birch_log___0/1
[15:10:12] [Render thread/INFO] (lodekeeper) [Lodekeeper] BREAK target=Mutable{x=16, y=49, z=-31} block=Block{minecraft:andesite} tool=minecraft:diamond_pickaxe slot=1 remaining=1135 required=route
[15:10:13] [Render thread/INFO] (lodekeeper) [Lodekeeper] BREAK target=Mutable{x=15, y=49, z=-31} block=Block{minecraft:andesite} tool=minecraft:diamond_pickaxe slot=1 remaining=1134 required=route
[15:10:13] [Render thread/INFO] (lodekeeper) [Lodekeeper] BREAK target=Mutable{x=15, y=50, z=-31} block=Block{minecraft:andesite} tool=minecraft:diamond_pickaxe slot=1 remaining=1133 required=route
[15:10:14] [Render thread/INFO] (lodekeeper) [Lodekeeper] PROGRESS elapsed_ms=760929 phase=traveling backend=baritone target=16,65,-31 block=minecraft:birch_log navigation_elapsed_ms=158598 navigation_ticks=3172 searching=false path_index=0 path_length=22 retries=0 pending_route_events=0 dropped_route_events=0 status=mining_and_collecting_minecraft:birch_log___0/1
[15:10:14] [Render thread/INFO] (lodekeeper) [Lodekeeper] BREAK target=Mutable{x=16, y=50, z=-31} block=Block{minecraft:andesite} tool=minecraft:diamond_pickaxe slot=1 remaining=1132 required=route
[15:10:15] [Render thread/INFO] (lodekeeper) [Lodekeeper] BREAK target=Mutable{x=16, y=51, z=-31} block=Block{minecraft:andesite} tool=minecraft:diamond_pickaxe slot=1 remaining=1131 required=route
[15:10:15] [Render thread/INFO] (lodekeeper) [Lodekeeper] BREAK target=Mutable{x=15, y=51, z=-31} block=Block{minecraft:stone} tool=minecraft:diamond_pickaxe slot=1 remaining=1130 required=route
[15:10:16] [Render thread/INFO] (lodekeeper) [Lodekeeper] PROGRESS elapsed_ms=762975 phase=traveling backend=baritone target=16,65,-31 block=minecraft:birch_log navigation_elapsed_ms=160812 navigation_ticks=3216 searching=false path_index=0 path_length=21 retries=0 pending_route_events=0 dropped_route_events=0 status=mining_and_collecting_minecraft:birch_log___0/1
[15:10:16] [Render thread/INFO] (lodekeeper) [Lodekeeper] BREAK target=Mutable{x=15, y=52, z=-31} block=Block{minecraft:stone} tool=minecraft:diamond_pickaxe slot=1 remaining=1129 required=route
[15:10:17] [Render thread/INFO] (lodekeeper) [Lodekeeper] BREAK target=Mutable{x=16, y=52, z=-31} block=Block{minecraft:stone} tool=minecraft:diamond_pickaxe slot=1 remaining=1128 required=route
[15:10:18] [Render thread/INFO] (lodekeeper) [Lodekeeper] PROGRESS elapsed_ms=765026 phase=traveling backend=baritone target=16,65,-31 block=minecraft:birch_log navigation_elapsed_ms=162797 navigation_ticks=3256 searching=false path_index=0 path_length=20 retries=0 pending_route_events=0 dropped_route_events=0 status=mining_and_collecting_minecraft:birch_log___0/1
[15:10:18] [Render thread/INFO] (lodekeeper) [Lodekeeper] BREAK target=Mutable{x=16, y=52, z=-32} block=Block{minecraft:stone} tool=minecraft:diamond_pickaxe slot=1 remaining=1127 required=route
[15:10:19] [Render thread/INFO] (lodekeeper) [Lodekeeper] BREAK target=Mutable{x=16, y=53, z=-31} block=Block{minecraft:stone} tool=minecraft:diamond_pickaxe slot=1 remaining=1126 required=route
[15:10:19] [Render thread/INFO] (lodekeeper) [Lodekeeper] BREAK target=Mutable{x=16, y=53, z=-32} block=Block{minecraft:stone} tool=minecraft:diamond_pickaxe slot=1 remaining=1125 required=route
[15:10:20] [Render thread/INFO] (lodekeeper) [Lodekeeper] BREAK target=Mutable{x=16, y=54, z=-32} block=Block{minecraft:stone} tool=minecraft:diamond_pickaxe slot=1 remaining=1124 required=route
[15:10:20] [Render thread/INFO] (lodekeeper) [Lodekeeper] PROGRESS elapsed_ms=767039 phase=traveling backend=baritone target=16,65,-31 block=minecraft:birch_log navigation_elapsed_ms=164810 navigation_ticks=3296 searching=false path_index=0 path_length=18 retries=0 pending_route_events=0 dropped_route_events=0 status=mining_and_collecting_minecraft:birch_log___0/1
[15:10:20] [Render thread/INFO] (lodekeeper) [Lodekeeper] BREAK target=Mutable{x=16, y=54, z=-31} block=Block{minecraft:stone} tool=minecraft:diamond_pickaxe slot=1 remaining=1123 required=route
[15:10:21] [Render thread/INFO] (lodekeeper) [Lodekeeper] BREAK target=Mutable{x=16, y=54, z=-30} block=Block{minecraft:stone} tool=minecraft:diamond_pickaxe slot=1 remaining=1122 required=route
[15:10:22] [Render thread/INFO] (lodekeeper) [Lodekeeper] BREAK target=Mutable{x=16, y=55, z=-31} block=Block{minecraft:stone} tool=minecraft:diamond_pickaxe slot=1 remaining=1121 required=route
[15:10:22] [Render thread/INFO] (lodekeeper) [Lodekeeper] PROGRESS elapsed_ms=769086 phase=traveling backend=baritone target=16,65,-31 block=minecraft:birch_log navigation_elapsed_ms=166823 navigation_ticks=3336 searching=false path_index=0 path_length=17 retries=0 pending_route_events=0 dropped_route_events=0 status=mining_and_collecting_minecraft:birch_log___0/1
[15:10:22] [Render thread/INFO] (lodekeeper) [Lodekeeper] BREAK target=Mutable{x=16, y=55, z=-30} block=Block{minecraft:stone} tool=minecraft:diamond_pickaxe slot=1 remaining=1120 required=route
[15:10:23] [Render thread/INFO] (lodekeeper) [Lodekeeper] BREAK target=Mutable{x=15, y=55, z=-30} block=Block{minecraft:stone} tool=minecraft:diamond_pickaxe slot=1 remaining=1119 required=route
[15:10:24] [Render thread/INFO] (lodekeeper) [Lodekeeper] BREAK target=Mutable{x=16, y=56, z=-30} block=Block{minecraft:stone} tool=minecraft:diamond_pickaxe slot=1 remaining=1118 required=route
[15:10:24] [Render thread/INFO] (lodekeeper) [Lodekeeper] PROGRESS elapsed_ms=771108 phase=traveling backend=baritone target=16,65,-31 block=minecraft:birch_log navigation_elapsed_ms=168809 navigation_ticks=3376 searching=false path_index=0 path_length=16 retries=0 pending_route_events=0 dropped_route_events=0 status=mining_and_collecting_minecraft:birch_log___0/1
[15:10:24] [Render thread/INFO] (lodekeeper) [Lodekeeper] BREAK target=Mutable{x=15, y=56, z=-30} block=Block{minecraft:stone} tool=minecraft:diamond_pickaxe slot=1 remaining=1117 required=route
[15:10:25] [Render thread/INFO] (lodekeeper) [Lodekeeper] BREAK target=Mutable{x=14, y=56, z=-30} block=Block{minecraft:stone} tool=minecraft:diamond_pickaxe slot=1 remaining=1116 required=route
[15:10:26] [Render thread/INFO] (lodekeeper) [Lodekeeper] BREAK target=Mutable{x=15, y=57, z=-30} block=Block{minecraft:stone} tool=minecraft:diamond_pickaxe slot=1 remaining=1115 required=route
[15:10:26] [Render thread/INFO] (lodekeeper) [Lodekeeper] PROGRESS elapsed_ms=773122 phase=traveling backend=baritone target=16,65,-31 block=minecraft:birch_log navigation_elapsed_ms=170825 navigation_ticks=3416 searching=false path_index=0 path_length=15 retries=0 pending_route_events=0 dropped_route_events=0 status=mining_and_collecting_minecraft:birch_log___0/1
[15:10:26] [Render thread/INFO] (lodekeeper) [Lodekeeper] BREAK target=Mutable{x=14, y=57, z=-30} block=Block{minecraft:stone} tool=minecraft:diamond_pickaxe slot=1 remaining=1114 required=route
[15:10:27] [Render thread/INFO] (lodekeeper) [Lodekeeper] BREAK target=Mutable{x=14, y=57, z=-29} block=Block{minecraft:stone} tool=minecraft:diamond_pickaxe slot=1 remaining=1113 required=route
[15:10:28] [Render thread/INFO] (lodekeeper) [Lodekeeper] BREAK target=Mutable{x=14, y=58, z=-30} block=Block{minecraft:stone} tool=minecraft:diamond_pickaxe slot=1 remaining=1112 required=route
[15:10:28] [Render thread/INFO] (lodekeeper) [Lodekeeper] PROGRESS elapsed_ms=775139 phase=traveling backend=baritone target=16,65,-31 block=minecraft:birch_log navigation_elapsed_ms=172805 navigation_ticks=3456 searching=false path_index=0 path_length=14 retries=0 pending_route_events=0 dropped_route_events=0 status=mining_and_collecting_minecraft:birch_log___0/1
[15:10:28] [Render thread/INFO] (lodekeeper) [Lodekeeper] BREAK target=Mutable{x=14, y=58, z=-29} block=Block{minecraft:stone} tool=minecraft:diamond_pickaxe slot=1 remaining=1111 required=route
[15:10:29] [Render thread/INFO] (lodekeeper) [Lodekeeper] BREAK target=Mutable{x=13, y=58, z=-29} block=Block{minecraft:stone} tool=minecraft:diamond_pickaxe slot=1 remaining=1110 required=route
[15:10:30] [Render thread/INFO] (lodekeeper) [Lodekeeper] BREAK target=Mutable{x=14, y=59, z=-29} block=Block{minecraft:stone} tool=minecraft:diamond_pickaxe slot=1 remaining=1109 required=route
[15:10:30] [Render thread/INFO] (lodekeeper) [Lodekeeper] PROGRESS elapsed_ms=777189 phase=traveling backend=baritone target=16,65,-31 block=minecraft:birch_log navigation_elapsed_ms=175027 navigation_ticks=3500 searching=false path_index=0 path_length=13 retries=0 pending_route_events=0 dropped_route_events=0 status=mining_and_collecting_minecraft:birch_log___0/1
[15:10:30] [Render thread/INFO] (lodekeeper) [Lodekeeper] BREAK target=Mutable{x=13, y=59, z=-29} block=Block{minecraft:stone} tool=minecraft:diamond_pickaxe slot=1 remaining=1108 required=route
[15:10:31] [Render thread/INFO] (lodekeeper) [Lodekeeper] BREAK target=Mutable{x=12, y=59, z=-29} block=Block{minecraft:stone} tool=minecraft:diamond_pickaxe slot=1 remaining=1107 required=route
[15:10:32] [Render thread/INFO] (lodekeeper) [Lodekeeper] BREAK target=Mutable{x=13, y=60, z=-29} block=Block{minecraft:stone} tool=minecraft:diamond_pickaxe slot=1 remaining=1106 required=route
[15:10:32] [Render thread/INFO] (lodekeeper) [Lodekeeper] PROGRESS elapsed_ms=779210 phase=traveling backend=baritone target=16,65,-31 block=minecraft:birch_log navigation_elapsed_ms=177013 navigation_ticks=3540 searching=false path_index=0 path_length=12 retries=0 pending_route_events=0 dropped_route_events=0 status=mining_and_collecting_minecraft:birch_log___0/1
[15:10:32] [Render thread/INFO] (lodekeeper) [Lodekeeper] BREAK target=Mutable{x=12, y=60, z=-29} block=Block{minecraft:stone} tool=minecraft:diamond_pickaxe slot=1 remaining=1105 required=route
[15:10:33] [Render thread/INFO] (lodekeeper) [Lodekeeper] BREAK target=Mutable{x=11, y=60, z=-29} block=Block{minecraft:stone} tool=minecraft:diamond_pickaxe slot=1 remaining=1104 required=route
[15:10:34] [Render thread/INFO] (lodekeeper) [Lodekeeper] BREAK target=Mutable{x=12, y=61, z=-29} block=Block{minecraft:stone} tool=minecraft:diamond_pickaxe slot=1 remaining=1103 required=route
[15:10:34] [Render thread/INFO] (lodekeeper) [Lodekeeper] PROGRESS elapsed_ms=781227 phase=traveling backend=baritone target=16,65,-31 block=minecraft:birch_log navigation_elapsed_ms=178995 navigation_ticks=3580 searching=false path_index=0 path_length=11 retries=0 pending_route_events=0 dropped_route_events=0 status=mining_and_collecting_minecraft:birch_log___0/1
[15:10:34] [Render thread/INFO] (lodekeeper) [Lodekeeper] BREAK target=Mutable{x=11, y=61, z=-29} block=Block{minecraft:stone} tool=minecraft:diamond_pickaxe slot=1 remaining=1102 required=route
[15:10:35] [Render thread/INFO] (lodekeeper) [Lodekeeper] BREAK target=Mutable{x=10, y=61, z=-29} block=Block{minecraft:stone} tool=minecraft:diamond_pickaxe slot=1 remaining=1101 required=route
[15:10:36] [Render thread/INFO] (lodekeeper) [Lodekeeper] BREAK target=Mutable{x=11, y=62, z=-29} block=Block{minecraft:stone} tool=minecraft:diamond_pickaxe slot=1 remaining=1100 required=route
[15:10:36] [Render thread/INFO] (lodekeeper) [Lodekeeper] PROGRESS elapsed_ms=783277 phase=traveling backend=baritone target=16,65,-31 block=minecraft:birch_log navigation_elapsed_ms=181013 navigation_ticks=3620 searching=false path_index=0 path_length=10 retries=0 pending_route_events=0 dropped_route_events=0 status=mining_and_collecting_minecraft:birch_log___0/1
[15:10:36] [Render thread/INFO] (lodekeeper) [Lodekeeper] BREAK target=Mutable{x=10, y=62, z=-29} block=Block{minecraft:dirt} tool=minecraft:crafting_table slot=0 remaining=-1 required=route
[15:10:37] [Render thread/INFO] (lodekeeper) [Lodekeeper] BREAK target=Mutable{x=10, y=62, z=-30} block=Block{minecraft:dirt} tool=minecraft:crafting_table slot=0 remaining=-1 required=route
[15:10:38] [Render thread/INFO] (lodekeeper) [Lodekeeper] PROGRESS elapsed_ms=785329 phase=traveling backend=baritone target=16,65,-31 block=minecraft:birch_log navigation_elapsed_ms=182996 navigation_ticks=3660 searching=false path_index=0 path_length=9 retries=0 pending_route_events=0 dropped_route_events=0 status=mining_and_collecting_minecraft:birch_log___0/1
[15:10:39] [Render thread/INFO] (lodekeeper) [Lodekeeper] BREAK target=Mutable{x=10, y=63, z=-29} block=Block{minecraft:dirt} tool=minecraft:crafting_table slot=0 remaining=-1 required=route
[15:10:40] [Render thread/INFO] (lodekeeper) [Lodekeeper] BREAK target=Mutable{x=10, y=63, z=-30} block=Block{minecraft:grass_block} tool=minecraft:crafting_table slot=0 remaining=-1 required=route
[15:10:40] [Render thread/INFO] (lodekeeper) [Lodekeeper] PROGRESS elapsed_ms=787391 phase=traveling backend=baritone target=16,65,-31 block=minecraft:birch_log navigation_elapsed_ms=185229 navigation_ticks=3704 searching=false path_index=0 path_length=9 retries=0 pending_route_events=0 dropped_route_events=0 status=mining_and_collecting_minecraft:birch_log___0/1
[15:10:42] [Render thread/INFO] (lodekeeper) [Lodekeeper] PROGRESS elapsed_ms=789435 phase=traveling backend=baritone target=16,65,-31 block=minecraft:birch_log navigation_elapsed_ms=187205 navigation_ticks=3744 searching=false path_index=0 path_length=4 retries=0 pending_route_events=0 dropped_route_events=0 status=mining_and_collecting_minecraft:birch_log___0/1
[15:10:42] [Render thread/INFO] (lodekeeper) [Lodekeeper] BREAK target=Mutable{x=16, y=65, z=-31} block=Block{minecraft:birch_log} tool=minecraft:crafting_table slot=0 remaining=-1 required=route
[15:10:44] [Render thread/INFO] (lodekeeper) [Lodekeeper] PROGRESS elapsed_ms=791483 phase=traveling backend=baritone target=16,65,-31 block=minecraft:birch_log navigation_elapsed_ms=189217 navigation_ticks=3784 searching=false path_index=0 path_length=2 retries=0 pending_route_events=0 dropped_route_events=0 status=mining_and_collecting_minecraft:birch_log___0/1
[15:10:46] [Render thread/INFO] (lodekeeper) [Lodekeeper] TARGET target=16,66,-31 block=minecraft:birch_log
[15:10:46] [Render thread/INFO] (lodekeeper) [Lodekeeper] BREAK target=Mutable{x=16, y=66, z=-31} block=Block{minecraft:birch_log} tool=minecraft:crafting_table slot=0 remaining=-1 required=route
[15:10:46] [Render thread/INFO] (lodekeeper) [Lodekeeper] PROGRESS elapsed_ms=793532 phase=traveling backend=baritone target=16,66,-31 block=minecraft:birch_log navigation_elapsed_ms=191200 navigation_ticks=3824 searching=false path_index=0 path_length=2 retries=0 pending_route_events=0 dropped_route_events=0 status=mining_and_collecting_minecraft:birch_log___0/1
[15:10:48] [Render thread/INFO] (lodekeeper) [Lodekeeper] PROGRESS elapsed_ms=795587 phase=traveling backend=baritone target=16,66,-31 block=minecraft:birch_log navigation_elapsed_ms=193425 navigation_ticks=3868 searching=false path_index=0 path_length=2 retries=0 pending_route_events=0 dropped_route_events=0 status=mining_and_collecting_minecraft:birch_log___0/1
[15:10:49] [Render thread/INFO] (lodekeeper) [Lodekeeper] TARGET target=16,67,-31 block=minecraft:birch_log
[15:10:49] [Render thread/INFO] (lodekeeper) [Lodekeeper] NAV backend=baritone mode=MINE event=AT_GOAL elapsedMs=194183
[15:10:49] [Render thread/INFO] (lodekeeper) [Lodekeeper] TARGET target=none
[15:10:49] [Render thread/INFO] (lodekeeper) [Lodekeeper] BREAK target=Mutable{x=16, y=67, z=-31} block=Block{minecraft:birch_log} tool=minecraft:crafting_table slot=0 remaining=-1 required=route
[15:10:49] [Render thread/INFO] (lodekeeper) [Lodekeeper] NAV backend=baritone mode=IDLE event=CANCELED elapsedMs=194311
[15:10:49] [Render thread/INFO] (lodekeeper) [Lodekeeper] NAV backend=baritone mode=IDLE event=CANCELED elapsedMs=194311
[15:10:50] [Render thread/INFO] (lodekeeper) [Lodekeeper] STATION_POLICY decision=replace_distant station=minecraft:furnace position=BlockPos{x=5, y=63, z=28}
[15:10:50] [lodekeeper-planner/INFO] (lodekeeper) [Lodekeeper] PROJECT_MATERIALS project=gear_diamond before=[] after=[]
[15:10:50] [lodekeeper-planner/INFO] (lodekeeper) [Lodekeeper] PLAN project=gear_diamond success=true steps=12 branches=50 elapsedMs=1.230211
[15:10:50] [Render thread/INFO] (lodekeeper) [Lodekeeper] STEP kind=CRAFT source=minecraft:birch_planks output=minecraft:birch_planks count=4 operations=1 auxiliary=false
[15:10:51] [Render thread/INFO] (lodekeeper) [Lodekeeper] PROGRESS elapsed_ms=797633 phase=crafting backend=baritone target=none navigation_elapsed_ms=0 navigation_ticks=0 searching=false path_index=0 path_length=0 retries=0 pending_route_events=0 dropped_route_events=0 status=CRAFT_minecraft:birch_planks
[15:10:51] [Render thread/INFO] (lodekeeper) [Lodekeeper] STATION_POLICY decision=replace_distant station=minecraft:furnace position=BlockPos{x=5, y=63, z=28}
[15:10:51] [lodekeeper-planner/INFO] (lodekeeper) [Lodekeeper] PROJECT_MATERIALS project=gear_diamond before=[] after=[]
[15:10:51] [lodekeeper-planner/INFO] (lodekeeper) [Lodekeeper] PLAN project=gear_diamond success=true steps=11 branches=45 elapsedMs=0.8038
[15:10:51] [Render thread/INFO] (lodekeeper) [Lodekeeper] STEP kind=CRAFT source=minecraft:stick output=minecraft:stick count=4 operations=1 auxiliary=false
[15:10:53] [Render thread/INFO] (lodekeeper) [Lodekeeper] PROGRESS elapsed_ms=799677 phase=crafting backend=baritone target=none navigation_elapsed_ms=0 navigation_ticks=0 searching=false path_index=0 path_length=0 retries=0 pending_route_events=0 dropped_route_events=0 status=CRAFT_minecraft:stick
[15:10:53] [Render thread/INFO] (lodekeeper) [Lodekeeper] STATION_POLICY decision=replace_distant station=minecraft:furnace position=BlockPos{x=5, y=63, z=28}
[15:10:53] [lodekeeper-planner/INFO] (lodekeeper) [Lodekeeper] PROJECT_MATERIALS project=gear_diamond before=[] after=[]
[15:10:53] [lodekeeper-planner/INFO] (lodekeeper) [Lodekeeper] PLAN project=gear_diamond success=true steps=10 branches=41 elapsedMs=0.803946
[15:10:53] [Render thread/INFO] (lodekeeper) [Lodekeeper] STEP kind=PLACE_STATION source=place:minecraft:crafting_table output=null count=0 operations=1 auxiliary=false
[15:10:53] [Render thread/INFO] (lodekeeper) [Lodekeeper] TARGET target=17,65,-31 block=minecraft:crafting_table
[15:10:53] [Render thread/INFO] (lodekeeper) [Lodekeeper] STATION_POLICY decision=replace_distant station=minecraft:furnace position=BlockPos{x=5, y=63, z=28}
[15:10:53] [Render thread/INFO] (lodekeeper) [Lodekeeper] TARGET target=none
[15:10:53] [lodekeeper-planner/INFO] (lodekeeper) [Lodekeeper] PROJECT_MATERIALS project=gear_diamond before=[] after=[]
[15:10:53] [lodekeeper-planner/INFO] (lodekeeper) [Lodekeeper] PLAN project=gear_diamond success=true steps=9 branches=40 elapsedMs=0.797613
[15:10:53] [Render thread/INFO] (lodekeeper) [Lodekeeper] STEP kind=CRAFT source=minecraft:diamond_axe output=minecraft:diamond_axe count=1 operations=1 auxiliary=false
[15:10:55] [Render thread/INFO] (lodekeeper) [Lodekeeper] PROGRESS elapsed_ms=801711 phase=crafting backend=baritone target=none navigation_elapsed_ms=0 navigation_ticks=0 searching=false path_index=0 path_length=0 retries=0 pending_route_events=0 dropped_route_events=0 status=CRAFT_minecraft:diamond_axe
[15:10:57] [Render thread/INFO] (lodekeeper) [Lodekeeper] PROGRESS elapsed_ms=803730 phase=crafting backend=baritone target=none navigation_elapsed_ms=0 navigation_ticks=0 searching=false path_index=0 path_length=0 retries=0 pending_route_events=0 dropped_route_events=0 status=CRAFT_minecraft:diamond_axe
[15:10:57] [Render thread/INFO] (lodekeeper) [Lodekeeper] STATION_POLICY decision=replace_distant station=minecraft:furnace position=BlockPos{x=5, y=63, z=28}
[15:10:57] [lodekeeper-planner/INFO] (lodekeeper) [Lodekeeper] PROJECT_MATERIALS project=gear_diamond before=[] after=[]
[15:10:57] [lodekeeper-planner/INFO] (lodekeeper) [Lodekeeper] PLAN project=gear_diamond success=true steps=8 branches=35 elapsedMs=0.856782
[15:10:57] [Render thread/INFO] (lodekeeper) [Lodekeeper] STEP kind=CRAFT source=minecraft:diamond_boots output=minecraft:diamond_boots count=1 operations=1 auxiliary=false
[15:10:59] [Render thread/INFO] (lodekeeper) [Lodekeeper] PROGRESS elapsed_ms=805773 phase=crafting backend=baritone target=none navigation_elapsed_ms=0 navigation_ticks=0 searching=false path_index=0 path_length=0 retries=0 pending_route_events=0 dropped_route_events=0 status=CRAFT_minecraft:diamond_boots
[15:11:00] [Render thread/INFO] (lodekeeper) [Lodekeeper] STATION_POLICY decision=replace_distant station=minecraft:furnace position=BlockPos{x=5, y=63, z=28}
[15:11:00] [lodekeeper-planner/INFO] (lodekeeper) [Lodekeeper] PROJECT_MATERIALS project=gear_diamond before=[] after=[]
[15:11:00] [lodekeeper-planner/INFO] (lodekeeper) [Lodekeeper] PLAN project=gear_diamond success=true steps=7 branches=31 elapsedMs=0.749879
[15:11:00] [Render thread/INFO] (lodekeeper) [Lodekeeper] STEP kind=CRAFT source=minecraft:diamond_chestplate output=minecraft:diamond_chestplate count=1 operations=1 auxiliary=false
[15:11:01] [Render thread/INFO] (lodekeeper) [Lodekeeper] PROGRESS elapsed_ms=807827 phase=crafting backend=baritone target=none navigation_elapsed_ms=0 navigation_ticks=0 searching=false path_index=0 path_length=0 retries=0 pending_route_events=0 dropped_route_events=0 status=CRAFT_minecraft:diamond_chestplate
[15:11:03] [Render thread/INFO] (lodekeeper) [Lodekeeper] PROGRESS elapsed_ms=809838 phase=crafting backend=baritone target=none navigation_elapsed_ms=0 navigation_ticks=0 searching=false path_index=0 path_length=0 retries=0 pending_route_events=0 dropped_route_events=0 status=CRAFT_minecraft:diamond_chestplate
[15:11:05] [Render thread/INFO] (lodekeeper) [Lodekeeper] PROGRESS elapsed_ms=811858 phase=crafting backend=baritone target=none navigation_elapsed_ms=0 navigation_ticks=0 searching=false path_index=0 path_length=0 retries=0 pending_route_events=0 dropped_route_events=0 status=CRAFT_minecraft:diamond_chestplate
[15:11:07] [Render thread/INFO] (lodekeeper) [Lodekeeper] STATION_POLICY decision=replace_distant station=minecraft:furnace position=BlockPos{x=5, y=63, z=28}
[15:11:07] [lodekeeper-planner/INFO] (lodekeeper) [Lodekeeper] PROJECT_MATERIALS project=gear_diamond before=[] after=[]
[15:11:07] [lodekeeper-planner/INFO] (lodekeeper) [Lodekeeper] PLAN project=gear_diamond success=true steps=6 branches=27 elapsedMs=0.765531
[15:11:07] [Render thread/INFO] (lodekeeper) [Lodekeeper] STEP kind=CRAFT source=minecraft:diamond_helmet output=minecraft:diamond_helmet count=1 operations=1 auxiliary=false
[15:11:07] [Render thread/INFO] (lodekeeper) [Lodekeeper] PROGRESS elapsed_ms=813882 phase=crafting backend=baritone target=none navigation_elapsed_ms=0 navigation_ticks=0 searching=false path_index=0 path_length=0 retries=0 pending_route_events=0 dropped_route_events=0 status=CRAFT_minecraft:diamond_helmet
[15:11:09] [Render thread/INFO] (lodekeeper) [Lodekeeper] PROGRESS elapsed_ms=815935 phase=crafting backend=baritone target=none navigation_elapsed_ms=0 navigation_ticks=0 searching=false path_index=0 path_length=0 retries=0 pending_route_events=0 dropped_route_events=0 status=CRAFT_minecraft:diamond_helmet
[15:11:11] [Render thread/INFO] (lodekeeper) [Lodekeeper] STATION_POLICY decision=replace_distant station=minecraft:furnace position=BlockPos{x=5, y=63, z=28}
[15:11:11] [lodekeeper-planner/INFO] (lodekeeper) [Lodekeeper] PROJECT_MATERIALS project=gear_diamond before=[] after=[]
[15:11:11] [lodekeeper-planner/INFO] (lodekeeper) [Lodekeeper] PLAN project=gear_diamond success=true steps=5 branches=23 elapsedMs=0.682002
[15:11:11] [Render thread/INFO] (lodekeeper) [Lodekeeper] STEP kind=CRAFT source=minecraft:diamond_hoe output=minecraft:diamond_hoe count=1 operations=1 auxiliary=false
[15:11:11] [Render thread/INFO] (lodekeeper) [Lodekeeper] PROGRESS elapsed_ms=817940 phase=crafting backend=baritone target=none navigation_elapsed_ms=0 navigation_ticks=0 searching=false path_index=0 path_length=0 retries=0 pending_route_events=0 dropped_route_events=0 status=CRAFT_minecraft:diamond_hoe
[15:11:13] [Render thread/INFO] (lodekeeper) [Lodekeeper] PROGRESS elapsed_ms=819981 phase=crafting backend=baritone target=none navigation_elapsed_ms=0 navigation_ticks=0 searching=false path_index=0 path_length=0 retries=0 pending_route_events=0 dropped_route_events=0 status=CRAFT_minecraft:diamond_hoe
[15:11:14] [Render thread/INFO] (lodekeeper) [Lodekeeper] STATION_POLICY decision=replace_distant station=minecraft:furnace position=BlockPos{x=5, y=63, z=28}
[15:11:14] [lodekeeper-planner/INFO] (lodekeeper) [Lodekeeper] PROJECT_MATERIALS project=gear_diamond before=[] after=[]
[15:11:14] [lodekeeper-planner/INFO] (lodekeeper) [Lodekeeper] PLAN project=gear_diamond success=true steps=4 branches=18 elapsedMs=0.521467
[15:11:14] [Render thread/INFO] (lodekeeper) [Lodekeeper] STEP kind=CRAFT source=minecraft:diamond_leggings output=minecraft:diamond_leggings count=1 operations=1 auxiliary=false
[15:11:15] [Render thread/INFO] (lodekeeper) [Lodekeeper] PROGRESS elapsed_ms=822030 phase=crafting backend=baritone target=none navigation_elapsed_ms=0 navigation_ticks=0 searching=false path_index=0 path_length=0 retries=0 pending_route_events=0 dropped_route_events=0 status=CRAFT_minecraft:diamond_leggings
[15:11:17] [Render thread/INFO] (lodekeeper) [Lodekeeper] PROGRESS elapsed_ms=824081 phase=crafting backend=baritone target=none navigation_elapsed_ms=0 navigation_ticks=0 searching=false path_index=0 path_length=0 retries=0 pending_route_events=0 dropped_route_events=0 status=CRAFT_minecraft:diamond_leggings
[15:11:19] [Render thread/INFO] (lodekeeper) [Lodekeeper] PROGRESS elapsed_ms=826111 phase=crafting backend=baritone target=none navigation_elapsed_ms=0 navigation_ticks=0 searching=false path_index=0 path_length=0 retries=0 pending_route_events=0 dropped_route_events=0 status=CRAFT_minecraft:diamond_leggings
[15:11:20] [Render thread/INFO] (lodekeeper) [Lodekeeper] STATION_POLICY decision=replace_distant station=minecraft:furnace position=BlockPos{x=5, y=63, z=28}
[15:11:20] [lodekeeper-planner/INFO] (lodekeeper) [Lodekeeper] PROJECT_MATERIALS project=gear_diamond before=[] after=[]
[15:11:20] [lodekeeper-planner/INFO] (lodekeeper) [Lodekeeper] PLAN project=gear_diamond success=true steps=3 branches=14 elapsedMs=0.788194
[15:11:20] [Render thread/INFO] (lodekeeper) [Lodekeeper] STEP kind=CRAFT source=minecraft:stick output=minecraft:stick count=4 operations=1 auxiliary=false
[15:11:21] [Render thread/INFO] (lodekeeper) [Lodekeeper] PROGRESS elapsed_ms=828136 phase=crafting backend=baritone target=none navigation_elapsed_ms=0 navigation_ticks=0 searching=false path_index=0 path_length=0 retries=0 pending_route_events=0 dropped_route_events=0 status=CRAFT_minecraft:stick
[15:11:22] [Render thread/INFO] (lodekeeper) [Lodekeeper] STATION_POLICY decision=replace_distant station=minecraft:furnace position=BlockPos{x=5, y=63, z=28}
[15:11:22] [lodekeeper-planner/INFO] (lodekeeper) [Lodekeeper] PROJECT_MATERIALS project=gear_diamond before=[] after=[]
[15:11:22] [lodekeeper-planner/INFO] (lodekeeper) [Lodekeeper] PLAN project=gear_diamond success=true steps=2 branches=10 elapsedMs=1.034192
[15:11:22] [Render thread/INFO] (lodekeeper) [Lodekeeper] STEP kind=CRAFT source=minecraft:diamond_shovel output=minecraft:diamond_shovel count=1 operations=1 auxiliary=false
[15:11:23] [Render thread/INFO] (lodekeeper) [Lodekeeper] PROGRESS elapsed_ms=830156 phase=crafting backend=baritone target=none navigation_elapsed_ms=0 navigation_ticks=0 searching=false path_index=0 path_length=0 retries=0 pending_route_events=0 dropped_route_events=0 status=CRAFT_minecraft:diamond_shovel
[15:11:24] [Render thread/INFO] (lodekeeper) [Lodekeeper] STATION_POLICY decision=replace_distant station=minecraft:furnace position=BlockPos{x=5, y=63, z=28}
[15:11:24] [lodekeeper-planner/INFO] (lodekeeper) [Lodekeeper] PROJECT_MATERIALS project=gear_diamond before=[] after=[]
[15:11:24] [lodekeeper-planner/INFO] (lodekeeper) [Lodekeeper] PLAN project=gear_diamond success=true steps=1 branches=5 elapsedMs=0.639602
[15:11:24] [Render thread/INFO] (lodekeeper) [Lodekeeper] STEP kind=CRAFT source=minecraft:diamond_sword output=minecraft:diamond_sword count=1 operations=1 auxiliary=false
[15:11:25] [Render thread/INFO] (lodekeeper) [Lodekeeper] PROGRESS elapsed_ms=832166 phase=crafting backend=baritone target=none navigation_elapsed_ms=0 navigation_ticks=0 searching=false path_index=0 path_length=0 retries=0 pending_route_events=0 dropped_route_events=0 status=CRAFT_minecraft:diamond_sword
[15:11:27] [Render thread/INFO] (Minecraft) [System] [CHAT] [Lodekeeper] Project complete: gear_diamond (all 9 inventory targets are present)
[15:11:27] [Render thread/INFO] (lodekeeper) [Lodekeeper] task_end reason=idle label=gear_diamond___diamond_pickaxe elapsed_ms=833878 pending_route_events=0 dropped_route_events=0 status=idle
[15:11:28] [Render thread/INFO] (Minecraft) [STDOUT]: [Lodekeeper natural verification] passed; evidence: /private/tmp/lodekeeper-preview10-ore-fixed-natural-1211-retry/run/verification/evidence
