[16:11:23] [Render thread/INFO] (lodekeeper) [Lodekeeper] INIT mod=0.1.0-preview.11 minecraft=1.21.1
[16:11:23] [Render thread/INFO] (Minecraft) [STDOUT]: [Lodekeeper natural verification] Starting gear_diamond in a normal survival world; evidence under /private/tmp/lodekeeper-preview11-held-fuel-natural-1211/run/verification/evidence
[16:11:56] [Render thread/INFO] (Minecraft) [System] [CHAT] [Lodekeeper] Queued project gear_diamond (9 inventory targets; A full diamond tool and armor set (35 diamonds in recipes).)
[16:11:56] [Render thread/INFO] (Minecraft) [STDOUT]: [Lodekeeper natural verification] Sent !lk project gear_diamond at server tick 98
[16:11:56] [Render thread/INFO] (lodekeeper) [Lodekeeper] BEGIN label=gear_diamond___diamond_pickaxe goal=1 inventory=0 startfeet=-4,73,37 elapsed_ms=0 continued=false
[16:11:57] [lodekeeper-planner/INFO] (lodekeeper) [Lodekeeper] PLAN project=gear_diamond success=false steps=0 branches=45 elapsedMs=21.904686
[16:11:57] [lodekeeper-planner/INFO] (lodekeeper) [Lodekeeper] PROJECT_MATERIALS project=gear_diamond before=[gather:minecraft:birch_log:1, gather:minecraft:birch_log:1, gather:minecraft:birch_log:1, gather:minecraft:stone:3, gather:minecraft:iron_ore:3, gather:minecraft:stone:8, gather:minecraft:birch_log:1, gather:minecraft:diamond_ore:3, gather:minecraft:diamond_ore:3, gather:minecraft:diamond_ore:4, gather:minecraft:diamond_ore:8, gather:minecraft:diamond_ore:5, gather:minecraft:diamond_ore:2, gather:minecraft:diamond_ore:7, gather:minecraft:diamond_ore:1, gather:minecraft:acacia_log:1, gather:minecraft:diamond_ore:2] after=[gather:minecraft:birch_log:1, gather:minecraft:birch_log:1, gather:minecraft:birch_log:1, gather:minecraft:stone:3, gather:minecraft:iron_ore:3, gather:minecraft:stone:8, gather:minecraft:birch_log:1, gather:minecraft:diamond_ore:3, gather:minecraft:diamond_ore:3, gather:minecraft:diamond_ore:4, gather:minecraft:diamond_ore:8, gather:minecraft:diamond_ore:5, gather:minecraft:diamond_ore:2, gather:minecraft:diamond_ore:7, gather:minecraft:diamond_ore:1, gather:minecraft:birch_log:1, gather:minecraft:diamond_ore:2]
[16:11:57] [lodekeeper-planner/INFO] (lodekeeper) [Lodekeeper] PLAN project=gear_diamond success=true steps=43 branches=424 elapsedMs=29.331983
[16:11:57] [Render thread/INFO] (lodekeeper) [Lodekeeper] STEP kind=GATHER source=gather:minecraft:birch_log output=minecraft:birch_log count=5 operations=5 auxiliary=false
[16:11:57] [Render thread/INFO] (lodekeeper) [Lodekeeper] MINING_DEPTH policy=NEAREST desiredY=-2147483648 ceiling=2031 deficit=5 phase=MINE blocks=[Block{minecraft:birch_log}]
[16:11:57] [Render thread/INFO] (lodekeeper) [Lodekeeper] NAV scan=native-mine durationNanos=541366082 hits=-1 requestTicks=0
[16:11:57] [Render thread/INFO] (lodekeeper) [Lodekeeper] NAV backend=baritone mode=MINE event=CALC_STARTED elapsedMs=556
[16:11:57] [Render thread/INFO] (lodekeeper) [Lodekeeper] NAV calcTool=minecraft:air slot=0
[16:11:57] [Render thread/INFO] (lodekeeper) [Lodekeeper] ROUTE_SEARCH kind=unknown anchor=unknown feet_y16=0 candidates=0 target=none elapsed_ms=912
[16:11:57] [Render thread/INFO] (lodekeeper) [Lodekeeper] NAV backend=baritone mode=MINE event=CALC_FINISHED_NOW_EXECUTING elapsedMs=772
[16:11:58] [Render thread/INFO] (lodekeeper) [Lodekeeper] BREAK target=Mutable{x=-4, y=72, z=37} block=Block{minecraft:birch_leaves} tool=minecraft:air slot=0 remaining=-1 required=route
[16:11:58] [Render thread/INFO] (lodekeeper) [Lodekeeper] TARGET target=-5,71,34 block=minecraft:birch_log
[16:11:58] [Render thread/INFO] (lodekeeper) [Lodekeeper] ROUTE_TRAVEL path_index=0 path_length=5 target=-5,71,34 block=minecraft:birch_log elapsed_ms=1223
[16:11:58] [Render thread/INFO] (lodekeeper) [Lodekeeper] PROGRESS elapsed_ms=2006 phase=traveling backend=baritone target=-5,71,34 block=minecraft:birch_log navigation_elapsed_ms=1674 navigation_ticks=32 searching=false path_index=0 path_length=4 retries=0 pending_route_events=0 dropped_route_events=0 status=mining_and_collecting_minecraft:birch_log___0/5
[16:11:59] [Render thread/INFO] (lodekeeper) [Lodekeeper] BREAK target=Mutable{x=-5, y=70, z=34} block=Block{minecraft:birch_log} tool=minecraft:air slot=0 remaining=-1 required=route
[16:12:00] [Render thread/INFO] (lodekeeper) [Lodekeeper] PROGRESS elapsed_ms=4027 phase=traveling backend=baritone target=-5,71,34 block=minecraft:birch_log navigation_elapsed_ms=3695 navigation_ticks=72 searching=false path_index=0 path_length=2 retries=0 pending_route_events=0 dropped_route_events=0 status=mining_and_collecting_minecraft:birch_log___0/5
[16:12:02] [Render thread/INFO] (lodekeeper) [Lodekeeper] BREAK target=Mutable{x=-5, y=69, z=34} block=Block{minecraft:birch_log} tool=minecraft:air slot=0 remaining=-1 required=route
[16:12:02] [Render thread/INFO] (lodekeeper) [Lodekeeper] PROGRESS elapsed_ms=6028 phase=traveling backend=baritone target=-5,71,34 block=minecraft:birch_log navigation_elapsed_ms=5696 navigation_ticks=112 searching=false path_index=0 path_length=2 retries=0 pending_route_events=0 dropped_route_events=0 status=mining_and_collecting_minecraft:birch_log___0/5
[16:12:02] [Render thread/INFO] (lodekeeper) [Lodekeeper] BREAK target=Mutable{x=-5, y=69, z=34} block=Block{minecraft:birch_log} tool=minecraft:birch_log slot=0 remaining=-1 required=route
[16:12:04] [Render thread/INFO] (lodekeeper) [Lodekeeper] PROGRESS elapsed_ms=8075 phase=traveling backend=baritone target=-5,71,34 block=minecraft:birch_log navigation_elapsed_ms=7676 navigation_ticks=152 searching=false path_index=0 path_length=2 retries=0 pending_route_events=0 dropped_route_events=0 status=mining_and_collecting_minecraft:birch_log___1/5
[16:12:06] [Render thread/INFO] (lodekeeper) [Lodekeeper] BREAK target=Mutable{x=-5, y=71, z=34} block=Block{minecraft:birch_log} tool=minecraft:birch_log slot=0 remaining=-1 required=route
[16:12:06] [Render thread/INFO] (lodekeeper) [Lodekeeper] PROGRESS elapsed_ms=10115 phase=traveling backend=baritone target=-5,71,34 block=minecraft:birch_log navigation_elapsed_ms=9681 navigation_ticks=192 searching=false path_index=0 path_length=2 retries=0 pending_route_events=0 dropped_route_events=0 status=mining_and_collecting_minecraft:birch_log___2/5
[16:12:09] [Render thread/INFO] (lodekeeper) [Lodekeeper] PROGRESS elapsed_ms=12147 phase=traveling backend=baritone target=-5,71,34 block=minecraft:birch_log navigation_elapsed_ms=11679 navigation_ticks=232 searching=false path_index=0 path_length=2 retries=0 pending_route_events=0 dropped_route_events=0 status=mining_and_collecting_minecraft:birch_log___2/5
[16:12:09] [Render thread/INFO] (lodekeeper) [Lodekeeper] TARGET target=-5,72,34 block=minecraft:birch_log
[16:12:09] [Render thread/INFO] (lodekeeper) [Lodekeeper] BREAK target=Mutable{x=-5, y=72, z=34} block=Block{minecraft:birch_log} tool=minecraft:birch_log slot=0 remaining=-1 required=route
[16:12:11] [Render thread/INFO] (lodekeeper) [Lodekeeper] PROGRESS elapsed_ms=14178 phase=traveling backend=baritone target=-5,72,34 block=minecraft:birch_log navigation_elapsed_ms=13676 navigation_ticks=272 searching=false path_index=0 path_length=2 retries=0 pending_route_events=0 dropped_route_events=0 status=mining_and_collecting_minecraft:birch_log___3/5
[16:12:12] [Render thread/INFO] (lodekeeper) [Lodekeeper] TARGET target=-5,73,34 block=minecraft:birch_log
[16:12:13] [Render thread/INFO] (lodekeeper) [Lodekeeper] BREAK target=Mutable{x=-5, y=73, z=34} block=Block{minecraft:birch_log} tool=minecraft:birch_log slot=0 remaining=-1 required=route
[16:12:13] [Render thread/INFO] (lodekeeper) [Lodekeeper] PROGRESS elapsed_ms=16205 phase=traveling backend=baritone target=-5,73,34 block=minecraft:birch_log navigation_elapsed_ms=15873 navigation_ticks=316 searching=false path_index=0 path_length=2 retries=0 pending_route_events=0 dropped_route_events=0 status=mining_and_collecting_minecraft:birch_log___3/5
[16:12:15] [Render thread/INFO] (lodekeeper) [Lodekeeper] PROGRESS elapsed_ms=18270 phase=traveling backend=baritone target=-5,73,34 block=minecraft:birch_log navigation_elapsed_ms=17870 navigation_ticks=356 searching=false path_index=0 path_length=2 retries=0 pending_route_events=0 dropped_route_events=0 status=mining_and_collecting_minecraft:birch_log___4/5
[16:12:16] [Render thread/INFO] (lodekeeper) [Lodekeeper] TARGET target=none
[16:12:16] [Render thread/INFO] (lodekeeper) [Lodekeeper] BREAK target=Mutable{x=-5, y=74, z=34} block=Block{minecraft:birch_log} tool=minecraft:birch_log slot=0 remaining=-1 required=route
[16:12:17] [Render thread/INFO] (lodekeeper) [Lodekeeper] PROGRESS elapsed_ms=20299 phase=gathering backend=baritone target=none navigation_elapsed_ms=0 navigation_ticks=0 searching=false path_index=0 path_length=0 retries=0 pending_route_events=0 dropped_route_events=0 status=mining_and_collecting_minecraft:birch_log___4/5
[16:12:17] [lodekeeper-planner/INFO] (lodekeeper) [Lodekeeper] PROJECT_MATERIALS project=gear_diamond before=[gather:minecraft:stone:3, gather:minecraft:iron_ore:3, gather:minecraft:stone:8, gather:minecraft:diamond_ore:3, gather:minecraft:diamond_ore:3, gather:minecraft:diamond_ore:4, gather:minecraft:diamond_ore:8, gather:minecraft:diamond_ore:5, gather:minecraft:diamond_ore:2, gather:minecraft:diamond_ore:7, gather:minecraft:diamond_ore:1, gather:minecraft:acacia_log:1, gather:minecraft:diamond_ore:2] after=[gather:minecraft:stone:3, gather:minecraft:iron_ore:3, gather:minecraft:stone:8, gather:minecraft:diamond_ore:3, gather:minecraft:diamond_ore:3, gather:minecraft:diamond_ore:4, gather:minecraft:diamond_ore:8, gather:minecraft:diamond_ore:5, gather:minecraft:diamond_ore:2, gather:minecraft:diamond_ore:7, gather:minecraft:diamond_ore:1, gather:minecraft:acacia_log:1, gather:minecraft:diamond_ore:2]
[16:12:17] [lodekeeper-planner/INFO] (lodekeeper) [Lodekeeper] PLAN project=gear_diamond success=true steps=39 branches=181 elapsedMs=10.31418
[16:12:17] [Render thread/INFO] (lodekeeper) [Lodekeeper] STEP kind=CRAFT source=minecraft:birch_planks output=minecraft:birch_planks count=4 operations=1 auxiliary=false
[16:12:18] [lodekeeper-planner/INFO] (lodekeeper) [Lodekeeper] PROJECT_MATERIALS project=gear_diamond before=[gather:minecraft:stone:3, gather:minecraft:iron_ore:3, gather:minecraft:stone:8, gather:minecraft:diamond_ore:3, gather:minecraft:diamond_ore:3, gather:minecraft:diamond_ore:4, gather:minecraft:diamond_ore:8, gather:minecraft:diamond_ore:5, gather:minecraft:diamond_ore:2, gather:minecraft:diamond_ore:7, gather:minecraft:diamond_ore:1, gather:minecraft:diamond_ore:2] after=[gather:minecraft:stone:3, gather:minecraft:iron_ore:3, gather:minecraft:stone:8, gather:minecraft:diamond_ore:3, gather:minecraft:diamond_ore:3, gather:minecraft:diamond_ore:4, gather:minecraft:diamond_ore:8, gather:minecraft:diamond_ore:5, gather:minecraft:diamond_ore:2, gather:minecraft:diamond_ore:7, gather:minecraft:diamond_ore:1, gather:minecraft:diamond_ore:2]
[16:12:18] [lodekeeper-planner/INFO] (lodekeeper) [Lodekeeper] PLAN project=gear_diamond success=true steps=37 branches=174 elapsedMs=6.829514
[16:12:18] [Render thread/INFO] (lodekeeper) [Lodekeeper] STEP kind=CRAFT source=minecraft:stick output=minecraft:stick count=4 operations=1 auxiliary=false
[16:12:19] [Render thread/INFO] (lodekeeper) [Lodekeeper] PROGRESS elapsed_ms=22366 phase=crafting backend=baritone target=none navigation_elapsed_ms=0 navigation_ticks=0 searching=false path_index=0 path_length=0 retries=0 pending_route_events=0 dropped_route_events=0 status=CRAFT_minecraft:stick
[16:12:20] [lodekeeper-planner/INFO] (lodekeeper) [Lodekeeper] PROJECT_MATERIALS project=gear_diamond before=[gather:minecraft:stone:3, gather:minecraft:iron_ore:3, gather:minecraft:stone:8, gather:minecraft:diamond_ore:3, gather:minecraft:diamond_ore:3, gather:minecraft:diamond_ore:4, gather:minecraft:diamond_ore:8, gather:minecraft:diamond_ore:5, gather:minecraft:diamond_ore:2, gather:minecraft:diamond_ore:7, gather:minecraft:diamond_ore:1, gather:minecraft:diamond_ore:2] after=[gather:minecraft:stone:3, gather:minecraft:iron_ore:3, gather:minecraft:stone:8, gather:minecraft:diamond_ore:3, gather:minecraft:diamond_ore:3, gather:minecraft:diamond_ore:4, gather:minecraft:diamond_ore:8, gather:minecraft:diamond_ore:5, gather:minecraft:diamond_ore:2, gather:minecraft:diamond_ore:7, gather:minecraft:diamond_ore:1, gather:minecraft:diamond_ore:2]
[16:12:20] [lodekeeper-planner/INFO] (lodekeeper) [Lodekeeper] PLAN project=gear_diamond success=true steps=36 branches=170 elapsedMs=6.508725
[16:12:20] [Render thread/INFO] (lodekeeper) [Lodekeeper] STEP kind=CRAFT source=minecraft:birch_planks output=minecraft:birch_planks count=4 operations=1 auxiliary=false
[16:12:21] [Render thread/INFO] (lodekeeper) [Lodekeeper] PROGRESS elapsed_ms=24423 phase=crafting backend=baritone target=none navigation_elapsed_ms=0 navigation_ticks=0 searching=false path_index=0 path_length=0 retries=0 pending_route_events=0 dropped_route_events=0 status=CRAFT_minecraft:birch_planks
[16:12:21] [lodekeeper-planner/INFO] (lodekeeper) [Lodekeeper] PROJECT_MATERIALS project=gear_diamond before=[gather:minecraft:stone:3, gather:minecraft:iron_ore:3, gather:minecraft:stone:8, gather:minecraft:diamond_ore:3, gather:minecraft:diamond_ore:3, gather:minecraft:diamond_ore:4, gather:minecraft:diamond_ore:8, gather:minecraft:diamond_ore:5, gather:minecraft:diamond_ore:2, gather:minecraft:diamond_ore:7, gather:minecraft:diamond_ore:1, gather:minecraft:diamond_ore:2] after=[gather:minecraft:stone:3, gather:minecraft:iron_ore:3, gather:minecraft:stone:8, gather:minecraft:diamond_ore:3, gather:minecraft:diamond_ore:3, gather:minecraft:diamond_ore:4, gather:minecraft:diamond_ore:8, gather:minecraft:diamond_ore:5, gather:minecraft:diamond_ore:2, gather:minecraft:diamond_ore:7, gather:minecraft:diamond_ore:1, gather:minecraft:diamond_ore:2]
[16:12:21] [lodekeeper-planner/INFO] (lodekeeper) [Lodekeeper] PLAN project=gear_diamond success=true steps=35 branches=165 elapsedMs=6.718388
[16:12:21] [Render thread/INFO] (lodekeeper) [Lodekeeper] STEP kind=CRAFT source=minecraft:birch_planks output=minecraft:birch_planks count=4 operations=1 auxiliary=false
[16:12:22] [lodekeeper-planner/INFO] (lodekeeper) [Lodekeeper] PROJECT_MATERIALS project=gear_diamond before=[gather:minecraft:stone:3, gather:minecraft:iron_ore:3, gather:minecraft:stone:8, gather:minecraft:diamond_ore:3, gather:minecraft:diamond_ore:3, gather:minecraft:diamond_ore:4, gather:minecraft:diamond_ore:8, gather:minecraft:diamond_ore:5, gather:minecraft:diamond_ore:2, gather:minecraft:diamond_ore:7, gather:minecraft:diamond_ore:1, gather:minecraft:diamond_ore:2] after=[gather:minecraft:stone:3, gather:minecraft:iron_ore:3, gather:minecraft:stone:8, gather:minecraft:diamond_ore:3, gather:minecraft:diamond_ore:3, gather:minecraft:diamond_ore:4, gather:minecraft:diamond_ore:8, gather:minecraft:diamond_ore:5, gather:minecraft:diamond_ore:2, gather:minecraft:diamond_ore:7, gather:minecraft:diamond_ore:1, gather:minecraft:diamond_ore:2]
[16:12:22] [lodekeeper-planner/INFO] (lodekeeper) [Lodekeeper] PLAN project=gear_diamond success=true steps=34 branches=160 elapsedMs=5.844281
[16:12:22] [Render thread/INFO] (lodekeeper) [Lodekeeper] STEP kind=CRAFT source=minecraft:crafting_table output=minecraft:crafting_table count=1 operations=1 auxiliary=false
[16:12:23] [Render thread/INFO] (lodekeeper) [Lodekeeper] PROGRESS elapsed_ms=26425 phase=crafting backend=baritone target=none navigation_elapsed_ms=0 navigation_ticks=0 searching=false path_index=0 path_length=0 retries=0 pending_route_events=0 dropped_route_events=0 status=CRAFT_minecraft:crafting_table
[16:12:25] [Render thread/INFO] (lodekeeper) [Lodekeeper] PROGRESS elapsed_ms=28448 phase=crafting backend=baritone target=none navigation_elapsed_ms=0 navigation_ticks=0 searching=false path_index=0 path_length=0 retries=0 pending_route_events=0 dropped_route_events=0 status=CRAFT_minecraft:crafting_table
[16:12:25] [lodekeeper-planner/INFO] (lodekeeper) [Lodekeeper] PROJECT_MATERIALS project=gear_diamond before=[gather:minecraft:stone:3, gather:minecraft:iron_ore:3, gather:minecraft:stone:8, gather:minecraft:diamond_ore:3, gather:minecraft:diamond_ore:3, gather:minecraft:diamond_ore:4, gather:minecraft:diamond_ore:8, gather:minecraft:diamond_ore:5, gather:minecraft:diamond_ore:2, gather:minecraft:diamond_ore:7, gather:minecraft:diamond_ore:1, gather:minecraft:diamond_ore:2] after=[gather:minecraft:stone:3, gather:minecraft:iron_ore:3, gather:minecraft:stone:8, gather:minecraft:diamond_ore:3, gather:minecraft:diamond_ore:3, gather:minecraft:diamond_ore:4, gather:minecraft:diamond_ore:8, gather:minecraft:diamond_ore:5, gather:minecraft:diamond_ore:2, gather:minecraft:diamond_ore:7, gather:minecraft:diamond_ore:1, gather:minecraft:diamond_ore:2]
[16:12:25] [lodekeeper-planner/INFO] (lodekeeper) [Lodekeeper] PLAN project=gear_diamond success=true steps=33 branches=157 elapsedMs=5.293507
[16:12:25] [Render thread/INFO] (lodekeeper) [Lodekeeper] STEP kind=PLACE_STATION source=place:minecraft:crafting_table output=null count=0 operations=1 auxiliary=false
[16:12:25] [Render thread/INFO] (lodekeeper) [Lodekeeper] TARGET target=-6,69,34 block=minecraft:crafting_table
[16:12:25] [Render thread/INFO] (lodekeeper) [Lodekeeper] TARGET target=none
[16:12:25] [lodekeeper-planner/INFO] (lodekeeper) [Lodekeeper] PROJECT_MATERIALS project=gear_diamond before=[gather:minecraft:stone:3, gather:minecraft:iron_ore:3, gather:minecraft:stone:8, gather:minecraft:diamond_ore:3, gather:minecraft:diamond_ore:3, gather:minecraft:diamond_ore:4, gather:minecraft:diamond_ore:8, gather:minecraft:diamond_ore:5, gather:minecraft:diamond_ore:2, gather:minecraft:diamond_ore:7, gather:minecraft:diamond_ore:1, gather:minecraft:diamond_ore:2] after=[gather:minecraft:stone:3, gather:minecraft:iron_ore:3, gather:minecraft:stone:8, gather:minecraft:diamond_ore:3, gather:minecraft:diamond_ore:3, gather:minecraft:diamond_ore:4, gather:minecraft:diamond_ore:8, gather:minecraft:diamond_ore:5, gather:minecraft:diamond_ore:2, gather:minecraft:diamond_ore:7, gather:minecraft:diamond_ore:1, gather:minecraft:diamond_ore:2]
[16:12:25] [lodekeeper-planner/INFO] (lodekeeper) [Lodekeeper] PLAN project=gear_diamond success=true steps=32 branches=156 elapsedMs=5.700415
[16:12:25] [Render thread/INFO] (lodekeeper) [Lodekeeper] STEP kind=CRAFT source=minecraft:wooden_pickaxe output=minecraft:wooden_pickaxe count=1 operations=1 auxiliary=false
[16:12:27] [Render thread/INFO] (lodekeeper) [Lodekeeper] PROGRESS elapsed_ms=30449 phase=crafting backend=baritone target=none navigation_elapsed_ms=0 navigation_ticks=0 searching=false path_index=0 path_length=0 retries=0 pending_route_events=0 dropped_route_events=0 status=CRAFT_minecraft:wooden_pickaxe
[16:12:29] [Render thread/INFO] (lodekeeper) [Lodekeeper] PROGRESS elapsed_ms=32515 phase=crafting backend=baritone target=none navigation_elapsed_ms=0 navigation_ticks=0 searching=false path_index=0 path_length=0 retries=0 pending_route_events=0 dropped_route_events=0 status=CRAFT_minecraft:wooden_pickaxe
[16:12:29] [lodekeeper-planner/INFO] (lodekeeper) [Lodekeeper] PROJECT_MATERIALS project=gear_diamond before=[gather:minecraft:stone:3, gather:minecraft:iron_ore:3, gather:minecraft:stone:8, gather:minecraft:diamond_ore:3, gather:minecraft:diamond_ore:3, gather:minecraft:diamond_ore:4, gather:minecraft:diamond_ore:8, gather:minecraft:diamond_ore:5, gather:minecraft:diamond_ore:2, gather:minecraft:diamond_ore:7, gather:minecraft:diamond_ore:1, gather:minecraft:diamond_ore:2] after=[gather:minecraft:stone:3, gather:minecraft:iron_ore:3, gather:minecraft:stone:8, gather:minecraft:diamond_ore:3, gather:minecraft:diamond_ore:3, gather:minecraft:diamond_ore:4, gather:minecraft:diamond_ore:8, gather:minecraft:diamond_ore:5, gather:minecraft:diamond_ore:2, gather:minecraft:diamond_ore:7, gather:minecraft:diamond_ore:1, gather:minecraft:diamond_ore:2]
[16:12:29] [lodekeeper-planner/INFO] (lodekeeper) [Lodekeeper] PLAN project=gear_diamond success=true steps=31 branches=151 elapsedMs=6.956916
[16:12:29] [Render thread/INFO] (lodekeeper) [Lodekeeper] STEP kind=GATHER source=gather:minecraft:stone output=minecraft:cobblestone count=3 operations=3 auxiliary=false
[16:12:31] [Render thread/INFO] (lodekeeper) [Lodekeeper] PROGRESS elapsed_ms=34577 phase=gathering backend=baritone target=none navigation_elapsed_ms=0 navigation_ticks=0 searching=false path_index=0 path_length=0 retries=0 pending_route_events=0 dropped_route_events=0 status=mining_the_recorded_owned_crafting_table
[16:12:33] [Render thread/INFO] (lodekeeper) [Lodekeeper] PROGRESS elapsed_ms=36602 phase=gathering backend=baritone target=none navigation_elapsed_ms=0 navigation_ticks=0 searching=false path_index=0 path_length=0 retries=0 pending_route_events=0 dropped_route_events=0 status=mining_the_recorded_owned_crafting_table
[16:12:33] [Render thread/INFO] (lodekeeper) [Lodekeeper] NAV backend=baritone mode=PICKUP event=CALC_STARTED elapsedMs=7
[16:12:33] [Render thread/INFO] (lodekeeper) [Lodekeeper] NAV calcTool=minecraft:birch_log slot=0
[16:12:33] [Render thread/INFO] (lodekeeper) [Lodekeeper] NAV backend=baritone mode=PICKUP event=CALC_FINISHED_NOW_EXECUTING elapsedMs=32
[16:12:34] [Render thread/INFO] (lodekeeper) [Lodekeeper] NAV backend=baritone mode=PICKUP event=AT_GOAL elapsedMs=205
[16:12:34] [lodekeeper-planner/INFO] (lodekeeper) [Lodekeeper] PROJECT_MATERIALS project=gear_diamond before=[gather:minecraft:stone:3, gather:minecraft:iron_ore:3, gather:minecraft:stone:8, gather:minecraft:diamond_ore:3, gather:minecraft:diamond_ore:3, gather:minecraft:diamond_ore:4, gather:minecraft:diamond_ore:8, gather:minecraft:diamond_ore:5, gather:minecraft:diamond_ore:2, gather:minecraft:diamond_ore:7, gather:minecraft:diamond_ore:1, gather:minecraft:diamond_ore:2] after=[gather:minecraft:stone:3, gather:minecraft:iron_ore:3, gather:minecraft:stone:8, gather:minecraft:diamond_ore:3, gather:minecraft:diamond_ore:3, gather:minecraft:diamond_ore:4, gather:minecraft:diamond_ore:8, gather:minecraft:diamond_ore:5, gather:minecraft:diamond_ore:2, gather:minecraft:diamond_ore:7, gather:minecraft:diamond_ore:1, gather:minecraft:diamond_ore:2]
[16:12:34] [lodekeeper-planner/INFO] (lodekeeper) [Lodekeeper] PLAN project=gear_diamond success=true steps=32 branches=152 elapsedMs=5.011021
[16:12:34] [Render thread/INFO] (lodekeeper) [Lodekeeper] STEP kind=GATHER source=gather:minecraft:stone output=minecraft:cobblestone count=3 operations=3 auxiliary=false
[16:12:34] [Render thread/INFO] (lodekeeper) [Lodekeeper] MINING_DEPTH policy=NEAREST desiredY=-2147483648 ceiling=2031 deficit=3 phase=MINE blocks=[Block{minecraft:stone}]
[16:12:34] [Render thread/INFO] (lodekeeper) [Lodekeeper] NAV scan=native-mine durationNanos=3690566 hits=-1 requestTicks=0
[16:12:34] [Render thread/INFO] (lodekeeper) [Lodekeeper] NAV backend=baritone mode=MINE event=CALC_STARTED elapsedMs=5
[16:12:34] [Render thread/INFO] (lodekeeper) [Lodekeeper] NAV calcTool=minecraft:wooden_pickaxe slot=6
[16:12:34] [Render thread/INFO] (lodekeeper) [Lodekeeper] NAV backend=baritone mode=MINE event=CALC_FINISHED_NOW_EXECUTING elapsedMs=34
[16:12:34] [Render thread/INFO] (lodekeeper) [Lodekeeper] BREAK target=Mutable{x=-6, y=68, z=34} block=Block{minecraft:grass_block} tool=minecraft:birch_log slot=0 remaining=-1 required=route
[16:12:34] [Render thread/INFO] (lodekeeper) [Lodekeeper] TARGET target=-6,64,34 block=minecraft:stone
[16:12:35] [Render thread/INFO] (lodekeeper) [Lodekeeper] PROGRESS elapsed_ms=38628 phase=traveling backend=baritone target=-6,64,34 block=minecraft:stone navigation_elapsed_ms=994 navigation_ticks=20 searching=false path_index=0 path_length=6 retries=0 pending_route_events=0 dropped_route_events=0 status=mining_and_collecting_minecraft:cobblestone___0/3
[16:12:35] [Render thread/INFO] (lodekeeper) [Lodekeeper] BREAK target=Mutable{x=-6, y=67, z=34} block=Block{minecraft:dirt} tool=minecraft:birch_log slot=0 remaining=-1 required=route
[16:12:36] [Render thread/INFO] (lodekeeper) [Lodekeeper] BREAK target=Mutable{x=-6, y=66, z=34} block=Block{minecraft:dirt} tool=minecraft:birch_log slot=0 remaining=-1 required=route
[16:12:37] [Render thread/INFO] (lodekeeper) [Lodekeeper] PROGRESS elapsed_ms=40649 phase=traveling backend=baritone target=-6,64,34 block=minecraft:stone navigation_elapsed_ms=3186 navigation_ticks=64 searching=false path_index=0 path_length=4 retries=0 pending_route_events=0 dropped_route_events=0 status=mining_and_collecting_minecraft:cobblestone___0/3
[16:12:37] [Render thread/INFO] (lodekeeper) [Lodekeeper] BREAK target=Mutable{x=-6, y=65, z=34} block=Block{minecraft:stone} tool=minecraft:wooden_pickaxe slot=6 remaining=59 required=minecraft:wooden_pickaxe
[16:12:39] [Render thread/INFO] (lodekeeper) [Lodekeeper] BREAK target=Mutable{x=-6, y=64, z=34} block=Block{minecraft:stone} tool=minecraft:wooden_pickaxe slot=6 remaining=58 required=minecraft:wooden_pickaxe
[16:12:39] [Render thread/INFO] (lodekeeper) [Lodekeeper] PROGRESS elapsed_ms=42675 phase=traveling backend=baritone target=-6,64,34 block=minecraft:stone navigation_elapsed_ms=5212 navigation_ticks=104 searching=false path_index=0 path_length=2 retries=0 pending_route_events=0 dropped_route_events=0 status=mining_and_collecting_minecraft:cobblestone___0/3
[16:12:40] [Render thread/INFO] (lodekeeper) [Lodekeeper] NAV backend=baritone mode=MINE event=CALC_STARTED elapsedMs=6338
[16:12:40] [Render thread/INFO] (lodekeeper) [Lodekeeper] NAV calcTool=minecraft:wooden_pickaxe slot=6
[16:12:40] [Render thread/INFO] (lodekeeper) [Lodekeeper] NAV backend=baritone mode=MINE event=CALC_FINISHED_NOW_EXECUTING elapsedMs=6338
[16:12:40] [Render thread/INFO] (lodekeeper) [Lodekeeper] TARGET target=-5,64,34 block=minecraft:stone
[16:12:40] [Render thread/INFO] (lodekeeper) [Lodekeeper] BREAK target=Mutable{x=-5, y=65, z=34} block=Block{minecraft:stone} tool=minecraft:wooden_pickaxe slot=6 remaining=57 required=minecraft:wooden_pickaxe
[16:12:41] [Render thread/INFO] (lodekeeper) [Lodekeeper] PROGRESS elapsed_ms=44696 phase=traveling backend=baritone target=-5,64,34 block=minecraft:stone navigation_elapsed_ms=7200 navigation_ticks=144 searching=false path_index=0 path_length=2 retries=0 pending_route_events=0 dropped_route_events=0 status=mining_and_collecting_minecraft:cobblestone___2/3
[16:12:42] [Render thread/INFO] (lodekeeper) [Lodekeeper] BREAK target=Mutable{x=-5, y=64, z=34} block=Block{minecraft:stone} tool=minecraft:wooden_pickaxe slot=6 remaining=56 required=minecraft:wooden_pickaxe
[16:12:42] [Render thread/INFO] (lodekeeper) [Lodekeeper] TARGET target=none
[16:12:42] [lodekeeper-planner/INFO] (lodekeeper) [Lodekeeper] PROJECT_MATERIALS project=gear_diamond before=[gather:minecraft:iron_ore:3, gather:minecraft:stone:8, gather:minecraft:diamond_ore:3, gather:minecraft:diamond_ore:3, gather:minecraft:diamond_ore:4, gather:minecraft:diamond_ore:8, gather:minecraft:diamond_ore:5, gather:minecraft:diamond_ore:2, gather:minecraft:diamond_ore:7, gather:minecraft:diamond_ore:1, gather:minecraft:diamond_ore:2] after=[gather:minecraft:iron_ore:3, gather:minecraft:stone:8, gather:minecraft:diamond_ore:3, gather:minecraft:diamond_ore:3, gather:minecraft:diamond_ore:4, gather:minecraft:diamond_ore:8, gather:minecraft:diamond_ore:5, gather:minecraft:diamond_ore:2, gather:minecraft:diamond_ore:7, gather:minecraft:diamond_ore:1, gather:minecraft:diamond_ore:2]
[16:12:42] [lodekeeper-planner/INFO] (lodekeeper) [Lodekeeper] PLAN project=gear_diamond success=true steps=31 branches=147 elapsedMs=4.588265
[16:12:42] [Render thread/INFO] (lodekeeper) [Lodekeeper] STEP kind=PLACE_STATION source=place:minecraft:crafting_table output=null count=0 operations=1 auxiliary=false
[16:12:42] [Render thread/INFO] (lodekeeper) [Lodekeeper] TARGET target=-5,65,34 block=minecraft:crafting_table
[16:12:43] [Render thread/INFO] (lodekeeper) [Lodekeeper] TARGET target=none
[16:12:43] [lodekeeper-planner/INFO] (lodekeeper) [Lodekeeper] PROJECT_MATERIALS project=gear_diamond before=[gather:minecraft:iron_ore:3, gather:minecraft:stone:8, gather:minecraft:diamond_ore:3, gather:minecraft:diamond_ore:3, gather:minecraft:diamond_ore:4, gather:minecraft:diamond_ore:8, gather:minecraft:diamond_ore:5, gather:minecraft:diamond_ore:2, gather:minecraft:diamond_ore:7, gather:minecraft:diamond_ore:1, gather:minecraft:diamond_ore:2] after=[gather:minecraft:iron_ore:3, gather:minecraft:stone:8, gather:minecraft:diamond_ore:3, gather:minecraft:diamond_ore:3, gather:minecraft:diamond_ore:4, gather:minecraft:diamond_ore:8, gather:minecraft:diamond_ore:5, gather:minecraft:diamond_ore:2, gather:minecraft:diamond_ore:7, gather:minecraft:diamond_ore:1, gather:minecraft:diamond_ore:2]
[16:12:43] [lodekeeper-planner/INFO] (lodekeeper) [Lodekeeper] PLAN project=gear_diamond success=true steps=30 branches=146 elapsedMs=4.5484
[16:12:43] [Render thread/INFO] (lodekeeper) [Lodekeeper] STEP kind=CRAFT source=minecraft:stone_pickaxe output=minecraft:stone_pickaxe count=1 operations=1 auxiliary=false
[16:12:43] [Render thread/INFO] (lodekeeper) [Lodekeeper] PROGRESS elapsed_ms=46714 phase=crafting backend=baritone target=none navigation_elapsed_ms=0 navigation_ticks=0 searching=false path_index=0 path_length=0 retries=0 pending_route_events=0 dropped_route_events=0 status=CRAFT_minecraft:stone_pickaxe
[16:12:45] [Render thread/INFO] (lodekeeper) [Lodekeeper] PROGRESS elapsed_ms=48728 phase=crafting backend=baritone target=none navigation_elapsed_ms=0 navigation_ticks=0 searching=false path_index=0 path_length=0 retries=0 pending_route_events=0 dropped_route_events=0 status=CRAFT_minecraft:stone_pickaxe
[16:12:47] [lodekeeper-planner/INFO] (lodekeeper) [Lodekeeper] PROJECT_MATERIALS project=gear_diamond before=[gather:minecraft:iron_ore:3, gather:minecraft:stone:8, gather:minecraft:diamond_ore:3, gather:minecraft:diamond_ore:3, gather:minecraft:diamond_ore:4, gather:minecraft:diamond_ore:8, gather:minecraft:diamond_ore:5, gather:minecraft:diamond_ore:2, gather:minecraft:diamond_ore:7, gather:minecraft:diamond_ore:1, gather:minecraft:diamond_ore:2] after=[gather:minecraft:iron_ore:3, gather:minecraft:stone:8, gather:minecraft:diamond_ore:3, gather:minecraft:diamond_ore:3, gather:minecraft:diamond_ore:4, gather:minecraft:diamond_ore:8, gather:minecraft:diamond_ore:5, gather:minecraft:diamond_ore:2, gather:minecraft:diamond_ore:7, gather:minecraft:diamond_ore:1, gather:minecraft:diamond_ore:2]
[16:12:47] [lodekeeper-planner/INFO] (lodekeeper) [Lodekeeper] PLAN project=gear_diamond success=true steps=29 branches=141 elapsedMs=4.551729
[16:12:47] [Render thread/INFO] (lodekeeper) [Lodekeeper] STEP kind=GATHER source=gather:minecraft:iron_ore output=minecraft:raw_iron count=3 operations=3 auxiliary=false
[16:12:47] [Render thread/INFO] (lodekeeper) [Lodekeeper] PROGRESS elapsed_ms=50747 phase=gathering backend=baritone target=none navigation_elapsed_ms=0 navigation_ticks=0 searching=false path_index=0 path_length=0 retries=0 pending_route_events=0 dropped_route_events=0 status=mining_the_recorded_owned_crafting_table
[16:12:49] [Render thread/INFO] (lodekeeper) [Lodekeeper] PROGRESS elapsed_ms=52761 phase=gathering backend=baritone target=none navigation_elapsed_ms=0 navigation_ticks=0 searching=false path_index=0 path_length=0 retries=0 pending_route_events=0 dropped_route_events=0 status=mining_the_recorded_owned_crafting_table
[16:12:50] [Render thread/INFO] (lodekeeper) [Lodekeeper] NAV backend=baritone mode=PICKUP event=CALC_STARTED elapsedMs=1
[16:12:50] [Render thread/INFO] (lodekeeper) [Lodekeeper] NAV calcTool=minecraft:birch_log slot=0
[16:12:51] [Render thread/INFO] (lodekeeper) [Lodekeeper] NAV backend=baritone mode=PICKUP event=CALC_FINISHED_NOW_EXECUTING elapsedMs=34
[16:12:51] [Render thread/INFO] (lodekeeper) [Lodekeeper] BREAK target=Mutable{x=-5, y=66, z=34} block=Block{minecraft:dirt} tool=minecraft:birch_log slot=0 remaining=-1 required=route
[16:12:51] [Render thread/INFO] (lodekeeper) [Lodekeeper] NAV backend=baritone mode=PICKUP event=CALC_STARTED elapsedMs=237
[16:12:51] [Render thread/INFO] (lodekeeper) [Lodekeeper] NAV calcTool=minecraft:birch_log slot=0
[16:12:51] [Render thread/INFO] (lodekeeper) [Lodekeeper] NAV backend=baritone mode=PICKUP event=CALC_FINISHED_NOW_EXECUTING elapsedMs=237
[16:12:51] [Render thread/INFO] (lodekeeper) [Lodekeeper] NAV backend=baritone mode=IDLE event=CANCELED elapsedMs=406
[16:12:51] [Render thread/INFO] (lodekeeper) [Lodekeeper] NAV backend=baritone mode=IDLE event=CANCELED elapsedMs=407
[16:12:51] [Render thread/INFO] (lodekeeper) [Lodekeeper] NAV backend=baritone mode=IDLE event=CANCELED elapsedMs=440
[16:12:51] [Render thread/INFO] (lodekeeper) [Lodekeeper] NAV backend=baritone mode=IDLE event=CANCELED elapsedMs=475
[16:12:51] [Render thread/INFO] (lodekeeper) [Lodekeeper] NAV backend=baritone mode=IDLE event=CANCELED elapsedMs=541
[16:12:51] [Render thread/INFO] (lodekeeper) [Lodekeeper] NAV backend=baritone mode=IDLE event=CANCELED elapsedMs=575
[16:12:51] [Render thread/INFO] (lodekeeper) [Lodekeeper] PROGRESS elapsed_ms=54763 phase=working backend=baritone target=none navigation_elapsed_ms=0 navigation_ticks=0 searching=false path_index=0 path_length=0 retries=0 pending_route_events=0 dropped_route_events=0 status=finishing_movement_before_inventory_actions
[16:12:51] [Render thread/INFO] (lodekeeper) [Lodekeeper] NAV backend=baritone mode=IDLE event=CANCELED elapsedMs=642
[16:12:51] [Render thread/INFO] (lodekeeper) [Lodekeeper] NAV backend=baritone mode=IDLE event=CANCELED elapsedMs=675
[16:12:51] [Render thread/INFO] (lodekeeper) [Lodekeeper] NAV backend=baritone mode=IDLE event=CANCELED elapsedMs=744
[16:12:51] [Render thread/INFO] (lodekeeper) [Lodekeeper] NAV backend=baritone mode=IDLE event=CANCELED elapsedMs=778
[16:12:51] [Render thread/INFO] (lodekeeper) [Lodekeeper] NAV backend=baritone mode=IDLE event=CANCELED elapsedMs=845
[16:12:51] [lodekeeper-planner/INFO] (lodekeeper) [Lodekeeper] PROJECT_MATERIALS project=gear_diamond before=[gather:minecraft:iron_ore:3, gather:minecraft:stone:8, gather:minecraft:diamond_ore:3, gather:minecraft:diamond_ore:3, gather:minecraft:diamond_ore:4, gather:minecraft:diamond_ore:8, gather:minecraft:diamond_ore:5, gather:minecraft:diamond_ore:2, gather:minecraft:diamond_ore:7, gather:minecraft:diamond_ore:1, gather:minecraft:diamond_ore:2] after=[gather:minecraft:iron_ore:3, gather:minecraft:stone:8, gather:minecraft:diamond_ore:3, gather:minecraft:diamond_ore:3, gather:minecraft:diamond_ore:4, gather:minecraft:diamond_ore:8, gather:minecraft:diamond_ore:5, gather:minecraft:diamond_ore:2, gather:minecraft:diamond_ore:7, gather:minecraft:diamond_ore:1, gather:minecraft:diamond_ore:2]
[16:12:51] [lodekeeper-planner/INFO] (lodekeeper) [Lodekeeper] PLAN project=gear_diamond success=true steps=30 branches=142 elapsedMs=5.050996
[16:12:51] [Render thread/INFO] (lodekeeper) [Lodekeeper] FOOD_PURSUIT event=start target=af9cee2d-310b-4ade-82ac-db62ef2f7fc2 routes=1 failedRoutes=0 attacks=0 health=10.0 closestBoxDistance=4.01 elapsedMs=0
[16:12:51] [Render thread/INFO] (lodekeeper) [Lodekeeper] NAV backend=baritone mode=FOLLOW event=CALC_STARTED elapsedMs=3
[16:12:51] [Render thread/INFO] (lodekeeper) [Lodekeeper] NAV calcTool=minecraft:stone_pickaxe slot=7
[16:12:52] [Render thread/INFO] (lodekeeper) [Lodekeeper] NAV backend=baritone mode=FOLLOW event=CALC_FINISHED_NOW_EXECUTING elapsedMs=66
[16:12:52] [Render thread/INFO] (lodekeeper) [Lodekeeper] FOOD_PURSUIT event=in-reach target=af9cee2d-310b-4ade-82ac-db62ef2f7fc2 routes=1 failedRoutes=0 attacks=0 health=10.0 closestBoxDistance=2.1 elapsedMs=813
[16:12:52] [Render thread/INFO] (lodekeeper) [Lodekeeper] NAV backend=baritone mode=IDLE event=CANCELED elapsedMs=813
[16:12:52] [Render thread/INFO] (lodekeeper) [Lodekeeper] NAV backend=baritone mode=IDLE event=CANCELED elapsedMs=813
[16:12:52] [Render thread/INFO] (lodekeeper) [Lodekeeper] NAV backend=baritone mode=IDLE event=CANCELED elapsedMs=848
[16:12:52] [Render thread/INFO] (lodekeeper) [Lodekeeper] NAV backend=baritone mode=IDLE event=CANCELED elapsedMs=916
[16:12:52] [Render thread/INFO] (lodekeeper) [Lodekeeper] FOOD_PURSUIT event=start target=af9cee2d-310b-4ade-82ac-db62ef2f7fc2 routes=2 failedRoutes=0 attacks=0 health=10.0 closestBoxDistance=1.96 elapsedMs=950
[16:12:52] [Render thread/INFO] (lodekeeper) [Lodekeeper] NAV backend=baritone mode=FOLLOW event=CALC_STARTED elapsedMs=1
[16:12:52] [Render thread/INFO] (lodekeeper) [Lodekeeper] NAV calcTool=minecraft:dirt slot=2
[16:12:52] [Render thread/INFO] (lodekeeper) [Lodekeeper] NAV backend=baritone mode=FOLLOW event=CALC_FINISHED_NOW_EXECUTING elapsedMs=68
[16:12:52] [Render thread/INFO] (lodekeeper) [Lodekeeper] BREAK target=Mutable{x=-6, y=67, z=35} block=Block{minecraft:grass_block} tool=minecraft:birch_log slot=0 remaining=-1 required=route
[16:12:53] [Render thread/INFO] (lodekeeper) [Lodekeeper] FOOD_PURSUIT event=in-reach target=af9cee2d-310b-4ade-82ac-db62ef2f7fc2 routes=2 failedRoutes=0 attacks=0 health=10.0 closestBoxDistance=1.71 elapsedMs=1221
[16:12:53] [Render thread/INFO] (lodekeeper) [Lodekeeper] NAV backend=baritone mode=IDLE event=CANCELED elapsedMs=272
[16:12:53] [Render thread/INFO] (lodekeeper) [Lodekeeper] NAV backend=baritone mode=IDLE event=CANCELED elapsedMs=272
[16:12:53] [Render thread/INFO] (lodekeeper) [Lodekeeper] PROGRESS elapsed_ms=56767 phase=waiting backend=baritone target=none navigation_elapsed_ms=0 navigation_ticks=0 searching=false path_index=0 path_length=0 retries=0 pending_route_events=0 dropped_route_events=0 status=waiting_for_native_attack_cooldown
[16:12:54] [Render thread/INFO] (lodekeeper) [Lodekeeper] FOOD_TOOL slot=7 item=minecraft:stone_pickaxe damage=3.0 wear=2 remainingDurability=131
[16:12:54] [Render thread/INFO] (lodekeeper) [Lodekeeper] FOOD_PURSUIT event=native-attack target=af9cee2d-310b-4ade-82ac-db62ef2f7fc2 routes=2 failedRoutes=0 attacks=1 health=10.0 closestBoxDistance=1.86 elapsedMs=2208
[16:12:54] [Render thread/INFO] (lodekeeper) [Lodekeeper] FOOD_PURSUIT event=health-progress target=af9cee2d-310b-4ade-82ac-db62ef2f7fc2 routes=2 failedRoutes=0 attacks=1 health=7.04776 closestBoxDistance=1.93 elapsedMs=2243
[16:12:54] [Render thread/INFO] (lodekeeper) [Lodekeeper] FOOD_PURSUIT event=start target=af9cee2d-310b-4ade-82ac-db62ef2f7fc2 routes=3 failedRoutes=0 attacks=1 health=7.04776 closestBoxDistance=2.77 elapsedMs=2614
[16:12:54] [Render thread/INFO] (lodekeeper) [Lodekeeper] NAV backend=baritone mode=FOLLOW event=CALC_STARTED elapsedMs=1
[16:12:54] [Render thread/INFO] (lodekeeper) [Lodekeeper] NAV calcTool=minecraft:stone_pickaxe slot=7
[16:12:54] [Render thread/INFO] (lodekeeper) [Lodekeeper] NAV backend=baritone mode=FOLLOW event=CALC_FINISHED_NOW_EXECUTING elapsedMs=34
[16:12:54] [Render thread/INFO] (lodekeeper) [Lodekeeper] BREAK target=Mutable{x=-7, y=67, z=34} block=Block{minecraft:grass_block} tool=minecraft:birch_log slot=0 remaining=-1 required=route
[16:12:54] [Render thread/INFO] (lodekeeper) [Lodekeeper] FOOD_PURSUIT event=in-reach target=af9cee2d-310b-4ade-82ac-db62ef2f7fc2 routes=3 failedRoutes=0 attacks=1 health=7.04776 closestBoxDistance=1.9 elapsedMs=3023
[16:12:54] [Render thread/INFO] (lodekeeper) [Lodekeeper] NAV backend=baritone mode=IDLE event=CANCELED elapsedMs=410
[16:12:54] [Render thread/INFO] (lodekeeper) [Lodekeeper] NAV backend=baritone mode=IDLE event=CANCELED elapsedMs=410
[16:12:55] [Render thread/INFO] (lodekeeper) [Lodekeeper] PROGRESS elapsed_ms=58813 phase=waiting backend=baritone target=none navigation_elapsed_ms=0 navigation_ticks=0 searching=false path_index=0 path_length=0 retries=0 pending_route_events=0 dropped_route_events=0 status=waiting_for_native_attack_cooldown
[16:12:55] [Render thread/INFO] (lodekeeper) [Lodekeeper] FOOD_PURSUIT event=start target=af9cee2d-310b-4ade-82ac-db62ef2f7fc2 routes=4 failedRoutes=0 attacks=1 health=7.04776 closestBoxDistance=1.57 elapsedMs=4014
[16:12:55] [Render thread/INFO] (lodekeeper) [Lodekeeper] NAV backend=baritone mode=FOLLOW event=CALC_STARTED elapsedMs=1
[16:12:55] [Render thread/INFO] (lodekeeper) [Lodekeeper] NAV calcTool=minecraft:stone_pickaxe slot=7
[16:12:56] [Render thread/INFO] (lodekeeper) [Lodekeeper] NAV backend=baritone mode=FOLLOW event=CALC_FINISHED_NOW_EXECUTING elapsedMs=35
[16:12:56] [Render thread/INFO] (lodekeeper) [Lodekeeper] NAV backend=baritone mode=FOLLOW event=CALC_STARTED elapsedMs=207
[16:12:56] [Render thread/INFO] (lodekeeper) [Lodekeeper] NAV calcTool=minecraft:dirt slot=2
[16:12:56] [Render thread/INFO] (lodekeeper) [Lodekeeper] NAV backend=baritone mode=FOLLOW event=CALC_FINISHED_NOW_EXECUTING elapsedMs=207
[16:12:56] [Render thread/INFO] (lodekeeper) [Lodekeeper] FOOD_PURSUIT event=in-reach target=af9cee2d-310b-4ade-82ac-db62ef2f7fc2 routes=4 failedRoutes=0 attacks=1 health=7.04776 closestBoxDistance=2.14 elapsedMs=4255
[16:12:56] [Render thread/INFO] (lodekeeper) [Lodekeeper] NAV backend=baritone mode=IDLE event=CANCELED elapsedMs=241
[16:12:56] [Render thread/INFO] (lodekeeper) [Lodekeeper] NAV backend=baritone mode=IDLE event=CANCELED elapsedMs=241
[16:12:56] [Render thread/INFO] (lodekeeper) [Lodekeeper] NAV backend=baritone mode=IDLE event=CANCELED elapsedMs=308
[16:12:56] [Render thread/INFO] (lodekeeper) [Lodekeeper] NAV backend=baritone mode=IDLE event=CANCELED elapsedMs=342
[16:12:56] [Render thread/INFO] (lodekeeper) [Lodekeeper] NAV backend=baritone mode=IDLE event=CANCELED elapsedMs=376
[16:12:56] [Render thread/INFO] (lodekeeper) [Lodekeeper] NAV backend=baritone mode=IDLE event=CANCELED elapsedMs=445
[16:12:56] [Render thread/INFO] (lodekeeper) [Lodekeeper] NAV backend=baritone mode=IDLE event=CANCELED elapsedMs=478
[16:12:56] [Render thread/INFO] (lodekeeper) [Lodekeeper] NAV backend=baritone mode=IDLE event=CANCELED elapsedMs=546
[16:12:56] [Render thread/INFO] (lodekeeper) [Lodekeeper] NAV backend=baritone mode=IDLE event=CANCELED elapsedMs=582
[16:12:56] [Render thread/INFO] (lodekeeper) [Lodekeeper] FOOD_PURSUIT event=start target=af9cee2d-310b-4ade-82ac-db62ef2f7fc2 routes=5 failedRoutes=0 attacks=1 health=7.04776 closestBoxDistance=4.11 elapsedMs=4664
[16:12:56] [Render thread/INFO] (lodekeeper) [Lodekeeper] NAV backend=baritone mode=FOLLOW event=CALC_STARTED elapsedMs=1
[16:12:56] [Render thread/INFO] (lodekeeper) [Lodekeeper] NAV calcTool=minecraft:dirt slot=2
[16:12:56] [Render thread/INFO] (lodekeeper) [Lodekeeper] NAV backend=baritone mode=FOLLOW event=CALC_FINISHED_NOW_EXECUTING elapsedMs=33
[16:12:56] [Render thread/INFO] (lodekeeper) [Lodekeeper] BREAK target=Mutable{x=-6, y=67, z=35} block=Block{minecraft:grass_block} tool=minecraft:birch_log slot=0 remaining=-1 required=route
[16:12:56] [Render thread/INFO] (lodekeeper) [Lodekeeper] NAV backend=baritone mode=FOLLOW event=CALC_STARTED elapsedMs=136
[16:12:56] [Render thread/INFO] (lodekeeper) [Lodekeeper] NAV calcTool=minecraft:birch_log slot=0
[16:12:56] [Render thread/INFO] (lodekeeper) [Lodekeeper] NAV backend=baritone mode=FOLLOW event=CALC_FINISHED_NOW_EXECUTING elapsedMs=137
[16:12:57] [Render thread/INFO] (lodekeeper) [Lodekeeper] PROGRESS elapsed_ms=60864 phase=traveling backend=baritone target=none navigation_elapsed_ms=991 navigation_ticks=20 searching=false path_index=0 path_length=6 retries=0 pending_route_events=0 dropped_route_events=0 status=pursuing_cow__5_
[16:12:58] [Render thread/INFO] (lodekeeper) [Lodekeeper] FOOD_PURSUIT event=in-reach target=af9cee2d-310b-4ade-82ac-db62ef2f7fc2 routes=5 failedRoutes=0 attacks=1 health=7.04776 closestBoxDistance=2.89 elapsedMs=6445
[16:12:58] [Render thread/INFO] (lodekeeper) [Lodekeeper] NAV backend=baritone mode=IDLE event=CANCELED elapsedMs=1781
[16:12:58] [Render thread/INFO] (lodekeeper) [Lodekeeper] NAV backend=baritone mode=IDLE event=CANCELED elapsedMs=1782
[16:12:58] [Render thread/INFO] (lodekeeper) [Lodekeeper] NAV backend=baritone mode=IDLE event=CANCELED elapsedMs=1848
[16:12:58] [Render thread/INFO] (lodekeeper) [Lodekeeper] NAV backend=baritone mode=IDLE event=CANCELED elapsedMs=1882
[16:12:58] [Render thread/INFO] (lodekeeper) [Lodekeeper] NAV backend=baritone mode=IDLE event=CANCELED elapsedMs=1951
[16:12:58] [Render thread/INFO] (lodekeeper) [Lodekeeper] NAV backend=baritone mode=IDLE event=CANCELED elapsedMs=1986
[16:12:58] [Render thread/INFO] (lodekeeper) [Lodekeeper] NAV backend=baritone mode=IDLE event=CANCELED elapsedMs=2053
[16:12:59] [Render thread/INFO] (lodekeeper) [Lodekeeper] FOOD_TOOL slot=7 item=minecraft:stone_pickaxe damage=3.0 wear=2 remainingDurability=129
[16:12:59] [Render thread/INFO] (lodekeeper) [Lodekeeper] FOOD_PURSUIT event=native-attack target=af9cee2d-310b-4ade-82ac-db62ef2f7fc2 routes=5 failedRoutes=0 attacks=2 health=7.04776 closestBoxDistance=2.35 elapsedMs=7718
[16:12:59] [Render thread/INFO] (lodekeeper) [Lodekeeper] FOOD_PURSUIT event=health-progress target=af9cee2d-310b-4ade-82ac-db62ef2f7fc2 routes=5 failedRoutes=0 attacks=2 health=4.04776 closestBoxDistance=2.35 elapsedMs=7822
[16:12:59] [Render thread/INFO] (lodekeeper) [Lodekeeper] PROGRESS elapsed_ms=62927 phase=waiting backend=baritone target=none navigation_elapsed_ms=0 navigation_ticks=0 searching=false path_index=0 path_length=0 retries=0 pending_route_events=0 dropped_route_events=0 status=waiting_for_native_attack_cooldown
[16:13:00] [Render thread/INFO] (lodekeeper) [Lodekeeper] FOOD_PURSUIT event=start target=af9cee2d-310b-4ade-82ac-db62ef2f7fc2 routes=6 failedRoutes=0 attacks=2 health=4.04776 closestBoxDistance=3.07 elapsedMs=8196
[16:13:00] [Render thread/INFO] (lodekeeper) [Lodekeeper] NAV backend=baritone mode=FOLLOW event=CALC_STARTED elapsedMs=1
[16:13:00] [Render thread/INFO] (lodekeeper) [Lodekeeper] NAV calcTool=minecraft:stone_pickaxe slot=7
[16:13:00] [Render thread/INFO] (lodekeeper) [Lodekeeper] NAV backend=baritone mode=FOLLOW event=CALC_FINISHED_NOW_EXECUTING elapsedMs=2
[16:13:00] [Render thread/INFO] (lodekeeper) [Lodekeeper] FOOD_PURSUIT event=in-reach target=af9cee2d-310b-4ade-82ac-db62ef2f7fc2 routes=6 failedRoutes=0 attacks=2 health=4.04776 closestBoxDistance=2.87 elapsedMs=8368
[16:13:00] [Render thread/INFO] (lodekeeper) [Lodekeeper] NAV backend=baritone mode=IDLE event=CANCELED elapsedMs=172
[16:13:00] [Render thread/INFO] (lodekeeper) [Lodekeeper] NAV backend=baritone mode=IDLE event=CANCELED elapsedMs=172
[16:13:00] [Render thread/INFO] (lodekeeper) [Lodekeeper] NAV backend=baritone mode=IDLE event=CANCELED elapsedMs=206
[16:13:00] [Render thread/INFO] (lodekeeper) [Lodekeeper] NAV backend=baritone mode=IDLE event=CANCELED elapsedMs=273
[16:13:00] [Render thread/INFO] (lodekeeper) [Lodekeeper] NAV backend=baritone mode=IDLE event=CANCELED elapsedMs=309
[16:13:00] [Render thread/INFO] (lodekeeper) [Lodekeeper] FOOD_TOOL slot=7 item=minecraft:stone_pickaxe damage=3.0 wear=2 remainingDurability=127
[16:13:00] [Render thread/INFO] (lodekeeper) [Lodekeeper] FOOD_PURSUIT event=native-attack target=af9cee2d-310b-4ade-82ac-db62ef2f7fc2 routes=6 failedRoutes=0 attacks=3 health=4.04776 closestBoxDistance=1.79 elapsedMs=8607
[16:13:00] [Render thread/INFO] (lodekeeper) [Lodekeeper] FOOD_PURSUIT event=health-progress target=af9cee2d-310b-4ade-82ac-db62ef2f7fc2 routes=6 failedRoutes=0 attacks=3 health=1.04776 closestBoxDistance=1.78 elapsedMs=8640
[16:13:01] [Render thread/INFO] (lodekeeper) [Lodekeeper] FOOD_TOOL slot=7 item=minecraft:stone_pickaxe damage=3.0 wear=2 remainingDurability=125
[16:13:01] [Render thread/INFO] (lodekeeper) [Lodekeeper] FOOD_PURSUIT event=native-attack target=af9cee2d-310b-4ade-82ac-db62ef2f7fc2 routes=6 failedRoutes=0 attacks=4 health=1.04776 closestBoxDistance=1.62 elapsedMs=9459
[16:13:01] [Render thread/INFO] (lodekeeper) [Lodekeeper] FOOD_PURSUIT event=health-progress target=af9cee2d-310b-4ade-82ac-db62ef2f7fc2 routes=6 failedRoutes=0 attacks=4 health=0.0 closestBoxDistance=1.61 elapsedMs=9495
[16:13:01] [Render thread/INFO] (lodekeeper) [Lodekeeper] NAV backend=baritone mode=PICKUP event=CALC_STARTED elapsedMs=0
[16:13:01] [Render thread/INFO] (lodekeeper) [Lodekeeper] NAV calcTool=minecraft:stone_pickaxe slot=7
[16:13:01] [Render thread/INFO] (lodekeeper) [Lodekeeper] NAV backend=baritone mode=PICKUP event=CALC_FINISHED_NOW_EXECUTING elapsedMs=33
[16:13:01] [Render thread/INFO] (lodekeeper) [Lodekeeper] NAV backend=baritone mode=PICKUP event=CALC_STARTED elapsedMs=239
[16:13:01] [Render thread/INFO] (lodekeeper) [Lodekeeper] NAV calcTool=minecraft:stone_pickaxe slot=7
[16:13:01] [Render thread/INFO] (lodekeeper) [Lodekeeper] NAV backend=baritone mode=PICKUP event=CALC_FINISHED_NOW_EXECUTING elapsedMs=239
[16:13:01] [Render thread/INFO] (lodekeeper) [Lodekeeper] PROGRESS elapsed_ms=64977 phase=traveling backend=baritone target=none navigation_elapsed_ms=204 navigation_ticks=4 searching=false path_index=0 path_length=3 retries=0 pending_route_events=0 dropped_route_events=0 status=collecting_minecraft:beef
[16:13:01] [Render thread/INFO] (lodekeeper) [Lodekeeper] NAV backend=baritone mode=IDLE event=CANCELED elapsedMs=378
[16:13:01] [Render thread/INFO] (lodekeeper) [Lodekeeper] NAV backend=baritone mode=IDLE event=CANCELED elapsedMs=379
[16:13:01] [Render thread/INFO] (lodekeeper) [Lodekeeper] NAV backend=baritone mode=IDLE event=CANCELED elapsedMs=447
[16:13:02] [Render thread/INFO] (lodekeeper) [Lodekeeper] NAV backend=baritone mode=IDLE event=CANCELED elapsedMs=480
[16:13:02] [Render thread/INFO] (lodekeeper) [Lodekeeper] FOOD_PREPARATION decision=batch_raw_food nutrition=3 cooked_potential=8 target=36
[16:13:02] [lodekeeper-planner/INFO] (lodekeeper) [Lodekeeper] PROJECT_MATERIALS project=gear_diamond before=[gather:minecraft:iron_ore:3, gather:minecraft:stone:8, gather:minecraft:diamond_ore:3, gather:minecraft:diamond_ore:3, gather:minecraft:diamond_ore:4, gather:minecraft:diamond_ore:8, gather:minecraft:diamond_ore:5, gather:minecraft:diamond_ore:2, gather:minecraft:diamond_ore:7, gather:minecraft:diamond_ore:1, gather:minecraft:diamond_ore:2] after=[gather:minecraft:iron_ore:3, gather:minecraft:stone:8, gather:minecraft:diamond_ore:3, gather:minecraft:diamond_ore:3, gather:minecraft:diamond_ore:4, gather:minecraft:diamond_ore:8, gather:minecraft:diamond_ore:5, gather:minecraft:diamond_ore:2, gather:minecraft:diamond_ore:7, gather:minecraft:diamond_ore:1, gather:minecraft:diamond_ore:2]
[16:13:02] [lodekeeper-planner/INFO] (lodekeeper) [Lodekeeper] PLAN project=gear_diamond success=true steps=30 branches=142 elapsedMs=4.375554
[16:13:02] [Render thread/INFO] (lodekeeper) [Lodekeeper] STEP kind=GATHER source=gather:minecraft:iron_ore output=minecraft:raw_iron count=3 operations=3 auxiliary=false
[16:13:02] [Render thread/INFO] (lodekeeper) [Lodekeeper] MINING_DEPTH policy=NEAREST desiredY=16 ceiling=2031 deficit=3 phase=MINE blocks=[Block{minecraft:iron_ore}, Block{minecraft:deepslate_iron_ore}]
[16:13:02] [Render thread/INFO] (lodekeeper) [Lodekeeper] NAV scan=native-mine durationNanos=2110477 hits=-1 requestTicks=0
[16:13:02] [Render thread/INFO] (lodekeeper) [Lodekeeper] NAV backend=baritone mode=MINE event=CALC_STARTED elapsedMs=4
[16:13:02] [Render thread/INFO] (lodekeeper) [Lodekeeper] NAV calcTool=minecraft:stone_pickaxe slot=7
[16:13:02] [Render thread/INFO] (lodekeeper) [Lodekeeper] NAV discovered=2 retained=64 rejected=0 requestTicks=3 phase=MINE
[16:13:02] [Render thread/INFO] (lodekeeper) [Lodekeeper] ROUTE_SEARCH kind=unknown anchor=unknown feet_y16=0 candidates=0 target=none elapsed_ms=65455
[16:13:02] [Render thread/INFO] (lodekeeper) [Lodekeeper] NAV backend=baritone mode=MINE event=CALC_FINISHED_NOW_EXECUTING elapsedMs=270
[16:13:02] [Render thread/INFO] (lodekeeper) [Lodekeeper] NAV discovered=2 retained=64 rejected=0 requestTicks=7 phase=MINE
[16:13:02] [Render thread/INFO] (lodekeeper) [Lodekeeper] TARGET target=-13,55,43 block=minecraft:iron_ore
[16:13:02] [Render thread/INFO] (lodekeeper) [Lodekeeper] ROUTE_TRAVEL path_index=0 path_length=21 target=-13,55,43 block=minecraft:iron_ore elapsed_ms=65659
[16:13:03] [Render thread/INFO] (lodekeeper) [Lodekeeper] TARGET target=none
[16:13:03] [Render thread/INFO] (lodekeeper) [Lodekeeper] NAV backend=baritone mode=IDLE event=CANCELED elapsedMs=956
[16:13:03] [Render thread/INFO] (lodekeeper) [Lodekeeper] NAV backend=baritone mode=IDLE event=CANCELED elapsedMs=956
[16:13:03] [Render thread/INFO] (lodekeeper) [Lodekeeper] NAV backend=baritone mode=IDLE event=CANCELED elapsedMs=1023
[16:13:03] [Render thread/INFO] (lodekeeper) [Lodekeeper] NAV backend=baritone mode=IDLE event=CANCELED elapsedMs=1057
[16:13:03] [Render thread/INFO] (lodekeeper) [Lodekeeper] NAV backend=baritone mode=IDLE event=CANCELED elapsedMs=1124
[16:13:03] [Render thread/INFO] (lodekeeper) [Lodekeeper] FOOD_PURSUIT event=start target=b87fa8c3-a771-4c62-a8f4-f712f2d5d2fa routes=1 failedRoutes=0 attacks=0 health=10.0 closestBoxDistance=6.99 elapsedMs=0
[16:13:03] [Render thread/INFO] (lodekeeper) [Lodekeeper] NAV backend=baritone mode=FOLLOW event=CALC_STARTED elapsedMs=1
[16:13:03] [Render thread/INFO] (lodekeeper) [Lodekeeper] NAV calcTool=minecraft:stone_pickaxe slot=7
[16:13:03] [Render thread/INFO] (lodekeeper) [Lodekeeper] NAV backend=baritone mode=FOLLOW event=CALC_FINISHED_NOW_EXECUTING elapsedMs=34
[16:13:03] [Render thread/INFO] (lodekeeper) [Lodekeeper] PROGRESS elapsed_ms=67026 phase=traveling backend=baritone target=none navigation_elapsed_ms=614 navigation_ticks=12 searching=false path_index=0 path_length=6 retries=0 pending_route_events=0 dropped_route_events=0 status=pursuing_cow__1_
[16:13:04] [Render thread/INFO] (lodekeeper) [Lodekeeper] FOOD_PURSUIT event=in-reach target=b87fa8c3-a771-4c62-a8f4-f712f2d5d2fa routes=1 failedRoutes=0 attacks=0 health=10.0 closestBoxDistance=2.88 elapsedMs=954
[16:13:04] [Render thread/INFO] (lodekeeper) [Lodekeeper] NAV backend=baritone mode=IDLE event=CANCELED elapsedMs=955
[16:13:04] [Render thread/INFO] (lodekeeper) [Lodekeeper] NAV backend=baritone mode=IDLE event=CANCELED elapsedMs=955
[16:13:04] [Render thread/INFO] (lodekeeper) [Lodekeeper] NAV backend=baritone mode=IDLE event=CANCELED elapsedMs=990
[16:13:04] [Render thread/INFO] (lodekeeper) [Lodekeeper] NAV backend=baritone mode=IDLE event=CANCELED elapsedMs=1058
[16:13:04] [Render thread/INFO] (lodekeeper) [Lodekeeper] NAV backend=baritone mode=IDLE event=CANCELED elapsedMs=1093
[16:13:04] [Render thread/INFO] (lodekeeper) [Lodekeeper] NAV backend=baritone mode=IDLE event=CANCELED elapsedMs=1161
[16:13:04] [Render thread/INFO] (lodekeeper) [Lodekeeper] NAV backend=baritone mode=IDLE event=CANCELED elapsedMs=1196
[16:13:04] [Render thread/INFO] (lodekeeper) [Lodekeeper] NAV backend=baritone mode=IDLE event=CANCELED elapsedMs=1264
[16:13:04] [Render thread/INFO] (lodekeeper) [Lodekeeper] NAV backend=baritone mode=IDLE event=CANCELED elapsedMs=1298
[16:13:04] [Render thread/INFO] (lodekeeper) [Lodekeeper] NAV backend=baritone mode=IDLE event=CANCELED elapsedMs=1366
[16:13:04] [Render thread/INFO] (lodekeeper) [Lodekeeper] FOOD_TOOL slot=7 item=minecraft:stone_pickaxe damage=3.0 wear=2 remainingDurability=123
[16:13:04] [Render thread/INFO] (lodekeeper) [Lodekeeper] FOOD_PURSUIT event=native-attack target=b87fa8c3-a771-4c62-a8f4-f712f2d5d2fa routes=1 failedRoutes=0 attacks=1 health=10.0 closestBoxDistance=2.11 elapsedMs=1435
[16:13:04] [Render thread/INFO] (lodekeeper) [Lodekeeper] FOOD_PURSUIT event=health-progress target=b87fa8c3-a771-4c62-a8f4-f712f2d5d2fa routes=1 failedRoutes=0 attacks=1 health=7.0 closestBoxDistance=2.1 elapsedMs=1504
[16:13:05] [Render thread/INFO] (lodekeeper) [Lodekeeper] FOOD_TOOL slot=7 item=minecraft:stone_pickaxe damage=3.0 wear=2 remainingDurability=121
[16:13:05] [Render thread/INFO] (lodekeeper) [Lodekeeper] FOOD_PURSUIT event=native-attack target=b87fa8c3-a771-4c62-a8f4-f712f2d5d2fa routes=1 failedRoutes=0 attacks=2 health=7.0 closestBoxDistance=2.18 elapsedMs=2288
[16:13:05] [Render thread/INFO] (lodekeeper) [Lodekeeper] FOOD_PURSUIT event=health-progress target=b87fa8c3-a771-4c62-a8f4-f712f2d5d2fa routes=1 failedRoutes=0 attacks=2 health=4.0 closestBoxDistance=2.18 elapsedMs=2356
[16:13:05] [Render thread/INFO] (lodekeeper) [Lodekeeper] PROGRESS elapsed_ms=69073 phase=waiting backend=baritone target=none navigation_elapsed_ms=0 navigation_ticks=0 searching=false path_index=0 path_length=0 retries=0 pending_route_events=0 dropped_route_events=0 status=waiting_for_native_attack_cooldown
[16:13:06] [Render thread/INFO] (lodekeeper) [Lodekeeper] FOOD_TOOL slot=7 item=minecraft:stone_pickaxe damage=3.0 wear=2 remainingDurability=119
[16:13:06] [Render thread/INFO] (lodekeeper) [Lodekeeper] FOOD_PURSUIT event=native-attack target=b87fa8c3-a771-4c62-a8f4-f712f2d5d2fa routes=1 failedRoutes=0 attacks=3 health=4.0 closestBoxDistance=2.18 elapsedMs=3138
[16:13:06] [Render thread/INFO] (lodekeeper) [Lodekeeper] FOOD_PURSUIT event=health-progress target=b87fa8c3-a771-4c62-a8f4-f712f2d5d2fa routes=1 failedRoutes=0 attacks=3 health=1.0 closestBoxDistance=2.18 elapsedMs=3205
[16:13:07] [Render thread/INFO] (lodekeeper) [Lodekeeper] FOOD_TOOL slot=7 item=minecraft:stone_pickaxe damage=3.0 wear=2 remainingDurability=117
[16:13:07] [Render thread/INFO] (lodekeeper) [Lodekeeper] FOOD_PURSUIT event=native-attack target=b87fa8c3-a771-4c62-a8f4-f712f2d5d2fa routes=1 failedRoutes=0 attacks=4 health=1.0 closestBoxDistance=1.59 elapsedMs=4006
[16:13:07] [Render thread/INFO] (lodekeeper) [Lodekeeper] FOOD_PURSUIT event=health-progress target=b87fa8c3-a771-4c62-a8f4-f712f2d5d2fa routes=1 failedRoutes=0 attacks=4 health=0.0 closestBoxDistance=1.44 elapsedMs=4040
[16:13:07] [Render thread/INFO] (lodekeeper) [Lodekeeper] NAV backend=baritone mode=PICKUP event=CALC_STARTED elapsedMs=0
[16:13:07] [Render thread/INFO] (lodekeeper) [Lodekeeper] NAV calcTool=minecraft:stone_pickaxe slot=7
[16:13:07] [Render thread/INFO] (lodekeeper) [Lodekeeper] NAV backend=baritone mode=PICKUP event=CALC_FINISHED_NOW_EXECUTING elapsedMs=34
[16:13:07] [Render thread/INFO] (lodekeeper) [Lodekeeper] NAV backend=baritone mode=PICKUP event=CALC_STARTED elapsedMs=378
[16:13:07] [Render thread/INFO] (lodekeeper) [Lodekeeper] NAV calcTool=minecraft:air slot=2
[16:13:07] [Render thread/INFO] (lodekeeper) [Lodekeeper] NAV backend=baritone mode=IDLE event=CANCELED elapsedMs=445
[16:13:07] [Render thread/INFO] (lodekeeper) [Lodekeeper] NAV backend=baritone mode=IDLE event=CANCELED elapsedMs=446
[16:13:07] [Render thread/INFO] (lodekeeper) [Lodekeeper] NAV backend=baritone mode=IDLE event=CANCELED elapsedMs=446
[16:13:07] [Render thread/INFO] (lodekeeper) [Lodekeeper] NAV backend=baritone mode=IDLE event=CANCELED elapsedMs=479
[16:13:07] [Render thread/INFO] (lodekeeper) [Lodekeeper] NAV backend=baritone mode=IDLE event=CANCELED elapsedMs=546
[16:13:07] [Render thread/INFO] (lodekeeper) [Lodekeeper] PROGRESS elapsed_ms=71100 phase=planning backend=baritone target=none navigation_elapsed_ms=0 navigation_ticks=0 searching=false path_index=0 path_length=0 retries=0 pending_route_events=0 dropped_route_events=0 status=planning
[16:13:07] [lodekeeper-planner/INFO] (lodekeeper) [Lodekeeper] PROJECT_MATERIALS project=gear_diamond before=[gather:minecraft:iron_ore:3, gather:minecraft:stone:8, gather:minecraft:diamond_ore:3, gather:minecraft:diamond_ore:3, gather:minecraft:diamond_ore:4, gather:minecraft:diamond_ore:8, gather:minecraft:diamond_ore:5, gather:minecraft:diamond_ore:2, gather:minecraft:diamond_ore:7, gather:minecraft:diamond_ore:1, gather:minecraft:diamond_ore:2] after=[gather:minecraft:iron_ore:3, gather:minecraft:stone:8, gather:minecraft:diamond_ore:3, gather:minecraft:diamond_ore:3, gather:minecraft:diamond_ore:4, gather:minecraft:diamond_ore:8, gather:minecraft:diamond_ore:5, gather:minecraft:diamond_ore:2, gather:minecraft:diamond_ore:7, gather:minecraft:diamond_ore:1, gather:minecraft:diamond_ore:2]
[16:13:07] [lodekeeper-planner/INFO] (lodekeeper) [Lodekeeper] PLAN project=gear_diamond success=true steps=30 branches=142 elapsedMs=4.814992
[16:13:08] [Render thread/INFO] (lodekeeper) [Lodekeeper] STEP kind=GATHER source=gather:minecraft:iron_ore output=minecraft:raw_iron count=3 operations=3 auxiliary=false
[16:13:08] [Render thread/INFO] (lodekeeper) [Lodekeeper] MINING_DEPTH policy=NEAREST desiredY=16 ceiling=2031 deficit=3 phase=MINE blocks=[Block{minecraft:iron_ore}, Block{minecraft:deepslate_iron_ore}]
[16:13:08] [Render thread/INFO] (lodekeeper) [Lodekeeper] NAV backend=baritone mode=MINE event=CALC_STARTED elapsedMs=2
[16:13:08] [Render thread/INFO] (lodekeeper) [Lodekeeper] NAV calcTool=minecraft:stone_pickaxe slot=7
[16:13:08] [Render thread/INFO] (lodekeeper) [Lodekeeper] NAV backend=baritone mode=MINE event=CALC_FINISHED_NOW_EXECUTING elapsedMs=103
[16:13:08] [Render thread/INFO] (lodekeeper) [Lodekeeper] NAV discovered=2 retained=64 rejected=0 requestTicks=3 phase=MINE
[16:13:08] [Render thread/INFO] (lodekeeper) [Lodekeeper] TARGET target=-13,55,43 block=minecraft:iron_ore
[16:13:08] [Render thread/INFO] (lodekeeper) [Lodekeeper] NAV discovered=2 retained=64 rejected=0 requestTicks=7 phase=MINE
[16:13:08] [Render thread/INFO] (lodekeeper) [Lodekeeper] TARGET target=none
[16:13:08] [Render thread/INFO] (lodekeeper) [Lodekeeper] NAV backend=baritone mode=IDLE event=CANCELED elapsedMs=927
[16:13:08] [Render thread/INFO] (lodekeeper) [Lodekeeper] NAV backend=baritone mode=IDLE event=CANCELED elapsedMs=927
[16:13:09] [Render thread/INFO] (lodekeeper) [Lodekeeper] NAV backend=baritone mode=IDLE event=CANCELED elapsedMs=994
[16:13:09] [Render thread/INFO] (lodekeeper) [Lodekeeper] NAV backend=baritone mode=IDLE event=CANCELED elapsedMs=1029
[16:13:09] [Render thread/INFO] (lodekeeper) [Lodekeeper] NAV backend=baritone mode=IDLE event=CANCELED elapsedMs=1097
[16:13:09] [Render thread/INFO] (lodekeeper) [Lodekeeper] NAV backend=baritone mode=IDLE event=CANCELED elapsedMs=1131
[16:13:09] [Render thread/INFO] (lodekeeper) [Lodekeeper] FOOD_PURSUIT event=start target=118a464a-618f-4a5d-ae17-cb0acf5f5309 routes=1 failedRoutes=0 attacks=0 health=10.0 closestBoxDistance=14.9 elapsedMs=0
[16:13:09] [Render thread/INFO] (lodekeeper) [Lodekeeper] NAV backend=baritone mode=FOLLOW event=CALC_STARTED elapsedMs=1
[16:13:09] [Render thread/INFO] (lodekeeper) [Lodekeeper] NAV calcTool=minecraft:stone_pickaxe slot=7
[16:13:09] [Render thread/INFO] (lodekeeper) [Lodekeeper] NAV backend=baritone mode=FOLLOW event=CALC_FINISHED_NOW_EXECUTING elapsedMs=36
[16:13:09] [Render thread/INFO] (lodekeeper) [Lodekeeper] PROGRESS elapsed_ms=73119 phase=traveling backend=baritone target=none navigation_elapsed_ms=581 navigation_ticks=12 searching=false path_index=0 path_length=13 retries=0 pending_route_events=0 dropped_route_events=0 status=pursuing_cow__1_
[16:13:11] [Render thread/INFO] (lodekeeper) [Lodekeeper] FOOD_PURSUIT event=in-reach target=118a464a-618f-4a5d-ae17-cb0acf5f5309 routes=1 failedRoutes=0 attacks=0 health=10.0 closestBoxDistance=2.78 elapsedMs=2429
[16:13:11] [Render thread/INFO] (lodekeeper) [Lodekeeper] NAV backend=baritone mode=IDLE event=CANCELED elapsedMs=2429
[16:13:11] [Render thread/INFO] (lodekeeper) [Lodekeeper] NAV backend=baritone mode=IDLE event=CANCELED elapsedMs=2429
[16:13:11] [Render thread/INFO] (lodekeeper) [Lodekeeper] NAV backend=baritone mode=IDLE event=CANCELED elapsedMs=2498
[16:13:11] [Render thread/INFO] (lodekeeper) [Lodekeeper] NAV backend=baritone mode=IDLE event=CANCELED elapsedMs=2532
[16:13:11] [Render thread/INFO] (lodekeeper) [Lodekeeper] NAV backend=baritone mode=IDLE event=CANCELED elapsedMs=2601
[16:13:11] [Render thread/INFO] (lodekeeper) [Lodekeeper] FOOD_TOOL slot=7 item=minecraft:stone_pickaxe damage=3.0 wear=2 remainingDurability=115
[16:13:11] [Render thread/INFO] (lodekeeper) [Lodekeeper] FOOD_PURSUIT event=native-attack target=118a464a-618f-4a5d-ae17-cb0acf5f5309 routes=1 failedRoutes=0 attacks=1 health=10.0 closestBoxDistance=2.46 elapsedMs=2680
[16:13:11] [Render thread/INFO] (lodekeeper) [Lodekeeper] FOOD_PURSUIT event=health-progress target=118a464a-618f-4a5d-ae17-cb0acf5f5309 routes=1 failedRoutes=0 attacks=1 health=7.0 closestBoxDistance=2.46 elapsedMs=2747
[16:13:12] [Render thread/INFO] (lodekeeper) [Lodekeeper] PROGRESS elapsed_ms=75171 phase=waiting backend=baritone target=none navigation_elapsed_ms=0 navigation_ticks=0 searching=false path_index=0 path_length=0 retries=0 pending_route_events=0 dropped_route_events=0 status=waiting_for_native_attack_cooldown
[16:13:12] [Render thread/INFO] (lodekeeper) [Lodekeeper] FOOD_PURSUIT event=start target=118a464a-618f-4a5d-ae17-cb0acf5f5309 routes=2 failedRoutes=0 attacks=1 health=7.0 closestBoxDistance=3.19 elapsedMs=3008
[16:13:12] [Render thread/INFO] (lodekeeper) [Lodekeeper] NAV backend=baritone mode=FOLLOW event=CALC_STARTED elapsedMs=0
[16:13:12] [Render thread/INFO] (lodekeeper) [Lodekeeper] NAV calcTool=minecraft:stone_pickaxe slot=7
[16:13:12] [Render thread/INFO] (lodekeeper) [Lodekeeper] NAV backend=baritone mode=FOLLOW event=CALC_FINISHED_NOW_EXECUTING elapsedMs=35
[16:13:12] [Render thread/INFO] (lodekeeper) [Lodekeeper] FOOD_PURSUIT event=in-reach target=118a464a-618f-4a5d-ae17-cb0acf5f5309 routes=2 failedRoutes=0 attacks=1 health=7.0 closestBoxDistance=2.93 elapsedMs=3284
[16:13:12] [Render thread/INFO] (lodekeeper) [Lodekeeper] NAV backend=baritone mode=IDLE event=CANCELED elapsedMs=277
[16:13:12] [Render thread/INFO] (lodekeeper) [Lodekeeper] NAV backend=baritone mode=IDLE event=CANCELED elapsedMs=277
[16:13:12] [Render thread/INFO] (lodekeeper) [Lodekeeper] NAV backend=baritone mode=IDLE event=CANCELED elapsedMs=346
[16:13:12] [Render thread/INFO] (lodekeeper) [Lodekeeper] NAV backend=baritone mode=IDLE event=CANCELED elapsedMs=381
[16:13:12] [Render thread/INFO] (lodekeeper) [Lodekeeper] NAV backend=baritone mode=IDLE event=CANCELED elapsedMs=450
[16:13:12] [Render thread/INFO] (lodekeeper) [Lodekeeper] FOOD_PURSUIT event=start target=118a464a-618f-4a5d-ae17-cb0acf5f5309 routes=3 failedRoutes=0 attacks=1 health=7.0 closestBoxDistance=3.38 elapsedMs=3516
[16:13:12] [Render thread/INFO] (lodekeeper) [Lodekeeper] NAV backend=baritone mode=FOLLOW event=CALC_STARTED elapsedMs=0
[16:13:12] [Render thread/INFO] (lodekeeper) [Lodekeeper] NAV calcTool=minecraft:stone_pickaxe slot=7
[16:13:12] [Render thread/INFO] (lodekeeper) [Lodekeeper] NAV backend=baritone mode=FOLLOW event=CALC_FINISHED_NOW_EXECUTING elapsedMs=34
[16:13:12] [Render thread/INFO] (lodekeeper) [Lodekeeper] NAV backend=baritone mode=FOLLOW event=CALC_STARTED elapsedMs=239
[16:13:12] [Render thread/INFO] (lodekeeper) [Lodekeeper] NAV calcTool=minecraft:stone_pickaxe slot=7
[16:13:12] [Render thread/INFO] (lodekeeper) [Lodekeeper] NAV backend=baritone mode=FOLLOW event=CALC_FINISHED_NOW_EXECUTING elapsedMs=239
[16:13:13] [Render thread/INFO] (lodekeeper) [Lodekeeper] NAV backend=baritone mode=FOLLOW event=CALC_STARTED elapsedMs=272
[16:13:13] [Render thread/INFO] (lodekeeper) [Lodekeeper] NAV calcTool=minecraft:stone_pickaxe slot=7
[16:13:13] [Render thread/INFO] (lodekeeper) [Lodekeeper] NAV backend=baritone mode=FOLLOW event=CALC_FINISHED_NOW_EXECUTING elapsedMs=273
[16:13:13] [Render thread/INFO] (lodekeeper) [Lodekeeper] NAV backend=baritone mode=FOLLOW event=CALC_STARTED elapsedMs=716
[16:13:13] [Render thread/INFO] (lodekeeper) [Lodekeeper] NAV calcTool=minecraft:stone_pickaxe slot=7
[16:13:13] [Render thread/INFO] (lodekeeper) [Lodekeeper] NAV backend=baritone mode=FOLLOW event=CALC_FINISHED_NOW_EXECUTING elapsedMs=716
[16:13:13] [Render thread/INFO] (lodekeeper) [Lodekeeper] NAV backend=baritone mode=FOLLOW event=CALC_STARTED elapsedMs=886
[16:13:13] [Render thread/INFO] (lodekeeper) [Lodekeeper] NAV calcTool=minecraft:stone_pickaxe slot=7
[16:13:13] [Render thread/INFO] (lodekeeper) [Lodekeeper] NAV backend=baritone mode=FOLLOW event=CALC_FINISHED_NOW_EXECUTING elapsedMs=886
[16:13:13] [Render thread/INFO] (lodekeeper) [Lodekeeper] FOOD_PURSUIT event=in-reach target=118a464a-618f-4a5d-ae17-cb0acf5f5309 routes=3 failedRoutes=0 attacks=1 health=7.0 closestBoxDistance=2.88 elapsedMs=4746
[16:13:13] [Render thread/INFO] (lodekeeper) [Lodekeeper] NAV backend=baritone mode=IDLE event=CANCELED elapsedMs=1230
[16:13:13] [Render thread/INFO] (lodekeeper) [Lodekeeper] NAV backend=baritone mode=IDLE event=CANCELED elapsedMs=1230
[16:13:14] [Render thread/INFO] (lodekeeper) [Lodekeeper] NAV backend=baritone mode=IDLE event=CANCELED elapsedMs=1263
[16:13:14] [Render thread/INFO] (lodekeeper) [Lodekeeper] PROGRESS elapsed_ms=77214 phase=working backend=baritone target=none navigation_elapsed_ms=0 navigation_ticks=0 searching=false path_index=0 path_length=0 retries=0 pending_route_events=0 dropped_route_events=0 status=finishing_movement_before_inventory_actions
[16:13:14] [Render thread/INFO] (lodekeeper) [Lodekeeper] NAV backend=baritone mode=IDLE event=CANCELED elapsedMs=1330
[16:13:14] [Render thread/INFO] (lodekeeper) [Lodekeeper] NAV backend=baritone mode=IDLE event=CANCELED elapsedMs=1364
[16:13:14] [Render thread/INFO] (lodekeeper) [Lodekeeper] NAV backend=baritone mode=IDLE event=CANCELED elapsedMs=1433
[16:13:14] [Render thread/INFO] (lodekeeper) [Lodekeeper] FOOD_TOOL slot=7 item=minecraft:stone_pickaxe damage=3.0 wear=2 remainingDurability=113
[16:13:14] [Render thread/INFO] (lodekeeper) [Lodekeeper] FOOD_PURSUIT event=native-attack target=118a464a-618f-4a5d-ae17-cb0acf5f5309 routes=3 failedRoutes=0 attacks=2 health=7.0 closestBoxDistance=2.43 elapsedMs=5053
[16:13:14] [Render thread/INFO] (lodekeeper) [Lodekeeper] FOOD_PURSUIT event=health-progress target=118a464a-618f-4a5d-ae17-cb0acf5f5309 routes=3 failedRoutes=0 attacks=2 health=4.0 closestBoxDistance=2.42 elapsedMs=5158
[16:13:14] [Render thread/INFO] (lodekeeper) [Lodekeeper] FOOD_PURSUIT event=start target=118a464a-618f-4a5d-ae17-cb0acf5f5309 routes=4 failedRoutes=0 attacks=2 health=4.0 closestBoxDistance=3.1 elapsedMs=5497
[16:13:14] [Render thread/INFO] (lodekeeper) [Lodekeeper] NAV backend=baritone mode=FOLLOW event=CALC_STARTED elapsedMs=1
[16:13:14] [Render thread/INFO] (lodekeeper) [Lodekeeper] NAV calcTool=minecraft:stone_pickaxe slot=7
[16:13:14] [Render thread/INFO] (lodekeeper) [Lodekeeper] NAV backend=baritone mode=FOLLOW event=CALC_FINISHED_NOW_EXECUTING elapsedMs=35
[16:13:15] [Render thread/INFO] (lodekeeper) [Lodekeeper] FOOD_PURSUIT event=in-reach target=118a464a-618f-4a5d-ae17-cb0acf5f5309 routes=4 failedRoutes=0 attacks=2 health=4.0 closestBoxDistance=2.74 elapsedMs=6180
[16:13:15] [Render thread/INFO] (lodekeeper) [Lodekeeper] NAV backend=baritone mode=IDLE event=CANCELED elapsedMs=683
[16:13:15] [Render thread/INFO] (lodekeeper) [Lodekeeper] NAV backend=baritone mode=IDLE event=CANCELED elapsedMs=683
[16:13:15] [Render thread/INFO] (lodekeeper) [Lodekeeper] NAV backend=baritone mode=IDLE event=CANCELED elapsedMs=753
[16:13:15] [Render thread/INFO] (lodekeeper) [Lodekeeper] NAV backend=baritone mode=IDLE event=CANCELED elapsedMs=788
[16:13:15] [Render thread/INFO] (lodekeeper) [Lodekeeper] NAV backend=baritone mode=IDLE event=CANCELED elapsedMs=856
[16:13:15] [Render thread/INFO] (lodekeeper) [Lodekeeper] FOOD_TOOL slot=7 item=minecraft:stone_pickaxe damage=3.0 wear=2 remainingDurability=111
[16:13:15] [Render thread/INFO] (lodekeeper) [Lodekeeper] FOOD_PURSUIT event=native-attack target=118a464a-618f-4a5d-ae17-cb0acf5f5309 routes=4 failedRoutes=0 attacks=3 health=4.0 closestBoxDistance=1.51 elapsedMs=6455
[16:13:15] [Render thread/INFO] (lodekeeper) [Lodekeeper] FOOD_PURSUIT event=health-progress target=118a464a-618f-4a5d-ae17-cb0acf5f5309 routes=4 failedRoutes=0 attacks=3 health=1.0 closestBoxDistance=1.1 elapsedMs=6557
[16:13:16] [Render thread/INFO] (lodekeeper) [Lodekeeper] PROGRESS elapsed_ms=79265 phase=waiting backend=baritone target=none navigation_elapsed_ms=0 navigation_ticks=0 searching=false path_index=0 path_length=0 retries=0 pending_route_events=0 dropped_route_events=0 status=waiting_for_native_attack_cooldown
[16:13:16] [Render thread/INFO] (lodekeeper) [Lodekeeper] FOOD_TOOL slot=7 item=minecraft:stone_pickaxe damage=3.0 wear=2 remainingDurability=109
[16:13:16] [Render thread/INFO] (lodekeeper) [Lodekeeper] FOOD_PURSUIT event=native-attack target=118a464a-618f-4a5d-ae17-cb0acf5f5309 routes=4 failedRoutes=0 attacks=4 health=1.0 closestBoxDistance=1.42 elapsedMs=7307
[16:13:16] [Render thread/INFO] (lodekeeper) [Lodekeeper] FOOD_PURSUIT event=health-progress target=118a464a-618f-4a5d-ae17-cb0acf5f5309 routes=4 failedRoutes=0 attacks=4 health=0.0 closestBoxDistance=0.99 elapsedMs=7342
[16:13:17] [Render thread/INFO] (lodekeeper) [Lodekeeper] FOOD_PREPARATION decision=cook_stored_food nutrition=12 cooked_potential=32 target=36
[16:13:17] [lodekeeper-planner/INFO] (lodekeeper) [Lodekeeper] PROJECT_MATERIALS project=gear_diamond before=[gather:minecraft:iron_ore:3, gather:minecraft:stone:8, gather:minecraft:oak_log:1, gather:minecraft:diamond_ore:3, gather:minecraft:diamond_ore:3, gather:minecraft:diamond_ore:4, gather:minecraft:diamond_ore:8, gather:minecraft:diamond_ore:5, gather:minecraft:diamond_ore:2, gather:minecraft:diamond_ore:7, gather:minecraft:diamond_ore:1, gather:minecraft:oak_log:1, gather:minecraft:diamond_ore:2] after=[gather:minecraft:iron_ore:3, gather:minecraft:stone:8, gather:minecraft:oak_log:1, gather:minecraft:diamond_ore:3, gather:minecraft:diamond_ore:3, gather:minecraft:diamond_ore:4, gather:minecraft:diamond_ore:8, gather:minecraft:diamond_ore:5, gather:minecraft:diamond_ore:2, gather:minecraft:diamond_ore:7, gather:minecraft:diamond_ore:1, gather:minecraft:oak_log:1, gather:minecraft:diamond_ore:2]
[16:13:17] [lodekeeper-planner/INFO] (lodekeeper) [Lodekeeper] PLAN project=gear_diamond success=true steps=32 branches=148 elapsedMs=4.627954
[16:13:17] [Render thread/INFO] (lodekeeper) [Lodekeeper] STEP kind=GATHER source=gather:minecraft:iron_ore output=minecraft:raw_iron count=3 operations=3 auxiliary=false
[16:13:17] [Render thread/INFO] (lodekeeper) [Lodekeeper] MINING_DEPTH policy=NEAREST desiredY=16 ceiling=2031 deficit=3 phase=MINE blocks=[Block{minecraft:iron_ore}, Block{minecraft:deepslate_iron_ore}]
[16:13:17] [Render thread/INFO] (lodekeeper) [Lodekeeper] NAV backend=baritone mode=MINE event=CALC_STARTED elapsedMs=2
[16:13:17] [Render thread/INFO] (lodekeeper) [Lodekeeper] NAV calcTool=minecraft:stone_pickaxe slot=7
[16:13:17] [Render thread/INFO] (lodekeeper) [Lodekeeper] ROUTE_SEARCH kind=unknown anchor=unknown feet_y16=0 candidates=0 target=none elapsed_ms=80466
[16:13:17] [Render thread/INFO] (lodekeeper) [Lodekeeper] NAV backend=baritone mode=MINE event=CALC_FINISHED_NOW_EXECUTING elapsedMs=241
[16:13:17] [Render thread/INFO] (lodekeeper) [Lodekeeper] TARGET target=-26,47,45 block=minecraft:iron_ore
[16:13:17] [Render thread/INFO] (lodekeeper) [Lodekeeper] ROUTE_TRAVEL path_index=0 path_length=19 target=-26,47,45 block=minecraft:iron_ore elapsed_ms=80671
[16:13:17] [Render thread/INFO] (lodekeeper) [Lodekeeper] BREAK target=Mutable{x=-26, y=64, z=45} block=Block{minecraft:grass_block} tool=minecraft:birch_log slot=0 remaining=-1 required=route
[16:13:18] [Render thread/INFO] (lodekeeper) [Lodekeeper] PROGRESS elapsed_ms=81324 phase=traveling backend=baritone target=-26,47,45 block=minecraft:iron_ore navigation_elapsed_ms=994 navigation_ticks=20 searching=false path_index=0 path_length=18 retries=0 pending_route_events=0 dropped_route_events=0 status=mining_and_collecting_minecraft:raw_iron___0/3
[16:13:18] [Render thread/INFO] (lodekeeper) [Lodekeeper] BREAK target=Mutable{x=-26, y=63, z=45} block=Block{minecraft:dirt} tool=minecraft:birch_log slot=0 remaining=-1 required=route
[16:13:20] [Render thread/INFO] (lodekeeper) [Lodekeeper] PROGRESS elapsed_ms=83371 phase=traveling backend=baritone target=-26,47,45 block=minecraft:iron_ore navigation_elapsed_ms=3009 navigation_ticks=60 searching=false path_index=0 path_length=18 retries=0 pending_route_events=0 dropped_route_events=0 status=mining_and_collecting_minecraft:raw_iron___0/3
[16:13:20] [Render thread/INFO] (lodekeeper) [Lodekeeper] BREAK target=Mutable{x=-26, y=62, z=45} block=Block{minecraft:dirt} tool=minecraft:birch_log slot=0 remaining=-1 required=route
[16:13:21] [Render thread/INFO] (lodekeeper) [Lodekeeper] BREAK target=Mutable{x=-26, y=61, z=45} block=Block{minecraft:stone} tool=minecraft:stone_pickaxe slot=7 remaining=107 required=route
[16:13:22] [Render thread/INFO] (lodekeeper) [Lodekeeper] BREAK target=Mutable{x=-26, y=60, z=45} block=Block{minecraft:stone} tool=minecraft:stone_pickaxe slot=7 remaining=106 required=route
[16:13:22] [Render thread/INFO] (lodekeeper) [Lodekeeper] PROGRESS elapsed_ms=85416 phase=traveling backend=baritone target=-26,47,45 block=minecraft:iron_ore navigation_elapsed_ms=4987 navigation_ticks=100 searching=false path_index=0 path_length=15 retries=0 pending_route_events=0 dropped_route_events=0 status=mining_and_collecting_minecraft:raw_iron___0/3
[16:13:23] [Render thread/INFO] (lodekeeper) [Lodekeeper] BREAK target=Mutable{x=-26, y=59, z=45} block=Block{minecraft:andesite} tool=minecraft:stone_pickaxe slot=7 remaining=105 required=route
[16:13:23] [Render thread/INFO] (lodekeeper) [Lodekeeper] BREAK target=Mutable{x=-26, y=58, z=45} block=Block{minecraft:andesite} tool=minecraft:stone_pickaxe slot=7 remaining=104 required=route
[16:13:24] [Render thread/INFO] (lodekeeper) [Lodekeeper] PROGRESS elapsed_ms=87466 phase=traveling backend=baritone target=-26,47,45 block=minecraft:iron_ore navigation_elapsed_ms=7206 navigation_ticks=144 searching=false path_index=0 path_length=13 retries=0 pending_route_events=0 dropped_route_events=0 status=mining_and_collecting_minecraft:raw_iron___0/3
[16:13:24] [Render thread/INFO] (lodekeeper) [Lodekeeper] BREAK target=Mutable{x=-26, y=57, z=45} block=Block{minecraft:andesite} tool=minecraft:stone_pickaxe slot=7 remaining=103 required=route
[16:13:25] [Render thread/INFO] (lodekeeper) [Lodekeeper] BREAK target=Mutable{x=-26, y=56, z=45} block=Block{minecraft:andesite} tool=minecraft:stone_pickaxe slot=7 remaining=102 required=route
[16:13:26] [Render thread/INFO] (lodekeeper) [Lodekeeper] PROGRESS elapsed_ms=89497 phase=traveling backend=baritone target=-26,47,45 block=minecraft:iron_ore navigation_elapsed_ms=9203 navigation_ticks=184 searching=false path_index=0 path_length=11 retries=0 pending_route_events=0 dropped_route_events=0 status=mining_and_collecting_minecraft:raw_iron___0/3
[16:13:26] [Render thread/INFO] (lodekeeper) [Lodekeeper] BREAK target=Mutable{x=-26, y=55, z=45} block=Block{minecraft:andesite} tool=minecraft:stone_pickaxe slot=7 remaining=101 required=route
[16:13:27] [Render thread/INFO] (lodekeeper) [Lodekeeper] BREAK target=Mutable{x=-26, y=54, z=45} block=Block{minecraft:andesite} tool=minecraft:stone_pickaxe slot=7 remaining=100 required=route
[16:13:28] [Render thread/INFO] (lodekeeper) [Lodekeeper] PROGRESS elapsed_ms=91535 phase=traveling backend=baritone target=-26,47,45 block=minecraft:iron_ore navigation_elapsed_ms=11206 navigation_ticks=224 searching=false path_index=0 path_length=8 retries=0 pending_route_events=0 dropped_route_events=0 status=mining_and_collecting_minecraft:raw_iron___0/3
[16:13:28] [Render thread/INFO] (lodekeeper) [Lodekeeper] BREAK target=Mutable{x=-26, y=53, z=45} block=Block{minecraft:andesite} tool=minecraft:stone_pickaxe slot=7 remaining=99 required=route
[16:13:29] [Render thread/INFO] (lodekeeper) [Lodekeeper] BREAK target=Mutable{x=-26, y=52, z=45} block=Block{minecraft:stone} tool=minecraft:stone_pickaxe slot=7 remaining=98 required=route
[16:13:30] [Render thread/INFO] (lodekeeper) [Lodekeeper] BREAK target=Mutable{x=-26, y=51, z=45} block=Block{minecraft:stone} tool=minecraft:stone_pickaxe slot=7 remaining=97 required=route
[16:13:30] [Render thread/INFO] (lodekeeper) [Lodekeeper] PROGRESS elapsed_ms=93573 phase=traveling backend=baritone target=-26,47,45 block=minecraft:iron_ore navigation_elapsed_ms=13210 navigation_ticks=264 searching=false path_index=0 path_length=6 retries=0 pending_route_events=0 dropped_route_events=0 status=mining_and_collecting_minecraft:raw_iron___0/3
[16:13:31] [Render thread/INFO] (lodekeeper) [Lodekeeper] BREAK target=Mutable{x=-26, y=50, z=45} block=Block{minecraft:stone} tool=minecraft:stone_pickaxe slot=7 remaining=96 required=route
[16:13:32] [Render thread/INFO] (lodekeeper) [Lodekeeper] BREAK target=Mutable{x=-26, y=49, z=45} block=Block{minecraft:stone} tool=minecraft:stone_pickaxe slot=7 remaining=95 required=route
[16:13:32] [Render thread/INFO] (lodekeeper) [Lodekeeper] PROGRESS elapsed_ms=95627 phase=traveling backend=baritone target=-26,47,45 block=minecraft:iron_ore navigation_elapsed_ms=15197 navigation_ticks=304 searching=false path_index=0 path_length=4 retries=0 pending_route_events=0 dropped_route_events=0 status=mining_and_collecting_minecraft:raw_iron___0/3
[16:13:32] [Render thread/INFO] (lodekeeper) [Lodekeeper] BREAK target=Mutable{x=-26, y=48, z=45} block=Block{minecraft:iron_ore} tool=minecraft:stone_pickaxe slot=7 remaining=94 required=minecraft:stone_pickaxe
[16:13:34] [Render thread/INFO] (lodekeeper) [Lodekeeper] NAV discovered=1 retained=64 rejected=0 requestTicks=342 phase=MINE
[16:13:34] [Render thread/INFO] (lodekeeper) [Lodekeeper] BREAK target=Mutable{x=-26, y=47, z=45} block=Block{minecraft:iron_ore} tool=minecraft:stone_pickaxe slot=7 remaining=93 required=minecraft:stone_pickaxe
[16:13:34] [Render thread/INFO] (lodekeeper) [Lodekeeper] PROGRESS elapsed_ms=97679 phase=traveling backend=baritone target=-26,47,45 block=minecraft:iron_ore navigation_elapsed_ms=17419 navigation_ticks=348 searching=false path_index=0 path_length=2 retries=0 pending_route_events=0 dropped_route_events=0 status=mining_and_collecting_minecraft:raw_iron___0/3
[16:13:35] [Render thread/INFO] (lodekeeper) [Lodekeeper] NAV discovered=1 retained=64 rejected=0 requestTicks=371 phase=MINE
[16:13:35] [Render thread/INFO] (lodekeeper) [Lodekeeper] NAV backend=baritone mode=MINE event=CALC_STARTED elapsedMs=18554
[16:13:35] [Render thread/INFO] (lodekeeper) [Lodekeeper] NAV calcTool=minecraft:stone_pickaxe slot=7
[16:13:35] [Render thread/INFO] (lodekeeper) [Lodekeeper] NAV backend=baritone mode=MINE event=CALC_FINISHED_NOW_EXECUTING elapsedMs=18554
[16:13:35] [Render thread/INFO] (lodekeeper) [Lodekeeper] TARGET target=-25,47,45 block=minecraft:iron_ore
[16:13:35] [Render thread/INFO] (lodekeeper) [Lodekeeper] BREAK target=Mutable{x=-25, y=48, z=45} block=Block{minecraft:iron_ore} tool=minecraft:stone_pickaxe slot=7 remaining=92 required=minecraft:stone_pickaxe
[16:13:36] [Render thread/INFO] (lodekeeper) [Lodekeeper] PROGRESS elapsed_ms=99708 phase=traveling backend=baritone target=-25,47,45 block=minecraft:iron_ore navigation_elapsed_ms=19414 navigation_ticks=388 searching=false path_index=0 path_length=2 retries=0 pending_route_events=0 dropped_route_events=0 status=mining_and_collecting_minecraft:raw_iron___2/3
[16:13:37] [Render thread/INFO] (lodekeeper) [Lodekeeper] NAV discovered=1 retained=64 rejected=0 requestTicks=400 phase=MINE
[16:13:37] [Render thread/INFO] (lodekeeper) [Lodekeeper] BREAK target=Mutable{x=-25, y=47, z=45} block=Block{minecraft:iron_ore} tool=minecraft:stone_pickaxe slot=7 remaining=91 required=minecraft:stone_pickaxe
[16:13:37] [Render thread/INFO] (lodekeeper) [Lodekeeper] TARGET target=none
[16:13:37] [lodekeeper-planner/INFO] (lodekeeper) [Lodekeeper] PROJECT_MATERIALS project=gear_diamond before=[gather:minecraft:stone:2, gather:minecraft:oak_log:1, gather:minecraft:diamond_ore:3, gather:minecraft:diamond_ore:3, gather:minecraft:diamond_ore:4, gather:minecraft:diamond_ore:8, gather:minecraft:diamond_ore:5, gather:minecraft:diamond_ore:2, gather:minecraft:diamond_ore:7, gather:minecraft:diamond_ore:1, gather:minecraft:oak_log:1, gather:minecraft:diamond_ore:2] after=[gather:minecraft:stone:2, gather:minecraft:oak_log:1, gather:minecraft:diamond_ore:3, gather:minecraft:diamond_ore:3, gather:minecraft:diamond_ore:4, gather:minecraft:diamond_ore:8, gather:minecraft:diamond_ore:5, gather:minecraft:diamond_ore:2, gather:minecraft:diamond_ore:7, gather:minecraft:diamond_ore:1, gather:minecraft:oak_log:1, gather:minecraft:diamond_ore:2]
[16:13:37] [lodekeeper-planner/INFO] (lodekeeper) [Lodekeeper] PLAN project=gear_diamond success=true steps=31 branches=145 elapsedMs=5.472708
[16:13:37] [Render thread/INFO] (lodekeeper) [Lodekeeper] STEP kind=GATHER source=gather:minecraft:stone output=minecraft:cobblestone count=2 operations=2 auxiliary=false
[16:13:37] [Render thread/INFO] (lodekeeper) [Lodekeeper] MINING_DEPTH policy=NEAREST desiredY=-2147483648 ceiling=2031 deficit=2 phase=MINE blocks=[Block{minecraft:stone}]
[16:13:37] [Render thread/INFO] (lodekeeper) [Lodekeeper] NAV backend=baritone mode=MINE event=CALC_STARTED elapsedMs=2
[16:13:37] [Render thread/INFO] (lodekeeper) [Lodekeeper] NAV calcTool=minecraft:stone_pickaxe slot=7
[16:13:38] [Render thread/INFO] (lodekeeper) [Lodekeeper] NAV backend=baritone mode=MINE event=CALC_FINISHED_NOW_EXECUTING elapsedMs=104
[16:13:38] [Render thread/INFO] (lodekeeper) [Lodekeeper] BREAK target=Mutable{x=-26, y=46, z=45} block=Block{minecraft:stone} tool=minecraft:stone_pickaxe slot=7 remaining=91 required=minecraft:stone_pickaxe
[16:13:38] [Render thread/INFO] (lodekeeper) [Lodekeeper] TARGET target=-26,32,36 block=minecraft:stone
[16:13:38] [Render thread/INFO] (lodekeeper) [Lodekeeper] PROGRESS elapsed_ms=101764 phase=traveling backend=baritone target=-26,32,36 block=minecraft:stone navigation_elapsed_ms=615 navigation_ticks=12 searching=false path_index=0 path_length=16 retries=0 pending_route_events=0 dropped_route_events=0 status=mining_and_collecting_minecraft:cobblestone___6/8
[16:13:38] [Render thread/INFO] (lodekeeper) [Lodekeeper] BREAK target=Mutable{x=-26, y=45, z=45} block=Block{minecraft:stone} tool=minecraft:stone_pickaxe slot=7 remaining=90 required=minecraft:stone_pickaxe
[16:13:39] [Render thread/INFO] (lodekeeper) [Lodekeeper] BREAK target=Mutable{x=-26, y=44, z=45} block=Block{minecraft:stone} tool=minecraft:stone_pickaxe slot=7 remaining=89 required=minecraft:stone_pickaxe
[16:13:40] [Render thread/INFO] (lodekeeper) [Lodekeeper] TARGET target=none
[16:13:40] [lodekeeper-planner/INFO] (lodekeeper) [Lodekeeper] PROJECT_MATERIALS project=gear_diamond before=[gather:minecraft:oak_log:1, gather:minecraft:diamond_ore:3, gather:minecraft:diamond_ore:3, gather:minecraft:diamond_ore:4, gather:minecraft:diamond_ore:8, gather:minecraft:diamond_ore:5, gather:minecraft:diamond_ore:2, gather:minecraft:diamond_ore:7, gather:minecraft:diamond_ore:1, gather:minecraft:oak_log:1, gather:minecraft:diamond_ore:2] after=[gather:minecraft:oak_log:1, gather:minecraft:diamond_ore:3, gather:minecraft:diamond_ore:3, gather:minecraft:diamond_ore:4, gather:minecraft:diamond_ore:8, gather:minecraft:diamond_ore:5, gather:minecraft:diamond_ore:2, gather:minecraft:diamond_ore:7, gather:minecraft:diamond_ore:1, gather:minecraft:oak_log:1, gather:minecraft:diamond_ore:2]
[16:13:40] [lodekeeper-planner/INFO] (lodekeeper) [Lodekeeper] PLAN project=gear_diamond success=true steps=30 branches=139 elapsedMs=3.796758
[16:13:40] [Render thread/INFO] (lodekeeper) [Lodekeeper] STEP kind=PLACE_STATION source=place:minecraft:crafting_table output=null count=0 operations=1 auxiliary=false
[16:13:40] [Render thread/INFO] (lodekeeper) [Lodekeeper] TARGET target=-25,48,45 block=minecraft:air
[16:13:40] [Render thread/INFO] (lodekeeper) [Lodekeeper] NAV backend=baritone mode=MOVE event=CALC_STARTED elapsedMs=0
[16:13:40] [Render thread/INFO] (lodekeeper) [Lodekeeper] NAV calcTool=minecraft:stone_pickaxe slot=7
[16:13:40] [Render thread/INFO] (lodekeeper) [Lodekeeper] NAV backend=baritone mode=MOVE event=CALC_FINISHED_NOW_EXECUTING elapsedMs=66
[16:13:40] [Render thread/INFO] (lodekeeper) [Lodekeeper] BREAK target=Mutable{x=-25, y=46, z=45} block=Block{minecraft:stone} tool=minecraft:stone_pickaxe slot=7 remaining=89 required=route
[16:13:40] [Render thread/INFO] (lodekeeper) [Lodekeeper] PROGRESS elapsed_ms=103830 phase=working backend=baritone target=-25,48,45 block=minecraft:air navigation_elapsed_ms=0 navigation_ticks=0 searching=false path_index=0 path_length=0 retries=0 pending_route_events=0 dropped_route_events=0 status=following_route
[16:13:41] [Render thread/INFO] (lodekeeper) [Lodekeeper] BREAK target=Mutable{x=-25, y=47, z=45} block=Block{minecraft:iron_ore} tool=minecraft:stone_pickaxe slot=7 remaining=88 required=route
[16:13:42] [Render thread/INFO] (lodekeeper) [Lodekeeper] PROGRESS elapsed_ms=105849 phase=traveling backend=baritone target=-25,48,45 block=minecraft:air navigation_elapsed_ms=2188 navigation_ticks=44 searching=false path_index=0 path_length=2 retries=0 pending_route_events=0 dropped_route_events=0 status=following_route
[16:13:43] [Render thread/INFO] (lodekeeper) [Lodekeeper] NAV backend=baritone mode=IDLE event=CANCELED elapsedMs=2599
[16:13:43] [Render thread/INFO] (lodekeeper) [Lodekeeper] NAV backend=baritone mode=IDLE event=CANCELED elapsedMs=2600
[16:13:43] [Render thread/INFO] (lodekeeper) [Lodekeeper] NAV backend=baritone mode=IDLE event=CANCELED elapsedMs=2670
[16:13:43] [Render thread/INFO] (lodekeeper) [Lodekeeper] NAV backend=baritone mode=IDLE event=CANCELED elapsedMs=2703
[16:13:43] [Render thread/INFO] (lodekeeper) [Lodekeeper] NAV backend=baritone mode=IDLE event=CANCELED elapsedMs=2737
[16:13:43] [Render thread/INFO] (lodekeeper) [Lodekeeper] TARGET target=-26,45,45 block=minecraft:crafting_table
[16:13:43] [Render thread/INFO] (lodekeeper) [Lodekeeper] TARGET target=none
[16:13:43] [lodekeeper-planner/INFO] (lodekeeper) [Lodekeeper] PROJECT_MATERIALS project=gear_diamond before=[gather:minecraft:oak_log:1, gather:minecraft:diamond_ore:3, gather:minecraft:diamond_ore:3, gather:minecraft:diamond_ore:4, gather:minecraft:diamond_ore:8, gather:minecraft:diamond_ore:5, gather:minecraft:diamond_ore:2, gather:minecraft:diamond_ore:7, gather:minecraft:diamond_ore:1, gather:minecraft:oak_log:1, gather:minecraft:diamond_ore:2] after=[gather:minecraft:oak_log:1, gather:minecraft:diamond_ore:3, gather:minecraft:diamond_ore:3, gather:minecraft:diamond_ore:4, gather:minecraft:diamond_ore:8, gather:minecraft:diamond_ore:5, gather:minecraft:diamond_ore:2, gather:minecraft:diamond_ore:7, gather:minecraft:diamond_ore:1, gather:minecraft:oak_log:1, gather:minecraft:diamond_ore:2]
[16:13:43] [lodekeeper-planner/INFO] (lodekeeper) [Lodekeeper] PLAN project=gear_diamond success=true steps=29 branches=138 elapsedMs=4.152334
[16:13:43] [Render thread/INFO] (lodekeeper) [Lodekeeper] STEP kind=CRAFT source=minecraft:furnace output=minecraft:furnace count=1 operations=1 auxiliary=false
[16:13:44] [Render thread/INFO] (lodekeeper) [Lodekeeper] PROGRESS elapsed_ms=107870 phase=crafting backend=baritone target=none navigation_elapsed_ms=0 navigation_ticks=0 searching=false path_index=0 path_length=0 retries=0 pending_route_events=0 dropped_route_events=0 status=CRAFT_minecraft:furnace
[16:13:46] [Render thread/INFO] (lodekeeper) [Lodekeeper] PROGRESS elapsed_ms=109916 phase=crafting backend=baritone target=none navigation_elapsed_ms=0 navigation_ticks=0 searching=false path_index=0 path_length=0 retries=0 pending_route_events=0 dropped_route_events=0 status=CRAFT_minecraft:furnace
[16:13:48] [Render thread/INFO] (lodekeeper) [Lodekeeper] PROGRESS elapsed_ms=111922 phase=crafting backend=baritone target=none navigation_elapsed_ms=0 navigation_ticks=0 searching=false path_index=0 path_length=0 retries=0 pending_route_events=0 dropped_route_events=0 status=CRAFT_minecraft:furnace
[16:13:49] [lodekeeper-planner/INFO] (lodekeeper) [Lodekeeper] PROJECT_MATERIALS project=gear_diamond before=[gather:minecraft:oak_log:1, gather:minecraft:diamond_ore:3, gather:minecraft:diamond_ore:3, gather:minecraft:diamond_ore:4, gather:minecraft:diamond_ore:8, gather:minecraft:diamond_ore:5, gather:minecraft:diamond_ore:2, gather:minecraft:diamond_ore:7, gather:minecraft:diamond_ore:1, gather:minecraft:oak_log:1, gather:minecraft:diamond_ore:2] after=[gather:minecraft:oak_log:1, gather:minecraft:diamond_ore:3, gather:minecraft:diamond_ore:3, gather:minecraft:diamond_ore:4, gather:minecraft:diamond_ore:8, gather:minecraft:diamond_ore:5, gather:minecraft:diamond_ore:2, gather:minecraft:diamond_ore:7, gather:minecraft:diamond_ore:1, gather:minecraft:oak_log:1, gather:minecraft:diamond_ore:2]
[16:13:49] [lodekeeper-planner/INFO] (lodekeeper) [Lodekeeper] PLAN project=gear_diamond success=true steps=28 branches=135 elapsedMs=4.111038
[16:13:49] [Render thread/INFO] (lodekeeper) [Lodekeeper] STEP kind=PLACE_STATION source=place:minecraft:furnace output=null count=0 operations=1 auxiliary=false
[16:13:49] [Render thread/INFO] (lodekeeper) [Lodekeeper] TARGET target=-25,46,44 block=minecraft:stone
[16:13:50] [Render thread/INFO] (lodekeeper) [Lodekeeper] PROGRESS elapsed_ms=113964 phase=gathering backend=baritone target=-25,46,44 block=minecraft:stone navigation_elapsed_ms=0 navigation_ticks=0 searching=false path_index=0 path_length=0 retries=0 pending_route_events=0 dropped_route_events=0 status=mining_station_feet_space
[16:13:51] [Render thread/INFO] (lodekeeper) [Lodekeeper] TARGET target=none
[16:13:51] [Render thread/INFO] (lodekeeper) [Lodekeeper] STEP kind=CRAFT source=minecraft:birch_planks output=minecraft:birch_planks count=4 operations=1 auxiliary=true
[16:13:52] [Render thread/INFO] (lodekeeper) [Lodekeeper] STEP kind=CRAFT source=minecraft:birch_planks output=minecraft:birch_planks count=4 operations=1 auxiliary=true
[16:13:52] [Render thread/INFO] (lodekeeper) [Lodekeeper] PROGRESS elapsed_ms=115975 phase=working backend=baritone target=none navigation_elapsed_ms=0 navigation_ticks=0 searching=false path_index=0 path_length=0 retries=0 pending_route_events=0 dropped_route_events=0 status=preparing_for_task___CRAFT_minecraft:birch_planks
[16:13:53] [Render thread/INFO] (lodekeeper) [Lodekeeper] SMELT_REQUIREMENTS source=minecraft:cooked_beef selected=[SelectedItemRequirement[item=minecraft:beef, count=4, consumed=true, purpose=smelting input, recipeSlot=-1], SelectedItemRequirement[item=minecraft:birch_planks, count=3, consumed=true, purpose=smelting fuel, recipeSlot=-1], SelectedStationRequirement[station=minecraft:furnace, purpose=use station]]
[16:13:53] [Render thread/INFO] (lodekeeper) [Lodekeeper] STEP kind=SMELT source=minecraft:cooked_beef output=minecraft:cooked_beef count=4 operations=4 auxiliary=true
[16:13:54] [Render thread/INFO] (lodekeeper) [Lodekeeper] PROGRESS elapsed_ms=118017 phase=working backend=baritone target=none navigation_elapsed_ms=0 navigation_ticks=0 searching=false path_index=0 path_length=0 retries=0 pending_route_events=0 dropped_route_events=0 status=preparing_for_task___SMELT_minecraft:cooked_beef
[16:13:56] [Render thread/INFO] (lodekeeper) [Lodekeeper] PROGRESS elapsed_ms=120066 phase=working backend=baritone target=none navigation_elapsed_ms=0 navigation_ticks=0 searching=false path_index=0 path_length=0 retries=0 pending_route_events=0 dropped_route_events=0 status=preparing_for_task___SMELT_minecraft:cooked_beef
[16:13:58] [Render thread/INFO] (lodekeeper) [Lodekeeper] PROGRESS elapsed_ms=122073 phase=working backend=baritone target=none navigation_elapsed_ms=0 navigation_ticks=0 searching=false path_index=0 path_length=0 retries=0 pending_route_events=0 dropped_route_events=0 status=preparing_for_task___SMELT_minecraft:cooked_beef
[16:14:00] [Render thread/INFO] (lodekeeper) [Lodekeeper] PROGRESS elapsed_ms=124079 phase=working backend=baritone target=none navigation_elapsed_ms=0 navigation_ticks=0 searching=false path_index=0 path_length=0 retries=0 pending_route_events=0 dropped_route_events=0 status=preparing_for_task___SMELT_minecraft:cooked_beef
[16:14:02] [Render thread/INFO] (lodekeeper) [Lodekeeper] PROGRESS elapsed_ms=126100 phase=working backend=baritone target=none navigation_elapsed_ms=0 navigation_ticks=0 searching=false path_index=0 path_length=0 retries=0 pending_route_events=0 dropped_route_events=0 status=preparing_for_task___SMELT_minecraft:cooked_beef
[16:14:04] [Render thread/INFO] (lodekeeper) [Lodekeeper] PROGRESS elapsed_ms=128107 phase=working backend=baritone target=none navigation_elapsed_ms=0 navigation_ticks=0 searching=false path_index=0 path_length=0 retries=0 pending_route_events=0 dropped_route_events=0 status=preparing_for_task___SMELT_minecraft:cooked_beef
[16:14:06] [Render thread/INFO] (lodekeeper) [Lodekeeper] PROGRESS elapsed_ms=130123 phase=working backend=baritone target=none navigation_elapsed_ms=0 navigation_ticks=0 searching=false path_index=0 path_length=0 retries=0 pending_route_events=0 dropped_route_events=0 status=preparing_for_task___SMELT_minecraft:cooked_beef
[16:14:09] [Render thread/INFO] (lodekeeper) [Lodekeeper] PROGRESS elapsed_ms=132168 phase=working backend=baritone target=none navigation_elapsed_ms=0 navigation_ticks=0 searching=false path_index=0 path_length=0 retries=0 pending_route_events=0 dropped_route_events=0 status=preparing_for_task___SMELT_minecraft:cooked_beef
[16:14:11] [Render thread/INFO] (lodekeeper) [Lodekeeper] PROGRESS elapsed_ms=134214 phase=working backend=baritone target=none navigation_elapsed_ms=0 navigation_ticks=0 searching=false path_index=0 path_length=0 retries=0 pending_route_events=0 dropped_route_events=0 status=preparing_for_task___SMELT_minecraft:cooked_beef
[16:14:13] [Render thread/INFO] (lodekeeper) [Lodekeeper] PROGRESS elapsed_ms=136224 phase=working backend=baritone target=none navigation_elapsed_ms=0 navigation_ticks=0 searching=false path_index=0 path_length=0 retries=0 pending_route_events=0 dropped_route_events=0 status=preparing_for_task___SMELT_minecraft:cooked_beef
[16:14:15] [Render thread/INFO] (lodekeeper) [Lodekeeper] PROGRESS elapsed_ms=138272 phase=working backend=baritone target=none navigation_elapsed_ms=0 navigation_ticks=0 searching=false path_index=0 path_length=0 retries=0 pending_route_events=0 dropped_route_events=0 status=preparing_for_task___SMELT_minecraft:cooked_beef
[16:14:17] [Render thread/INFO] (lodekeeper) [Lodekeeper] PROGRESS elapsed_ms=140317 phase=working backend=baritone target=none navigation_elapsed_ms=0 navigation_ticks=0 searching=false path_index=0 path_length=0 retries=0 pending_route_events=0 dropped_route_events=0 status=preparing_for_task___SMELT_minecraft:cooked_beef
[16:14:19] [Render thread/INFO] (lodekeeper) [Lodekeeper] PROGRESS elapsed_ms=142323 phase=working backend=baritone target=none navigation_elapsed_ms=0 navigation_ticks=0 searching=false path_index=0 path_length=0 retries=0 pending_route_events=0 dropped_route_events=0 status=preparing_for_task___SMELT_minecraft:cooked_beef
[16:14:21] [Render thread/INFO] (lodekeeper) [Lodekeeper] PROGRESS elapsed_ms=144374 phase=working backend=baritone target=none navigation_elapsed_ms=0 navigation_ticks=0 searching=false path_index=0 path_length=0 retries=0 pending_route_events=0 dropped_route_events=0 status=preparing_for_task___SMELT_minecraft:cooked_beef
[16:14:23] [Render thread/INFO] (lodekeeper) [Lodekeeper] PROGRESS elapsed_ms=146419 phase=working backend=baritone target=none navigation_elapsed_ms=0 navigation_ticks=0 searching=false path_index=0 path_length=0 retries=0 pending_route_events=0 dropped_route_events=0 status=preparing_for_task___SMELT_minecraft:cooked_beef
[16:14:25] [Render thread/INFO] (lodekeeper) [Lodekeeper] PROGRESS elapsed_ms=148428 phase=working backend=baritone target=none navigation_elapsed_ms=0 navigation_ticks=0 searching=false path_index=0 path_length=0 retries=0 pending_route_events=0 dropped_route_events=0 status=preparing_for_task___SMELT_minecraft:cooked_beef
[16:14:27] [Render thread/INFO] (lodekeeper) [Lodekeeper] PROGRESS elapsed_ms=150478 phase=working backend=baritone target=none navigation_elapsed_ms=0 navigation_ticks=0 searching=false path_index=0 path_length=0 retries=0 pending_route_events=0 dropped_route_events=0 status=preparing_for_task___SMELT_minecraft:cooked_beef
[16:14:29] [Render thread/INFO] (lodekeeper) [Lodekeeper] PROGRESS elapsed_ms=152524 phase=working backend=baritone target=none navigation_elapsed_ms=0 navigation_ticks=0 searching=false path_index=0 path_length=0 retries=0 pending_route_events=0 dropped_route_events=0 status=preparing_for_task___SMELT_minecraft:cooked_beef
[16:14:31] [Render thread/INFO] (lodekeeper) [Lodekeeper] PROGRESS elapsed_ms=154530 phase=working backend=baritone target=none navigation_elapsed_ms=0 navigation_ticks=0 searching=false path_index=0 path_length=0 retries=0 pending_route_events=0 dropped_route_events=0 status=preparing_for_task___SMELT_minecraft:cooked_beef
[16:14:33] [Render thread/INFO] (lodekeeper) [Lodekeeper] PROGRESS elapsed_ms=156575 phase=working backend=baritone target=none navigation_elapsed_ms=0 navigation_ticks=0 searching=false path_index=0 path_length=0 retries=0 pending_route_events=0 dropped_route_events=0 status=preparing_for_task___SMELT_minecraft:cooked_beef
[16:14:34] [lodekeeper-planner/INFO] (lodekeeper) [Lodekeeper] PROJECT_MATERIALS project=gear_diamond before=[gather:minecraft:diamond_ore:3, gather:minecraft:diamond_ore:3, gather:minecraft:diamond_ore:4, gather:minecraft:diamond_ore:8, gather:minecraft:diamond_ore:5, gather:minecraft:diamond_ore:2, gather:minecraft:diamond_ore:7, gather:minecraft:diamond_ore:1, gather:minecraft:diamond_ore:2] after=[gather:minecraft:diamond_ore:3, gather:minecraft:diamond_ore:3, gather:minecraft:diamond_ore:4, gather:minecraft:diamond_ore:8, gather:minecraft:diamond_ore:5, gather:minecraft:diamond_ore:2, gather:minecraft:diamond_ore:7, gather:minecraft:diamond_ore:1, gather:minecraft:diamond_ore:2]
[16:14:34] [lodekeeper-planner/INFO] (lodekeeper) [Lodekeeper] PLAN project=gear_diamond success=true steps=23 branches=118 elapsedMs=4.426665
[16:14:34] [Render thread/INFO] (lodekeeper) [Lodekeeper] SMELT_REQUIREMENTS source=minecraft:iron_ingot_from_smelting_raw_iron selected=[SelectedItemRequirement[item=minecraft:raw_iron, count=3, consumed=true, purpose=smelting input, recipeSlot=-1], SelectedItemRequirement[item=minecraft:birch_planks, count=2, consumed=true, purpose=smelting fuel, recipeSlot=-1], SelectedStationRequirement[station=minecraft:furnace, purpose=use station]]
[16:14:34] [Render thread/INFO] (lodekeeper) [Lodekeeper] STEP kind=SMELT source=minecraft:iron_ingot_from_smelting_raw_iron output=minecraft:iron_ingot count=3 operations=3 auxiliary=false
[16:14:35] [Render thread/INFO] (lodekeeper) [Lodekeeper] PROGRESS elapsed_ms=158619 phase=smelting backend=baritone target=none navigation_elapsed_ms=0 navigation_ticks=0 searching=false path_index=0 path_length=0 retries=0 pending_route_events=0 dropped_route_events=0 status=SMELT_minecraft:iron_ingot_from_smelting_raw_iron
[16:14:37] [Render thread/INFO] (lodekeeper) [Lodekeeper] PROGRESS elapsed_ms=160673 phase=smelting backend=baritone target=none navigation_elapsed_ms=0 navigation_ticks=0 searching=false path_index=0 path_length=0 retries=0 pending_route_events=0 dropped_route_events=0 status=SMELT_minecraft:iron_ingot_from_smelting_raw_iron
[16:14:39] [Render thread/INFO] (lodekeeper) [Lodekeeper] PROGRESS elapsed_ms=162715 phase=smelting backend=baritone target=none navigation_elapsed_ms=0 navigation_ticks=0 searching=false path_index=0 path_length=0 retries=0 pending_route_events=0 dropped_route_events=0 status=SMELT_minecraft:iron_ingot_from_smelting_raw_iron
[16:14:41] [Render thread/INFO] (lodekeeper) [Lodekeeper] PROGRESS elapsed_ms=164772 phase=smelting backend=baritone target=none navigation_elapsed_ms=0 navigation_ticks=0 searching=false path_index=0 path_length=0 retries=0 pending_route_events=0 dropped_route_events=0 status=SMELT_minecraft:iron_ingot_from_smelting_raw_iron
[16:14:43] [Render thread/INFO] (lodekeeper) [Lodekeeper] PROGRESS elapsed_ms=166814 phase=smelting backend=baritone target=none navigation_elapsed_ms=0 navigation_ticks=0 searching=false path_index=0 path_length=0 retries=0 pending_route_events=0 dropped_route_events=0 status=SMELT_minecraft:iron_ingot_from_smelting_raw_iron
[16:14:45] [Render thread/INFO] (lodekeeper) [Lodekeeper] PROGRESS elapsed_ms=168829 phase=smelting backend=baritone target=none navigation_elapsed_ms=0 navigation_ticks=0 searching=false path_index=0 path_length=0 retries=0 pending_route_events=0 dropped_route_events=0 status=SMELT_minecraft:iron_ingot_from_smelting_raw_iron
[16:14:47] [Render thread/INFO] (lodekeeper) [Lodekeeper] PROGRESS elapsed_ms=170876 phase=smelting backend=baritone target=none navigation_elapsed_ms=0 navigation_ticks=0 searching=false path_index=0 path_length=0 retries=0 pending_route_events=0 dropped_route_events=0 status=SMELT_minecraft:iron_ingot_from_smelting_raw_iron
[16:14:49] [Render thread/INFO] (lodekeeper) [Lodekeeper] PROGRESS elapsed_ms=172917 phase=smelting backend=baritone target=none navigation_elapsed_ms=0 navigation_ticks=0 searching=false path_index=0 path_length=0 retries=0 pending_route_events=0 dropped_route_events=0 status=SMELT_minecraft:iron_ingot_from_smelting_raw_iron
[16:14:51] [Render thread/INFO] (lodekeeper) [Lodekeeper] PROGRESS elapsed_ms=174928 phase=smelting backend=baritone target=none navigation_elapsed_ms=0 navigation_ticks=0 searching=false path_index=0 path_length=0 retries=0 pending_route_events=0 dropped_route_events=0 status=SMELT_minecraft:iron_ingot_from_smelting_raw_iron
[16:14:53] [Render thread/INFO] (lodekeeper) [Lodekeeper] PROGRESS elapsed_ms=176973 phase=smelting backend=baritone target=none navigation_elapsed_ms=0 navigation_ticks=0 searching=false path_index=0 path_length=0 retries=0 pending_route_events=0 dropped_route_events=0 status=SMELT_minecraft:iron_ingot_from_smelting_raw_iron
[16:14:55] [Render thread/INFO] (lodekeeper) [Lodekeeper] PROGRESS elapsed_ms=179027 phase=smelting backend=baritone target=none navigation_elapsed_ms=0 navigation_ticks=0 searching=false path_index=0 path_length=0 retries=0 pending_route_events=0 dropped_route_events=0 status=SMELT_minecraft:iron_ingot_from_smelting_raw_iron
[16:14:57] [Render thread/INFO] (lodekeeper) [Lodekeeper] PROGRESS elapsed_ms=181070 phase=smelting backend=baritone target=none navigation_elapsed_ms=0 navigation_ticks=0 searching=false path_index=0 path_length=0 retries=0 pending_route_events=0 dropped_route_events=0 status=SMELT_minecraft:iron_ingot_from_smelting_raw_iron
[16:14:59] [Render thread/INFO] (lodekeeper) [Lodekeeper] PROGRESS elapsed_ms=183077 phase=smelting backend=baritone target=none navigation_elapsed_ms=0 navigation_ticks=0 searching=false path_index=0 path_length=0 retries=0 pending_route_events=0 dropped_route_events=0 status=SMELT_minecraft:iron_ingot_from_smelting_raw_iron
[16:15:01] [Render thread/INFO] (lodekeeper) [Lodekeeper] PROGRESS elapsed_ms=185116 phase=smelting backend=baritone target=none navigation_elapsed_ms=0 navigation_ticks=0 searching=false path_index=0 path_length=0 retries=0 pending_route_events=0 dropped_route_events=0 status=SMELT_minecraft:iron_ingot_from_smelting_raw_iron
[16:15:03] [Render thread/INFO] (lodekeeper) [Lodekeeper] PROGRESS elapsed_ms=187124 phase=smelting backend=baritone target=none navigation_elapsed_ms=0 navigation_ticks=0 searching=false path_index=0 path_length=0 retries=0 pending_route_events=0 dropped_route_events=0 status=SMELT_minecraft:iron_ingot_from_smelting_raw_iron
[16:15:05] [lodekeeper-planner/INFO] (lodekeeper) [Lodekeeper] PROJECT_MATERIALS project=gear_diamond before=[gather:minecraft:diamond_ore:3, gather:minecraft:diamond_ore:3, gather:minecraft:diamond_ore:4, gather:minecraft:diamond_ore:8, gather:minecraft:diamond_ore:5, gather:minecraft:diamond_ore:2, gather:minecraft:diamond_ore:7, gather:minecraft:diamond_ore:1, gather:minecraft:diamond_ore:2] after=[gather:minecraft:diamond_ore:3, gather:minecraft:diamond_ore:3, gather:minecraft:diamond_ore:4, gather:minecraft:diamond_ore:8, gather:minecraft:diamond_ore:5, gather:minecraft:diamond_ore:2, gather:minecraft:diamond_ore:7, gather:minecraft:diamond_ore:1, gather:minecraft:diamond_ore:2]
[16:15:05] [lodekeeper-planner/INFO] (lodekeeper) [Lodekeeper] PLAN project=gear_diamond success=true steps=22 branches=103 elapsedMs=1.643176
[16:15:05] [Render thread/INFO] (lodekeeper) [Lodekeeper] STEP kind=CRAFT source=minecraft:stick output=minecraft:stick count=4 operations=1 auxiliary=false
[16:15:05] [Render thread/INFO] (lodekeeper) [Lodekeeper] PROGRESS elapsed_ms=189129 phase=crafting backend=baritone target=none navigation_elapsed_ms=0 navigation_ticks=0 searching=false path_index=0 path_length=0 retries=0 pending_route_events=0 dropped_route_events=0 status=CRAFT_minecraft:stick
[16:15:07] [lodekeeper-planner/INFO] (lodekeeper) [Lodekeeper] PROJECT_MATERIALS project=gear_diamond before=[gather:minecraft:diamond_ore:3, gather:minecraft:diamond_ore:3, gather:minecraft:diamond_ore:4, gather:minecraft:diamond_ore:8, gather:minecraft:diamond_ore:5, gather:minecraft:diamond_ore:2, gather:minecraft:diamond_ore:7, gather:minecraft:diamond_ore:1, gather:minecraft:diamond_ore:2] after=[gather:minecraft:diamond_ore:3, gather:minecraft:diamond_ore:3, gather:minecraft:diamond_ore:4, gather:minecraft:diamond_ore:8, gather:minecraft:diamond_ore:5, gather:minecraft:diamond_ore:2, gather:minecraft:diamond_ore:7, gather:minecraft:diamond_ore:1, gather:minecraft:diamond_ore:2]
[16:15:07] [lodekeeper-planner/INFO] (lodekeeper) [Lodekeeper] PLAN project=gear_diamond success=true steps=21 branches=99 elapsedMs=1.804273
[16:15:07] [Render thread/INFO] (lodekeeper) [Lodekeeper] STEP kind=CRAFT source=minecraft:iron_pickaxe output=minecraft:iron_pickaxe count=1 operations=1 auxiliary=false
[16:15:08] [Render thread/INFO] (lodekeeper) [Lodekeeper] PROGRESS elapsed_ms=191174 phase=crafting backend=baritone target=none navigation_elapsed_ms=0 navigation_ticks=0 searching=false path_index=0 path_length=0 retries=0 pending_route_events=0 dropped_route_events=0 status=CRAFT_minecraft:iron_pickaxe
[16:15:10] [Render thread/INFO] (lodekeeper) [Lodekeeper] PROGRESS elapsed_ms=193232 phase=crafting backend=baritone target=none navigation_elapsed_ms=0 navigation_ticks=0 searching=false path_index=0 path_length=0 retries=0 pending_route_events=0 dropped_route_events=0 status=CRAFT_minecraft:iron_pickaxe
[16:15:11] [lodekeeper-planner/INFO] (lodekeeper) [Lodekeeper] PROJECT_MATERIALS project=gear_diamond before=[gather:minecraft:diamond_ore:3, gather:minecraft:diamond_ore:3, gather:minecraft:diamond_ore:4, gather:minecraft:diamond_ore:8, gather:minecraft:diamond_ore:5, gather:minecraft:diamond_ore:2, gather:minecraft:diamond_ore:7, gather:minecraft:diamond_ore:1, gather:minecraft:diamond_ore:2] after=[gather:minecraft:diamond_ore:3, gather:minecraft:diamond_ore:3, gather:minecraft:diamond_ore:4, gather:minecraft:diamond_ore:8, gather:minecraft:diamond_ore:5, gather:minecraft:diamond_ore:2, gather:minecraft:diamond_ore:7, gather:minecraft:diamond_ore:1, gather:minecraft:diamond_ore:2]
[16:15:11] [lodekeeper-planner/INFO] (lodekeeper) [Lodekeeper] PLAN project=gear_diamond success=true steps=20 branches=94 elapsedMs=1.608488
[16:15:11] [Render thread/INFO] (lodekeeper) [Lodekeeper] STEP kind=GATHER source=gather:minecraft:diamond_ore output=minecraft:diamond count=3 operations=3 auxiliary=false
[16:15:12] [Render thread/INFO] (lodekeeper) [Lodekeeper] PROGRESS elapsed_ms=195257 phase=gathering backend=baritone target=none navigation_elapsed_ms=0 navigation_ticks=0 searching=false path_index=0 path_length=0 retries=0 pending_route_events=0 dropped_route_events=0 status=mining_the_recorded_owned_crafting_table
[16:15:14] [Render thread/INFO] (lodekeeper) [Lodekeeper] PROGRESS elapsed_ms=197271 phase=gathering backend=baritone target=none navigation_elapsed_ms=0 navigation_ticks=0 searching=false path_index=0 path_length=0 retries=0 pending_route_events=0 dropped_route_events=0 status=mining_the_recorded_owned_crafting_table
[16:15:15] [Render thread/INFO] (lodekeeper) [Lodekeeper] NAV backend=baritone mode=PICKUP event=CALC_STARTED elapsedMs=0
[16:15:15] [Render thread/INFO] (lodekeeper) [Lodekeeper] NAV calcTool=minecraft:stick slot=0
[16:15:15] [Render thread/INFO] (lodekeeper) [Lodekeeper] NAV backend=baritone mode=PICKUP event=CALC_FINISHED_NOW_EXECUTING elapsedMs=38
[16:15:15] [Render thread/INFO] (lodekeeper) [Lodekeeper] NAV backend=baritone mode=IDLE event=CANCELED elapsedMs=409
[16:15:15] [Render thread/INFO] (lodekeeper) [Lodekeeper] NAV backend=baritone mode=IDLE event=CANCELED elapsedMs=411
[16:15:15] [Render thread/INFO] (lodekeeper) [Lodekeeper] NAV backend=baritone mode=IDLE event=CANCELED elapsedMs=444
[16:15:15] [lodekeeper-planner/INFO] (lodekeeper) [Lodekeeper] PROJECT_MATERIALS project=gear_diamond before=[gather:minecraft:diamond_ore:3, gather:minecraft:diamond_ore:3, gather:minecraft:diamond_ore:4, gather:minecraft:diamond_ore:8, gather:minecraft:diamond_ore:5, gather:minecraft:diamond_ore:2, gather:minecraft:diamond_ore:7, gather:minecraft:diamond_ore:1, gather:minecraft:diamond_ore:2] after=[gather:minecraft:diamond_ore:3, gather:minecraft:diamond_ore:3, gather:minecraft:diamond_ore:4, gather:minecraft:diamond_ore:8, gather:minecraft:diamond_ore:5, gather:minecraft:diamond_ore:2, gather:minecraft:diamond_ore:7, gather:minecraft:diamond_ore:1, gather:minecraft:diamond_ore:2]
[16:15:15] [lodekeeper-planner/INFO] (lodekeeper) [Lodekeeper] PLAN project=gear_diamond success=true steps=21 branches=95 elapsedMs=1.721642
[16:15:15] [Render thread/INFO] (lodekeeper) [Lodekeeper] STEP kind=GATHER source=gather:minecraft:diamond_ore output=minecraft:diamond count=3 operations=3 auxiliary=false
[16:15:15] [Render thread/INFO] (lodekeeper) [Lodekeeper] MINING_DEPTH policy=NEAREST desiredY=-55 ceiling=2031 deficit=3 phase=MINE blocks=[Block{minecraft:diamond_ore}, Block{minecraft:deepslate_diamond_ore}]
[16:15:15] [Render thread/INFO] (lodekeeper) [Lodekeeper] NAV scan=native-mine durationNanos=2417632 hits=-1 requestTicks=0
[16:15:15] [Render thread/INFO] (lodekeeper) [Lodekeeper] NAV backend=baritone mode=MINE event=CALC_STARTED elapsedMs=4
[16:15:15] [Render thread/INFO] (lodekeeper) [Lodekeeper] NAV calcTool=minecraft:iron_pickaxe slot=1
[16:15:16] [Render thread/INFO] (lodekeeper) [Lodekeeper] ROUTE_SEARCH kind=unknown anchor=unknown feet_y16=0 candidates=0 target=none elapsed_ms=199221
[16:15:16] [Render thread/INFO] (lodekeeper) [Lodekeeper] PROGRESS elapsed_ms=199323 phase=searching backend=baritone target=none navigation_elapsed_ms=201 navigation_ticks=4 searching=true path_index=0 path_length=0 retries=0 pending_route_events=0 dropped_route_events=0 status=mining_and_collecting_minecraft:diamond___0/3___planning_next_route
[16:15:16] [Render thread/INFO] (lodekeeper) [Lodekeeper] NAV backend=baritone mode=MINE event=CALC_FINISHED_NOW_EXECUTING elapsedMs=541
[16:15:16] [Render thread/INFO] (lodekeeper) [Lodekeeper] ROUTE_TRAVEL path_index=0 path_length=30 target=none elapsed_ms=199629
[16:15:16] [Render thread/INFO] (lodekeeper) [Lodekeeper] BREAK target=Mutable{x=-26, y=44, z=45} block=Block{minecraft:stone} tool=minecraft:iron_pickaxe slot=1 remaining=250 required=route
[16:15:17] [Render thread/INFO] (lodekeeper) [Lodekeeper] BREAK target=Mutable{x=-26, y=43, z=45} block=Block{minecraft:stone} tool=minecraft:iron_pickaxe slot=1 remaining=249 required=route
[16:15:18] [Render thread/INFO] (lodekeeper) [Lodekeeper] BREAK target=Mutable{x=-26, y=42, z=45} block=Block{minecraft:stone} tool=minecraft:iron_pickaxe slot=1 remaining=248 required=route
[16:15:18] [Render thread/INFO] (lodekeeper) [Lodekeeper] PROGRESS elapsed_ms=201370 phase=traveling backend=baritone target=none navigation_elapsed_ms=2176 navigation_ticks=44 searching=false path_index=0 path_length=28 retries=0 pending_route_events=0 dropped_route_events=0 status=mining_and_collecting_minecraft:diamond___0/3
[16:15:18] [Render thread/INFO] (lodekeeper) [Lodekeeper] BREAK target=Mutable{x=-26, y=41, z=45} block=Block{minecraft:stone} tool=minecraft:iron_pickaxe slot=1 remaining=247 required=route
[16:15:19] [Render thread/INFO] (lodekeeper) [Lodekeeper] BREAK target=Mutable{x=-26, y=40, z=45} block=Block{minecraft:stone} tool=minecraft:iron_pickaxe slot=1 remaining=246 required=route
[16:15:20] [Render thread/INFO] (lodekeeper) [Lodekeeper] BREAK target=Mutable{x=-26, y=39, z=45} block=Block{minecraft:stone} tool=minecraft:iron_pickaxe slot=1 remaining=245 required=route
[16:15:20] [Render thread/INFO] (lodekeeper) [Lodekeeper] PROGRESS elapsed_ms=203414 phase=traveling backend=baritone target=none navigation_elapsed_ms=4393 navigation_ticks=88 searching=false path_index=0 path_length=25 retries=0 pending_route_events=0 dropped_route_events=0 status=mining_and_collecting_minecraft:diamond___0/3
[16:15:20] [Render thread/INFO] (lodekeeper) [Lodekeeper] BREAK target=Mutable{x=-26, y=38, z=45} block=Block{minecraft:stone} tool=minecraft:iron_pickaxe slot=1 remaining=244 required=route
[16:15:21] [Render thread/INFO] (lodekeeper) [Lodekeeper] BREAK target=Mutable{x=-26, y=37, z=45} block=Block{minecraft:stone} tool=minecraft:iron_pickaxe slot=1 remaining=243 required=route
[16:15:22] [Render thread/INFO] (lodekeeper) [Lodekeeper] PROGRESS elapsed_ms=205465 phase=traveling backend=baritone target=none navigation_elapsed_ms=6376 navigation_ticks=128 searching=false path_index=0 path_length=22 retries=0 pending_route_events=0 dropped_route_events=0 status=mining_and_collecting_minecraft:diamond___0/3
[16:15:22] [Render thread/INFO] (lodekeeper) [Lodekeeper] BREAK target=Mutable{x=-26, y=36, z=45} block=Block{minecraft:stone} tool=minecraft:iron_pickaxe slot=1 remaining=242 required=route
[16:15:23] [Render thread/INFO] (lodekeeper) [Lodekeeper] BREAK target=Mutable{x=-26, y=35, z=45} block=Block{minecraft:stone} tool=minecraft:iron_pickaxe slot=1 remaining=241 required=route
[16:15:23] [Render thread/INFO] (lodekeeper) [Lodekeeper] BREAK target=Mutable{x=-26, y=34, z=45} block=Block{minecraft:stone} tool=minecraft:iron_pickaxe slot=1 remaining=240 required=route
[16:15:24] [Render thread/INFO] (lodekeeper) [Lodekeeper] PROGRESS elapsed_ms=207517 phase=traveling backend=baritone target=none navigation_elapsed_ms=8394 navigation_ticks=168 searching=false path_index=0 path_length=19 retries=0 pending_route_events=0 dropped_route_events=0 status=mining_and_collecting_minecraft:diamond___0/3
[16:15:24] [Render thread/INFO] (lodekeeper) [Lodekeeper] BREAK target=Mutable{x=-26, y=33, z=45} block=Block{minecraft:stone} tool=minecraft:iron_pickaxe slot=1 remaining=239 required=route
[16:15:25] [Render thread/INFO] (lodekeeper) [Lodekeeper] BREAK target=Mutable{x=-26, y=32, z=45} block=Block{minecraft:stone} tool=minecraft:iron_pickaxe slot=1 remaining=238 required=route
[16:15:25] [Render thread/INFO] (lodekeeper) [Lodekeeper] BREAK target=Mutable{x=-26, y=31, z=45} block=Block{minecraft:stone} tool=minecraft:iron_pickaxe slot=1 remaining=237 required=route
[16:15:26] [Render thread/INFO] (lodekeeper) [Lodekeeper] PROGRESS elapsed_ms=209529 phase=traveling backend=baritone target=none navigation_elapsed_ms=10405 navigation_ticks=208 searching=false path_index=0 path_length=17 retries=0 pending_route_events=0 dropped_route_events=0 status=mining_and_collecting_minecraft:diamond___0/3
[16:15:26] [Render thread/INFO] (lodekeeper) [Lodekeeper] BREAK target=Mutable{x=-26, y=30, z=45} block=Block{minecraft:stone} tool=minecraft:iron_pickaxe slot=1 remaining=236 required=route
[16:15:27] [Render thread/INFO] (lodekeeper) [Lodekeeper] BREAK target=Mutable{x=-26, y=29, z=45} block=Block{minecraft:diorite} tool=minecraft:iron_pickaxe slot=1 remaining=235 required=route
[16:15:27] [Render thread/INFO] (lodekeeper) [Lodekeeper] BREAK target=Mutable{x=-26, y=28, z=45} block=Block{minecraft:diorite} tool=minecraft:iron_pickaxe slot=1 remaining=234 required=route
[16:15:28] [Render thread/INFO] (lodekeeper) [Lodekeeper] PROGRESS elapsed_ms=211567 phase=traveling backend=baritone target=none navigation_elapsed_ms=12411 navigation_ticks=248 searching=false path_index=0 path_length=14 retries=0 pending_route_events=0 dropped_route_events=0 status=mining_and_collecting_minecraft:diamond___0/3
[16:15:28] [Render thread/INFO] (lodekeeper) [Lodekeeper] BREAK target=Mutable{x=-26, y=27, z=45} block=Block{minecraft:diorite} tool=minecraft:iron_pickaxe slot=1 remaining=233 required=route
[16:15:29] [Render thread/INFO] (lodekeeper) [Lodekeeper] BREAK target=Mutable{x=-26, y=26, z=45} block=Block{minecraft:diorite} tool=minecraft:iron_pickaxe slot=1 remaining=232 required=route
[16:15:29] [Render thread/INFO] (lodekeeper) [Lodekeeper] NAV backend=baritone mode=MINE event=NEXT_SEGMENT_CALC_STARTED elapsedMs=13937
[16:15:29] [Render thread/INFO] (lodekeeper) [Lodekeeper] ROUTE_SEARCH kind=unknown anchor=unknown feet_y16=0 candidates=0 target=none elapsed_ms=213025
[16:15:30] [Render thread/INFO] (lodekeeper) [Lodekeeper] BREAK target=Mutable{x=-26, y=25, z=45} block=Block{minecraft:stone} tool=minecraft:iron_pickaxe slot=1 remaining=231 required=route
[16:15:30] [Render thread/INFO] (lodekeeper) [Lodekeeper] NAV backend=baritone mode=MINE event=NEXT_SEGMENT_CALC_FINISHED elapsedMs=14480
[16:15:30] [Render thread/INFO] (lodekeeper) [Lodekeeper] TARGET target=-18,-10,42 block=minecraft:deepslate_diamond_ore
[16:15:30] [Render thread/INFO] (lodekeeper) [Lodekeeper] ROUTE_TRAVEL path_index=0 path_length=38 target=-18,-10,42 block=minecraft:deepslate_diamond_ore elapsed_ms=213602
[16:15:30] [Render thread/INFO] (lodekeeper) [Lodekeeper] PROGRESS elapsed_ms=213602 phase=traveling backend=baritone target=-18,-10,42 block=minecraft:deepslate_diamond_ore navigation_elapsed_ms=14582 navigation_ticks=292 searching=false path_index=0 path_length=38 retries=0 pending_route_events=0 dropped_route_events=0 status=mining_and_collecting_minecraft:diamond___0/3___planning_next_route
[16:15:30] [Render thread/INFO] (lodekeeper) [Lodekeeper] BREAK target=Mutable{x=-26, y=24, z=45} block=Block{minecraft:stone} tool=minecraft:iron_pickaxe slot=1 remaining=230 required=route
[16:15:31] [Render thread/INFO] (lodekeeper) [Lodekeeper] BREAK target=Mutable{x=-26, y=23, z=45} block=Block{minecraft:stone} tool=minecraft:iron_pickaxe slot=1 remaining=229 required=route
[16:15:32] [Render thread/INFO] (lodekeeper) [Lodekeeper] BREAK target=Mutable{x=-26, y=22, z=45} block=Block{minecraft:stone} tool=minecraft:iron_pickaxe slot=1 remaining=228 required=route
[16:15:32] [Render thread/INFO] (lodekeeper) [Lodekeeper] PROGRESS elapsed_ms=215622 phase=traveling backend=baritone target=-18,-10,42 block=minecraft:deepslate_diamond_ore navigation_elapsed_ms=16602 navigation_ticks=332 searching=false path_index=0 path_length=35 retries=0 pending_route_events=0 dropped_route_events=0 status=mining_and_collecting_minecraft:diamond___0/3
[16:15:32] [Render thread/INFO] (lodekeeper) [Lodekeeper] BREAK target=Mutable{x=-26, y=21, z=45} block=Block{minecraft:stone} tool=minecraft:iron_pickaxe slot=1 remaining=227 required=route
[16:15:33] [Render thread/INFO] (lodekeeper) [Lodekeeper] BREAK target=Mutable{x=-26, y=20, z=45} block=Block{minecraft:stone} tool=minecraft:iron_pickaxe slot=1 remaining=226 required=route
[16:15:34] [Render thread/INFO] (lodekeeper) [Lodekeeper] BREAK target=Mutable{x=-26, y=19, z=45} block=Block{minecraft:stone} tool=minecraft:iron_pickaxe slot=1 remaining=225 required=route
[16:15:34] [Render thread/INFO] (lodekeeper) [Lodekeeper] PROGRESS elapsed_ms=217679 phase=traveling backend=baritone target=-18,-10,42 block=minecraft:deepslate_diamond_ore navigation_elapsed_ms=18591 navigation_ticks=372 searching=false path_index=0 path_length=32 retries=0 pending_route_events=0 dropped_route_events=0 status=mining_and_collecting_minecraft:diamond___0/3
[16:15:34] [Render thread/INFO] (lodekeeper) [Lodekeeper] BREAK target=Mutable{x=-26, y=18, z=45} block=Block{minecraft:granite} tool=minecraft:iron_pickaxe slot=1 remaining=224 required=route
[16:15:35] [Render thread/INFO] (lodekeeper) [Lodekeeper] BREAK target=Mutable{x=-26, y=17, z=45} block=Block{minecraft:granite} tool=minecraft:iron_pickaxe slot=1 remaining=223 required=route
[16:15:36] [Render thread/INFO] (lodekeeper) [Lodekeeper] BREAK target=Mutable{x=-26, y=16, z=45} block=Block{minecraft:granite} tool=minecraft:iron_pickaxe slot=1 remaining=222 required=route
[16:15:36] [Render thread/INFO] (lodekeeper) [Lodekeeper] PROGRESS elapsed_ms=219719 phase=traveling backend=baritone target=-18,-10,42 block=minecraft:deepslate_diamond_ore navigation_elapsed_ms=20598 navigation_ticks=412 searching=false path_index=0 path_length=29 retries=0 pending_route_events=0 dropped_route_events=0 status=mining_and_collecting_minecraft:diamond___0/3
[16:15:37] [Render thread/INFO] (lodekeeper) [Lodekeeper] BREAK target=Mutable{x=-26, y=17, z=44} block=Block{minecraft:granite} tool=minecraft:iron_pickaxe slot=1 remaining=221 required=route
[16:15:37] [Render thread/INFO] (lodekeeper) [Lodekeeper] BREAK target=Mutable{x=-26, y=16, z=44} block=Block{minecraft:granite} tool=minecraft:iron_pickaxe slot=1 remaining=220 required=route
[16:15:38] [Render thread/INFO] (lodekeeper) [Lodekeeper] BREAK target=Mutable{x=-26, y=15, z=44} block=Block{minecraft:diorite} tool=minecraft:iron_pickaxe slot=1 remaining=219 required=route
[16:15:38] [Render thread/INFO] (lodekeeper) [Lodekeeper] PROGRESS elapsed_ms=221766 phase=traveling backend=baritone target=-18,-10,42 block=minecraft:deepslate_diamond_ore navigation_elapsed_ms=22608 navigation_ticks=452 searching=false path_index=0 path_length=28 retries=0 pending_route_events=0 dropped_route_events=0 status=mining_and_collecting_minecraft:diamond___0/3
[16:15:39] [Render thread/INFO] (lodekeeper) [Lodekeeper] BREAK target=Mutable{x=-26, y=14, z=44} block=Block{minecraft:diorite} tool=minecraft:iron_pickaxe slot=1 remaining=218 required=route
[16:15:40] [Render thread/INFO] (lodekeeper) [Lodekeeper] BREAK target=Mutable{x=-26, y=13, z=44} block=Block{minecraft:diorite} tool=minecraft:iron_pickaxe slot=1 remaining=217 required=route
[16:15:40] [Render thread/INFO] (lodekeeper) [Lodekeeper] PROGRESS elapsed_ms=223767 phase=traveling backend=baritone target=-18,-10,42 block=minecraft:deepslate_diamond_ore navigation_elapsed_ms=24610 navigation_ticks=492 searching=false path_index=0 path_length=26 retries=0 pending_route_events=0 dropped_route_events=0 status=mining_and_collecting_minecraft:diamond___0/3
[16:15:40] [Render thread/INFO] (lodekeeper) [Lodekeeper] BREAK target=Mutable{x=-26, y=12, z=44} block=Block{minecraft:diorite} tool=minecraft:iron_pickaxe slot=1 remaining=216 required=route
[16:15:41] [Render thread/INFO] (lodekeeper) [Lodekeeper] BREAK target=Mutable{x=-26, y=11, z=44} block=Block{minecraft:granite} tool=minecraft:iron_pickaxe slot=1 remaining=215 required=route
[16:15:42] [Render thread/INFO] (lodekeeper) [Lodekeeper] BREAK target=Mutable{x=-25, y=12, z=44} block=Block{minecraft:diorite} tool=minecraft:iron_pickaxe slot=1 remaining=214 required=route
[16:15:42] [Render thread/INFO] (lodekeeper) [Lodekeeper] PROGRESS elapsed_ms=225769 phase=traveling backend=baritone target=-18,-10,42 block=minecraft:deepslate_diamond_ore navigation_elapsed_ms=26580 navigation_ticks=532 searching=false path_index=0 path_length=23 retries=0 pending_route_events=0 dropped_route_events=0 status=mining_and_collecting_minecraft:diamond___0/3
[16:15:42] [Render thread/INFO] (lodekeeper) [Lodekeeper] BREAK target=Mutable{x=-25, y=11, z=44} block=Block{minecraft:granite} tool=minecraft:iron_pickaxe slot=1 remaining=213 required=route
[16:15:43] [Render thread/INFO] (lodekeeper) [Lodekeeper] BREAK target=Mutable{x=-25, y=10, z=44} block=Block{minecraft:granite} tool=minecraft:iron_pickaxe slot=1 remaining=212 required=route
[16:15:44] [Render thread/INFO] (lodekeeper) [Lodekeeper] BREAK target=Mutable{x=-24, y=11, z=44} block=Block{minecraft:diorite} tool=minecraft:iron_pickaxe slot=1 remaining=211 required=route
[16:15:44] [Render thread/INFO] (lodekeeper) [Lodekeeper] PROGRESS elapsed_ms=227780 phase=traveling backend=baritone target=-18,-10,42 block=minecraft:deepslate_diamond_ore navigation_elapsed_ms=28588 navigation_ticks=572 searching=false path_index=0 path_length=22 retries=0 pending_route_events=0 dropped_route_events=0 status=mining_and_collecting_minecraft:diamond___0/3
[16:15:45] [Render thread/INFO] (lodekeeper) [Lodekeeper] BREAK target=Mutable{x=-24, y=10, z=44} block=Block{minecraft:granite} tool=minecraft:iron_pickaxe slot=1 remaining=210 required=route
[16:15:45] [Render thread/INFO] (lodekeeper) [Lodekeeper] BREAK target=Mutable{x=-24, y=9, z=44} block=Block{minecraft:granite} tool=minecraft:iron_pickaxe slot=1 remaining=209 required=route
[16:15:46] [Render thread/INFO] (lodekeeper) [Lodekeeper] PROGRESS elapsed_ms=229797 phase=traveling backend=baritone target=-18,-10,42 block=minecraft:deepslate_diamond_ore navigation_elapsed_ms=30777 navigation_ticks=616 searching=false path_index=0 path_length=21 retries=0 pending_route_events=0 dropped_route_events=0 status=mining_and_collecting_minecraft:diamond___0/3
[16:15:46] [Render thread/INFO] (lodekeeper) [Lodekeeper] BREAK target=Mutable{x=-23, y=10, z=44} block=Block{minecraft:granite} tool=minecraft:iron_pickaxe slot=1 remaining=208 required=route
[16:15:47] [Render thread/INFO] (lodekeeper) [Lodekeeper] BREAK target=Mutable{x=-23, y=9, z=44} block=Block{minecraft:granite} tool=minecraft:iron_pickaxe slot=1 remaining=207 required=route
[16:15:48] [Render thread/INFO] (lodekeeper) [Lodekeeper] BREAK target=Mutable{x=-23, y=8, z=44} block=Block{minecraft:granite} tool=minecraft:iron_pickaxe slot=1 remaining=206 required=route
[16:15:48] [Render thread/INFO] (lodekeeper) [Lodekeeper] PROGRESS elapsed_ms=231815 phase=traveling backend=baritone target=-18,-10,42 block=minecraft:deepslate_diamond_ore navigation_elapsed_ms=32795 navigation_ticks=656 searching=false path_index=0 path_length=21 retries=0 pending_route_events=0 dropped_route_events=0 status=mining_and_collecting_minecraft:diamond___0/3
[16:15:48] [Render thread/INFO] (lodekeeper) [Lodekeeper] BREAK target=Mutable{x=-22, y=9, z=44} block=Block{minecraft:granite} tool=minecraft:iron_pickaxe slot=1 remaining=205 required=route
[16:15:49] [Render thread/INFO] (lodekeeper) [Lodekeeper] BREAK target=Mutable{x=-22, y=8, z=44} block=Block{minecraft:granite} tool=minecraft:iron_pickaxe slot=1 remaining=204 required=route
[16:15:50] [Render thread/INFO] (lodekeeper) [Lodekeeper] BREAK target=Mutable{x=-22, y=7, z=44} block=Block{minecraft:granite} tool=minecraft:iron_pickaxe slot=1 remaining=203 required=route
[16:15:50] [Render thread/INFO] (lodekeeper) [Lodekeeper] PROGRESS elapsed_ms=233870 phase=traveling backend=baritone target=-18,-10,42 block=minecraft:deepslate_diamond_ore navigation_elapsed_ms=34781 navigation_ticks=696 searching=false path_index=0 path_length=20 retries=0 pending_route_events=0 dropped_route_events=0 status=mining_and_collecting_minecraft:diamond___0/3
[16:15:51] [Render thread/INFO] (lodekeeper) [Lodekeeper] BREAK target=Mutable{x=-22, y=8, z=43} block=Block{minecraft:granite} tool=minecraft:iron_pickaxe slot=1 remaining=202 required=route
[16:15:51] [Render thread/INFO] (lodekeeper) [Lodekeeper] BREAK target=Mutable{x=-22, y=7, z=43} block=Block{minecraft:granite} tool=minecraft:iron_pickaxe slot=1 remaining=201 required=route
[16:15:52] [Render thread/INFO] (lodekeeper) [Lodekeeper] BREAK target=Mutable{x=-22, y=6, z=43} block=Block{minecraft:stone} tool=minecraft:iron_pickaxe slot=1 remaining=200 required=route
[16:15:52] [Render thread/INFO] (lodekeeper) [Lodekeeper] PROGRESS elapsed_ms=235921 phase=traveling backend=baritone target=-18,-10,42 block=minecraft:deepslate_diamond_ore navigation_elapsed_ms=36800 navigation_ticks=736 searching=false path_index=0 path_length=19 retries=0 pending_route_events=0 dropped_route_events=0 status=mining_and_collecting_minecraft:diamond___0/3
[16:15:53] [Render thread/INFO] (lodekeeper) [Lodekeeper] BREAK target=Mutable{x=-21, y=7, z=43} block=Block{minecraft:granite} tool=minecraft:iron_pickaxe slot=1 remaining=199 required=route
[16:15:54] [Render thread/INFO] (lodekeeper) [Lodekeeper] BREAK target=Mutable{x=-21, y=6, z=43} block=Block{minecraft:stone} tool=minecraft:iron_pickaxe slot=1 remaining=198 required=route
[16:15:54] [Render thread/INFO] (lodekeeper) [Lodekeeper] PROGRESS elapsed_ms=237979 phase=traveling backend=baritone target=-18,-10,42 block=minecraft:deepslate_diamond_ore navigation_elapsed_ms=38786 navigation_ticks=776 searching=false path_index=0 path_length=18 retries=0 pending_route_events=0 dropped_route_events=0 status=mining_and_collecting_minecraft:diamond___0/3
[16:15:55] [Render thread/INFO] (lodekeeper) [Lodekeeper] BREAK target=Mutable{x=-21, y=5, z=43} block=Block{minecraft:iron_ore} tool=minecraft:iron_pickaxe slot=1 remaining=197 required=route
[16:15:56] [Render thread/INFO] (lodekeeper) [Lodekeeper] BREAK target=Mutable{x=-21, y=4, z=43} block=Block{minecraft:stone} tool=minecraft:iron_pickaxe slot=1 remaining=196 required=route
[16:15:56] [Render thread/INFO] (lodekeeper) [Lodekeeper] PROGRESS elapsed_ms=239996 phase=traveling backend=baritone target=-18,-10,42 block=minecraft:deepslate_diamond_ore navigation_elapsed_ms=40976 navigation_ticks=820 searching=false path_index=0 path_length=16 retries=0 pending_route_events=0 dropped_route_events=0 status=mining_and_collecting_minecraft:diamond___0/3
[16:15:57] [Render thread/INFO] (lodekeeper) [Lodekeeper] BREAK target=Mutable{x=-20, y=5, z=43} block=Block{minecraft:stone} tool=minecraft:iron_pickaxe slot=1 remaining=195 required=route
[16:15:57] [Render thread/INFO] (lodekeeper) [Lodekeeper] BREAK target=Mutable{x=-20, y=4, z=43} block=Block{minecraft:deepslate} tool=minecraft:iron_pickaxe slot=1 remaining=194 required=route
[16:15:58] [Render thread/INFO] (lodekeeper) [Lodekeeper] BREAK target=Mutable{x=-20, y=3, z=43} block=Block{minecraft:deepslate} tool=minecraft:iron_pickaxe slot=1 remaining=193 required=route
[16:15:58] [Render thread/INFO] (lodekeeper) [Lodekeeper] PROGRESS elapsed_ms=242020 phase=traveling backend=baritone target=-18,-10,42 block=minecraft:deepslate_diamond_ore navigation_elapsed_ms=43000 navigation_ticks=860 searching=false path_index=0 path_length=16 retries=0 pending_route_events=0 dropped_route_events=0 status=mining_and_collecting_minecraft:diamond___0/3
[16:16:00] [Render thread/INFO] (lodekeeper) [Lodekeeper] BREAK target=Mutable{x=-20, y=4, z=42} block=Block{minecraft:stone} tool=minecraft:iron_pickaxe slot=1 remaining=192 required=route
[16:16:00] [Render thread/INFO] (lodekeeper) [Lodekeeper] BREAK target=Mutable{x=-20, y=3, z=42} block=Block{minecraft:deepslate} tool=minecraft:iron_pickaxe slot=1 remaining=191 required=route
[16:16:00] [Render thread/INFO] (lodekeeper) [Lodekeeper] PROGRESS elapsed_ms=244070 phase=traveling backend=baritone target=-18,-10,42 block=minecraft:deepslate_diamond_ore navigation_elapsed_ms=44982 navigation_ticks=900 searching=false path_index=0 path_length=15 retries=0 pending_route_events=0 dropped_route_events=0 status=mining_and_collecting_minecraft:diamond___0/3
[16:16:01] [Render thread/INFO] (lodekeeper) [Lodekeeper] BREAK target=Mutable{x=-20, y=2, z=42} block=Block{minecraft:deepslate} tool=minecraft:iron_pickaxe slot=1 remaining=190 required=route
[16:16:02] [Render thread/INFO] (lodekeeper) [Lodekeeper] PROGRESS elapsed_ms=246121 phase=traveling backend=baritone target=-18,-10,42 block=minecraft:deepslate_diamond_ore navigation_elapsed_ms=47000 navigation_ticks=940 searching=false path_index=0 path_length=15 retries=0 pending_route_events=0 dropped_route_events=0 status=mining_and_collecting_minecraft:diamond___0/3
[16:16:03] [Render thread/INFO] (lodekeeper) [Lodekeeper] BREAK target=Mutable{x=-19, y=3, z=42} block=Block{minecraft:stone} tool=minecraft:iron_pickaxe slot=1 remaining=189 required=route
[16:16:03] [Render thread/INFO] (lodekeeper) [Lodekeeper] BREAK target=Mutable{x=-19, y=2, z=42} block=Block{minecraft:stone} tool=minecraft:iron_pickaxe slot=1 remaining=188 required=route
[16:16:04] [Render thread/INFO] (lodekeeper) [Lodekeeper] BREAK target=Mutable{x=-19, y=1, z=42} block=Block{minecraft:deepslate} tool=minecraft:iron_pickaxe slot=1 remaining=187 required=route
[16:16:05] [Render thread/INFO] (lodekeeper) [Lodekeeper] PROGRESS elapsed_ms=248172 phase=traveling backend=baritone target=-18,-10,42 block=minecraft:deepslate_diamond_ore navigation_elapsed_ms=48982 navigation_ticks=980 searching=false path_index=0 path_length=14 retries=0 pending_route_events=0 dropped_route_events=0 status=mining_and_collecting_minecraft:diamond___0/3
[16:16:05] [Render thread/INFO] (lodekeeper) [Lodekeeper] BREAK target=Mutable{x=-19, y=0, z=42} block=Block{minecraft:deepslate} tool=minecraft:iron_pickaxe slot=1 remaining=186 required=route
[16:16:06] [Render thread/INFO] (lodekeeper) [Lodekeeper] BREAK target=Mutable{x=-19, y=-1, z=42} block=Block{minecraft:deepslate} tool=minecraft:iron_pickaxe slot=1 remaining=185 required=route
[16:16:07] [Render thread/INFO] (lodekeeper) [Lodekeeper] PROGRESS elapsed_ms=250213 phase=traveling backend=baritone target=-18,-10,42 block=minecraft:deepslate_diamond_ore navigation_elapsed_ms=51193 navigation_ticks=1024 searching=false path_index=0 path_length=12 retries=0 pending_route_events=0 dropped_route_events=0 status=mining_and_collecting_minecraft:diamond___0/3
[16:16:07] [Render thread/INFO] (lodekeeper) [Lodekeeper] BREAK target=Mutable{x=-19, y=-2, z=42} block=Block{minecraft:deepslate} tool=minecraft:iron_pickaxe slot=1 remaining=184 required=route
[16:16:08] [Render thread/INFO] (lodekeeper) [Lodekeeper] BREAK target=Mutable{x=-19, y=-3, z=42} block=Block{minecraft:deepslate} tool=minecraft:iron_pickaxe slot=1 remaining=183 required=route
[16:16:09] [Render thread/INFO] (lodekeeper) [Lodekeeper] PROGRESS elapsed_ms=252223 phase=traveling backend=baritone target=-18,-10,42 block=minecraft:deepslate_diamond_ore navigation_elapsed_ms=53203 navigation_ticks=1064 searching=false path_index=0 path_length=10 retries=0 pending_route_events=0 dropped_route_events=0 status=mining_and_collecting_minecraft:diamond___0/3
[16:16:10] [Render thread/INFO] (lodekeeper) [Lodekeeper] BREAK target=Mutable{x=-19, y=-4, z=42} block=Block{minecraft:deepslate} tool=minecraft:iron_pickaxe slot=1 remaining=182 required=route
[16:16:11] [Render thread/INFO] (lodekeeper) [Lodekeeper] BREAK target=Mutable{x=-19, y=-5, z=42} block=Block{minecraft:deepslate} tool=minecraft:iron_pickaxe slot=1 remaining=181 required=route
[16:16:11] [Render thread/INFO] (lodekeeper) [Lodekeeper] PROGRESS elapsed_ms=254270 phase=traveling backend=baritone target=-18,-10,42 block=minecraft:deepslate_diamond_ore navigation_elapsed_ms=55182 navigation_ticks=1104 searching=false path_index=0 path_length=8 retries=0 pending_route_events=0 dropped_route_events=0 status=mining_and_collecting_minecraft:diamond___0/3
[16:16:12] [Render thread/INFO] (lodekeeper) [Lodekeeper] BREAK target=Mutable{x=-19, y=-6, z=42} block=Block{minecraft:deepslate} tool=minecraft:iron_pickaxe slot=1 remaining=180 required=route
[16:16:13] [Render thread/INFO] (lodekeeper) [Lodekeeper] PROGRESS elapsed_ms=256320 phase=traveling backend=baritone target=-18,-10,42 block=minecraft:deepslate_diamond_ore navigation_elapsed_ms=57199 navigation_ticks=1144 searching=false path_index=0 path_length=6 retries=0 pending_route_events=0 dropped_route_events=0 status=mining_and_collecting_minecraft:diamond___0/3
[16:16:13] [Render thread/INFO] (lodekeeper) [Lodekeeper] BREAK target=Mutable{x=-19, y=-7, z=42} block=Block{minecraft:deepslate} tool=minecraft:iron_pickaxe slot=1 remaining=179 required=route
[16:16:14] [Render thread/INFO] (lodekeeper) [Lodekeeper] BREAK target=Mutable{x=-19, y=-8, z=42} block=Block{minecraft:deepslate} tool=minecraft:iron_pickaxe slot=1 remaining=178 required=route
[16:16:15] [Render thread/INFO] (lodekeeper) [Lodekeeper] PROGRESS elapsed_ms=258353 phase=traveling backend=baritone target=-18,-10,42 block=minecraft:deepslate_diamond_ore navigation_elapsed_ms=59196 navigation_ticks=1184 searching=false path_index=0 path_length=5 retries=0 pending_route_events=0 dropped_route_events=0 status=mining_and_collecting_minecraft:diamond___0/3
[16:16:15] [Render thread/INFO] (lodekeeper) [Lodekeeper] BREAK target=Mutable{x=-19, y=-9, z=42} block=Block{minecraft:deepslate} tool=minecraft:iron_pickaxe slot=1 remaining=177 required=route
[16:16:16] [Render thread/INFO] (lodekeeper) [Lodekeeper] BREAK target=Mutable{x=-19, y=-10, z=42} block=Block{minecraft:deepslate} tool=minecraft:iron_pickaxe slot=1 remaining=176 required=route
[16:16:17] [Render thread/INFO] (lodekeeper) [Lodekeeper] PROGRESS elapsed_ms=260354 phase=traveling backend=baritone target=-18,-10,42 block=minecraft:deepslate_diamond_ore navigation_elapsed_ms=61196 navigation_ticks=1224 searching=false path_index=0 path_length=3 retries=0 pending_route_events=0 dropped_route_events=0 status=mining_and_collecting_minecraft:diamond___0/3
[16:16:17] [Render thread/INFO] (lodekeeper) [Lodekeeper] BREAK target=Mutable{x=-18, y=-9, z=42} block=Block{minecraft:deepslate} tool=minecraft:iron_pickaxe slot=1 remaining=175 required=route
[16:16:18] [Render thread/INFO] (lodekeeper) [Lodekeeper] BREAK target=Mutable{x=-18, y=-10, z=42} block=Block{minecraft:deepslate_diamond_ore} tool=minecraft:iron_pickaxe slot=1 remaining=174 required=minecraft:iron_pickaxe
[16:16:19] [Render thread/INFO] (lodekeeper) [Lodekeeper] PROGRESS elapsed_ms=262363 phase=traveling backend=baritone target=-18,-10,42 block=minecraft:deepslate_diamond_ore navigation_elapsed_ms=63206 navigation_ticks=1264 searching=false path_index=0 path_length=2 retries=0 pending_route_events=0 dropped_route_events=0 status=mining_and_collecting_minecraft:diamond___0/3
[16:16:19] [Render thread/INFO] (lodekeeper) [Lodekeeper] NAV discovered=1 retained=64 rejected=0 requestTicks=1276 phase=MINE
[16:16:19] [Render thread/INFO] (lodekeeper) [Lodekeeper] TARGET target=-17,-10,42 block=minecraft:deepslate_diamond_ore
[16:16:19] [Render thread/INFO] (lodekeeper) [Lodekeeper] NAV backend=baritone mode=MINE event=CALC_STARTED elapsedMs=63785
[16:16:19] [Render thread/INFO] (lodekeeper) [Lodekeeper] NAV calcTool=minecraft:iron_pickaxe slot=1
[16:16:19] [Render thread/INFO] (lodekeeper) [Lodekeeper] NAV backend=baritone mode=MINE event=CALC_FINISHED_NOW_EXECUTING elapsedMs=63785
[16:16:19] [Render thread/INFO] (lodekeeper) [Lodekeeper] BREAK target=Mutable{x=-17, y=-9, z=42} block=Block{minecraft:deepslate_diamond_ore} tool=minecraft:iron_pickaxe slot=1 remaining=173 required=minecraft:iron_pickaxe
[16:16:21] [Render thread/INFO] (lodekeeper) [Lodekeeper] NAV discovered=1 retained=64 rejected=0 requestTicks=1305 phase=MINE
[16:16:21] [Render thread/INFO] (lodekeeper) [Lodekeeper] PROGRESS elapsed_ms=264366 phase=traveling backend=baritone target=-17,-10,42 block=minecraft:deepslate_diamond_ore navigation_elapsed_ms=65209 navigation_ticks=1304 searching=false path_index=0 path_length=2 retries=0 pending_route_events=0 dropped_route_events=0 status=mining_and_collecting_minecraft:diamond___1/3
[16:16:21] [Render thread/INFO] (lodekeeper) [Lodekeeper] BREAK target=Mutable{x=-17, y=-10, z=42} block=Block{minecraft:deepslate_diamond_ore} tool=minecraft:iron_pickaxe slot=1 remaining=172 required=minecraft:iron_pickaxe
[16:16:22] [Render thread/INFO] (lodekeeper) [Lodekeeper] NAV discovered=1 retained=64 rejected=0 requestTicks=1334 phase=MINE
[16:16:22] [Render thread/INFO] (lodekeeper) [Lodekeeper] NAV backend=baritone mode=MINE event=CALC_STARTED elapsedMs=66703
[16:16:22] [Render thread/INFO] (lodekeeper) [Lodekeeper] NAV calcTool=minecraft:iron_pickaxe slot=1
[16:16:22] [Render thread/INFO] (lodekeeper) [Lodekeeper] NAV backend=baritone mode=MINE event=CALC_FINISHED_NOW_EXECUTING elapsedMs=66703
[16:16:22] [Render thread/INFO] (lodekeeper) [Lodekeeper] TARGET target=-17,-10,43 block=minecraft:deepslate_diamond_ore
[16:16:22] [Render thread/INFO] (lodekeeper) [Lodekeeper] BREAK target=Mutable{x=-17, y=-9, z=43} block=Block{minecraft:deepslate} tool=minecraft:iron_pickaxe slot=1 remaining=171 required=route
[16:16:23] [Render thread/INFO] (lodekeeper) [Lodekeeper] TARGET target=none
[16:16:23] [Render thread/INFO] (lodekeeper) [Lodekeeper] PROGRESS elapsed_ms=266367 phase=gathering backend=baritone target=none navigation_elapsed_ms=0 navigation_ticks=0 searching=false path_index=0 path_length=0 retries=0 pending_route_events=0 dropped_route_events=0 status=mining_and_collecting_minecraft:diamond___2/3
[16:16:23] [Render thread/INFO] (lodekeeper) [Lodekeeper] STATION_POLICY decision=replace_distant station=minecraft:furnace position=BlockPos{x=-25, y=46, z=44}
[16:16:23] [lodekeeper-planner/INFO] (lodekeeper) [Lodekeeper] PROJECT_MATERIALS project=gear_diamond before=[gather:minecraft:diamond_ore:3, gather:minecraft:diamond_ore:4, gather:minecraft:diamond_ore:8, gather:minecraft:diamond_ore:5, gather:minecraft:diamond_ore:2, gather:minecraft:diamond_ore:7, gather:minecraft:diamond_ore:1, gather:minecraft:diamond_ore:2] after=[gather:minecraft:diamond_ore:3, gather:minecraft:diamond_ore:4, gather:minecraft:diamond_ore:8, gather:minecraft:diamond_ore:5, gather:minecraft:diamond_ore:2, gather:minecraft:diamond_ore:7, gather:minecraft:diamond_ore:1, gather:minecraft:diamond_ore:2]
[16:16:23] [lodekeeper-planner/INFO] (lodekeeper) [Lodekeeper] PLAN project=gear_diamond success=true steps=20 branches=90 elapsedMs=1.732457
[16:16:23] [Render thread/INFO] (lodekeeper) [Lodekeeper] STEP kind=PLACE_STATION source=place:minecraft:crafting_table output=null count=0 operations=1 auxiliary=false
[16:16:23] [Render thread/INFO] (lodekeeper) [Lodekeeper] TARGET target=-18,-10,42 block=minecraft:crafting_table
[16:16:23] [Render thread/INFO] (lodekeeper) [Lodekeeper] STATION_POLICY decision=replace_distant station=minecraft:furnace position=BlockPos{x=-25, y=46, z=44}
[16:16:23] [Render thread/INFO] (lodekeeper) [Lodekeeper] TARGET target=none
[16:16:23] [lodekeeper-planner/INFO] (lodekeeper) [Lodekeeper] PROJECT_MATERIALS project=gear_diamond before=[gather:minecraft:deepslate_diamond_ore:3, gather:minecraft:deepslate_diamond_ore:4, gather:minecraft:deepslate_diamond_ore:8, gather:minecraft:deepslate_diamond_ore:5, gather:minecraft:deepslate_diamond_ore:2, gather:minecraft:deepslate_diamond_ore:7, gather:minecraft:deepslate_diamond_ore:1, gather:minecraft:deepslate_diamond_ore:2] after=[gather:minecraft:deepslate_diamond_ore:3, gather:minecraft:deepslate_diamond_ore:4, gather:minecraft:deepslate_diamond_ore:8, gather:minecraft:deepslate_diamond_ore:5, gather:minecraft:deepslate_diamond_ore:2, gather:minecraft:deepslate_diamond_ore:7, gather:minecraft:deepslate_diamond_ore:1, gather:minecraft:deepslate_diamond_ore:2]
[16:16:23] [lodekeeper-planner/INFO] (lodekeeper) [Lodekeeper] PLAN project=gear_diamond success=true steps=19 branches=89 elapsedMs=1.387147
[16:16:23] [Render thread/INFO] (lodekeeper) [Lodekeeper] STEP kind=CRAFT source=minecraft:diamond_pickaxe output=minecraft:diamond_pickaxe count=1 operations=1 auxiliary=false
[16:16:25] [Render thread/INFO] (lodekeeper) [Lodekeeper] PROGRESS elapsed_ms=268370 phase=crafting backend=baritone target=none navigation_elapsed_ms=0 navigation_ticks=0 searching=false path_index=0 path_length=0 retries=0 pending_route_events=0 dropped_route_events=0 status=CRAFT_minecraft:diamond_pickaxe
[16:16:27] [Render thread/INFO] (lodekeeper) [Lodekeeper] PROGRESS elapsed_ms=270401 phase=crafting backend=baritone target=none navigation_elapsed_ms=0 navigation_ticks=0 searching=false path_index=0 path_length=0 retries=0 pending_route_events=0 dropped_route_events=0 status=CRAFT_minecraft:diamond_pickaxe
[16:16:27] [Render thread/INFO] (lodekeeper) [Lodekeeper] STATION_POLICY decision=replace_distant station=minecraft:furnace position=BlockPos{x=-25, y=46, z=44}
[16:16:27] [lodekeeper-planner/INFO] (lodekeeper) [Lodekeeper] PROJECT_MATERIALS project=gear_diamond before=[gather:minecraft:deepslate_diamond_ore:3, gather:minecraft:deepslate_diamond_ore:4, gather:minecraft:deepslate_diamond_ore:8, gather:minecraft:deepslate_diamond_ore:5, gather:minecraft:deepslate_diamond_ore:2, gather:minecraft:deepslate_diamond_ore:7, gather:minecraft:deepslate_diamond_ore:1, gather:minecraft:deepslate_diamond_ore:2] after=[gather:minecraft:deepslate_diamond_ore:3, gather:minecraft:deepslate_diamond_ore:4, gather:minecraft:deepslate_diamond_ore:8, gather:minecraft:deepslate_diamond_ore:5, gather:minecraft:deepslate_diamond_ore:2, gather:minecraft:deepslate_diamond_ore:7, gather:minecraft:deepslate_diamond_ore:1, gather:minecraft:deepslate_diamond_ore:2]
[16:16:27] [lodekeeper-planner/INFO] (lodekeeper) [Lodekeeper] PLAN project=gear_diamond success=true steps=18 branches=84 elapsedMs=1.255399
[16:16:27] [Render thread/INFO] (lodekeeper) [Lodekeeper] STEP kind=GATHER source=gather:minecraft:deepslate_diamond_ore output=minecraft:diamond count=32 operations=32 auxiliary=false
[16:16:29] [Render thread/INFO] (lodekeeper) [Lodekeeper] PROGRESS elapsed_ms=272405 phase=gathering backend=baritone target=none navigation_elapsed_ms=0 navigation_ticks=0 searching=false path_index=0 path_length=0 retries=0 pending_route_events=0 dropped_route_events=0 status=mining_the_recorded_owned_crafting_table
[16:16:31] [Render thread/INFO] (lodekeeper) [Lodekeeper] PROGRESS elapsed_ms=274428 phase=gathering backend=baritone target=none navigation_elapsed_ms=0 navigation_ticks=0 searching=false path_index=0 path_length=0 retries=0 pending_route_events=0 dropped_route_events=0 status=mining_the_recorded_owned_crafting_table
[16:16:31] [Render thread/INFO] (lodekeeper) [Lodekeeper] NAV backend=baritone mode=PICKUP event=CALC_STARTED elapsedMs=2
[16:16:31] [Render thread/INFO] (lodekeeper) [Lodekeeper] NAV calcTool=minecraft:air slot=0
[16:16:31] [Render thread/INFO] (lodekeeper) [Lodekeeper] NAV backend=baritone mode=PICKUP event=CALC_FINISHED_NOW_EXECUTING elapsedMs=68
[16:16:31] [Render thread/INFO] (lodekeeper) [Lodekeeper] NAV backend=baritone mode=PICKUP event=AT_GOAL elapsedMs=271
[16:16:31] [Render thread/INFO] (lodekeeper) [Lodekeeper] NAV backend=baritone mode=IDLE event=CANCELED elapsedMs=375
[16:16:31] [Render thread/INFO] (lodekeeper) [Lodekeeper] NAV backend=baritone mode=IDLE event=CANCELED elapsedMs=375
[16:16:31] [Render thread/INFO] (lodekeeper) [Lodekeeper] NAV backend=baritone mode=IDLE event=CANCELED elapsedMs=408
[16:16:31] [Render thread/INFO] (lodekeeper) [Lodekeeper] STATION_POLICY decision=replace_distant station=minecraft:furnace position=BlockPos{x=-25, y=46, z=44}
[16:16:31] [lodekeeper-planner/INFO] (lodekeeper) [Lodekeeper] PROJECT_MATERIALS project=gear_diamond before=[gather:minecraft:deepslate_diamond_ore:3, gather:minecraft:deepslate_diamond_ore:4, gather:minecraft:deepslate_diamond_ore:8, gather:minecraft:deepslate_diamond_ore:5, gather:minecraft:deepslate_diamond_ore:2, gather:minecraft:deepslate_diamond_ore:7, gather:minecraft:deepslate_diamond_ore:1, gather:minecraft:deepslate_diamond_ore:2] after=[gather:minecraft:deepslate_diamond_ore:3, gather:minecraft:deepslate_diamond_ore:4, gather:minecraft:deepslate_diamond_ore:8, gather:minecraft:deepslate_diamond_ore:5, gather:minecraft:deepslate_diamond_ore:2, gather:minecraft:deepslate_diamond_ore:7, gather:minecraft:deepslate_diamond_ore:1, gather:minecraft:deepslate_diamond_ore:2]
[16:16:31] [lodekeeper-planner/INFO] (lodekeeper) [Lodekeeper] PLAN project=gear_diamond success=true steps=19 branches=85 elapsedMs=1.523878
[16:16:31] [Render thread/INFO] (lodekeeper) [Lodekeeper] STEP kind=GATHER source=gather:minecraft:deepslate_diamond_ore output=minecraft:diamond count=32 operations=32 auxiliary=false
[16:16:31] [Render thread/INFO] (lodekeeper) [Lodekeeper] MINING_DEPTH policy=BULK_DIAMOND desiredY=-55 ceiling=-40 deficit=32 phase=DESCEND blocks=[Block{minecraft:deepslate_diamond_ore}, Block{minecraft:diamond_ore}]
[16:16:31] [Render thread/INFO] (lodekeeper) [Lodekeeper] NAV backend=baritone mode=DESCEND event=CALC_STARTED elapsedMs=1
[16:16:31] [Render thread/INFO] (lodekeeper) [Lodekeeper] NAV calcTool=minecraft:diamond_pickaxe slot=1
[16:16:32] [Render thread/INFO] (lodekeeper) [Lodekeeper] ROUTE_SEARCH kind=unknown anchor=unknown feet_y16=0 candidates=0 target=none elapsed_ms=275313
[16:16:32] [Render thread/INFO] (lodekeeper) [Lodekeeper] NAV backend=baritone mode=DESCEND event=CALC_FINISHED_NOW_EXECUTING elapsedMs=510
[16:16:32] [Render thread/INFO] (lodekeeper) [Lodekeeper] BREAK target=Mutable{x=-18, y=-11, z=42} block=Block{minecraft:deepslate} tool=minecraft:diamond_pickaxe slot=1 remaining=1561 required=route
[16:16:32] [Render thread/INFO] (lodekeeper) [Lodekeeper] ROUTE_TRAVEL path_index=0 path_length=34 target=none elapsed_ms=275723
[16:16:33] [Render thread/INFO] (lodekeeper) [Lodekeeper] PROGRESS elapsed_ms=276475 phase=traveling backend=baritone target=none navigation_elapsed_ms=1191 navigation_ticks=24 searching=false path_index=0 path_length=34 retries=0 pending_route_events=0 dropped_route_events=0 status=seeking_mining_depth_-55_for_minecraft:diamond___0/32
[16:16:33] [Render thread/INFO] (lodekeeper) [Lodekeeper] BREAK target=Mutable{x=-18, y=-12, z=42} block=Block{minecraft:deepslate} tool=minecraft:diamond_pickaxe slot=1 remaining=1560 required=route
[16:16:34] [Render thread/INFO] (lodekeeper) [Lodekeeper] BREAK target=Mutable{x=-18, y=-13, z=42} block=Block{minecraft:deepslate} tool=minecraft:diamond_pickaxe slot=1 remaining=1559 required=route
[16:16:35] [Render thread/INFO] (lodekeeper) [Lodekeeper] PROGRESS elapsed_ms=278515 phase=traveling backend=baritone target=none navigation_elapsed_ms=3404 navigation_ticks=68 searching=false path_index=0 path_length=31 retries=0 pending_route_events=0 dropped_route_events=0 status=seeking_mining_depth_-55_for_minecraft:diamond___0/32
[16:16:35] [Render thread/INFO] (lodekeeper) [Lodekeeper] BREAK target=Mutable{x=-18, y=-14, z=42} block=Block{minecraft:deepslate} tool=minecraft:diamond_pickaxe slot=1 remaining=1558 required=route
[16:16:36] [Render thread/INFO] (lodekeeper) [Lodekeeper] BREAK target=Mutable{x=-18, y=-15, z=42} block=Block{minecraft:deepslate} tool=minecraft:diamond_pickaxe slot=1 remaining=1557 required=route
[16:16:37] [Render thread/INFO] (lodekeeper) [Lodekeeper] BREAK target=Mutable{x=-17, y=-14, z=42} block=Block{minecraft:deepslate} tool=minecraft:diamond_pickaxe slot=1 remaining=1556 required=route
[16:16:37] [Render thread/INFO] (lodekeeper) [Lodekeeper] PROGRESS elapsed_ms=280521 phase=traveling backend=baritone target=none navigation_elapsed_ms=5410 navigation_ticks=108 searching=false path_index=0 path_length=29 retries=0 pending_route_events=0 dropped_route_events=0 status=seeking_mining_depth_-55_for_minecraft:diamond___0/32
[16:16:38] [Render thread/INFO] (lodekeeper) [Lodekeeper] BREAK target=Mutable{x=-17, y=-15, z=42} block=Block{minecraft:deepslate} tool=minecraft:diamond_pickaxe slot=1 remaining=1555 required=route
[16:16:39] [Render thread/INFO] (lodekeeper) [Lodekeeper] PROGRESS elapsed_ms=282523 phase=traveling backend=baritone target=none navigation_elapsed_ms=7411 navigation_ticks=148 searching=false path_index=0 path_length=29 retries=0 pending_route_events=0 dropped_route_events=0 status=seeking_mining_depth_-55_for_minecraft:diamond___0/32
[16:16:40] [Render thread/INFO] (lodekeeper) [Lodekeeper] BREAK target=Mutable{x=-14, y=-17, z=40} block=Block{minecraft:tuff} tool=minecraft:diamond_pickaxe slot=1 remaining=1554 required=route
[16:16:40] [Render thread/INFO] (lodekeeper) [Lodekeeper] BREAK target=Mutable{x=-14, y=-18, z=40} block=Block{minecraft:tuff} tool=minecraft:diamond_pickaxe slot=1 remaining=1553 required=route
[16:16:41] [Render thread/INFO] (lodekeeper) [Lodekeeper] BREAK target=Mutable{x=-13, y=-17, z=40} block=Block{minecraft:tuff} tool=minecraft:diamond_pickaxe slot=1 remaining=1552 required=route
[16:16:41] [Render thread/INFO] (lodekeeper) [Lodekeeper] PROGRESS elapsed_ms=284552 phase=traveling backend=baritone target=none navigation_elapsed_ms=9408 navigation_ticks=188 searching=false path_index=0 path_length=25 retries=0 pending_route_events=0 dropped_route_events=0 status=seeking_mining_depth_-55_for_minecraft:diamond___0/32
[16:16:41] [Render thread/INFO] (lodekeeper) [Lodekeeper] BREAK target=Mutable{x=-13, y=-18, z=40} block=Block{minecraft:tuff} tool=minecraft:diamond_pickaxe slot=1 remaining=1551 required=route
[16:16:42] [Render thread/INFO] (lodekeeper) [Lodekeeper] BREAK target=Mutable{x=-12, y=-17, z=40} block=Block{minecraft:tuff} tool=minecraft:diamond_pickaxe slot=1 remaining=1550 required=route
[16:16:43] [Render thread/INFO] (lodekeeper) [Lodekeeper] PROGRESS elapsed_ms=286559 phase=traveling backend=baritone target=none navigation_elapsed_ms=11412 navigation_ticks=228 searching=false path_index=0 path_length=24 retries=0 pending_route_events=0 dropped_route_events=0 status=seeking_mining_depth_-55_for_minecraft:diamond___0/32
[16:16:44] [Render thread/INFO] (lodekeeper) [Lodekeeper] BREAK target=Mutable{x=-11, y=-21, z=37} block=Block{minecraft:tuff} tool=minecraft:diamond_pickaxe slot=1 remaining=1549 required=route
[16:16:44] [Render thread/INFO] (lodekeeper) [Lodekeeper] BREAK target=Mutable{x=-11, y=-22, z=37} block=Block{minecraft:tuff} tool=minecraft:diamond_pickaxe slot=1 remaining=1548 required=route
[16:16:45] [Render thread/INFO] (lodekeeper) [Lodekeeper] PROGRESS elapsed_ms=288560 phase=traveling backend=baritone target=none navigation_elapsed_ms=13414 navigation_ticks=268 searching=false path_index=0 path_length=17 retries=0 pending_route_events=0 dropped_route_events=0 status=seeking_mining_depth_-55_for_minecraft:diamond___0/32
[16:16:45] [Render thread/INFO] (lodekeeper) [Lodekeeper] BREAK target=Mutable{x=-11, y=-23, z=37} block=Block{minecraft:tuff} tool=minecraft:diamond_pickaxe slot=1 remaining=1547 required=route
[16:16:46] [Render thread/INFO] (lodekeeper) [Lodekeeper] BREAK target=Mutable{x=-11, y=-24, z=37} block=Block{minecraft:tuff} tool=minecraft:diamond_pickaxe slot=1 remaining=1546 required=route
[16:16:46] [Render thread/INFO] (lodekeeper) [Lodekeeper] BREAK target=Mutable{x=-11, y=-25, z=37} block=Block{minecraft:deepslate} tool=minecraft:diamond_pickaxe slot=1 remaining=1545 required=route
[16:16:47] [Render thread/INFO] (lodekeeper) [Lodekeeper] PROGRESS elapsed_ms=290562 phase=traveling backend=baritone target=none navigation_elapsed_ms=15417 navigation_ticks=308 searching=false path_index=0 path_length=14 retries=0 pending_route_events=0 dropped_route_events=0 status=seeking_mining_depth_-55_for_minecraft:diamond___0/32
[16:16:47] [Render thread/INFO] (lodekeeper) [Lodekeeper] BREAK target=Mutable{x=-11, y=-26, z=37} block=Block{minecraft:deepslate} tool=minecraft:diamond_pickaxe slot=1 remaining=1544 required=route
[16:16:48] [Render thread/INFO] (lodekeeper) [Lodekeeper] BREAK target=Mutable{x=-11, y=-27, z=37} block=Block{minecraft:deepslate} tool=minecraft:diamond_pickaxe slot=1 remaining=1543 required=route
[16:16:49] [Render thread/INFO] (lodekeeper) [Lodekeeper] NAV backend=baritone mode=DESCEND event=NEXT_SEGMENT_CALC_STARTED elapsedMs=17149
[16:16:49] [Render thread/INFO] (lodekeeper) [Lodekeeper] NAV backend=baritone mode=DESCEND event=NEXT_SEGMENT_CALC_FINISHED elapsedMs=17217
[16:16:49] [Render thread/INFO] (lodekeeper) [Lodekeeper] BREAK target=Mutable{x=-11, y=-28, z=37} block=Block{minecraft:deepslate} tool=minecraft:diamond_pickaxe slot=1 remaining=1542 required=route
[16:16:49] [Render thread/INFO] (lodekeeper) [Lodekeeper] PROGRESS elapsed_ms=292565 phase=traveling backend=baritone target=none navigation_elapsed_ms=17385 navigation_ticks=348 searching=false path_index=0 path_length=29 retries=0 pending_route_events=0 dropped_route_events=0 status=seeking_mining_depth_-55_for_minecraft:diamond___0/32
[16:16:50] [Render thread/INFO] (lodekeeper) [Lodekeeper] BREAK target=Mutable{x=-11, y=-29, z=37} block=Block{minecraft:deepslate} tool=minecraft:diamond_pickaxe slot=1 remaining=1541 required=route
[16:16:51] [Render thread/INFO] (lodekeeper) [Lodekeeper] BREAK target=Mutable{x=-11, y=-30, z=37} block=Block{minecraft:deepslate} tool=minecraft:diamond_pickaxe slot=1 remaining=1540 required=route
[16:16:51] [Render thread/INFO] (lodekeeper) [Lodekeeper] PROGRESS elapsed_ms=294577 phase=traveling backend=baritone target=none navigation_elapsed_ms=19399 navigation_ticks=388 searching=false path_index=0 path_length=27 retries=0 pending_route_events=0 dropped_route_events=0 status=seeking_mining_depth_-55_for_minecraft:diamond___0/32
[16:16:52] [Render thread/INFO] (lodekeeper) [Lodekeeper] BREAK target=Mutable{x=-11, y=-31, z=37} block=Block{minecraft:deepslate} tool=minecraft:diamond_pickaxe slot=1 remaining=1539 required=route
[16:16:52] [Render thread/INFO] (lodekeeper) [Lodekeeper] BREAK target=Mutable{x=-11, y=-32, z=37} block=Block{minecraft:tuff} tool=minecraft:diamond_pickaxe slot=1 remaining=1538 required=route
[16:16:53] [Render thread/INFO] (lodekeeper) [Lodekeeper] PROGRESS elapsed_ms=296627 phase=traveling backend=baritone target=none navigation_elapsed_ms=21414 navigation_ticks=428 searching=false path_index=0 path_length=24 retries=0 pending_route_events=0 dropped_route_events=0 status=seeking_mining_depth_-55_for_minecraft:diamond___0/32
[16:16:53] [Render thread/INFO] (lodekeeper) [Lodekeeper] BREAK target=Mutable{x=-11, y=-33, z=37} block=Block{minecraft:tuff} tool=minecraft:diamond_pickaxe slot=1 remaining=1537 required=route
[16:16:54] [Render thread/INFO] (lodekeeper) [Lodekeeper] BREAK target=Mutable{x=-11, y=-34, z=37} block=Block{minecraft:tuff} tool=minecraft:diamond_pickaxe slot=1 remaining=1536 required=route
[16:16:54] [Render thread/INFO] (lodekeeper) [Lodekeeper] BREAK target=Mutable{x=-11, y=-35, z=37} block=Block{minecraft:tuff} tool=minecraft:diamond_pickaxe slot=1 remaining=1535 required=route
[16:16:55] [Render thread/INFO] (lodekeeper) [Lodekeeper] BREAK target=Mutable{x=-11, y=-36, z=37} block=Block{minecraft:tuff} tool=minecraft:diamond_pickaxe slot=1 remaining=1534 required=route
[16:16:55] [Render thread/INFO] (lodekeeper) [Lodekeeper] PROGRESS elapsed_ms=298660 phase=traveling backend=baritone target=none navigation_elapsed_ms=23414 navigation_ticks=468 searching=false path_index=0 path_length=21 retries=0 pending_route_events=0 dropped_route_events=0 status=seeking_mining_depth_-55_for_minecraft:diamond___0/32
[16:16:55] [Render thread/INFO] (lodekeeper) [Lodekeeper] BREAK target=Mutable{x=-11, y=-37, z=37} block=Block{minecraft:tuff} tool=minecraft:diamond_pickaxe slot=1 remaining=1533 required=route
[16:16:56] [Render thread/INFO] (lodekeeper) [Lodekeeper] BREAK target=Mutable{x=-11, y=-38, z=37} block=Block{minecraft:tuff} tool=minecraft:diamond_pickaxe slot=1 remaining=1532 required=route
[16:16:57] [Render thread/INFO] (lodekeeper) [Lodekeeper] BREAK target=Mutable{x=-11, y=-39, z=37} block=Block{minecraft:tuff} tool=minecraft:diamond_pickaxe slot=1 remaining=1531 required=route
[16:16:57] [Render thread/INFO] (lodekeeper) [Lodekeeper] PROGRESS elapsed_ms=300668 phase=traveling backend=baritone target=none navigation_elapsed_ms=25389 navigation_ticks=508 searching=false path_index=0 path_length=18 retries=0 pending_route_events=0 dropped_route_events=0 status=seeking_mining_depth_-55_for_minecraft:diamond___0/32
[16:16:57] [Render thread/INFO] (lodekeeper) [Lodekeeper] BREAK target=Mutable{x=-11, y=-40, z=37} block=Block{minecraft:deepslate} tool=minecraft:diamond_pickaxe slot=1 remaining=1530 required=route
[16:16:58] [Render thread/INFO] (lodekeeper) [Lodekeeper] BREAK target=Mutable{x=-11, y=-41, z=37} block=Block{minecraft:deepslate} tool=minecraft:diamond_pickaxe slot=1 remaining=1529 required=route
[16:16:59] [Render thread/INFO] (lodekeeper) [Lodekeeper] PROGRESS elapsed_ms=302673 phase=traveling backend=baritone target=none navigation_elapsed_ms=27390 navigation_ticks=548 searching=false path_index=0 path_length=15 retries=0 pending_route_events=0 dropped_route_events=0 status=seeking_mining_depth_-55_for_minecraft:diamond___0/32
[16:16:59] [Render thread/INFO] (lodekeeper) [Lodekeeper] BREAK target=Mutable{x=-11, y=-42, z=37} block=Block{minecraft:deepslate} tool=minecraft:diamond_pickaxe slot=1 remaining=1528 required=route
[16:17:00] [Render thread/INFO] (lodekeeper) [Lodekeeper] BREAK target=Mutable{x=-11, y=-43, z=37} block=Block{minecraft:deepslate} tool=minecraft:diamond_pickaxe slot=1 remaining=1527 required=route
[16:17:01] [Render thread/INFO] (lodekeeper) [Lodekeeper] BREAK target=Mutable{x=-11, y=-44, z=37} block=Block{minecraft:deepslate} tool=minecraft:diamond_pickaxe slot=1 remaining=1526 required=route
[16:17:01] [Render thread/INFO] (lodekeeper) [Lodekeeper] PROGRESS elapsed_ms=304698 phase=traveling backend=baritone target=none navigation_elapsed_ms=29587 navigation_ticks=592 searching=false path_index=0 path_length=13 retries=0 pending_route_events=0 dropped_route_events=0 status=seeking_mining_depth_-55_for_minecraft:diamond___0/32
[16:17:02] [Render thread/INFO] (lodekeeper) [Lodekeeper] BREAK target=Mutable{x=-11, y=-45, z=37} block=Block{minecraft:deepslate} tool=minecraft:diamond_pickaxe slot=1 remaining=1525 required=route
[16:17:03] [Render thread/INFO] (lodekeeper) [Lodekeeper] BREAK target=Mutable{x=-11, y=-46, z=37} block=Block{minecraft:deepslate} tool=minecraft:diamond_pickaxe slot=1 remaining=1524 required=route
[16:17:03] [Render thread/INFO] (lodekeeper) [Lodekeeper] PROGRESS elapsed_ms=306708 phase=traveling backend=baritone target=none navigation_elapsed_ms=31597 navigation_ticks=632 searching=false path_index=0 path_length=11 retries=0 pending_route_events=0 dropped_route_events=0 status=seeking_mining_depth_-55_for_minecraft:diamond___0/32
[16:17:04] [Render thread/INFO] (lodekeeper) [Lodekeeper] BREAK target=Mutable{x=-11, y=-47, z=37} block=Block{minecraft:deepslate} tool=minecraft:diamond_pickaxe slot=1 remaining=1523 required=route
[16:17:04] [Render thread/INFO] (lodekeeper) [Lodekeeper] BREAK target=Mutable{x=-11, y=-48, z=37} block=Block{minecraft:deepslate} tool=minecraft:diamond_pickaxe slot=1 remaining=1522 required=route
[16:17:05] [Render thread/INFO] (lodekeeper) [Lodekeeper] PROGRESS elapsed_ms=308713 phase=traveling backend=baritone target=none navigation_elapsed_ms=33601 navigation_ticks=672 searching=false path_index=0 path_length=9 retries=0 pending_route_events=0 dropped_route_events=0 status=seeking_mining_depth_-55_for_minecraft:diamond___0/32
[16:17:05] [Render thread/INFO] (lodekeeper) [Lodekeeper] BREAK target=Mutable{x=-11, y=-49, z=37} block=Block{minecraft:deepslate} tool=minecraft:diamond_pickaxe slot=1 remaining=1521 required=route
[16:17:06] [Render thread/INFO] (lodekeeper) [Lodekeeper] BREAK target=Mutable{x=-11, y=-50, z=37} block=Block{minecraft:deepslate} tool=minecraft:diamond_pickaxe slot=1 remaining=1520 required=route
[16:17:07] [Render thread/INFO] (lodekeeper) [Lodekeeper] PROGRESS elapsed_ms=310714 phase=traveling backend=baritone target=none navigation_elapsed_ms=35602 navigation_ticks=712 searching=false path_index=0 path_length=6 retries=0 pending_route_events=0 dropped_route_events=0 status=seeking_mining_depth_-55_for_minecraft:diamond___0/32
[16:17:07] [Render thread/INFO] (lodekeeper) [Lodekeeper] BREAK target=Mutable{x=-11, y=-51, z=37} block=Block{minecraft:deepslate} tool=minecraft:diamond_pickaxe slot=1 remaining=1519 required=route
[16:17:08] [Render thread/INFO] (lodekeeper) [Lodekeeper] BREAK target=Mutable{x=-11, y=-52, z=37} block=Block{minecraft:deepslate} tool=minecraft:diamond_pickaxe slot=1 remaining=1518 required=route
[16:17:09] [Render thread/INFO] (lodekeeper) [Lodekeeper] BREAK target=Mutable{x=-11, y=-53, z=37} block=Block{minecraft:deepslate} tool=minecraft:diamond_pickaxe slot=1 remaining=1517 required=route
[16:17:09] [Render thread/INFO] (lodekeeper) [Lodekeeper] PROGRESS elapsed_ms=312718 phase=traveling backend=baritone target=none navigation_elapsed_ms=37606 navigation_ticks=752 searching=false path_index=0 path_length=4 retries=0 pending_route_events=0 dropped_route_events=0 status=seeking_mining_depth_-55_for_minecraft:diamond___0/32
[16:17:10] [Render thread/INFO] (lodekeeper) [Lodekeeper] BREAK target=Mutable{x=-11, y=-54, z=37} block=Block{minecraft:deepslate} tool=minecraft:diamond_pickaxe slot=1 remaining=1516 required=route
[16:17:11] [Render thread/INFO] (lodekeeper) [Lodekeeper] BREAK target=Mutable{x=-11, y=-55, z=37} block=Block{minecraft:deepslate} tool=minecraft:diamond_pickaxe slot=1 remaining=1515 required=route
[16:17:11] [Render thread/INFO] (lodekeeper) [Lodekeeper] PROGRESS elapsed_ms=314723 phase=traveling backend=baritone target=none navigation_elapsed_ms=39611 navigation_ticks=792 searching=false path_index=0 path_length=2 retries=0 pending_route_events=0 dropped_route_events=0 status=seeking_mining_depth_-55_for_minecraft:diamond___0/32
[16:17:11] [Render thread/INFO] (lodekeeper) [Lodekeeper] NAV phase=DESCEND -> MINE targetY=-55 requestTicks=798
[16:17:11] [Render thread/INFO] (lodekeeper) [Lodekeeper] NAV backend=baritone mode=SUSPENDED event=CANCELED elapsedMs=39916
[16:17:11] [Render thread/INFO] (lodekeeper) [Lodekeeper] NAV backend=baritone mode=SUSPENDED event=CANCELED elapsedMs=39916
[16:17:11] [Render thread/INFO] (lodekeeper) [Lodekeeper] NAV backend=baritone mode=SUSPENDED event=CANCELED elapsedMs=39950
[16:17:11] [Render thread/INFO] (lodekeeper) [Lodekeeper] NAV backend=baritone mode=SUSPENDED event=CANCELED elapsedMs=40020
[16:17:12] [Render thread/INFO] (lodekeeper) [Lodekeeper] NAV backend=baritone mode=SUSPENDED event=CANCELED elapsedMs=40054
[16:17:12] [Render thread/INFO] (lodekeeper) [Lodekeeper] NAV scan=native-mine durationNanos=2364429 hits=-1 requestTicks=799
[16:17:12] [Render thread/INFO] (lodekeeper) [Lodekeeper] NAV discovered=21 retained=64 rejected=0 requestTicks=799 phase=MINE
[16:17:12] [Render thread/INFO] (lodekeeper) [Lodekeeper] NAV backend=baritone mode=MINE event=CALC_STARTED elapsedMs=40092
[16:17:12] [Render thread/INFO] (lodekeeper) [Lodekeeper] NAV calcTool=minecraft:diamond_pickaxe slot=1
[16:17:12] [Render thread/INFO] (lodekeeper) [Lodekeeper] TARGET target=-11,-51,36 block=minecraft:deepslate_diamond_ore
[16:17:12] [Render thread/INFO] (lodekeeper) [Lodekeeper] NAV backend=baritone mode=MINE event=CALC_FINISHED_NOW_EXECUTING elapsedMs=40157
[16:17:12] [Render thread/INFO] (lodekeeper) [Lodekeeper] BREAK target=Mutable{x=-11, y=-52, z=36} block=Block{minecraft:deepslate} tool=minecraft:diamond_pickaxe slot=1 remaining=1514 required=route
[16:17:13] [Render thread/INFO] (lodekeeper) [Lodekeeper] PROGRESS elapsed_ms=316726 phase=traveling backend=baritone target=-11,-51,36 block=minecraft:deepslate_diamond_ore navigation_elapsed_ms=41548 navigation_ticks=828 searching=false path_index=0 path_length=2 retries=0 pending_route_events=0 dropped_route_events=0 status=mining_and_collecting_minecraft:diamond___0/32
[16:17:13] [Render thread/INFO] (lodekeeper) [Lodekeeper] BREAK target=Mutable{x=-11, y=-51, z=36} block=Block{minecraft:deepslate_diamond_ore} tool=minecraft:diamond_pickaxe slot=1 remaining=1513 required=minecraft:diamond_pickaxe
[16:17:14] [Render thread/INFO] (lodekeeper) [Lodekeeper] TARGET target=none
[16:17:14] [Render thread/INFO] (lodekeeper) [Lodekeeper] NAV discovered=1 retained=64 rejected=0 requestTicks=853 phase=MINE
[16:17:14] [Render thread/INFO] (lodekeeper) [Lodekeeper] NAV backend=baritone mode=MINE event=CALC_STARTED elapsedMs=42800
[16:17:14] [Render thread/INFO] (lodekeeper) [Lodekeeper] NAV calcTool=minecraft:diamond_pickaxe slot=1
[16:17:14] [Render thread/INFO] (lodekeeper) [Lodekeeper] NAV backend=baritone mode=MINE event=CALC_FINISHED_NOW_EXECUTING elapsedMs=42801
[16:17:14] [Render thread/INFO] (lodekeeper) [Lodekeeper] TARGET target=-10,-51,36 block=minecraft:deepslate_diamond_ore
[16:17:15] [Render thread/INFO] (lodekeeper) [Lodekeeper] BREAK target=Mutable{x=-10, y=-51, z=36} block=Block{minecraft:deepslate_diamond_ore} tool=minecraft:diamond_pickaxe slot=1 remaining=1512 required=minecraft:diamond_pickaxe
[16:17:15] [Render thread/INFO] (lodekeeper) [Lodekeeper] PROGRESS elapsed_ms=318769 phase=traveling backend=baritone target=-10,-51,36 block=minecraft:deepslate_diamond_ore navigation_elapsed_ms=43554 navigation_ticks=868 searching=false path_index=0 path_length=2 retries=0 pending_route_events=0 dropped_route_events=0 status=mining_and_collecting_minecraft:diamond___1/32
[16:17:16] [Render thread/INFO] (lodekeeper) [Lodekeeper] NAV discovered=1 retained=64 rejected=0 requestTicks=880 phase=MINE
[16:17:16] [Render thread/INFO] (lodekeeper) [Lodekeeper] TARGET target=-11,-50,35 block=minecraft:deepslate_diamond_ore
[16:17:16] [Render thread/INFO] (lodekeeper) [Lodekeeper] NAV backend=baritone mode=MINE event=CALC_STARTED elapsedMs=44136
[16:17:16] [Render thread/INFO] (lodekeeper) [Lodekeeper] NAV calcTool=minecraft:diamond_pickaxe slot=1
[16:17:16] [Render thread/INFO] (lodekeeper) [Lodekeeper] NAV backend=baritone mode=MINE event=CALC_FINISHED_NOW_EXECUTING elapsedMs=44136
[16:17:16] [Render thread/INFO] (lodekeeper) [Lodekeeper] BREAK target=Mutable{x=-11, y=-51, z=35} block=Block{minecraft:deepslate} tool=minecraft:diamond_pickaxe slot=1 remaining=1511 required=route
[16:17:17] [Render thread/INFO] (lodekeeper) [Lodekeeper] BREAK target=Mutable{x=-11, y=-50, z=36} block=Block{minecraft:deepslate} tool=minecraft:diamond_pickaxe slot=1 remaining=1510 required=route
[16:17:17] [Render thread/INFO] (lodekeeper) [Lodekeeper] PROGRESS elapsed_ms=320820 phase=traveling backend=baritone target=-11,-50,35 block=minecraft:deepslate_diamond_ore navigation_elapsed_ms=45537 navigation_ticks=908 searching=false path_index=0 path_length=2 retries=0 pending_route_events=0 dropped_route_events=0 status=mining_and_collecting_minecraft:diamond___2/32
[16:17:18] [Render thread/INFO] (lodekeeper) [Lodekeeper] BREAK target=Mutable{x=-11, y=-50, z=35} block=Block{minecraft:deepslate_diamond_ore} tool=minecraft:diamond_pickaxe slot=1 remaining=1509 required=minecraft:diamond_pickaxe
[16:17:19] [Render thread/INFO] (lodekeeper) [Lodekeeper] NAV discovered=1 retained=64 rejected=0 requestTicks=939 phase=MINE
[16:17:19] [Render thread/INFO] (lodekeeper) [Lodekeeper] NAV backend=baritone mode=MINE event=CALC_STARTED elapsedMs=47106
[16:17:19] [Render thread/INFO] (lodekeeper) [Lodekeeper] NAV calcTool=minecraft:diamond_pickaxe slot=1
[16:17:19] [Render thread/INFO] (lodekeeper) [Lodekeeper] NAV backend=baritone mode=MINE event=CALC_FINISHED_NOW_EXECUTING elapsedMs=47106
[16:17:19] [Render thread/INFO] (lodekeeper) [Lodekeeper] TARGET target=-10,-50,35 block=minecraft:deepslate_diamond_ore
[16:17:19] [Render thread/INFO] (lodekeeper) [Lodekeeper] BREAK target=Mutable{x=-10, y=-50, z=35} block=Block{minecraft:deepslate_diamond_ore} tool=minecraft:diamond_pickaxe slot=1 remaining=1508 required=minecraft:diamond_pickaxe
[16:17:19] [Render thread/INFO] (lodekeeper) [Lodekeeper] PROGRESS elapsed_ms=322828 phase=traveling backend=baritone target=-10,-50,35 block=minecraft:deepslate_diamond_ore navigation_elapsed_ms=47546 navigation_ticks=948 searching=false path_index=0 path_length=2 retries=0 pending_route_events=0 dropped_route_events=0 status=mining_and_collecting_minecraft:diamond___3/32
[16:17:20] [Render thread/INFO] (lodekeeper) [Lodekeeper] TARGET target=none
[16:17:20] [Render thread/INFO] (lodekeeper) [Lodekeeper] BREAK target=Mutable{x=-10, y=-51, z=35} block=Block{minecraft:deepslate} tool=minecraft:diamond_pickaxe slot=1 remaining=1507 required=route
[16:17:20] [Render thread/INFO] (lodekeeper) [Lodekeeper] NAV discovered=1 retained=64 rejected=0 requestTicks=974 phase=MINE
[16:17:20] [Render thread/INFO] (lodekeeper) [Lodekeeper] NAV backend=baritone mode=MINE event=CALC_STARTED elapsedMs=48856
[16:17:20] [Render thread/INFO] (lodekeeper) [Lodekeeper] NAV calcTool=minecraft:diamond_pickaxe slot=1
[16:17:20] [Render thread/INFO] (lodekeeper) [Lodekeeper] NAV backend=baritone mode=MINE event=CALC_FINISHED_NOW_EXECUTING elapsedMs=48876
[16:17:20] [Render thread/INFO] (lodekeeper) [Lodekeeper] TARGET target=-8,-41,39 block=minecraft:deepslate_diamond_ore
[16:17:21] [Render thread/INFO] (lodekeeper) [Lodekeeper] PROGRESS elapsed_ms=324849 phase=traveling backend=baritone target=-8,-41,39 block=minecraft:deepslate_diamond_ore navigation_elapsed_ms=49738 navigation_ticks=992 searching=false path_index=0 path_length=11 retries=0 pending_route_events=0 dropped_route_events=0 status=mining_and_collecting_minecraft:diamond___4/32
[16:17:23] [Render thread/INFO] (lodekeeper) [Lodekeeper] BREAK target=Mutable{x=-10, y=-45, z=37} block=Block{minecraft:deepslate} tool=minecraft:diamond_pickaxe slot=1 remaining=1507 required=route
[16:17:23] [Render thread/INFO] (lodekeeper) [Lodekeeper] PROGRESS elapsed_ms=326876 phase=traveling backend=baritone target=-8,-41,39 block=minecraft:deepslate_diamond_ore navigation_elapsed_ms=51765 navigation_ticks=1032 searching=false path_index=0 path_length=6 retries=0 pending_route_events=0 dropped_route_events=0 status=mining_and_collecting_minecraft:diamond___4/32
[16:17:24] [Render thread/INFO] (lodekeeper) [Lodekeeper] BREAK target=Mutable{x=-10, y=-44, z=37} block=Block{minecraft:deepslate} tool=minecraft:diamond_pickaxe slot=1 remaining=1506 required=route
[16:17:25] [Render thread/INFO] (lodekeeper) [Lodekeeper] BREAK target=Mutable{x=-9, y=-44, z=37} block=Block{minecraft:deepslate} tool=minecraft:diamond_pickaxe slot=1 remaining=1505 required=route
[16:17:25] [Render thread/INFO] (lodekeeper) [Lodekeeper] PROGRESS elapsed_ms=328920 phase=traveling backend=baritone target=-8,-41,39 block=minecraft:deepslate_diamond_ore navigation_elapsed_ms=53741 navigation_ticks=1072 searching=false path_index=0 path_length=5 retries=0 pending_route_events=0 dropped_route_events=0 status=mining_and_collecting_minecraft:diamond___4/32
[16:17:26] [Render thread/INFO] (lodekeeper) [Lodekeeper] BREAK target=Mutable{x=-10, y=-43, z=37} block=Block{minecraft:deepslate} tool=minecraft:diamond_pickaxe slot=1 remaining=1504 required=route
[16:17:27] [Render thread/INFO] (lodekeeper) [Lodekeeper] BREAK target=Mutable{x=-9, y=-43, z=37} block=Block{minecraft:deepslate} tool=minecraft:diamond_pickaxe slot=1 remaining=1503 required=route
[16:17:27] [Render thread/INFO] (lodekeeper) [Lodekeeper] PROGRESS elapsed_ms=330923 phase=traveling backend=baritone target=-8,-41,39 block=minecraft:deepslate_diamond_ore navigation_elapsed_ms=55756 navigation_ticks=1112 searching=false path_index=0 path_length=5 retries=0 pending_route_events=0 dropped_route_events=0 status=mining_and_collecting_minecraft:diamond___4/32
[16:17:28] [Render thread/INFO] (lodekeeper) [Lodekeeper] BREAK target=Mutable{x=-9, y=-43, z=38} block=Block{minecraft:deepslate} tool=minecraft:diamond_pickaxe slot=1 remaining=1502 required=route
[16:17:29] [Render thread/INFO] (lodekeeper) [Lodekeeper] BREAK target=Mutable{x=-9, y=-42, z=37} block=Block{minecraft:deepslate} tool=minecraft:diamond_pickaxe slot=1 remaining=1501 required=route
[16:17:29] [Render thread/INFO] (lodekeeper) [Lodekeeper] PROGRESS elapsed_ms=332928 phase=traveling backend=baritone target=-8,-41,39 block=minecraft:deepslate_diamond_ore navigation_elapsed_ms=57750 navigation_ticks=1152 searching=false path_index=0 path_length=4 retries=0 pending_route_events=0 dropped_route_events=0 status=mining_and_collecting_minecraft:diamond___4/32
[16:17:30] [Render thread/INFO] (lodekeeper) [Lodekeeper] BREAK target=Mutable{x=-9, y=-42, z=38} block=Block{minecraft:deepslate} tool=minecraft:diamond_pickaxe slot=1 remaining=1500 required=route
[16:17:31] [Render thread/INFO] (lodekeeper) [Lodekeeper] BREAK target=Mutable{x=-8, y=-42, z=38} block=Block{minecraft:deepslate} tool=minecraft:diamond_pickaxe slot=1 remaining=1499 required=route
[16:17:31] [Render thread/INFO] (lodekeeper) [Lodekeeper] PROGRESS elapsed_ms=334962 phase=traveling backend=baritone target=-8,-41,39 block=minecraft:deepslate_diamond_ore navigation_elapsed_ms=59747 navigation_ticks=1192 searching=false path_index=0 path_length=3 retries=0 pending_route_events=0 dropped_route_events=0 status=mining_and_collecting_minecraft:diamond___4/32
[16:17:32] [Render thread/INFO] (lodekeeper) [Lodekeeper] BREAK target=Mutable{x=-9, y=-41, z=38} block=Block{minecraft:deepslate} tool=minecraft:diamond_pickaxe slot=1 remaining=1498 required=route
[16:17:32] [Render thread/INFO] (lodekeeper) [Lodekeeper] BREAK target=Mutable{x=-8, y=-41, z=38} block=Block{minecraft:deepslate} tool=minecraft:diamond_pickaxe slot=1 remaining=1497 required=route
[16:17:33] [Render thread/INFO] (lodekeeper) [Lodekeeper] PROGRESS elapsed_ms=337019 phase=traveling backend=baritone target=-8,-41,39 block=minecraft:deepslate_diamond_ore navigation_elapsed_ms=61738 navigation_ticks=1232 searching=false path_index=0 path_length=3 retries=0 pending_route_events=0 dropped_route_events=0 status=mining_and_collecting_minecraft:diamond___4/32
[16:17:33] [Render thread/INFO] (lodekeeper) [Lodekeeper] BREAK target=Mutable{x=-8, y=-41, z=39} block=Block{minecraft:deepslate_diamond_ore} tool=minecraft:diamond_pickaxe slot=1 remaining=1496 required=minecraft:diamond_pickaxe
[16:17:34] [Render thread/INFO] (lodekeeper) [Lodekeeper] NAV discovered=1 retained=64 rejected=0 requestTicks=1256 phase=MINE
[16:17:34] [Render thread/INFO] (lodekeeper) [Lodekeeper] TARGET target=-8,-40,39 block=minecraft:deepslate_diamond_ore
[16:17:35] [Render thread/INFO] (lodekeeper) [Lodekeeper] BREAK target=Mutable{x=-8, y=-40, z=38} block=Block{minecraft:deepslate} tool=minecraft:diamond_pickaxe slot=1 remaining=1495 required=route
[16:17:35] [Render thread/INFO] (lodekeeper) [Lodekeeper] PROGRESS elapsed_ms=339076 phase=traveling backend=baritone target=-8,-40,39 block=minecraft:deepslate_diamond_ore navigation_elapsed_ms=63965 navigation_ticks=1276 searching=false path_index=0 path_length=2 retries=0 pending_route_events=0 dropped_route_events=0 status=mining_and_collecting_minecraft:diamond___5/32
[16:17:36] [Render thread/INFO] (lodekeeper) [Lodekeeper] BREAK target=Mutable{x=-8, y=-40, z=39} block=Block{minecraft:deepslate_diamond_ore} tool=minecraft:diamond_pickaxe slot=1 remaining=1494 required=minecraft:diamond_pickaxe
[16:17:36] [Render thread/INFO] (lodekeeper) [Lodekeeper] TARGET target=none
[16:17:36] [Render thread/INFO] (lodekeeper) [Lodekeeper] NAV discovered=1 retained=64 rejected=0 requestTicks=1297 phase=MINE
[16:17:36] [Render thread/INFO] (lodekeeper) [Lodekeeper] NAV backend=baritone mode=MINE event=CALC_STARTED elapsedMs=64989
[16:17:36] [Render thread/INFO] (lodekeeper) [Lodekeeper] NAV calcTool=minecraft:diamond_pickaxe slot=1
[16:17:36] [Render thread/INFO] (lodekeeper) [Lodekeeper] NAV backend=baritone mode=MINE event=CALC_FINISHED_NOW_EXECUTING elapsedMs=64989
[16:17:37] [Render thread/INFO] (lodekeeper) [Lodekeeper] TARGET target=-7,-41,39 block=minecraft:deepslate_diamond_ore
[16:17:37] [Render thread/INFO] (lodekeeper) [Lodekeeper] BREAK target=Mutable{x=-7, y=-40, z=39} block=Block{minecraft:deepslate_diamond_ore} tool=minecraft:diamond_pickaxe slot=1 remaining=1493 required=minecraft:diamond_pickaxe
[16:17:37] [Render thread/INFO] (lodekeeper) [Lodekeeper] PROGRESS elapsed_ms=341118 phase=traveling backend=baritone target=-7,-41,39 block=minecraft:deepslate_diamond_ore navigation_elapsed_ms=65938 navigation_ticks=1316 searching=false path_index=0 path_length=2 retries=0 pending_route_events=0 dropped_route_events=0 status=mining_and_collecting_minecraft:diamond___6/32
[16:17:38] [Render thread/INFO] (lodekeeper) [Lodekeeper] NAV discovered=1 retained=64 rejected=0 requestTicks=1322 phase=MINE
[16:17:38] [Render thread/INFO] (lodekeeper) [Lodekeeper] BREAK target=Mutable{x=-7, y=-41, z=39} block=Block{minecraft:deepslate_diamond_ore} tool=minecraft:diamond_pickaxe slot=1 remaining=1492 required=minecraft:diamond_pickaxe
[16:17:39] [Render thread/INFO] (lodekeeper) [Lodekeeper] TARGET target=none
[16:17:39] [Render thread/INFO] (lodekeeper) [Lodekeeper] NAV discovered=1 retained=64 rejected=0 requestTicks=1345 phase=MINE
[16:17:39] [Render thread/INFO] (lodekeeper) [Lodekeeper] NAV backend=baritone mode=MINE event=CALC_STARTED elapsedMs=67409
[16:17:39] [Render thread/INFO] (lodekeeper) [Lodekeeper] NAV calcTool=minecraft:diamond_pickaxe slot=1
[16:17:39] [Render thread/INFO] (lodekeeper) [Lodekeeper] NAV backend=baritone mode=MINE event=CALC_FINISHED_NOW_EXECUTING elapsedMs=67409
[16:17:39] [Render thread/INFO] (lodekeeper) [Lodekeeper] TARGET target=-8,-41,40 block=minecraft:deepslate_diamond_ore
[16:17:39] [Render thread/INFO] (lodekeeper) [Lodekeeper] BREAK target=Mutable{x=-8, y=-40, z=40} block=Block{minecraft:deepslate_diamond_ore} tool=minecraft:diamond_pickaxe slot=1 remaining=1491 required=minecraft:diamond_pickaxe
[16:17:40] [Render thread/INFO] (lodekeeper) [Lodekeeper] PROGRESS elapsed_ms=343167 phase=traveling backend=baritone target=-8,-41,40 block=minecraft:deepslate_diamond_ore navigation_elapsed_ms=67954 navigation_ticks=1356 searching=false path_index=0 path_length=2 retries=0 pending_route_events=0 dropped_route_events=0 status=mining_and_collecting_minecraft:diamond___8/32
[16:17:40] [Render thread/INFO] (lodekeeper) [Lodekeeper] NAV discovered=1 retained=64 rejected=0 requestTicks=1368 phase=MINE
[16:17:40] [Render thread/INFO] (lodekeeper) [Lodekeeper] BREAK target=Mutable{x=-8, y=-41, z=40} block=Block{minecraft:deepslate_diamond_ore} tool=minecraft:diamond_pickaxe slot=1 remaining=1490 required=minecraft:diamond_pickaxe
[16:17:41] [Render thread/INFO] (lodekeeper) [Lodekeeper] NAV discovered=1 retained=64 rejected=0 requestTicks=1391 phase=MINE
[16:17:41] [Render thread/INFO] (lodekeeper) [Lodekeeper] NAV backend=baritone mode=MINE event=CALC_STARTED elapsedMs=69689
[16:17:41] [Render thread/INFO] (lodekeeper) [Lodekeeper] NAV calcTool=minecraft:diamond_pickaxe slot=1
[16:17:41] [Render thread/INFO] (lodekeeper) [Lodekeeper] NAV backend=baritone mode=MINE event=CALC_FINISHED_NOW_EXECUTING elapsedMs=69689
[16:17:41] [Render thread/INFO] (lodekeeper) [Lodekeeper] TARGET target=-7,-41,40 block=minecraft:deepslate_diamond_ore
[16:17:41] [Render thread/INFO] (lodekeeper) [Lodekeeper] BREAK target=Mutable{x=-7, y=-40, z=40} block=Block{minecraft:deepslate_diamond_ore} tool=minecraft:diamond_pickaxe slot=1 remaining=1489 required=minecraft:diamond_pickaxe
[16:17:42] [Render thread/INFO] (lodekeeper) [Lodekeeper] PROGRESS elapsed_ms=345174 phase=traveling backend=baritone target=-7,-41,40 block=minecraft:deepslate_diamond_ore navigation_elapsed_ms=69960 navigation_ticks=1396 searching=false path_index=0 path_length=2 retries=0 pending_route_events=0 dropped_route_events=0 status=mining_and_collecting_minecraft:diamond___10/32
[16:17:42] [Render thread/INFO] (lodekeeper) [Lodekeeper] NAV discovered=1 retained=64 rejected=0 requestTicks=1415 phase=MINE
[16:17:43] [Render thread/INFO] (lodekeeper) [Lodekeeper] BREAK target=Mutable{x=-7, y=-41, z=40} block=Block{minecraft:deepslate_diamond_ore} tool=minecraft:diamond_pickaxe slot=1 remaining=1488 required=minecraft:diamond_pickaxe
[16:17:44] [Render thread/INFO] (lodekeeper) [Lodekeeper] PROGRESS elapsed_ms=347196 phase=traveling backend=baritone target=-7,-41,40 block=minecraft:deepslate_diamond_ore navigation_elapsed_ms=71950 navigation_ticks=1436 searching=false path_index=0 path_length=2 retries=0 pending_route_events=0 dropped_route_events=0 status=mining_and_collecting_minecraft:diamond___11/32
[16:17:44] [Render thread/INFO] (lodekeeper) [Lodekeeper] NAV backend=baritone mode=MINE event=AT_GOAL elapsedMs=72086
[16:17:44] [Render thread/INFO] (lodekeeper) [Lodekeeper] TARGET target=none
[16:17:44] [Render thread/INFO] (lodekeeper) [Lodekeeper] NAV backend=baritone mode=MINE event=CALC_STARTED elapsedMs=72460
[16:17:44] [Render thread/INFO] (lodekeeper) [Lodekeeper] NAV calcTool=minecraft:diamond_pickaxe slot=1
[16:17:44] [Render thread/INFO] (lodekeeper) [Lodekeeper] NAV discovered=1 retained=64 rejected=0 requestTicks=1447 phase=MINE
[16:17:44] [Render thread/INFO] (lodekeeper) [Lodekeeper] ROUTE_SEARCH kind=unknown anchor=unknown feet_y16=0 candidates=0 target=none elapsed_ms=347676
[16:17:44] [Render thread/INFO] (lodekeeper) [Lodekeeper] NAV backend=baritone mode=MINE event=CALC_FINISHED_NOW_EXECUTING elapsedMs=72599
[16:17:44] [Render thread/INFO] (lodekeeper) [Lodekeeper] BREAK target=Mutable{x=-9, y=-40, z=40} block=Block{minecraft:deepslate} tool=minecraft:diamond_pickaxe slot=1 remaining=1487 required=route
[16:17:44] [Render thread/INFO] (lodekeeper) [Lodekeeper] TARGET target=-22,-43,41 block=minecraft:deepslate_diamond_ore
[16:17:44] [Render thread/INFO] (lodekeeper) [Lodekeeper] ROUTE_TRAVEL path_index=0 path_length=16 target=-22,-43,41 block=minecraft:deepslate_diamond_ore elapsed_ms=347847
[16:17:45] [Render thread/INFO] (lodekeeper) [Lodekeeper] BREAK target=Mutable{x=-9, y=-41, z=40} block=Block{minecraft:deepslate} tool=minecraft:diamond_pickaxe slot=1 remaining=1486 required=route
[16:17:46] [Render thread/INFO] (lodekeeper) [Lodekeeper] PROGRESS elapsed_ms=349210 phase=traveling backend=baritone target=-22,-43,41 block=minecraft:deepslate_diamond_ore navigation_elapsed_ms=73962 navigation_ticks=1476 searching=false path_index=0 path_length=16 retries=0 pending_route_events=0 dropped_route_events=0 status=mining_and_collecting_minecraft:diamond___12/32
[16:17:46] [Render thread/INFO] (lodekeeper) [Lodekeeper] BREAK target=Mutable{x=-10, y=-40, z=40} block=Block{minecraft:deepslate} tool=minecraft:diamond_pickaxe slot=1 remaining=1485 required=route
[16:17:47] [Render thread/INFO] (lodekeeper) [Lodekeeper] BREAK target=Mutable{x=-10, y=-41, z=40} block=Block{minecraft:deepslate} tool=minecraft:diamond_pickaxe slot=1 remaining=1484 required=route
[16:17:48] [Render thread/INFO] (lodekeeper) [Lodekeeper] PROGRESS elapsed_ms=351224 phase=traveling backend=baritone target=-22,-43,41 block=minecraft:deepslate_diamond_ore navigation_elapsed_ms=75942 navigation_ticks=1516 searching=false path_index=0 path_length=15 retries=0 pending_route_events=0 dropped_route_events=0 status=mining_and_collecting_minecraft:diamond___12/32
[16:17:48] [Render thread/INFO] (lodekeeper) [Lodekeeper] BREAK target=Mutable{x=-11, y=-40, z=40} block=Block{minecraft:deepslate} tool=minecraft:diamond_pickaxe slot=1 remaining=1483 required=route
[16:17:49] [Render thread/INFO] (lodekeeper) [Lodekeeper] BREAK target=Mutable{x=-11, y=-41, z=40} block=Block{minecraft:deepslate} tool=minecraft:diamond_pickaxe slot=1 remaining=1482 required=route
[16:17:50] [Render thread/INFO] (lodekeeper) [Lodekeeper] BREAK target=Mutable{x=-12, y=-40, z=40} block=Block{minecraft:deepslate} tool=minecraft:diamond_pickaxe slot=1 remaining=1481 required=route
[16:17:50] [Render thread/INFO] (lodekeeper) [Lodekeeper] PROGRESS elapsed_ms=353271 phase=traveling backend=baritone target=-22,-43,41 block=minecraft:deepslate_diamond_ore navigation_elapsed_ms=78159 navigation_ticks=1560 searching=false path_index=0 path_length=13 retries=0 pending_route_events=0 dropped_route_events=0 status=mining_and_collecting_minecraft:diamond___12/32
[16:17:50] [Render thread/INFO] (lodekeeper) [Lodekeeper] BREAK target=Mutable{x=-12, y=-41, z=40} block=Block{minecraft:deepslate} tool=minecraft:diamond_pickaxe slot=1 remaining=1480 required=route
[16:17:51] [Render thread/INFO] (lodekeeper) [Lodekeeper] BREAK target=Mutable{x=-13, y=-40, z=40} block=Block{minecraft:deepslate} tool=minecraft:diamond_pickaxe slot=1 remaining=1479 required=route
[16:17:52] [Render thread/INFO] (lodekeeper) [Lodekeeper] PROGRESS elapsed_ms=355274 phase=traveling backend=baritone target=-22,-43,41 block=minecraft:deepslate_diamond_ore navigation_elapsed_ms=80163 navigation_ticks=1600 searching=false path_index=0 path_length=12 retries=0 pending_route_events=0 dropped_route_events=0 status=mining_and_collecting_minecraft:diamond___12/32
[16:17:52] [Render thread/INFO] (lodekeeper) [Lodekeeper] BREAK target=Mutable{x=-13, y=-41, z=40} block=Block{minecraft:deepslate} tool=minecraft:diamond_pickaxe slot=1 remaining=1478 required=route
[16:17:53] [Render thread/INFO] (lodekeeper) [Lodekeeper] BREAK target=Mutable{x=-14, y=-40, z=40} block=Block{minecraft:deepslate} tool=minecraft:diamond_pickaxe slot=1 remaining=1477 required=route
[16:17:54] [Render thread/INFO] (lodekeeper) [Lodekeeper] PROGRESS elapsed_ms=357320 phase=traveling backend=baritone target=-22,-43,41 block=minecraft:deepslate_diamond_ore navigation_elapsed_ms=82140 navigation_ticks=1640 searching=false path_index=0 path_length=11 retries=0 pending_route_events=0 dropped_route_events=0 status=mining_and_collecting_minecraft:diamond___12/32
[16:17:54] [Render thread/INFO] (lodekeeper) [Lodekeeper] BREAK target=Mutable{x=-14, y=-41, z=40} block=Block{minecraft:deepslate} tool=minecraft:diamond_pickaxe slot=1 remaining=1476 required=route
[16:17:55] [Render thread/INFO] (lodekeeper) [Lodekeeper] BREAK target=Mutable{x=-15, y=-40, z=40} block=Block{minecraft:deepslate} tool=minecraft:diamond_pickaxe slot=1 remaining=1475 required=route
[16:17:56] [Render thread/INFO] (lodekeeper) [Lodekeeper] PROGRESS elapsed_ms=359376 phase=traveling backend=baritone target=-22,-43,41 block=minecraft:deepslate_diamond_ore navigation_elapsed_ms=84162 navigation_ticks=1680 searching=false path_index=0 path_length=10 retries=0 pending_route_events=0 dropped_route_events=0 status=mining_and_collecting_minecraft:diamond___12/32
[16:17:56] [Render thread/INFO] (lodekeeper) [Lodekeeper] BREAK target=Mutable{x=-15, y=-41, z=40} block=Block{minecraft:deepslate} tool=minecraft:diamond_pickaxe slot=1 remaining=1474 required=route
[16:17:57] [Render thread/INFO] (lodekeeper) [Lodekeeper] BREAK target=Mutable{x=-16, y=-40, z=40} block=Block{minecraft:deepslate} tool=minecraft:diamond_pickaxe slot=1 remaining=1473 required=route
[16:17:58] [Render thread/INFO] (lodekeeper) [Lodekeeper] BREAK target=Mutable{x=-16, y=-41, z=40} block=Block{minecraft:deepslate} tool=minecraft:diamond_pickaxe slot=1 remaining=1472 required=route
[16:17:58] [Render thread/INFO] (lodekeeper) [Lodekeeper] PROGRESS elapsed_ms=361425 phase=traveling backend=baritone target=-22,-43,41 block=minecraft:deepslate_diamond_ore navigation_elapsed_ms=86142 navigation_ticks=1720 searching=false path_index=0 path_length=9 retries=0 pending_route_events=0 dropped_route_events=0 status=mining_and_collecting_minecraft:diamond___12/32
[16:17:59] [Render thread/INFO] (lodekeeper) [Lodekeeper] BREAK target=Mutable{x=-17, y=-40, z=40} block=Block{minecraft:deepslate} tool=minecraft:diamond_pickaxe slot=1 remaining=1471 required=route
[16:17:59] [Render thread/INFO] (lodekeeper) [Lodekeeper] BREAK target=Mutable{x=-17, y=-41, z=40} block=Block{minecraft:deepslate} tool=minecraft:diamond_pickaxe slot=1 remaining=1470 required=route
[16:18:00] [Render thread/INFO] (lodekeeper) [Lodekeeper] PROGRESS elapsed_ms=363426 phase=traveling backend=baritone target=-22,-43,41 block=minecraft:deepslate_diamond_ore navigation_elapsed_ms=88146 navigation_ticks=1760 searching=false path_index=0 path_length=8 retries=0 pending_route_events=0 dropped_route_events=0 status=mining_and_collecting_minecraft:diamond___12/32
[16:18:00] [Render thread/INFO] (lodekeeper) [Lodekeeper] BREAK target=Mutable{x=-18, y=-40, z=40} block=Block{minecraft:deepslate} tool=minecraft:diamond_pickaxe slot=1 remaining=1469 required=route
[16:18:01] [Render thread/INFO] (lodekeeper) [Lodekeeper] BREAK target=Mutable{x=-18, y=-41, z=40} block=Block{minecraft:deepslate} tool=minecraft:diamond_pickaxe slot=1 remaining=1468 required=route
[16:18:02] [Render thread/INFO] (lodekeeper) [Lodekeeper] PROGRESS elapsed_ms=365448 phase=traveling backend=baritone target=-22,-43,41 block=minecraft:deepslate_diamond_ore navigation_elapsed_ms=90337 navigation_ticks=1804 searching=false path_index=0 path_length=7 retries=0 pending_route_events=0 dropped_route_events=0 status=mining_and_collecting_minecraft:diamond___12/32
[16:18:02] [Render thread/INFO] (lodekeeper) [Lodekeeper] BREAK target=Mutable{x=-19, y=-40, z=40} block=Block{minecraft:deepslate} tool=minecraft:diamond_pickaxe slot=1 remaining=1467 required=route
[16:18:03] [Render thread/INFO] (lodekeeper) [Lodekeeper] BREAK target=Mutable{x=-19, y=-41, z=40} block=Block{minecraft:deepslate} tool=minecraft:diamond_pickaxe slot=1 remaining=1466 required=route
[16:18:04] [Render thread/INFO] (lodekeeper) [Lodekeeper] PROGRESS elapsed_ms=367464 phase=traveling backend=baritone target=-22,-43,41 block=minecraft:deepslate_diamond_ore navigation_elapsed_ms=92353 navigation_ticks=1844 searching=false path_index=0 path_length=6 retries=0 pending_route_events=0 dropped_route_events=0 status=mining_and_collecting_minecraft:diamond___12/32
[16:18:04] [Render thread/INFO] (lodekeeper) [Lodekeeper] BREAK target=Mutable{x=-20, y=-40, z=40} block=Block{minecraft:deepslate} tool=minecraft:diamond_pickaxe slot=1 remaining=1465 required=route
[16:18:05] [Render thread/INFO] (lodekeeper) [Lodekeeper] BREAK target=Mutable{x=-20, y=-41, z=40} block=Block{minecraft:deepslate} tool=minecraft:diamond_pickaxe slot=1 remaining=1464 required=route
[16:18:06] [Render thread/INFO] (lodekeeper) [Lodekeeper] BREAK target=Mutable{x=-21, y=-40, z=40} block=Block{minecraft:deepslate} tool=minecraft:diamond_pickaxe slot=1 remaining=1463 required=route
[16:18:06] [Render thread/INFO] (lodekeeper) [Lodekeeper] PROGRESS elapsed_ms=369470 phase=traveling backend=baritone target=-22,-43,41 block=minecraft:deepslate_diamond_ore navigation_elapsed_ms=94359 navigation_ticks=1884 searching=false path_index=0 path_length=4 retries=0 pending_route_events=0 dropped_route_events=0 status=mining_and_collecting_minecraft:diamond___12/32
[16:18:07] [Render thread/INFO] (lodekeeper) [Lodekeeper] BREAK target=Mutable{x=-21, y=-41, z=40} block=Block{minecraft:deepslate} tool=minecraft:diamond_pickaxe slot=1 remaining=1462 required=route
[16:18:08] [Render thread/INFO] (lodekeeper) [Lodekeeper] BREAK target=Mutable{x=-21, y=-40, z=41} block=Block{minecraft:deepslate} tool=minecraft:diamond_pickaxe slot=1 remaining=1461 required=route
[16:18:08] [Render thread/INFO] (lodekeeper) [Lodekeeper] PROGRESS elapsed_ms=371480 phase=traveling backend=baritone target=-22,-43,41 block=minecraft:deepslate_diamond_ore navigation_elapsed_ms=96368 navigation_ticks=1924 searching=false path_index=0 path_length=3 retries=0 pending_route_events=0 dropped_route_events=0 status=mining_and_collecting_minecraft:diamond___12/32
[16:18:08] [Render thread/INFO] (lodekeeper) [Lodekeeper] BREAK target=Mutable{x=-21, y=-41, z=41} block=Block{minecraft:deepslate} tool=minecraft:diamond_pickaxe slot=1 remaining=1460 required=route
[16:18:09] [Render thread/INFO] (lodekeeper) [Lodekeeper] BREAK target=Mutable{x=-21, y=-42, z=41} block=Block{minecraft:deepslate} tool=minecraft:diamond_pickaxe slot=1 remaining=1459 required=route
[16:18:10] [Render thread/INFO] (lodekeeper) [Lodekeeper] PROGRESS elapsed_ms=373480 phase=traveling backend=baritone target=-22,-43,41 block=minecraft:deepslate_diamond_ore navigation_elapsed_ms=98369 navigation_ticks=1964 searching=false path_index=0 path_length=3 retries=0 pending_route_events=0 dropped_route_events=0 status=mining_and_collecting_minecraft:diamond___12/32
[16:18:11] [Render thread/INFO] (lodekeeper) [Lodekeeper] BREAK target=Mutable{x=-22, y=-41, z=41} block=Block{minecraft:deepslate} tool=minecraft:diamond_pickaxe slot=1 remaining=1458 required=route
[16:18:12] [Render thread/INFO] (lodekeeper) [Lodekeeper] BREAK target=Mutable{x=-22, y=-42, z=41} block=Block{minecraft:deepslate_diamond_ore} tool=minecraft:diamond_pickaxe slot=1 remaining=1457 required=minecraft:diamond_pickaxe
[16:18:12] [Render thread/INFO] (lodekeeper) [Lodekeeper] PROGRESS elapsed_ms=375521 phase=traveling backend=baritone target=-22,-43,41 block=minecraft:deepslate_diamond_ore navigation_elapsed_ms=100351 navigation_ticks=2004 searching=false path_index=0 path_length=2 retries=0 pending_route_events=0 dropped_route_events=0 status=mining_and_collecting_minecraft:diamond___12/32
[16:18:12] [Render thread/INFO] (lodekeeper) [Lodekeeper] NAV discovered=1 retained=64 rejected=0 requestTicks=2017 phase=MINE
[16:18:13] [Render thread/INFO] (lodekeeper) [Lodekeeper] BREAK target=Mutable{x=-22, y=-43, z=41} block=Block{minecraft:deepslate_diamond_ore} tool=minecraft:diamond_pickaxe slot=1 remaining=1456 required=minecraft:diamond_pickaxe
[16:18:14] [Render thread/INFO] (lodekeeper) [Lodekeeper] NAV discovered=1 retained=64 rejected=0 requestTicks=2040 phase=MINE
[16:18:14] [Render thread/INFO] (lodekeeper) [Lodekeeper] TARGET target=-22,-43,42 block=minecraft:deepslate_diamond_ore
[16:18:14] [Render thread/INFO] (lodekeeper) [Lodekeeper] NAV backend=baritone mode=MINE event=CALC_STARTED elapsedMs=102161
[16:18:14] [Render thread/INFO] (lodekeeper) [Lodekeeper] NAV calcTool=minecraft:diamond_pickaxe slot=1
[16:18:14] [Render thread/INFO] (lodekeeper) [Lodekeeper] NAV backend=baritone mode=MINE event=CALC_FINISHED_NOW_EXECUTING elapsedMs=102161
[16:18:14] [Render thread/INFO] (lodekeeper) [Lodekeeper] PROGRESS elapsed_ms=377576 phase=traveling backend=baritone target=-22,-43,42 block=minecraft:deepslate_diamond_ore navigation_elapsed_ms=102363 navigation_ticks=2044 searching=false path_index=0 path_length=3 retries=0 pending_route_events=0 dropped_route_events=0 status=mining_and_collecting_minecraft:diamond___13/32
[16:18:14] [Render thread/INFO] (lodekeeper) [Lodekeeper] BREAK target=Mutable{x=-22, y=-42, z=42} block=Block{minecraft:deepslate_diamond_ore} tool=minecraft:diamond_pickaxe slot=1 remaining=1455 required=minecraft:diamond_pickaxe
[16:18:15] [Render thread/INFO] (lodekeeper) [Lodekeeper] NAV discovered=1 retained=64 rejected=0 requestTicks=2069 phase=MINE
[16:18:15] [Render thread/INFO] (lodekeeper) [Lodekeeper] BREAK target=Mutable{x=-22, y=-43, z=42} block=Block{minecraft:deepslate_diamond_ore} tool=minecraft:diamond_pickaxe slot=1 remaining=1454 required=minecraft:diamond_pickaxe
[16:18:16] [Render thread/INFO] (lodekeeper) [Lodekeeper] PROGRESS elapsed_ms=379626 phase=traveling backend=baritone target=-22,-43,42 block=minecraft:deepslate_diamond_ore navigation_elapsed_ms=104342 navigation_ticks=2084 searching=false path_index=0 path_length=2 retries=0 pending_route_events=0 dropped_route_events=0 status=mining_and_collecting_minecraft:diamond___15/32
[16:18:16] [Render thread/INFO] (lodekeeper) [Lodekeeper] NAV discovered=1 retained=64 rejected=0 requestTicks=2092 phase=MINE
[16:18:16] [Render thread/INFO] (lodekeeper) [Lodekeeper] TARGET target=-23,-43,41 block=minecraft:deepslate_diamond_ore
[16:18:16] [Render thread/INFO] (lodekeeper) [Lodekeeper] NAV backend=baritone mode=MINE event=CALC_STARTED elapsedMs=104755
[16:18:16] [Render thread/INFO] (lodekeeper) [Lodekeeper] NAV calcTool=minecraft:diamond_pickaxe slot=1
[16:18:16] [Render thread/INFO] (lodekeeper) [Lodekeeper] NAV backend=baritone mode=MINE event=CALC_FINISHED_NOW_EXECUTING elapsedMs=104755
[16:18:16] [Render thread/INFO] (lodekeeper) [Lodekeeper] BREAK target=Mutable{x=-23, y=-42, z=41} block=Block{minecraft:deepslate_diamond_ore} tool=minecraft:diamond_pickaxe slot=1 remaining=1453 required=minecraft:diamond_pickaxe
[16:18:17] [Render thread/INFO] (lodekeeper) [Lodekeeper] NAV discovered=1 retained=64 rejected=0 requestTicks=2115 phase=MINE
[16:18:18] [Render thread/INFO] (lodekeeper) [Lodekeeper] BREAK target=Mutable{x=-23, y=-43, z=41} block=Block{minecraft:deepslate_diamond_ore} tool=minecraft:diamond_pickaxe slot=1 remaining=1452 required=minecraft:diamond_pickaxe
[16:18:18] [Render thread/INFO] (lodekeeper) [Lodekeeper] PROGRESS elapsed_ms=381668 phase=traveling backend=baritone target=-23,-43,41 block=minecraft:deepslate_diamond_ore navigation_elapsed_ms=106557 navigation_ticks=2128 searching=false path_index=0 path_length=2 retries=0 pending_route_events=0 dropped_route_events=0 status=mining_and_collecting_minecraft:diamond___17/32
[16:18:19] [Render thread/INFO] (lodekeeper) [Lodekeeper] NAV discovered=1 retained=64 rejected=0 requestTicks=2138 phase=MINE
[16:18:19] [Render thread/INFO] (lodekeeper) [Lodekeeper] NAV backend=baritone mode=MINE event=CALC_STARTED elapsedMs=107037
[16:18:19] [Render thread/INFO] (lodekeeper) [Lodekeeper] NAV calcTool=minecraft:diamond_pickaxe slot=1
[16:18:19] [Render thread/INFO] (lodekeeper) [Lodekeeper] NAV backend=baritone mode=MINE event=CALC_FINISHED_NOW_EXECUTING elapsedMs=107037
[16:18:19] [Render thread/INFO] (lodekeeper) [Lodekeeper] TARGET target=-23,-43,42 block=minecraft:deepslate_diamond_ore
[16:18:19] [Render thread/INFO] (lodekeeper) [Lodekeeper] BREAK target=Mutable{x=-23, y=-42, z=42} block=Block{minecraft:deepslate_diamond_ore} tool=minecraft:diamond_pickaxe slot=1 remaining=1451 required=minecraft:diamond_pickaxe
[16:18:20] [Render thread/INFO] (lodekeeper) [Lodekeeper] NAV discovered=1 retained=64 rejected=0 requestTicks=2161 phase=MINE
[16:18:20] [Render thread/INFO] (lodekeeper) [Lodekeeper] BREAK target=Mutable{x=-23, y=-43, z=42} block=Block{minecraft:deepslate_diamond_ore} tool=minecraft:diamond_pickaxe slot=1 remaining=1450 required=minecraft:diamond_pickaxe
[16:18:20] [Render thread/INFO] (lodekeeper) [Lodekeeper] PROGRESS elapsed_ms=383717 phase=traveling backend=baritone target=-23,-43,42 block=minecraft:deepslate_diamond_ore navigation_elapsed_ms=108538 navigation_ticks=2168 searching=false path_index=0 path_length=2 retries=0 pending_route_events=0 dropped_route_events=0 status=mining_and_collecting_minecraft:diamond___19/32
[16:18:21] [Render thread/INFO] (lodekeeper) [Lodekeeper] TARGET target=none
[16:18:21] [Render thread/INFO] (lodekeeper) [Lodekeeper] NAV backend=baritone mode=MINE event=AT_GOAL elapsedMs=109392
[16:18:21] [Render thread/INFO] (lodekeeper) [Lodekeeper] NAV backend=baritone mode=MINE event=CALC_STARTED elapsedMs=109769
[16:18:21] [Render thread/INFO] (lodekeeper) [Lodekeeper] NAV calcTool=minecraft:diamond_pickaxe slot=1
[16:18:21] [Render thread/INFO] (lodekeeper) [Lodekeeper] NAV discovered=1 retained=64 rejected=0 requestTicks=2193 phase=MINE
[16:18:21] [Render thread/INFO] (lodekeeper) [Lodekeeper] NAV backend=baritone mode=MINE event=CALC_FINISHED_NOW_EXECUTING elapsedMs=109837
[16:18:21] [Render thread/INFO] (lodekeeper) [Lodekeeper] BREAK target=Mutable{x=-23, y=-44, z=42} block=Block{minecraft:deepslate} tool=minecraft:diamond_pickaxe slot=1 remaining=1449 required=route
[16:18:21] [Render thread/INFO] (lodekeeper) [Lodekeeper] TARGET target=-27,-53,43 block=minecraft:deepslate_diamond_ore
[16:18:22] [Render thread/INFO] (lodekeeper) [Lodekeeper] PROGRESS elapsed_ms=385768 phase=traveling backend=baritone target=-27,-53,43 block=minecraft:deepslate_diamond_ore navigation_elapsed_ms=110554 navigation_ticks=2208 searching=false path_index=0 path_length=11 retries=0 pending_route_events=0 dropped_route_events=0 status=mining_and_collecting_minecraft:diamond___20/32
[16:18:22] [Render thread/INFO] (lodekeeper) [Lodekeeper] BREAK target=Mutable{x=-23, y=-45, z=42} block=Block{minecraft:deepslate} tool=minecraft:diamond_pickaxe slot=1 remaining=1448 required=route
[16:18:23] [Render thread/INFO] (lodekeeper) [Lodekeeper] BREAK target=Mutable{x=-23, y=-46, z=42} block=Block{minecraft:deepslate} tool=minecraft:diamond_pickaxe slot=1 remaining=1447 required=route
[16:18:24] [Render thread/INFO] (lodekeeper) [Lodekeeper] BREAK target=Mutable{x=-23, y=-47, z=42} block=Block{minecraft:deepslate} tool=minecraft:diamond_pickaxe slot=1 remaining=1446 required=route
[16:18:24] [Render thread/INFO] (lodekeeper) [Lodekeeper] PROGRESS elapsed_ms=387822 phase=traveling backend=baritone target=-27,-53,43 block=minecraft:deepslate_diamond_ore navigation_elapsed_ms=112538 navigation_ticks=2248 searching=false path_index=0 path_length=8 retries=0 pending_route_events=0 dropped_route_events=0 status=mining_and_collecting_minecraft:diamond___20/32
[16:18:25] [Render thread/INFO] (lodekeeper) [Lodekeeper] BREAK target=Mutable{x=-23, y=-48, z=42} block=Block{minecraft:deepslate} tool=minecraft:diamond_pickaxe slot=1 remaining=1445 required=route
[16:18:26] [Render thread/INFO] (lodekeeper) [Lodekeeper] BREAK target=Mutable{x=-24, y=-47, z=42} block=Block{minecraft:deepslate} tool=minecraft:diamond_pickaxe slot=1 remaining=1444 required=route
[16:18:26] [Render thread/INFO] (lodekeeper) [Lodekeeper] PROGRESS elapsed_ms=389878 phase=traveling backend=baritone target=-27,-53,43 block=minecraft:deepslate_diamond_ore navigation_elapsed_ms=114767 navigation_ticks=2292 searching=false path_index=0 path_length=6 retries=0 pending_route_events=0 dropped_route_events=0 status=mining_and_collecting_minecraft:diamond___20/32
[16:18:27] [Render thread/INFO] (lodekeeper) [Lodekeeper] BREAK target=Mutable{x=-24, y=-48, z=42} block=Block{minecraft:deepslate} tool=minecraft:diamond_pickaxe slot=1 remaining=1443 required=route
[16:18:28] [Render thread/INFO] (lodekeeper) [Lodekeeper] BREAK target=Mutable{x=-24, y=-49, z=42} block=Block{minecraft:deepslate} tool=minecraft:diamond_pickaxe slot=1 remaining=1442 required=route
[16:18:28] [Render thread/INFO] (lodekeeper) [Lodekeeper] PROGRESS elapsed_ms=391921 phase=traveling backend=baritone target=-27,-53,43 block=minecraft:deepslate_diamond_ore navigation_elapsed_ms=116741 navigation_ticks=2332 searching=false path_index=0 path_length=6 retries=0 pending_route_events=0 dropped_route_events=0 status=mining_and_collecting_minecraft:diamond___20/32
[16:18:29] [Render thread/INFO] (lodekeeper) [Lodekeeper] BREAK target=Mutable{x=-25, y=-48, z=42} block=Block{minecraft:deepslate} tool=minecraft:diamond_pickaxe slot=1 remaining=1441 required=route
[16:18:30] [Render thread/INFO] (lodekeeper) [Lodekeeper] BREAK target=Mutable{x=-25, y=-49, z=42} block=Block{minecraft:deepslate} tool=minecraft:diamond_pickaxe slot=1 remaining=1440 required=route
[16:18:30] [Render thread/INFO] (lodekeeper) [Lodekeeper] PROGRESS elapsed_ms=393968 phase=traveling backend=baritone target=-27,-53,43 block=minecraft:deepslate_diamond_ore navigation_elapsed_ms=118756 navigation_ticks=2372 searching=false path_index=0 path_length=5 retries=0 pending_route_events=0 dropped_route_events=0 status=mining_and_collecting_minecraft:diamond___20/32
[16:18:31] [Render thread/INFO] (lodekeeper) [Lodekeeper] BREAK target=Mutable{x=-25, y=-50, z=42} block=Block{minecraft:deepslate} tool=minecraft:diamond_pickaxe slot=1 remaining=1439 required=route
[16:18:32] [Render thread/INFO] (lodekeeper) [Lodekeeper] BREAK target=Mutable{x=-25, y=-49, z=43} block=Block{minecraft:deepslate} tool=minecraft:diamond_pickaxe slot=1 remaining=1438 required=route
[16:18:32] [Render thread/INFO] (lodekeeper) [Lodekeeper] PROGRESS elapsed_ms=395971 phase=traveling backend=baritone target=-27,-53,43 block=minecraft:deepslate_diamond_ore navigation_elapsed_ms=120756 navigation_ticks=2412 searching=false path_index=0 path_length=4 retries=0 pending_route_events=0 dropped_route_events=0 status=mining_and_collecting_minecraft:diamond___20/32
[16:18:33] [Render thread/INFO] (lodekeeper) [Lodekeeper] BREAK target=Mutable{x=-25, y=-50, z=43} block=Block{minecraft:deepslate} tool=minecraft:diamond_pickaxe slot=1 remaining=1437 required=route
[16:18:33] [Render thread/INFO] (lodekeeper) [Lodekeeper] BREAK target=Mutable{x=-25, y=-51, z=43} block=Block{minecraft:deepslate} tool=minecraft:diamond_pickaxe slot=1 remaining=1436 required=route
[16:18:34] [Render thread/INFO] (lodekeeper) [Lodekeeper] PROGRESS elapsed_ms=398024 phase=traveling backend=baritone target=-27,-53,43 block=minecraft:deepslate_diamond_ore navigation_elapsed_ms=122744 navigation_ticks=2452 searching=false path_index=0 path_length=4 retries=0 pending_route_events=0 dropped_route_events=0 status=mining_and_collecting_minecraft:diamond___20/32
[16:18:35] [Render thread/INFO] (lodekeeper) [Lodekeeper] BREAK target=Mutable{x=-26, y=-50, z=43} block=Block{minecraft:deepslate} tool=minecraft:diamond_pickaxe slot=1 remaining=1435 required=route
[16:18:36] [Render thread/INFO] (lodekeeper) [Lodekeeper] BREAK target=Mutable{x=-26, y=-51, z=43} block=Block{minecraft:deepslate} tool=minecraft:diamond_pickaxe slot=1 remaining=1434 required=route
[16:18:36] [Render thread/INFO] (lodekeeper) [Lodekeeper] PROGRESS elapsed_ms=400074 phase=traveling backend=baritone target=-27,-53,43 block=minecraft:deepslate_diamond_ore navigation_elapsed_ms=124963 navigation_ticks=2496 searching=false path_index=0 path_length=3 retries=0 pending_route_events=0 dropped_route_events=0 status=mining_and_collecting_minecraft:diamond___20/32
[16:18:36] [Render thread/INFO] (lodekeeper) [Lodekeeper] BREAK target=Mutable{x=-26, y=-52, z=43} block=Block{minecraft:deepslate} tool=minecraft:diamond_pickaxe slot=1 remaining=1433 required=route
[16:18:37] [Render thread/INFO] (lodekeeper) [Lodekeeper] BREAK target=Mutable{x=-27, y=-51, z=43} block=Block{minecraft:deepslate} tool=minecraft:diamond_pickaxe slot=1 remaining=1432 required=route
[16:18:38] [Render thread/INFO] (lodekeeper) [Lodekeeper] BREAK target=Mutable{x=-27, y=-52, z=43} block=Block{minecraft:deepslate} tool=minecraft:diamond_pickaxe slot=1 remaining=1431 required=route
[16:18:38] [Render thread/INFO] (lodekeeper) [Lodekeeper] PROGRESS elapsed_ms=402128 phase=traveling backend=baritone target=-27,-53,43 block=minecraft:deepslate_diamond_ore navigation_elapsed_ms=126948 navigation_ticks=2536 searching=false path_index=0 path_length=2 retries=0 pending_route_events=0 dropped_route_events=0 status=mining_and_collecting_minecraft:diamond___20/32
[16:18:39] [Render thread/INFO] (lodekeeper) [Lodekeeper] BREAK target=Mutable{x=-27, y=-53, z=43} block=Block{minecraft:deepslate_diamond_ore} tool=minecraft:diamond_pickaxe slot=1 remaining=1430 required=minecraft:diamond_pickaxe
[16:18:40] [Render thread/INFO] (lodekeeper) [Lodekeeper] NAV discovered=1 retained=64 rejected=0 requestTicks=2572 phase=MINE
[16:18:40] [Render thread/INFO] (lodekeeper) [Lodekeeper] TARGET target=-27,-52,44 block=minecraft:deepslate_diamond_ore
[16:18:40] [Render thread/INFO] (lodekeeper) [Lodekeeper] NAV backend=baritone mode=MINE event=CALC_STARTED elapsedMs=128761
[16:18:40] [Render thread/INFO] (lodekeeper) [Lodekeeper] NAV calcTool=minecraft:diamond_pickaxe slot=1
[16:18:40] [Render thread/INFO] (lodekeeper) [Lodekeeper] NAV backend=baritone mode=MINE event=CALC_FINISHED_NOW_EXECUTING elapsedMs=128761
[16:18:41] [Render thread/INFO] (lodekeeper) [Lodekeeper] PROGRESS elapsed_ms=404180 phase=traveling backend=baritone target=-27,-52,44 block=minecraft:deepslate_diamond_ore navigation_elapsed_ms=128964 navigation_ticks=2576 searching=false path_index=0 path_length=3 retries=0 pending_route_events=0 dropped_route_events=0 status=mining_and_collecting_minecraft:diamond___20/32
[16:18:41] [Render thread/INFO] (lodekeeper) [Lodekeeper] BREAK target=Mutable{x=-27, y=-52, z=44} block=Block{minecraft:deepslate_diamond_ore} tool=minecraft:diamond_pickaxe slot=1 remaining=1429 required=minecraft:diamond_pickaxe
[16:18:42] [Render thread/INFO] (lodekeeper) [Lodekeeper] NAV discovered=1 retained=64 rejected=0 requestTicks=2599 phase=MINE
[16:18:42] [Render thread/INFO] (lodekeeper) [Lodekeeper] NAV backend=baritone mode=MINE event=CALC_STARTED elapsedMs=130102
[16:18:42] [Render thread/INFO] (lodekeeper) [Lodekeeper] NAV calcTool=minecraft:diamond_pickaxe slot=1
[16:18:42] [Render thread/INFO] (lodekeeper) [Lodekeeper] NAV backend=baritone mode=MINE event=CALC_FINISHED_NOW_EXECUTING elapsedMs=130102
[16:18:42] [Render thread/INFO] (lodekeeper) [Lodekeeper] TARGET target=-28,-53,43 block=minecraft:deepslate_diamond_ore
[16:18:42] [Render thread/INFO] (lodekeeper) [Lodekeeper] BREAK target=Mutable{x=-28, y=-52, z=43} block=Block{minecraft:deepslate} tool=minecraft:diamond_pickaxe slot=1 remaining=1428 required=route
[16:18:43] [Render thread/INFO] (lodekeeper) [Lodekeeper] PROGRESS elapsed_ms=406203 phase=traveling backend=baritone target=-28,-53,43 block=minecraft:deepslate_diamond_ore navigation_elapsed_ms=130956 navigation_ticks=2616 searching=false path_index=0 path_length=2 retries=0 pending_route_events=0 dropped_route_events=0 status=mining_and_collecting_minecraft:diamond___22/32
[16:18:43] [Render thread/INFO] (lodekeeper) [Lodekeeper] BREAK target=Mutable{x=-28, y=-53, z=43} block=Block{minecraft:deepslate_diamond_ore} tool=minecraft:diamond_pickaxe slot=1 remaining=1427 required=minecraft:diamond_pickaxe
[16:18:44] [Render thread/INFO] (lodekeeper) [Lodekeeper] NAV discovered=1 retained=64 rejected=0 requestTicks=2640 phase=MINE
[16:18:44] [Render thread/INFO] (lodekeeper) [Lodekeeper] TARGET target=-28,-52,44 block=minecraft:deepslate_diamond_ore
[16:18:44] [Render thread/INFO] (lodekeeper) [Lodekeeper] NAV backend=baritone mode=MINE event=CALC_STARTED elapsedMs=132148
[16:18:44] [Render thread/INFO] (lodekeeper) [Lodekeeper] NAV calcTool=minecraft:diamond_pickaxe slot=1
[16:18:44] [Render thread/INFO] (lodekeeper) [Lodekeeper] NAV backend=baritone mode=MINE event=CALC_FINISHED_NOW_EXECUTING elapsedMs=132148
[16:18:44] [Render thread/INFO] (lodekeeper) [Lodekeeper] BREAK target=Mutable{x=-28, y=-52, z=44} block=Block{minecraft:deepslate_diamond_ore} tool=minecraft:diamond_pickaxe slot=1 remaining=1426 required=minecraft:diamond_pickaxe
[16:18:45] [Render thread/INFO] (lodekeeper) [Lodekeeper] PROGRESS elapsed_ms=408214 phase=traveling backend=baritone target=-28,-52,44 block=minecraft:deepslate_diamond_ore navigation_elapsed_ms=132967 navigation_ticks=2656 searching=false path_index=0 path_length=2 retries=0 pending_route_events=0 dropped_route_events=0 status=mining_and_collecting_minecraft:diamond___23/32
[16:18:45] [Render thread/INFO] (lodekeeper) [Lodekeeper] TARGET target=none
[16:18:45] [Render thread/INFO] (lodekeeper) [Lodekeeper] BREAK target=Mutable{x=-28, y=-53, z=44} block=Block{minecraft:deepslate} tool=minecraft:diamond_pickaxe slot=1 remaining=1425 required=route
[16:18:45] [Render thread/INFO] (lodekeeper) [Lodekeeper] NAV discovered=1 retained=64 rejected=0 requestTicks=2672 phase=MINE
[16:18:45] [Render thread/INFO] (lodekeeper) [Lodekeeper] ROUTE_SEARCH kind=unknown anchor=unknown feet_y16=0 candidates=0 target=none elapsed_ms=408862
[16:18:45] [Render thread/INFO] (lodekeeper) [Lodekeeper] NAV backend=baritone mode=MINE event=CALC_STARTED elapsedMs=133752
[16:18:45] [Render thread/INFO] (lodekeeper) [Lodekeeper] NAV calcTool=minecraft:diamond_pickaxe slot=1
[16:18:45] [Render thread/INFO] (lodekeeper) [Lodekeeper] NAV backend=baritone mode=MINE event=CALC_FINISHED_NOW_EXECUTING elapsedMs=133819
[16:18:45] [Render thread/INFO] (lodekeeper) [Lodekeeper] TARGET target=-25,-45,52 block=minecraft:deepslate_diamond_ore
[16:18:45] [Render thread/INFO] (lodekeeper) [Lodekeeper] ROUTE_TRAVEL path_index=0 path_length=13 target=-25,-45,52 block=minecraft:deepslate_diamond_ore elapsed_ms=409067
[16:18:46] [Render thread/INFO] (lodekeeper) [Lodekeeper] BREAK target=Mutable{x=-25, y=-50, z=44} block=Block{minecraft:deepslate} tool=minecraft:diamond_pickaxe slot=1 remaining=1425 required=route
[16:18:47] [Render thread/INFO] (lodekeeper) [Lodekeeper] PROGRESS elapsed_ms=410226 phase=traveling backend=baritone target=-25,-45,52 block=minecraft:deepslate_diamond_ore navigation_elapsed_ms=134941 navigation_ticks=2696 searching=false path_index=0 path_length=10 retries=0 pending_route_events=0 dropped_route_events=0 status=mining_and_collecting_minecraft:diamond___24/32
[16:18:47] [Render thread/INFO] (lodekeeper) [Lodekeeper] BREAK target=Mutable{x=-25, y=-49, z=44} block=Block{minecraft:deepslate} tool=minecraft:diamond_pickaxe slot=1 remaining=1424 required=route
[16:18:48] [Render thread/INFO] (lodekeeper) [Lodekeeper] BREAK target=Mutable{x=-25, y=-49, z=45} block=Block{minecraft:deepslate} tool=minecraft:diamond_pickaxe slot=1 remaining=1423 required=route
[16:18:49] [Render thread/INFO] (lodekeeper) [Lodekeeper] PROGRESS elapsed_ms=412274 phase=traveling backend=baritone target=-25,-45,52 block=minecraft:deepslate_diamond_ore navigation_elapsed_ms=137163 navigation_ticks=2740 searching=false path_index=0 path_length=9 retries=0 pending_route_events=0 dropped_route_events=0 status=mining_and_collecting_minecraft:diamond___24/32
[16:18:49] [Render thread/INFO] (lodekeeper) [Lodekeeper] BREAK target=Mutable{x=-25, y=-50, z=45} block=Block{minecraft:deepslate} tool=minecraft:diamond_pickaxe slot=1 remaining=1422 required=route
[16:18:50] [Render thread/INFO] (lodekeeper) [Lodekeeper] BREAK target=Mutable{x=-25, y=-49, z=46} block=Block{minecraft:deepslate} tool=minecraft:diamond_pickaxe slot=1 remaining=1421 required=route
[16:18:51] [Render thread/INFO] (lodekeeper) [Lodekeeper] PROGRESS elapsed_ms=414319 phase=traveling backend=baritone target=-25,-45,52 block=minecraft:deepslate_diamond_ore navigation_elapsed_ms=139140 navigation_ticks=2780 searching=false path_index=0 path_length=8 retries=0 pending_route_events=0 dropped_route_events=0 status=mining_and_collecting_minecraft:diamond___24/32
[16:18:51] [Render thread/INFO] (lodekeeper) [Lodekeeper] BREAK target=Mutable{x=-25, y=-50, z=46} block=Block{minecraft:deepslate} tool=minecraft:diamond_pickaxe slot=1 remaining=1420 required=route
[16:18:52] [Render thread/INFO] (lodekeeper) [Lodekeeper] BREAK target=Mutable{x=-25, y=-49, z=47} block=Block{minecraft:deepslate} tool=minecraft:diamond_pickaxe slot=1 remaining=1419 required=route
[16:18:53] [Render thread/INFO] (lodekeeper) [Lodekeeper] PROGRESS elapsed_ms=416329 phase=traveling backend=baritone target=-25,-45,52 block=minecraft:deepslate_diamond_ore navigation_elapsed_ms=141150 navigation_ticks=2820 searching=false path_index=0 path_length=7 retries=0 pending_route_events=0 dropped_route_events=0 status=mining_and_collecting_minecraft:diamond___24/32
[16:18:53] [Render thread/INFO] (lodekeeper) [Lodekeeper] BREAK target=Mutable{x=-25, y=-50, z=47} block=Block{minecraft:deepslate} tool=minecraft:diamond_pickaxe slot=1 remaining=1418 required=route
[16:18:54] [Render thread/INFO] (lodekeeper) [Lodekeeper] BREAK target=Mutable{x=-25, y=-49, z=48} block=Block{minecraft:deepslate} tool=minecraft:diamond_pickaxe slot=1 remaining=1417 required=route
[16:18:54] [Render thread/INFO] (lodekeeper) [Lodekeeper] BREAK target=Mutable{x=-25, y=-50, z=48} block=Block{minecraft:deepslate} tool=minecraft:diamond_pickaxe slot=1 remaining=1416 required=route
[16:18:55] [Render thread/INFO] (lodekeeper) [Lodekeeper] PROGRESS elapsed_ms=418371 phase=traveling backend=baritone target=-25,-45,52 block=minecraft:deepslate_diamond_ore navigation_elapsed_ms=143156 navigation_ticks=2860 searching=false path_index=0 path_length=6 retries=0 pending_route_events=0 dropped_route_events=0 status=mining_and_collecting_minecraft:diamond___24/32
[16:18:55] [Render thread/INFO] (lodekeeper) [Lodekeeper] BREAK target=Mutable{x=-25, y=-49, z=49} block=Block{minecraft:deepslate} tool=minecraft:diamond_pickaxe slot=1 remaining=1415 required=route
[16:18:56] [Render thread/INFO] (lodekeeper) [Lodekeeper] BREAK target=Mutable{x=-25, y=-48, z=48} block=Block{minecraft:deepslate} tool=minecraft:diamond_pickaxe slot=1 remaining=1414 required=route
[16:18:57] [Render thread/INFO] (lodekeeper) [Lodekeeper] PROGRESS elapsed_ms=420396 phase=traveling backend=baritone target=-25,-45,52 block=minecraft:deepslate_diamond_ore navigation_elapsed_ms=145147 navigation_ticks=2900 searching=false path_index=0 path_length=5 retries=0 pending_route_events=0 dropped_route_events=0 status=mining_and_collecting_minecraft:diamond___24/32
[16:18:57] [Render thread/INFO] (lodekeeper) [Lodekeeper] BREAK target=Mutable{x=-25, y=-48, z=49} block=Block{minecraft:deepslate} tool=minecraft:diamond_pickaxe slot=1 remaining=1413 required=route
[16:18:58] [Render thread/INFO] (lodekeeper) [Lodekeeper] BREAK target=Mutable{x=-25, y=-48, z=50} block=Block{minecraft:deepslate} tool=minecraft:diamond_pickaxe slot=1 remaining=1412 required=route
[16:18:59] [Render thread/INFO] (lodekeeper) [Lodekeeper] PROGRESS elapsed_ms=422417 phase=traveling backend=baritone target=-25,-45,52 block=minecraft:deepslate_diamond_ore navigation_elapsed_ms=147135 navigation_ticks=2940 searching=false path_index=0 path_length=4 retries=0 pending_route_events=0 dropped_route_events=0 status=mining_and_collecting_minecraft:diamond___24/32
[16:18:59] [Render thread/INFO] (lodekeeper) [Lodekeeper] BREAK target=Mutable{x=-25, y=-47, z=49} block=Block{minecraft:deepslate} tool=minecraft:diamond_pickaxe slot=1 remaining=1411 required=route
[16:19:00] [Render thread/INFO] (lodekeeper) [Lodekeeper] BREAK target=Mutable{x=-25, y=-47, z=50} block=Block{minecraft:deepslate} tool=minecraft:diamond_pickaxe slot=1 remaining=1410 required=route
[16:19:01] [Render thread/INFO] (lodekeeper) [Lodekeeper] PROGRESS elapsed_ms=424448 phase=traveling backend=baritone target=-25,-45,52 block=minecraft:deepslate_diamond_ore navigation_elapsed_ms=149337 navigation_ticks=2984 searching=false path_index=0 path_length=4 retries=0 pending_route_events=0 dropped_route_events=0 status=mining_and_collecting_minecraft:diamond___24/32
[16:19:01] [Render thread/INFO] (lodekeeper) [Lodekeeper] BREAK target=Mutable{x=-25, y=-47, z=51} block=Block{minecraft:deepslate} tool=minecraft:diamond_pickaxe slot=1 remaining=1409 required=route
[16:19:02] [Render thread/INFO] (lodekeeper) [Lodekeeper] BREAK target=Mutable{x=-25, y=-46, z=50} block=Block{minecraft:deepslate} tool=minecraft:diamond_pickaxe slot=1 remaining=1408 required=route
[16:19:03] [Render thread/INFO] (lodekeeper) [Lodekeeper] PROGRESS elapsed_ms=426462 phase=traveling backend=baritone target=-25,-45,52 block=minecraft:deepslate_diamond_ore navigation_elapsed_ms=151351 navigation_ticks=3024 searching=false path_index=0 path_length=3 retries=0 pending_route_events=0 dropped_route_events=0 status=mining_and_collecting_minecraft:diamond___24/32
[16:19:03] [Render thread/INFO] (lodekeeper) [Lodekeeper] BREAK target=Mutable{x=-25, y=-46, z=51} block=Block{minecraft:deepslate} tool=minecraft:diamond_pickaxe slot=1 remaining=1407 required=route
[16:19:04] [Render thread/INFO] (lodekeeper) [Lodekeeper] BREAK target=Mutable{x=-25, y=-46, z=52} block=Block{minecraft:deepslate} tool=minecraft:diamond_pickaxe slot=1 remaining=1406 required=route
[16:19:05] [Render thread/INFO] (lodekeeper) [Lodekeeper] BREAK target=Mutable{x=-25, y=-45, z=51} block=Block{minecraft:deepslate_redstone_ore} tool=minecraft:diamond_pickaxe slot=1 remaining=1405 required=route
[16:19:05] [Render thread/INFO] (lodekeeper) [Lodekeeper] PROGRESS elapsed_ms=428514 phase=traveling backend=baritone target=-25,-45,52 block=minecraft:deepslate_diamond_ore navigation_elapsed_ms=153335 navigation_ticks=3064 searching=false path_index=0 path_length=2 retries=0 pending_route_events=0 dropped_route_events=0 status=mining_and_collecting_minecraft:diamond___24/32
[16:19:06] [Render thread/INFO] (lodekeeper) [Lodekeeper] BREAK target=Mutable{x=-25, y=-45, z=52} block=Block{minecraft:deepslate_diamond_ore} tool=minecraft:diamond_pickaxe slot=1 remaining=1404 required=minecraft:diamond_pickaxe
[16:19:07] [Render thread/INFO] (lodekeeper) [Lodekeeper] TARGET target=none
[16:19:07] [Render thread/INFO] (lodekeeper) [Lodekeeper] PROGRESS elapsed_ms=430529 phase=traveling backend=baritone target=none navigation_elapsed_ms=155350 navigation_ticks=3104 searching=false path_index=0 path_length=2 retries=0 pending_route_events=0 dropped_route_events=0 status=mining_and_collecting_minecraft:diamond___24/32
[16:19:07] [Render thread/INFO] (lodekeeper) [Lodekeeper] NAV backend=baritone mode=MINE event=AT_GOAL elapsedMs=155695
[16:19:07] [Render thread/INFO] (lodekeeper) [Lodekeeper] NAV backend=baritone mode=MINE event=CALC_STARTED elapsedMs=155797
[16:19:07] [Render thread/INFO] (lodekeeper) [Lodekeeper] NAV calcTool=minecraft:diamond_pickaxe slot=1
[16:19:07] [Render thread/INFO] (lodekeeper) [Lodekeeper] NAV discovered=1 retained=64 rejected=0 requestTicks=3114 phase=MINE
[16:19:07] [Render thread/INFO] (lodekeeper) [Lodekeeper] NAV backend=baritone mode=MINE event=CALC_FINISHED_NOW_EXECUTING elapsedMs=155864
[16:19:07] [Render thread/INFO] (lodekeeper) [Lodekeeper] BREAK target=Mutable{x=-25, y=-44, z=52} block=Block{minecraft:deepslate} tool=minecraft:diamond_pickaxe slot=1 remaining=1403 required=route
[16:19:07] [Render thread/INFO] (lodekeeper) [Lodekeeper] TARGET target=-25,-40,52 block=minecraft:deepslate_diamond_ore
[16:19:08] [Render thread/INFO] (lodekeeper) [Lodekeeper] BREAK target=Mutable{x=-25, y=-43, z=52} block=Block{minecraft:deepslate} tool=minecraft:diamond_pickaxe slot=1 remaining=1402 required=route
[16:19:09] [Render thread/INFO] (lodekeeper) [Lodekeeper] PROGRESS elapsed_ms=432550 phase=traveling backend=baritone target=-25,-40,52 block=minecraft:deepslate_diamond_ore navigation_elapsed_ms=157336 navigation_ticks=3144 searching=false path_index=0 path_length=5 retries=0 pending_route_events=0 dropped_route_events=0 status=mining_and_collecting_minecraft:diamond___25/32
[16:19:09] [Render thread/INFO] (lodekeeper) [Lodekeeper] BREAK target=Mutable{x=-25, y=-42, z=52} block=Block{minecraft:deepslate} tool=minecraft:diamond_pickaxe slot=1 remaining=1401 required=route
[16:19:10] [Render thread/INFO] (lodekeeper) [Lodekeeper] BREAK target=Mutable{x=-25, y=-41, z=52} block=Block{minecraft:deepslate} tool=minecraft:diamond_pickaxe slot=1 remaining=1400 required=route
[16:19:11] [Render thread/INFO] (lodekeeper) [Lodekeeper] PROGRESS elapsed_ms=434568 phase=traveling backend=baritone target=-25,-40,52 block=minecraft:deepslate_diamond_ore navigation_elapsed_ms=159354 navigation_ticks=3184 searching=false path_index=0 path_length=3 retries=0 pending_route_events=0 dropped_route_events=0 status=mining_and_collecting_minecraft:diamond___25/32
[16:19:11] [Render thread/INFO] (lodekeeper) [Lodekeeper] BREAK target=Mutable{x=-25, y=-40, z=52} block=Block{minecraft:deepslate_diamond_ore} tool=minecraft:diamond_pickaxe slot=1 remaining=1399 required=minecraft:diamond_pickaxe
[16:19:12] [Render thread/INFO] (lodekeeper) [Lodekeeper] NAV backend=baritone mode=MINE event=NEXT_SEGMENT_CALC_STARTED elapsedMs=160696
[16:19:12] [Render thread/INFO] (lodekeeper) [Lodekeeper] NAV discovered=1 retained=64 rejected=0 requestTicks=3212 phase=MINE
[16:19:12] [Render thread/INFO] (lodekeeper) [Lodekeeper] TARGET target=-26,-41,52 block=minecraft:deepslate_diamond_ore
[16:19:12] [Render thread/INFO] (lodekeeper) [Lodekeeper] NAV backend=baritone mode=MINE event=NEXT_SEGMENT_CALC_FINISHED elapsedMs=160765
[16:19:12] [Render thread/INFO] (lodekeeper) [Lodekeeper] NAV backend=baritone mode=MINE event=CALC_STARTED elapsedMs=160765
[16:19:12] [Render thread/INFO] (lodekeeper) [Lodekeeper] NAV calcTool=minecraft:cobblestone slot=5
[16:19:12] [Render thread/INFO] (lodekeeper) [Lodekeeper] NAV backend=baritone mode=MINE event=CALC_FINISHED_NOW_EXECUTING elapsedMs=160765
[16:19:12] [Render thread/INFO] (lodekeeper) [Lodekeeper] BREAK target=Mutable{x=-26, y=-41, z=52} block=Block{minecraft:deepslate_diamond_ore} tool=minecraft:diamond_pickaxe slot=1 remaining=1398 required=minecraft:diamond_pickaxe
[16:19:13] [Render thread/INFO] (lodekeeper) [Lodekeeper] PROGRESS elapsed_ms=436627 phase=traveling backend=baritone target=-26,-41,52 block=minecraft:deepslate_diamond_ore navigation_elapsed_ms=161345 navigation_ticks=3224 searching=false path_index=0 path_length=2 retries=0 pending_route_events=0 dropped_route_events=0 status=mining_and_collecting_minecraft:diamond___26/32
[16:19:14] [Render thread/INFO] (lodekeeper) [Lodekeeper] NAV discovered=1 retained=64 rejected=0 requestTicks=3238 phase=MINE
[16:19:14] [Render thread/INFO] (lodekeeper) [Lodekeeper] TARGET target=-26,-40,52 block=minecraft:deepslate_diamond_ore
[16:19:14] [Render thread/INFO] (lodekeeper) [Lodekeeper] BREAK target=Mutable{x=-26, y=-40, z=52} block=Block{minecraft:deepslate_diamond_ore} tool=minecraft:diamond_pickaxe slot=1 remaining=1397 required=minecraft:diamond_pickaxe
[16:19:15] [Render thread/INFO] (lodekeeper) [Lodekeeper] TARGET target=none
[16:19:15] [Render thread/INFO] (lodekeeper) [Lodekeeper] NAV discovered=1 retained=64 rejected=0 requestTicks=3261 phase=MINE
[16:19:15] [Render thread/INFO] (lodekeeper) [Lodekeeper] NAV backend=baritone mode=MINE event=CALC_STARTED elapsedMs=163189
[16:19:15] [Render thread/INFO] (lodekeeper) [Lodekeeper] NAV calcTool=minecraft:diamond_pickaxe slot=1
[16:19:15] [Render thread/INFO] (lodekeeper) [Lodekeeper] NAV backend=baritone mode=MINE event=CALC_FINISHED_NOW_EXECUTING elapsedMs=163189
[16:19:15] [Render thread/INFO] (lodekeeper) [Lodekeeper] TARGET target=-26,-40,53 block=minecraft:deepslate_diamond_ore
[16:19:15] [Render thread/INFO] (lodekeeper) [Lodekeeper] BREAK target=Mutable{x=-26, y=-40, z=53} block=Block{minecraft:deepslate_diamond_ore} tool=minecraft:diamond_pickaxe slot=1 remaining=1396 required=minecraft:diamond_pickaxe
[16:19:15] [Render thread/INFO] (lodekeeper) [Lodekeeper] PROGRESS elapsed_ms=438675 phase=traveling backend=baritone target=-26,-40,53 block=minecraft:deepslate_diamond_ore navigation_elapsed_ms=163563 navigation_ticks=3268 searching=false path_index=0 path_length=2 retries=0 pending_route_events=0 dropped_route_events=0 status=mining_and_collecting_minecraft:diamond___28/32
[16:19:16] [Render thread/INFO] (lodekeeper) [Lodekeeper] NAV discovered=1 retained=64 rejected=0 requestTicks=3286 phase=MINE
[16:19:16] [Render thread/INFO] (lodekeeper) [Lodekeeper] NAV backend=baritone mode=MINE event=CALC_STARTED elapsedMs=164450
[16:19:16] [Render thread/INFO] (lodekeeper) [Lodekeeper] NAV calcTool=minecraft:diamond_pickaxe slot=1
[16:19:16] [Render thread/INFO] (lodekeeper) [Lodekeeper] NAV backend=baritone mode=MINE event=CALC_FINISHED_NOW_EXECUTING elapsedMs=164450
[16:19:16] [Render thread/INFO] (lodekeeper) [Lodekeeper] TARGET target=-25,-40,53 block=minecraft:deepslate_diamond_ore
[16:19:16] [Render thread/INFO] (lodekeeper) [Lodekeeper] BREAK target=Mutable{x=-26, y=-41, z=53} block=Block{minecraft:deepslate} tool=minecraft:diamond_pickaxe slot=1 remaining=1395 required=route
[16:19:17] [Render thread/INFO] (lodekeeper) [Lodekeeper] BREAK target=Mutable{x=-25, y=-40, z=53} block=Block{minecraft:deepslate_diamond_ore} tool=minecraft:diamond_pickaxe slot=1 remaining=1394 required=minecraft:diamond_pickaxe
[16:19:17] [Render thread/INFO] (lodekeeper) [Lodekeeper] PROGRESS elapsed_ms=440725 phase=traveling backend=baritone target=-25,-40,53 block=minecraft:deepslate_diamond_ore navigation_elapsed_ms=165544 navigation_ticks=3308 searching=false path_index=0 path_length=2 retries=0 pending_route_events=0 dropped_route_events=0 status=mining_and_collecting_minecraft:diamond___29/32
[16:19:18] [Render thread/INFO] (lodekeeper) [Lodekeeper] TARGET target=-25,-39,53 block=minecraft:deepslate_diamond_ore
[16:19:18] [Render thread/INFO] (lodekeeper) [Lodekeeper] BREAK target=Mutable{x=-26, y=-39, z=53} block=Block{minecraft:deepslate} tool=minecraft:diamond_pickaxe slot=1 remaining=1393 required=route
[16:19:18] [Render thread/INFO] (lodekeeper) [Lodekeeper] NAV discovered=1 retained=64 rejected=0 requestTicks=3336 phase=MINE
[16:19:18] [Render thread/INFO] (lodekeeper) [Lodekeeper] TARGET target=none
[16:19:18] [Render thread/INFO] (lodekeeper) [Lodekeeper] ROUTE_SEARCH kind=unknown anchor=unknown feet_y16=0 candidates=0 target=none elapsed_ms=442054
[16:19:18] [Render thread/INFO] (lodekeeper) [Lodekeeper] NAV backend=baritone mode=MINE event=CALC_STARTED elapsedMs=166944
[16:19:18] [Render thread/INFO] (lodekeeper) [Lodekeeper] NAV calcTool=minecraft:diamond_pickaxe slot=1
[16:19:18] [Render thread/INFO] (lodekeeper) [Lodekeeper] NAV backend=baritone mode=MINE event=CALC_FINISHED_NOW_EXECUTING elapsedMs=167014
[16:19:19] [Render thread/INFO] (lodekeeper) [Lodekeeper] TARGET target=-20,-55,53 block=minecraft:deepslate_diamond_ore
[16:19:19] [Render thread/INFO] (lodekeeper) [Lodekeeper] ROUTE_TRAVEL path_index=0 path_length=15 target=-20,-55,53 block=minecraft:deepslate_diamond_ore elapsed_ms=442260
[16:19:19] [Render thread/INFO] (lodekeeper) [Lodekeeper] PROGRESS elapsed_ms=442773 phase=traveling backend=baritone target=-20,-55,53 block=minecraft:deepslate_diamond_ore navigation_elapsed_ms=167560 navigation_ticks=3348 searching=false path_index=0 path_length=15 retries=0 pending_route_events=0 dropped_route_events=0 status=mining_and_collecting_minecraft:diamond___30/32
[16:19:19] [Render thread/INFO] (lodekeeper) [Lodekeeper] BREAK target=Mutable{x=-25, y=-43, z=52} block=Block{minecraft:cobblestone} tool=minecraft:diamond_pickaxe slot=1 remaining=1393 required=route
[16:19:20] [Render thread/INFO] (lodekeeper) [Lodekeeper] BREAK target=Mutable{x=-25, y=-44, z=52} block=Block{minecraft:cobblestone} tool=minecraft:diamond_pickaxe slot=1 remaining=1392 required=route
[16:19:21] [Render thread/INFO] (lodekeeper) [Lodekeeper] BREAK target=Mutable{x=-25, y=-45, z=52} block=Block{minecraft:cobblestone} tool=minecraft:diamond_pickaxe slot=1 remaining=1391 required=route
[16:19:21] [Render thread/INFO] (lodekeeper) [Lodekeeper] PROGRESS elapsed_ms=444774 phase=traveling backend=baritone target=-20,-55,53 block=minecraft:deepslate_diamond_ore navigation_elapsed_ms=169558 navigation_ticks=3388 searching=false path_index=0 path_length=12 retries=0 pending_route_events=0 dropped_route_events=0 status=mining_and_collecting_minecraft:diamond___30/32
[16:19:21] [Render thread/INFO] (lodekeeper) [Lodekeeper] BREAK target=Mutable{x=-25, y=-46, z=52} block=Block{minecraft:cobblestone} tool=minecraft:diamond_pickaxe slot=1 remaining=1390 required=route
[16:19:22] [Render thread/INFO] (lodekeeper) [Lodekeeper] BREAK target=Mutable{x=-25, y=-47, z=52} block=Block{minecraft:deepslate} tool=minecraft:diamond_pickaxe slot=1 remaining=1389 required=route
[16:19:23] [Render thread/INFO] (lodekeeper) [Lodekeeper] BREAK target=Mutable{x=-25, y=-48, z=52} block=Block{minecraft:deepslate} tool=minecraft:diamond_pickaxe slot=1 remaining=1388 required=route
[16:19:23] [Render thread/INFO] (lodekeeper) [Lodekeeper] PROGRESS elapsed_ms=446818 phase=traveling backend=baritone target=-20,-55,53 block=minecraft:deepslate_diamond_ore navigation_elapsed_ms=171536 navigation_ticks=3428 searching=false path_index=0 path_length=9 retries=0 pending_route_events=0 dropped_route_events=0 status=mining_and_collecting_minecraft:diamond___30/32
[16:19:24] [Render thread/INFO] (lodekeeper) [Lodekeeper] BREAK target=Mutable{x=-25, y=-49, z=52} block=Block{minecraft:deepslate} tool=minecraft:diamond_pickaxe slot=1 remaining=1387 required=route
[16:19:25] [Render thread/INFO] (lodekeeper) [Lodekeeper] BREAK target=Mutable{x=-24, y=-48, z=52} block=Block{minecraft:deepslate} tool=minecraft:diamond_pickaxe slot=1 remaining=1386 required=route
[16:19:25] [Render thread/INFO] (lodekeeper) [Lodekeeper] PROGRESS elapsed_ms=448828 phase=traveling backend=baritone target=-20,-55,53 block=minecraft:deepslate_diamond_ore navigation_elapsed_ms=173548 navigation_ticks=3468 searching=false path_index=0 path_length=7 retries=0 pending_route_events=0 dropped_route_events=0 status=mining_and_collecting_minecraft:diamond___30/32
[16:19:26] [Render thread/INFO] (lodekeeper) [Lodekeeper] BREAK target=Mutable{x=-24, y=-49, z=52} block=Block{minecraft:deepslate} tool=minecraft:diamond_pickaxe slot=1 remaining=1385 required=route
[16:19:26] [Render thread/INFO] (lodekeeper) [Lodekeeper] BREAK target=Mutable{x=-24, y=-50, z=52} block=Block{minecraft:deepslate} tool=minecraft:diamond_pickaxe slot=1 remaining=1384 required=route
[16:19:27] [Render thread/INFO] (lodekeeper) [Lodekeeper] PROGRESS elapsed_ms=450873 phase=traveling backend=baritone target=-20,-55,53 block=minecraft:deepslate_diamond_ore navigation_elapsed_ms=175761 navigation_ticks=3512 searching=false path_index=0 path_length=7 retries=0 pending_route_events=0 dropped_route_events=0 status=mining_and_collecting_minecraft:diamond___30/32
[16:19:27] [Render thread/INFO] (lodekeeper) [Lodekeeper] BREAK target=Mutable{x=-23, y=-49, z=52} block=Block{minecraft:deepslate} tool=minecraft:diamond_pickaxe slot=1 remaining=1383 required=route
[16:19:28] [Render thread/INFO] (lodekeeper) [Lodekeeper] BREAK target=Mutable{x=-23, y=-50, z=52} block=Block{minecraft:deepslate} tool=minecraft:diamond_pickaxe slot=1 remaining=1382 required=route
[16:19:29] [Render thread/INFO] (lodekeeper) [Lodekeeper] PROGRESS elapsed_ms=452926 phase=traveling backend=baritone target=-20,-55,53 block=minecraft:deepslate_diamond_ore navigation_elapsed_ms=177748 navigation_ticks=3552 searching=false path_index=0 path_length=6 retries=0 pending_route_events=0 dropped_route_events=0 status=mining_and_collecting_minecraft:diamond___30/32
[16:19:29] [Render thread/INFO] (lodekeeper) [Lodekeeper] BREAK target=Mutable{x=-23, y=-51, z=52} block=Block{minecraft:deepslate} tool=minecraft:diamond_pickaxe slot=1 remaining=1381 required=route
[16:19:30] [Render thread/INFO] (lodekeeper) [Lodekeeper] BREAK target=Mutable{x=-22, y=-50, z=52} block=Block{minecraft:deepslate} tool=minecraft:diamond_pickaxe slot=1 remaining=1380 required=route
[16:19:31] [Render thread/INFO] (lodekeeper) [Lodekeeper] BREAK target=Mutable{x=-22, y=-51, z=52} block=Block{minecraft:deepslate} tool=minecraft:diamond_pickaxe slot=1 remaining=1379 required=route
[16:19:31] [Render thread/INFO] (lodekeeper) [Lodekeeper] PROGRESS elapsed_ms=454975 phase=traveling backend=baritone target=-20,-55,53 block=minecraft:deepslate_diamond_ore navigation_elapsed_ms=179760 navigation_ticks=3592 searching=false path_index=0 path_length=5 retries=0 pending_route_events=0 dropped_route_events=0 status=mining_and_collecting_minecraft:diamond___30/32
[16:19:32] [Render thread/INFO] (lodekeeper) [Lodekeeper] BREAK target=Mutable{x=-22, y=-52, z=52} block=Block{minecraft:deepslate} tool=minecraft:diamond_pickaxe slot=1 remaining=1378 required=route
[16:19:33] [Render thread/INFO] (lodekeeper) [Lodekeeper] BREAK target=Mutable{x=-22, y=-51, z=53} block=Block{minecraft:deepslate} tool=minecraft:diamond_pickaxe slot=1 remaining=1377 required=route
[16:19:33] [Render thread/INFO] (lodekeeper) [Lodekeeper] PROGRESS elapsed_ms=457028 phase=traveling backend=baritone target=-20,-55,53 block=minecraft:deepslate_diamond_ore navigation_elapsed_ms=181746 navigation_ticks=3632 searching=false path_index=0 path_length=4 retries=0 pending_route_events=0 dropped_route_events=0 status=mining_and_collecting_minecraft:diamond___30/32
[16:19:34] [Render thread/INFO] (lodekeeper) [Lodekeeper] BREAK target=Mutable{x=-22, y=-52, z=53} block=Block{minecraft:deepslate} tool=minecraft:diamond_pickaxe slot=1 remaining=1376 required=route
[16:19:35] [Render thread/INFO] (lodekeeper) [Lodekeeper] BREAK target=Mutable{x=-22, y=-53, z=53} block=Block{minecraft:deepslate} tool=minecraft:diamond_pickaxe slot=1 remaining=1375 required=route
[16:19:35] [Render thread/INFO] (lodekeeper) [Lodekeeper] PROGRESS elapsed_ms=459068 phase=traveling backend=baritone target=-20,-55,53 block=minecraft:deepslate_diamond_ore navigation_elapsed_ms=183957 navigation_ticks=3676 searching=false path_index=0 path_length=4 retries=0 pending_route_events=0 dropped_route_events=0 status=mining_and_collecting_minecraft:diamond___30/32
[16:19:36] [Render thread/INFO] (lodekeeper) [Lodekeeper] BREAK target=Mutable{x=-21, y=-52, z=53} block=Block{minecraft:deepslate} tool=minecraft:diamond_pickaxe slot=1 remaining=1374 required=route
[16:19:37] [Render thread/INFO] (lodekeeper) [Lodekeeper] BREAK target=Mutable{x=-21, y=-53, z=53} block=Block{minecraft:deepslate} tool=minecraft:diamond_pickaxe slot=1 remaining=1373 required=route
[16:19:37] [Render thread/INFO] (lodekeeper) [Lodekeeper] PROGRESS elapsed_ms=461115 phase=traveling backend=baritone target=-20,-55,53 block=minecraft:deepslate_diamond_ore navigation_elapsed_ms=185935 navigation_ticks=3716 searching=false path_index=0 path_length=3 retries=0 pending_route_events=0 dropped_route_events=0 status=mining_and_collecting_minecraft:diamond___30/32
[16:19:38] [Render thread/INFO] (lodekeeper) [Lodekeeper] BREAK target=Mutable{x=-21, y=-54, z=53} block=Block{minecraft:deepslate} tool=minecraft:diamond_pickaxe slot=1 remaining=1372 required=route
[16:19:39] [Render thread/INFO] (lodekeeper) [Lodekeeper] BREAK target=Mutable{x=-20, y=-53, z=53} block=Block{minecraft:deepslate} tool=minecraft:diamond_pickaxe slot=1 remaining=1371 required=route
[16:19:40] [Render thread/INFO] (lodekeeper) [Lodekeeper] PROGRESS elapsed_ms=463169 phase=traveling backend=baritone target=-20,-55,53 block=minecraft:deepslate_diamond_ore navigation_elapsed_ms=187953 navigation_ticks=3756 searching=false path_index=0 path_length=2 retries=0 pending_route_events=0 dropped_route_events=0 status=mining_and_collecting_minecraft:diamond___30/32
[16:19:40] [Render thread/INFO] (lodekeeper) [Lodekeeper] BREAK target=Mutable{x=-20, y=-54, z=53} block=Block{minecraft:deepslate_diamond_ore} tool=minecraft:diamond_pickaxe slot=1 remaining=1370 required=minecraft:diamond_pickaxe
[16:19:41] [Render thread/INFO] (lodekeeper) [Lodekeeper] NAV discovered=1 retained=64 rejected=0 requestTicks=3785 phase=MINE
[16:19:41] [Render thread/INFO] (lodekeeper) [Lodekeeper] BREAK target=Mutable{x=-20, y=-55, z=53} block=Block{minecraft:deepslate_diamond_ore} tool=minecraft:diamond_pickaxe slot=1 remaining=1369 required=minecraft:diamond_pickaxe
[16:19:42] [Render thread/INFO] (lodekeeper) [Lodekeeper] PROGRESS elapsed_ms=465176 phase=traveling backend=baritone target=-20,-55,53 block=minecraft:deepslate_diamond_ore navigation_elapsed_ms=189963 navigation_ticks=3796 searching=false path_index=0 path_length=2 retries=0 pending_route_events=0 dropped_route_events=0 status=mining_and_collecting_minecraft:diamond___31/32
[16:19:42] [Render thread/INFO] (lodekeeper) [Lodekeeper] NAV discovered=1 retained=64 rejected=0 requestTicks=3808 phase=MINE
[16:19:42] [Render thread/INFO] (lodekeeper) [Lodekeeper] TARGET target=-20,-54,54 block=minecraft:deepslate_diamond_ore
[16:19:42] [Render thread/INFO] (lodekeeper) [Lodekeeper] NAV backend=baritone mode=MINE event=CALC_STARTED elapsedMs=190542
[16:19:42] [Render thread/INFO] (lodekeeper) [Lodekeeper] NAV calcTool=minecraft:diamond_pickaxe slot=1
[16:19:42] [Render thread/INFO] (lodekeeper) [Lodekeeper] NAV backend=baritone mode=MINE event=CALC_FINISHED_NOW_EXECUTING elapsedMs=190542
[16:19:42] [Render thread/INFO] (lodekeeper) [Lodekeeper] TARGET target=none
[16:19:42] [Render thread/INFO] (lodekeeper) [Lodekeeper] NAV backend=baritone mode=IDLE event=CANCELED elapsedMs=190913
[16:19:42] [Render thread/INFO] (lodekeeper) [Lodekeeper] NAV backend=baritone mode=IDLE event=CANCELED elapsedMs=190913
[16:19:43] [Render thread/INFO] (lodekeeper) [Lodekeeper] STATION_POLICY decision=replace_distant station=minecraft:furnace position=BlockPos{x=-25, y=46, z=44}
[16:19:43] [lodekeeper-planner/INFO] (lodekeeper) [Lodekeeper] PROJECT_MATERIALS project=gear_diamond before=[] after=[]
[16:19:43] [lodekeeper-planner/INFO] (lodekeeper) [Lodekeeper] PLAN project=gear_diamond success=true steps=11 branches=45 elapsedMs=1.549866
[16:19:43] [Render thread/INFO] (lodekeeper) [Lodekeeper] STEP kind=CRAFT source=minecraft:stick output=minecraft:stick count=4 operations=1 auxiliary=false
[16:19:44] [Render thread/INFO] (lodekeeper) [Lodekeeper] PROGRESS elapsed_ms=467216 phase=crafting backend=baritone target=none navigation_elapsed_ms=0 navigation_ticks=0 searching=false path_index=0 path_length=0 retries=0 pending_route_events=0 dropped_route_events=0 status=CRAFT_minecraft:stick
[16:19:45] [Render thread/INFO] (lodekeeper) [Lodekeeper] STATION_POLICY decision=replace_distant station=minecraft:furnace position=BlockPos{x=-25, y=46, z=44}
[16:19:45] [lodekeeper-planner/INFO] (lodekeeper) [Lodekeeper] PROJECT_MATERIALS project=gear_diamond before=[] after=[]
[16:19:45] [lodekeeper-planner/INFO] (lodekeeper) [Lodekeeper] PLAN project=gear_diamond success=true steps=10 branches=41 elapsedMs=0.832949
[16:19:45] [Render thread/INFO] (lodekeeper) [Lodekeeper] STEP kind=PLACE_STATION source=place:minecraft:crafting_table output=null count=0 operations=1 auxiliary=false
[16:19:45] [Render thread/INFO] (lodekeeper) [Lodekeeper] TARGET target=-21,-54,53 block=minecraft:crafting_table
[16:19:45] [Render thread/INFO] (lodekeeper) [Lodekeeper] STATION_POLICY decision=replace_distant station=minecraft:furnace position=BlockPos{x=-25, y=46, z=44}
[16:19:45] [Render thread/INFO] (lodekeeper) [Lodekeeper] TARGET target=none
[16:19:45] [lodekeeper-planner/INFO] (lodekeeper) [Lodekeeper] PROJECT_MATERIALS project=gear_diamond before=[] after=[]
[16:19:45] [lodekeeper-planner/INFO] (lodekeeper) [Lodekeeper] PLAN project=gear_diamond success=true steps=9 branches=40 elapsedMs=0.761996
[16:19:45] [Render thread/INFO] (lodekeeper) [Lodekeeper] STEP kind=CRAFT source=minecraft:diamond_axe output=minecraft:diamond_axe count=1 operations=1 auxiliary=false
[16:19:46] [Render thread/INFO] (lodekeeper) [Lodekeeper] PROGRESS elapsed_ms=469226 phase=crafting backend=baritone target=none navigation_elapsed_ms=0 navigation_ticks=0 searching=false path_index=0 path_length=0 retries=0 pending_route_events=0 dropped_route_events=0 status=CRAFT_minecraft:diamond_axe
[16:19:48] [Render thread/INFO] (lodekeeper) [Lodekeeper] PROGRESS elapsed_ms=471274 phase=crafting backend=baritone target=none navigation_elapsed_ms=0 navigation_ticks=0 searching=false path_index=0 path_length=0 retries=0 pending_route_events=0 dropped_route_events=0 status=CRAFT_minecraft:diamond_axe
[16:19:49] [Render thread/INFO] (lodekeeper) [Lodekeeper] STATION_POLICY decision=replace_distant station=minecraft:furnace position=BlockPos{x=-25, y=46, z=44}
[16:19:49] [lodekeeper-planner/INFO] (lodekeeper) [Lodekeeper] PROJECT_MATERIALS project=gear_diamond before=[] after=[]
[16:19:49] [lodekeeper-planner/INFO] (lodekeeper) [Lodekeeper] PLAN project=gear_diamond success=true steps=8 branches=35 elapsedMs=0.974202
[16:19:49] [Render thread/INFO] (lodekeeper) [Lodekeeper] STEP kind=CRAFT source=minecraft:diamond_boots output=minecraft:diamond_boots count=1 operations=1 auxiliary=false
[16:19:50] [Render thread/INFO] (lodekeeper) [Lodekeeper] PROGRESS elapsed_ms=473317 phase=crafting backend=baritone target=none navigation_elapsed_ms=0 navigation_ticks=0 searching=false path_index=0 path_length=0 retries=0 pending_route_events=0 dropped_route_events=0 status=CRAFT_minecraft:diamond_boots
[16:19:52] [Render thread/INFO] (lodekeeper) [Lodekeeper] PROGRESS elapsed_ms=475321 phase=crafting backend=baritone target=none navigation_elapsed_ms=0 navigation_ticks=0 searching=false path_index=0 path_length=0 retries=0 pending_route_events=0 dropped_route_events=0 status=CRAFT_minecraft:diamond_boots
[16:19:52] [Render thread/INFO] (lodekeeper) [Lodekeeper] STATION_POLICY decision=replace_distant station=minecraft:furnace position=BlockPos{x=-25, y=46, z=44}
[16:19:52] [lodekeeper-planner/INFO] (lodekeeper) [Lodekeeper] PROJECT_MATERIALS project=gear_diamond before=[] after=[]
[16:19:52] [lodekeeper-planner/INFO] (lodekeeper) [Lodekeeper] PLAN project=gear_diamond success=true steps=7 branches=31 elapsedMs=0.784263
[16:19:52] [Render thread/INFO] (lodekeeper) [Lodekeeper] STEP kind=CRAFT source=minecraft:diamond_chestplate output=minecraft:diamond_chestplate count=1 operations=1 auxiliary=false
[16:19:54] [Render thread/INFO] (lodekeeper) [Lodekeeper] PROGRESS elapsed_ms=477367 phase=crafting backend=baritone target=none navigation_elapsed_ms=0 navigation_ticks=0 searching=false path_index=0 path_length=0 retries=0 pending_route_events=0 dropped_route_events=0 status=CRAFT_minecraft:diamond_chestplate
[16:19:56] [Render thread/INFO] (lodekeeper) [Lodekeeper] PROGRESS elapsed_ms=479416 phase=crafting backend=baritone target=none navigation_elapsed_ms=0 navigation_ticks=0 searching=false path_index=0 path_length=0 retries=0 pending_route_events=0 dropped_route_events=0 status=CRAFT_minecraft:diamond_chestplate
[16:19:58] [Render thread/INFO] (lodekeeper) [Lodekeeper] PROGRESS elapsed_ms=481470 phase=crafting backend=baritone target=none navigation_elapsed_ms=0 navigation_ticks=0 searching=false path_index=0 path_length=0 retries=0 pending_route_events=0 dropped_route_events=0 status=CRAFT_minecraft:diamond_chestplate
[16:19:58] [Render thread/INFO] (lodekeeper) [Lodekeeper] STATION_POLICY decision=replace_distant station=minecraft:furnace position=BlockPos{x=-25, y=46, z=44}
[16:19:58] [lodekeeper-planner/INFO] (lodekeeper) [Lodekeeper] PROJECT_MATERIALS project=gear_diamond before=[] after=[]
[16:19:58] [lodekeeper-planner/INFO] (lodekeeper) [Lodekeeper] PLAN project=gear_diamond success=true steps=6 branches=27 elapsedMs=0.66588
[16:19:59] [Render thread/INFO] (lodekeeper) [Lodekeeper] STEP kind=CRAFT source=minecraft:diamond_helmet output=minecraft:diamond_helmet count=1 operations=1 auxiliary=false
[16:20:00] [Render thread/INFO] (lodekeeper) [Lodekeeper] PROGRESS elapsed_ms=483517 phase=crafting backend=baritone target=none navigation_elapsed_ms=0 navigation_ticks=0 searching=false path_index=0 path_length=0 retries=0 pending_route_events=0 dropped_route_events=0 status=CRAFT_minecraft:diamond_helmet
[16:20:02] [Render thread/INFO] (lodekeeper) [Lodekeeper] PROGRESS elapsed_ms=485525 phase=crafting backend=baritone target=none navigation_elapsed_ms=0 navigation_ticks=0 searching=false path_index=0 path_length=0 retries=0 pending_route_events=0 dropped_route_events=0 status=CRAFT_minecraft:diamond_helmet
[16:20:03] [Render thread/INFO] (lodekeeper) [Lodekeeper] STATION_POLICY decision=replace_distant station=minecraft:furnace position=BlockPos{x=-25, y=46, z=44}
[16:20:03] [lodekeeper-planner/INFO] (lodekeeper) [Lodekeeper] PROJECT_MATERIALS project=gear_diamond before=[] after=[]
[16:20:03] [lodekeeper-planner/INFO] (lodekeeper) [Lodekeeper] PLAN project=gear_diamond success=true steps=5 branches=23 elapsedMs=0.55949
[16:20:03] [Render thread/INFO] (lodekeeper) [Lodekeeper] STEP kind=CRAFT source=minecraft:diamond_hoe output=minecraft:diamond_hoe count=1 operations=1 auxiliary=false
[16:20:04] [Render thread/INFO] (lodekeeper) [Lodekeeper] PROGRESS elapsed_ms=487577 phase=crafting backend=baritone target=none navigation_elapsed_ms=0 navigation_ticks=0 searching=false path_index=0 path_length=0 retries=0 pending_route_events=0 dropped_route_events=0 status=CRAFT_minecraft:diamond_hoe
[16:20:06] [Render thread/INFO] (lodekeeper) [Lodekeeper] STATION_POLICY decision=replace_distant station=minecraft:furnace position=BlockPos{x=-25, y=46, z=44}
[16:20:06] [Render thread/INFO] (lodekeeper) [Lodekeeper] PROGRESS elapsed_ms=489630 phase=planning backend=baritone target=none navigation_elapsed_ms=0 navigation_ticks=0 searching=false path_index=0 path_length=0 retries=0 pending_route_events=0 dropped_route_events=0 status=planning
[16:20:06] [lodekeeper-planner/INFO] (lodekeeper) [Lodekeeper] PROJECT_MATERIALS project=gear_diamond before=[] after=[]
[16:20:06] [lodekeeper-planner/INFO] (lodekeeper) [Lodekeeper] PLAN project=gear_diamond success=true steps=4 branches=18 elapsedMs=0.57925
[16:20:06] [Render thread/INFO] (lodekeeper) [Lodekeeper] STEP kind=CRAFT source=minecraft:diamond_leggings output=minecraft:diamond_leggings count=1 operations=1 auxiliary=false
[16:20:08] [Render thread/INFO] (lodekeeper) [Lodekeeper] PROGRESS elapsed_ms=491674 phase=crafting backend=baritone target=none navigation_elapsed_ms=0 navigation_ticks=0 searching=false path_index=0 path_length=0 retries=0 pending_route_events=0 dropped_route_events=0 status=CRAFT_minecraft:diamond_leggings
[16:20:10] [Render thread/INFO] (lodekeeper) [Lodekeeper] PROGRESS elapsed_ms=493729 phase=crafting backend=baritone target=none navigation_elapsed_ms=0 navigation_ticks=0 searching=false path_index=0 path_length=0 retries=0 pending_route_events=0 dropped_route_events=0 status=CRAFT_minecraft:diamond_leggings
[16:20:12] [Render thread/INFO] (lodekeeper) [Lodekeeper] STATION_POLICY decision=replace_distant station=minecraft:furnace position=BlockPos{x=-25, y=46, z=44}
[16:20:12] [lodekeeper-planner/INFO] (lodekeeper) [Lodekeeper] PROJECT_MATERIALS project=gear_diamond before=[] after=[]
[16:20:12] [lodekeeper-planner/INFO] (lodekeeper) [Lodekeeper] PLAN project=gear_diamond success=true steps=3 branches=14 elapsedMs=0.523365
[16:20:12] [Render thread/INFO] (lodekeeper) [Lodekeeper] STEP kind=CRAFT source=minecraft:stick output=minecraft:stick count=4 operations=1 auxiliary=false
[16:20:12] [Render thread/INFO] (lodekeeper) [Lodekeeper] PROGRESS elapsed_ms=495777 phase=crafting backend=baritone target=none navigation_elapsed_ms=0 navigation_ticks=0 searching=false path_index=0 path_length=0 retries=0 pending_route_events=0 dropped_route_events=0 status=CRAFT_minecraft:stick
[16:20:13] [Render thread/INFO] (lodekeeper) [Lodekeeper] STATION_POLICY decision=replace_distant station=minecraft:furnace position=BlockPos{x=-25, y=46, z=44}
[16:20:13] [lodekeeper-planner/INFO] (lodekeeper) [Lodekeeper] PROJECT_MATERIALS project=gear_diamond before=[] after=[]
[16:20:13] [lodekeeper-planner/INFO] (lodekeeper) [Lodekeeper] PLAN project=gear_diamond success=true steps=2 branches=10 elapsedMs=0.657862
[16:20:13] [Render thread/INFO] (lodekeeper) [Lodekeeper] STEP kind=CRAFT source=minecraft:diamond_shovel output=minecraft:diamond_shovel count=1 operations=1 auxiliary=false
[16:20:14] [Render thread/INFO] (lodekeeper) [Lodekeeper] PROGRESS elapsed_ms=497810 phase=crafting backend=baritone target=none navigation_elapsed_ms=0 navigation_ticks=0 searching=false path_index=0 path_length=0 retries=0 pending_route_events=0 dropped_route_events=0 status=CRAFT_minecraft:diamond_shovel
[16:20:16] [Render thread/INFO] (lodekeeper) [Lodekeeper] STATION_POLICY decision=replace_distant station=minecraft:furnace position=BlockPos{x=-25, y=46, z=44}
[16:20:16] [lodekeeper-planner/INFO] (lodekeeper) [Lodekeeper] PROJECT_MATERIALS project=gear_diamond before=[] after=[]
[16:20:16] [lodekeeper-planner/INFO] (lodekeeper) [Lodekeeper] PLAN project=gear_diamond success=true steps=1 branches=5 elapsedMs=0.50178
[16:20:16] [Render thread/INFO] (lodekeeper) [Lodekeeper] STEP kind=CRAFT source=minecraft:diamond_sword output=minecraft:diamond_sword count=1 operations=1 auxiliary=false
[16:20:16] [Render thread/INFO] (lodekeeper) [Lodekeeper] PROGRESS elapsed_ms=499826 phase=crafting backend=baritone target=none navigation_elapsed_ms=0 navigation_ticks=0 searching=false path_index=0 path_length=0 retries=0 pending_route_events=0 dropped_route_events=0 status=CRAFT_minecraft:diamond_sword
[16:20:18] [Render thread/INFO] (lodekeeper) [Lodekeeper] PROGRESS elapsed_ms=501878 phase=crafting backend=baritone target=none navigation_elapsed_ms=0 navigation_ticks=0 searching=false path_index=0 path_length=0 retries=0 pending_route_events=0 dropped_route_events=0 status=CRAFT_minecraft:diamond_sword
[16:20:19] [Render thread/INFO] (Minecraft) [System] [CHAT] [Lodekeeper] Project complete: gear_diamond (all 9 inventory targets are present)
[16:20:19] [Render thread/INFO] (lodekeeper) [Lodekeeper] task_end reason=idle label=gear_diamond___diamond_pickaxe elapsed_ms=502252 pending_route_events=0 dropped_route_events=0 status=idle
[16:20:29] [Render thread/INFO] (Minecraft) [STDOUT]: [Lodekeeper natural verification] passed; evidence: /private/tmp/lodekeeper-preview11-held-fuel-natural-1211/run/verification/evidence
