[17:51:58] [Render thread/INFO] (Minecraft) [STDOUT]: [Lodekeeper natural verification] Starting gear_diamond in a normal survival world; evidence under /private/tmp/lodekeeper-preview11-placement-natural-263/run-verification/verification/2026-10-06T16-51-58.287326Z-211ef794/evidence
[17:51:58] [Render thread/INFO] (lodekeeper) [Lodekeeper] INIT mod=0.1.0-preview.11 minecraft=26.3
[17:52:12] [Render thread/INFO] (Minecraft) [STDOUT]: [Lodekeeper natural verification] Normal integrated-world startup requested
[17:52:22] [Render thread/INFO] (Minecraft) [System] [CHAT] [Lodekeeper] Queued project gear_diamond (9 inventory targets; A full diamond tool and armor set (35 diamonds in recipes).)
[17:52:22] [Render thread/INFO] (Minecraft) [STDOUT]: [Lodekeeper natural verification] Sent !lk project gear_diamond at server tick 109
[17:52:22] [Render thread/INFO] (lodekeeper) [Lodekeeper] BEGIN label=gear_diamond___diamond_pickaxe goal=1 inventory=0 startfeet=-9,65,15 elapsed_ms=0 continued=false
[17:52:23] [lodekeeper-planner/INFO] (lodekeeper) [Lodekeeper] PLAN project=gear_diamond success=false steps=0 branches=45 elapsedMs=23.733707
[17:52:23] [lodekeeper-planner/INFO] (lodekeeper) [Lodekeeper] PROJECT_MATERIALS project=gear_diamond before=[gather:minecraft:birch_log:1, gather:minecraft:birch_log:1, gather:minecraft:birch_log:1, gather:minecraft:stone:3, gather:minecraft:iron_ore:3, gather:minecraft:stone:8, gather:minecraft:birch_log:1, gather:minecraft:diamond_ore:3, gather:minecraft:diamond_ore:3, gather:minecraft:diamond_ore:4, gather:minecraft:diamond_ore:8, gather:minecraft:diamond_ore:5, gather:minecraft:diamond_ore:2, gather:minecraft:diamond_ore:7, gather:minecraft:diamond_ore:1, gather:minecraft:acacia_log:1, gather:minecraft:diamond_ore:2] after=[gather:minecraft:birch_log:1, gather:minecraft:birch_log:1, gather:minecraft:birch_log:1, gather:minecraft:stone:3, gather:minecraft:iron_ore:3, gather:minecraft:stone:8, gather:minecraft:birch_log:1, gather:minecraft:diamond_ore:3, gather:minecraft:diamond_ore:3, gather:minecraft:diamond_ore:4, gather:minecraft:diamond_ore:8, gather:minecraft:diamond_ore:5, gather:minecraft:diamond_ore:2, gather:minecraft:diamond_ore:7, gather:minecraft:diamond_ore:1, gather:minecraft:birch_log:1, gather:minecraft:diamond_ore:2]
[17:52:23] [lodekeeper-planner/INFO] (lodekeeper) [Lodekeeper] PLAN project=gear_diamond success=true steps=43 branches=424 elapsedMs=35.539962
[17:52:23] [Render thread/INFO] (lodekeeper) [Lodekeeper] STEP kind=GATHER source=gather:minecraft:birch_log output=minecraft:birch_log count=5 operations=5 auxiliary=false
[17:52:23] [Render thread/INFO] (lodekeeper) [Lodekeeper] MINING_DEPTH policy=NEAREST desiredY=-2147483648 ceiling=2031 deficit=5 phase=MINE blocks=[Block{minecraft:birch_log}]
[17:52:24] [Render thread/INFO] (lodekeeper) [Lodekeeper] NAV scan=native-mine durationNanos=1031899257 hits=-1 requestTicks=0
[17:52:24] [Render thread/INFO] (lodekeeper) [Lodekeeper] NAV backend=baritone mode=MINE event=CALC_STARTED elapsedMs=1052
[17:52:24] [Render thread/INFO] (lodekeeper) [Lodekeeper] NAV calcTool=minecraft:air slot=0
[17:52:24] [Render thread/INFO] (lodekeeper) [Lodekeeper] ROUTE_SEARCH kind=unknown anchor=unknown feet_y16=0 candidates=0 target=none elapsed_ms=1687
[17:52:24] [Render thread/INFO] (lodekeeper) [Lodekeeper] PROGRESS elapsed_ms=2021 phase=searching backend=baritone target=none navigation_elapsed_ms=1326 navigation_ticks=16 searching=true path_index=0 path_length=0 retries=0 pending_route_events=0 dropped_route_events=0 status=mining_and_collecting_minecraft:birch_log___0/5___planning_next_route
[17:52:24] [Render thread/INFO] (lodekeeper) [Lodekeeper] NAV backend=baritone mode=MINE event=CALC_FINISHED_NOW_EXECUTING elapsedMs=1495
[17:52:24] [Render thread/INFO] (lodekeeper) [Lodekeeper] TARGET target=-6,66,14 block=minecraft:birch_log
[17:52:24] [Render thread/INFO] (lodekeeper) [Lodekeeper] ROUTE_TRAVEL path_index=0 path_length=4 target=-6,66,14 block=minecraft:birch_log elapsed_ms=2123
[17:52:25] [Render thread/INFO] (lodekeeper) [Lodekeeper] BREAK target=MutableBlockPos{x=-6, y=66, z=14} block=Block{minecraft:birch_log} tool=minecraft:air slot=0 remaining=-1 required=route
[17:52:26] [Render thread/INFO] (lodekeeper) [Lodekeeper] PROGRESS elapsed_ms=4029 phase=traveling backend=baritone target=-6,66,14 block=minecraft:birch_log navigation_elapsed_ms=3335 navigation_ticks=56 searching=false path_index=0 path_length=2 retries=0 pending_route_events=0 dropped_route_events=0 status=mining_and_collecting_minecraft:birch_log___0/5
[17:52:28] [Render thread/INFO] (lodekeeper) [Lodekeeper] TARGET target=-6,67,14 block=minecraft:birch_log
[17:52:28] [Render thread/INFO] (lodekeeper) [Lodekeeper] BREAK target=MutableBlockPos{x=-6, y=67, z=14} block=Block{minecraft:birch_log} tool=minecraft:air slot=0 remaining=-1 required=route
[17:52:28] [Render thread/INFO] (lodekeeper) [Lodekeeper] PROGRESS elapsed_ms=6032 phase=traveling backend=baritone target=-6,67,14 block=minecraft:birch_log navigation_elapsed_ms=5333 navigation_ticks=96 searching=false path_index=0 path_length=2 retries=0 pending_route_events=0 dropped_route_events=0 status=mining_and_collecting_minecraft:birch_log___1/5
[17:52:28] [Render thread/INFO] (lodekeeper) [Lodekeeper] BREAK target=MutableBlockPos{x=-6, y=67, z=14} block=Block{minecraft:birch_log} tool=minecraft:birch_log slot=0 remaining=-1 required=route
[17:52:30] [Render thread/INFO] (lodekeeper) [Lodekeeper] PROGRESS elapsed_ms=8093 phase=traveling backend=baritone target=-6,67,14 block=minecraft:birch_log navigation_elapsed_ms=7332 navigation_ticks=136 searching=false path_index=0 path_length=2 retries=0 pending_route_events=0 dropped_route_events=0 status=mining_and_collecting_minecraft:birch_log___1/5
[17:52:31] [Render thread/INFO] (lodekeeper) [Lodekeeper] TARGET target=-6,68,14 block=minecraft:birch_log
[17:52:32] [Render thread/INFO] (lodekeeper) [Lodekeeper] BREAK target=MutableBlockPos{x=-6, y=68, z=14} block=Block{minecraft:birch_log} tool=minecraft:birch_log slot=0 remaining=-1 required=route
[17:52:32] [Render thread/INFO] (lodekeeper) [Lodekeeper] PROGRESS elapsed_ms=10142 phase=traveling backend=baritone target=-6,68,14 block=minecraft:birch_log navigation_elapsed_ms=9548 navigation_ticks=180 searching=false path_index=0 path_length=2 retries=0 pending_route_events=0 dropped_route_events=0 status=mining_and_collecting_minecraft:birch_log___2/5
[17:52:34] [Render thread/INFO] (lodekeeper) [Lodekeeper] PROGRESS elapsed_ms=12190 phase=traveling backend=baritone target=-6,68,14 block=minecraft:birch_log navigation_elapsed_ms=11528 navigation_ticks=220 searching=false path_index=0 path_length=2 retries=0 pending_route_events=0 dropped_route_events=0 status=mining_and_collecting_minecraft:birch_log___2/5
[17:52:35] [Render thread/INFO] (lodekeeper) [Lodekeeper] TARGET target=-6,69,14 block=minecraft:birch_log
[17:52:35] [Render thread/INFO] (lodekeeper) [Lodekeeper] BREAK target=MutableBlockPos{x=-6, y=69, z=14} block=Block{minecraft:birch_log} tool=minecraft:birch_log slot=0 remaining=-1 required=route
[17:52:36] [Render thread/INFO] (lodekeeper) [Lodekeeper] PROGRESS elapsed_ms=14235 phase=traveling backend=baritone target=-6,69,14 block=minecraft:birch_log navigation_elapsed_ms=13541 navigation_ticks=260 searching=false path_index=0 path_length=2 retries=0 pending_route_events=0 dropped_route_events=0 status=mining_and_collecting_minecraft:birch_log___3/5
[17:52:38] [Render thread/INFO] (lodekeeper) [Lodekeeper] TARGET target=-6,70,14 block=minecraft:birch_log
[17:52:38] [Render thread/INFO] (lodekeeper) [Lodekeeper] PROGRESS elapsed_ms=16240 phase=traveling backend=baritone target=-6,70,14 block=minecraft:birch_log navigation_elapsed_ms=15544 navigation_ticks=300 searching=false path_index=0 path_length=2 retries=0 pending_route_events=0 dropped_route_events=0 status=mining_and_collecting_minecraft:birch_log___3/5
[17:52:38] [Render thread/INFO] (lodekeeper) [Lodekeeper] BREAK target=MutableBlockPos{x=-6, y=70, z=14} block=Block{minecraft:birch_log} tool=minecraft:birch_log slot=0 remaining=-1 required=route
[17:52:40] [Render thread/INFO] (lodekeeper) [Lodekeeper] PROGRESS elapsed_ms=18281 phase=traveling backend=baritone target=-6,70,14 block=minecraft:birch_log navigation_elapsed_ms=17551 navigation_ticks=340 searching=false path_index=0 path_length=2 retries=0 pending_route_events=0 dropped_route_events=0 status=mining_and_collecting_minecraft:birch_log___4/5
[17:52:41] [Render thread/INFO] (lodekeeper) [Lodekeeper] TARGET target=none
[17:52:42] [Render thread/INFO] (lodekeeper) [Lodekeeper] BREAK target=MutableBlockPos{x=-6, y=71, z=14} block=Block{minecraft:birch_log} tool=minecraft:birch_log slot=0 remaining=-1 required=route
[17:52:42] [Render thread/INFO] (lodekeeper) [Lodekeeper] PROGRESS elapsed_ms=20333 phase=planning backend=baritone target=none navigation_elapsed_ms=0 navigation_ticks=0 searching=false path_index=0 path_length=0 retries=0 pending_route_events=0 dropped_route_events=0 status=planning
[17:52:42] [lodekeeper-planner/INFO] (lodekeeper) [Lodekeeper] PROJECT_MATERIALS project=gear_diamond before=[gather:minecraft:stone:3, gather:minecraft:iron_ore:3, gather:minecraft:stone:8, gather:minecraft:diamond_ore:3, gather:minecraft:diamond_ore:3, gather:minecraft:diamond_ore:4, gather:minecraft:diamond_ore:8, gather:minecraft:diamond_ore:5, gather:minecraft:diamond_ore:2, gather:minecraft:diamond_ore:7, gather:minecraft:diamond_ore:1, gather:minecraft:acacia_log:1, gather:minecraft:diamond_ore:2] after=[gather:minecraft:stone:3, gather:minecraft:iron_ore:3, gather:minecraft:stone:8, gather:minecraft:diamond_ore:3, gather:minecraft:diamond_ore:3, gather:minecraft:diamond_ore:4, gather:minecraft:diamond_ore:8, gather:minecraft:diamond_ore:5, gather:minecraft:diamond_ore:2, gather:minecraft:diamond_ore:7, gather:minecraft:diamond_ore:1, gather:minecraft:acacia_log:1, gather:minecraft:diamond_ore:2]
[17:52:42] [lodekeeper-planner/INFO] (lodekeeper) [Lodekeeper] PLAN project=gear_diamond success=true steps=39 branches=181 elapsedMs=12.902591
[17:52:42] [Render thread/INFO] (lodekeeper) [Lodekeeper] STEP kind=CRAFT source=server:minecraft:birch_planks:59 output=minecraft:birch_planks count=4 operations=1 auxiliary=false
[17:52:44] [lodekeeper-planner/INFO] (lodekeeper) [Lodekeeper] PROJECT_MATERIALS project=gear_diamond before=[gather:minecraft:stone:3, gather:minecraft:iron_ore:3, gather:minecraft:stone:8, gather:minecraft:diamond_ore:3, gather:minecraft:diamond_ore:3, gather:minecraft:diamond_ore:4, gather:minecraft:diamond_ore:8, gather:minecraft:diamond_ore:5, gather:minecraft:diamond_ore:2, gather:minecraft:diamond_ore:7, gather:minecraft:diamond_ore:1, gather:minecraft:acacia_log:1, gather:minecraft:diamond_ore:2] after=[gather:minecraft:stone:3, gather:minecraft:iron_ore:3, gather:minecraft:stone:8, gather:minecraft:diamond_ore:3, gather:minecraft:diamond_ore:3, gather:minecraft:diamond_ore:4, gather:minecraft:diamond_ore:8, gather:minecraft:diamond_ore:5, gather:minecraft:diamond_ore:2, gather:minecraft:diamond_ore:7, gather:minecraft:diamond_ore:1, gather:minecraft:acacia_log:1, gather:minecraft:diamond_ore:2]
[17:52:44] [lodekeeper-planner/INFO] (lodekeeper) [Lodekeeper] PLAN project=gear_diamond success=true steps=38 branches=177 elapsedMs=8.318433
[17:52:44] [Render thread/INFO] (lodekeeper) [Lodekeeper] STEP kind=CRAFT source=server:minecraft:stick:1422 output=minecraft:stick count=4 operations=1 auxiliary=false
[17:52:44] [Render thread/INFO] (lodekeeper) [Lodekeeper] PROGRESS elapsed_ms=22345 phase=crafting backend=baritone target=none navigation_elapsed_ms=0 navigation_ticks=0 searching=false path_index=0 path_length=0 retries=0 pending_route_events=0 dropped_route_events=0 status=CRAFT_server:minecraft:stick:1422
[17:52:45] [lodekeeper-planner/INFO] (lodekeeper) [Lodekeeper] PROJECT_MATERIALS project=gear_diamond before=[gather:minecraft:stone:3, gather:minecraft:iron_ore:3, gather:minecraft:stone:8, gather:minecraft:diamond_ore:3, gather:minecraft:diamond_ore:3, gather:minecraft:diamond_ore:4, gather:minecraft:diamond_ore:8, gather:minecraft:diamond_ore:5, gather:minecraft:diamond_ore:2, gather:minecraft:diamond_ore:7, gather:minecraft:diamond_ore:1, gather:minecraft:acacia_log:1, gather:minecraft:diamond_ore:2] after=[gather:minecraft:stone:3, gather:minecraft:iron_ore:3, gather:minecraft:stone:8, gather:minecraft:diamond_ore:3, gather:minecraft:diamond_ore:3, gather:minecraft:diamond_ore:4, gather:minecraft:diamond_ore:8, gather:minecraft:diamond_ore:5, gather:minecraft:diamond_ore:2, gather:minecraft:diamond_ore:7, gather:minecraft:diamond_ore:1, gather:minecraft:acacia_log:1, gather:minecraft:diamond_ore:2]
[17:52:45] [lodekeeper-planner/INFO] (lodekeeper) [Lodekeeper] PLAN project=gear_diamond success=true steps=37 branches=173 elapsedMs=7.739692
[17:52:45] [Render thread/INFO] (lodekeeper) [Lodekeeper] STEP kind=CRAFT source=server:minecraft:birch_planks:59 output=minecraft:birch_planks count=4 operations=1 auxiliary=false
[17:52:46] [lodekeeper-planner/INFO] (lodekeeper) [Lodekeeper] PROJECT_MATERIALS project=gear_diamond before=[gather:minecraft:stone:3, gather:minecraft:iron_ore:3, gather:minecraft:stone:8, gather:minecraft:diamond_ore:3, gather:minecraft:diamond_ore:3, gather:minecraft:diamond_ore:4, gather:minecraft:diamond_ore:8, gather:minecraft:diamond_ore:5, gather:minecraft:diamond_ore:2, gather:minecraft:diamond_ore:7, gather:minecraft:diamond_ore:1, gather:minecraft:acacia_log:1, gather:minecraft:diamond_ore:2] after=[gather:minecraft:stone:3, gather:minecraft:iron_ore:3, gather:minecraft:stone:8, gather:minecraft:diamond_ore:3, gather:minecraft:diamond_ore:3, gather:minecraft:diamond_ore:4, gather:minecraft:diamond_ore:8, gather:minecraft:diamond_ore:5, gather:minecraft:diamond_ore:2, gather:minecraft:diamond_ore:7, gather:minecraft:diamond_ore:1, gather:minecraft:acacia_log:1, gather:minecraft:diamond_ore:2]
[17:52:46] [lodekeeper-planner/INFO] (lodekeeper) [Lodekeeper] PLAN project=gear_diamond success=true steps=36 branches=168 elapsedMs=6.425958
[17:52:46] [Render thread/INFO] (lodekeeper) [Lodekeeper] STEP kind=CRAFT source=server:minecraft:birch_planks:59 output=minecraft:birch_planks count=4 operations=1 auxiliary=false
[17:52:46] [Render thread/INFO] (lodekeeper) [Lodekeeper] PROGRESS elapsed_ms=24390 phase=crafting backend=baritone target=none navigation_elapsed_ms=0 navigation_ticks=0 searching=false path_index=0 path_length=0 retries=0 pending_route_events=0 dropped_route_events=0 status=CRAFT_server:minecraft:birch_planks:59
[17:52:48] [lodekeeper-planner/INFO] (lodekeeper) [Lodekeeper] PROJECT_MATERIALS project=gear_diamond before=[gather:minecraft:stone:3, gather:minecraft:iron_ore:3, gather:minecraft:stone:8, gather:minecraft:diamond_ore:3, gather:minecraft:diamond_ore:3, gather:minecraft:diamond_ore:4, gather:minecraft:diamond_ore:8, gather:minecraft:diamond_ore:5, gather:minecraft:diamond_ore:2, gather:minecraft:diamond_ore:7, gather:minecraft:diamond_ore:1, gather:minecraft:acacia_log:1, gather:minecraft:diamond_ore:2] after=[gather:minecraft:stone:3, gather:minecraft:iron_ore:3, gather:minecraft:stone:8, gather:minecraft:diamond_ore:3, gather:minecraft:diamond_ore:3, gather:minecraft:diamond_ore:4, gather:minecraft:diamond_ore:8, gather:minecraft:diamond_ore:5, gather:minecraft:diamond_ore:2, gather:minecraft:diamond_ore:7, gather:minecraft:diamond_ore:1, gather:minecraft:acacia_log:1, gather:minecraft:diamond_ore:2]
[17:52:48] [lodekeeper-planner/INFO] (lodekeeper) [Lodekeeper] PLAN project=gear_diamond success=true steps=35 branches=163 elapsedMs=6.350716
[17:52:48] [Render thread/INFO] (lodekeeper) [Lodekeeper] STEP kind=CRAFT source=server:minecraft:crafting_table:339 output=minecraft:crafting_table count=1 operations=1 auxiliary=false
[17:52:49] [Render thread/INFO] (lodekeeper) [Lodekeeper] PROGRESS elapsed_ms=26433 phase=crafting backend=baritone target=none navigation_elapsed_ms=0 navigation_ticks=0 searching=false path_index=0 path_length=0 retries=0 pending_route_events=0 dropped_route_events=0 status=CRAFT_server:minecraft:crafting_table:339
[17:52:51] [Render thread/INFO] (lodekeeper) [Lodekeeper] PROGRESS elapsed_ms=28440 phase=crafting backend=baritone target=none navigation_elapsed_ms=0 navigation_ticks=0 searching=false path_index=0 path_length=0 retries=0 pending_route_events=0 dropped_route_events=0 status=CRAFT_server:minecraft:crafting_table:339
[17:52:51] [lodekeeper-planner/INFO] (lodekeeper) [Lodekeeper] PROJECT_MATERIALS project=gear_diamond before=[gather:minecraft:stone:3, gather:minecraft:iron_ore:3, gather:minecraft:stone:8, gather:minecraft:diamond_ore:3, gather:minecraft:diamond_ore:3, gather:minecraft:diamond_ore:4, gather:minecraft:diamond_ore:8, gather:minecraft:diamond_ore:5, gather:minecraft:diamond_ore:2, gather:minecraft:diamond_ore:7, gather:minecraft:diamond_ore:1, gather:minecraft:acacia_log:1, gather:minecraft:diamond_ore:2] after=[gather:minecraft:stone:3, gather:minecraft:iron_ore:3, gather:minecraft:stone:8, gather:minecraft:diamond_ore:3, gather:minecraft:diamond_ore:3, gather:minecraft:diamond_ore:4, gather:minecraft:diamond_ore:8, gather:minecraft:diamond_ore:5, gather:minecraft:diamond_ore:2, gather:minecraft:diamond_ore:7, gather:minecraft:diamond_ore:1, gather:minecraft:acacia_log:1, gather:minecraft:diamond_ore:2]
[17:52:51] [lodekeeper-planner/INFO] (lodekeeper) [Lodekeeper] PLAN project=gear_diamond success=true steps=34 branches=160 elapsedMs=7.282944
[17:52:51] [Render thread/INFO] (lodekeeper) [Lodekeeper] STEP kind=PLACE_STATION source=place:minecraft:crafting_table output=null count=0 operations=1 auxiliary=false
[17:52:51] [Render thread/INFO] (lodekeeper) [Lodekeeper] TARGET target=-6,66,15 block=minecraft:crafting_table
[17:52:51] [Render thread/INFO] (lodekeeper) [Lodekeeper] TARGET target=none
[17:52:51] [lodekeeper-planner/INFO] (lodekeeper) [Lodekeeper] PROJECT_MATERIALS project=gear_diamond before=[gather:minecraft:stone:3, gather:minecraft:iron_ore:3, gather:minecraft:stone:8, gather:minecraft:diamond_ore:3, gather:minecraft:diamond_ore:3, gather:minecraft:diamond_ore:4, gather:minecraft:diamond_ore:8, gather:minecraft:diamond_ore:5, gather:minecraft:diamond_ore:2, gather:minecraft:diamond_ore:7, gather:minecraft:diamond_ore:1, gather:minecraft:acacia_log:1, gather:minecraft:diamond_ore:2] after=[gather:minecraft:stone:3, gather:minecraft:iron_ore:3, gather:minecraft:stone:8, gather:minecraft:diamond_ore:3, gather:minecraft:diamond_ore:3, gather:minecraft:diamond_ore:4, gather:minecraft:diamond_ore:8, gather:minecraft:diamond_ore:5, gather:minecraft:diamond_ore:2, gather:minecraft:diamond_ore:7, gather:minecraft:diamond_ore:1, gather:minecraft:acacia_log:1, gather:minecraft:diamond_ore:2]
[17:52:51] [lodekeeper-planner/INFO] (lodekeeper) [Lodekeeper] PLAN project=gear_diamond success=true steps=33 branches=159 elapsedMs=6.547409
[17:52:51] [Render thread/INFO] (lodekeeper) [Lodekeeper] STEP kind=CRAFT source=server:minecraft:wooden_pickaxe:1718 output=minecraft:wooden_pickaxe count=1 operations=1 auxiliary=false
[17:52:53] [Render thread/INFO] (lodekeeper) [Lodekeeper] PROGRESS elapsed_ms=30494 phase=crafting backend=baritone target=none navigation_elapsed_ms=0 navigation_ticks=0 searching=false path_index=0 path_length=0 retries=0 pending_route_events=0 dropped_route_events=0 status=CRAFT_server:minecraft:wooden_pickaxe:1718
[17:52:55] [Render thread/INFO] (lodekeeper) [Lodekeeper] PROGRESS elapsed_ms=32534 phase=crafting backend=baritone target=none navigation_elapsed_ms=0 navigation_ticks=0 searching=false path_index=0 path_length=0 retries=0 pending_route_events=0 dropped_route_events=0 status=CRAFT_server:minecraft:wooden_pickaxe:1718
[17:52:55] [lodekeeper-planner/INFO] (lodekeeper) [Lodekeeper] PROJECT_MATERIALS project=gear_diamond before=[gather:minecraft:stone:3, gather:minecraft:iron_ore:3, gather:minecraft:stone:8, gather:minecraft:diamond_ore:3, gather:minecraft:diamond_ore:3, gather:minecraft:diamond_ore:4, gather:minecraft:diamond_ore:8, gather:minecraft:diamond_ore:5, gather:minecraft:diamond_ore:2, gather:minecraft:diamond_ore:7, gather:minecraft:diamond_ore:1, gather:minecraft:acacia_log:1, gather:minecraft:diamond_ore:2] after=[gather:minecraft:stone:3, gather:minecraft:iron_ore:3, gather:minecraft:stone:8, gather:minecraft:diamond_ore:3, gather:minecraft:diamond_ore:3, gather:minecraft:diamond_ore:4, gather:minecraft:diamond_ore:8, gather:minecraft:diamond_ore:5, gather:minecraft:diamond_ore:2, gather:minecraft:diamond_ore:7, gather:minecraft:diamond_ore:1, gather:minecraft:acacia_log:1, gather:minecraft:diamond_ore:2]
[17:52:55] [lodekeeper-planner/INFO] (lodekeeper) [Lodekeeper] PLAN project=gear_diamond success=true steps=32 branches=154 elapsedMs=6.34797
[17:52:55] [Render thread/INFO] (lodekeeper) [Lodekeeper] STEP kind=GATHER source=gather:minecraft:stone output=minecraft:cobblestone count=3 operations=3 auxiliary=false
[17:52:57] [Render thread/INFO] (lodekeeper) [Lodekeeper] PROGRESS elapsed_ms=34581 phase=gathering backend=baritone target=none navigation_elapsed_ms=0 navigation_ticks=0 searching=false path_index=0 path_length=0 retries=0 pending_route_events=0 dropped_route_events=0 status=mining_the_recorded_owned_crafting_table
[17:52:59] [Render thread/INFO] (lodekeeper) [Lodekeeper] PROGRESS elapsed_ms=36592 phase=gathering backend=baritone target=none navigation_elapsed_ms=0 navigation_ticks=0 searching=false path_index=0 path_length=0 retries=0 pending_route_events=0 dropped_route_events=0 status=mining_the_recorded_owned_crafting_table
[17:52:59] [Render thread/INFO] (lodekeeper) [Lodekeeper] NAV backend=baritone mode=PICKUP event=CALC_STARTED elapsedMs=5
[17:52:59] [Render thread/INFO] (lodekeeper) [Lodekeeper] NAV calcTool=minecraft:birch_log slot=0
[17:52:59] [Render thread/INFO] (lodekeeper) [Lodekeeper] NAV backend=baritone mode=PICKUP event=CALC_FINISHED_NOW_EXECUTING elapsedMs=64
[17:52:59] [Render thread/INFO] (lodekeeper) [Lodekeeper] NAV backend=baritone mode=PICKUP event=AT_GOAL elapsedMs=201
[17:52:59] [lodekeeper-planner/INFO] (lodekeeper) [Lodekeeper] PROJECT_MATERIALS project=gear_diamond before=[gather:minecraft:stone:3, gather:minecraft:iron_ore:3, gather:minecraft:stone:8, gather:minecraft:diamond_ore:3, gather:minecraft:diamond_ore:3, gather:minecraft:diamond_ore:4, gather:minecraft:diamond_ore:8, gather:minecraft:diamond_ore:5, gather:minecraft:diamond_ore:2, gather:minecraft:diamond_ore:7, gather:minecraft:diamond_ore:1, gather:minecraft:acacia_log:1, gather:minecraft:diamond_ore:2] after=[gather:minecraft:stone:3, gather:minecraft:iron_ore:3, gather:minecraft:stone:8, gather:minecraft:diamond_ore:3, gather:minecraft:diamond_ore:3, gather:minecraft:diamond_ore:4, gather:minecraft:diamond_ore:8, gather:minecraft:diamond_ore:5, gather:minecraft:diamond_ore:2, gather:minecraft:diamond_ore:7, gather:minecraft:diamond_ore:1, gather:minecraft:acacia_log:1, gather:minecraft:diamond_ore:2]
[17:52:59] [lodekeeper-planner/INFO] (lodekeeper) [Lodekeeper] PLAN project=gear_diamond success=true steps=33 branches=155 elapsedMs=6.292645
[17:52:59] [Render thread/INFO] (lodekeeper) [Lodekeeper] STEP kind=GATHER source=gather:minecraft:stone output=minecraft:cobblestone count=3 operations=3 auxiliary=false
[17:52:59] [Render thread/INFO] (lodekeeper) [Lodekeeper] MINING_DEPTH policy=NEAREST desiredY=-2147483648 ceiling=2031 deficit=3 phase=MINE blocks=[Block{minecraft:stone}]
[17:52:59] [Render thread/INFO] (lodekeeper) [Lodekeeper] NAV scan=native-mine durationNanos=4597686 hits=-1 requestTicks=0
[17:52:59] [Render thread/INFO] (lodekeeper) [Lodekeeper] NAV backend=baritone mode=MINE event=CALC_STARTED elapsedMs=8
[17:52:59] [Render thread/INFO] (lodekeeper) [Lodekeeper] NAV calcTool=minecraft:wooden_pickaxe slot=6
[17:52:59] [Render thread/INFO] (lodekeeper) [Lodekeeper] NAV backend=baritone mode=MINE event=CALC_FINISHED_NOW_EXECUTING elapsedMs=66
[17:52:59] [Render thread/INFO] (lodekeeper) [Lodekeeper] TARGET target=-1,63,15 block=minecraft:stone
[17:53:00] [Render thread/INFO] (lodekeeper) [Lodekeeper] BREAK target=MutableBlockPos{x=-1, y=68, z=15} block=Block{minecraft:grass_block} tool=minecraft:birch_log slot=0 remaining=-1 required=route
[17:53:01] [Render thread/INFO] (lodekeeper) [Lodekeeper] PROGRESS elapsed_ms=38618 phase=traveling backend=baritone target=-1,63,15 block=minecraft:stone navigation_elapsed_ms=1419 navigation_ticks=28 searching=false path_index=0 path_length=6 retries=0 pending_route_events=0 dropped_route_events=0 status=mining_and_collecting_minecraft:cobblestone___0/3
[17:53:02] [Render thread/INFO] (lodekeeper) [Lodekeeper] BREAK target=MutableBlockPos{x=-1, y=67, z=15} block=Block{minecraft:dirt} tool=minecraft:birch_log slot=0 remaining=-1 required=route
[17:53:03] [Render thread/INFO] (lodekeeper) [Lodekeeper] PROGRESS elapsed_ms=40634 phase=traveling backend=baritone target=-1,63,15 block=minecraft:stone navigation_elapsed_ms=3402 navigation_ticks=68 searching=false path_index=0 path_length=6 retries=0 pending_route_events=0 dropped_route_events=0 status=mining_and_collecting_minecraft:cobblestone___0/3
[17:53:03] [Render thread/INFO] (lodekeeper) [Lodekeeper] BREAK target=MutableBlockPos{x=-1, y=66, z=15} block=Block{minecraft:dirt} tool=minecraft:birch_log slot=0 remaining=-1 required=route
[17:53:04] [Render thread/INFO] (lodekeeper) [Lodekeeper] BREAK target=MutableBlockPos{x=-1, y=65, z=15} block=Block{minecraft:dirt} tool=minecraft:birch_log slot=0 remaining=-1 required=route
[17:53:05] [Render thread/INFO] (lodekeeper) [Lodekeeper] PROGRESS elapsed_ms=42682 phase=traveling backend=baritone target=-1,63,15 block=minecraft:stone navigation_elapsed_ms=5616 navigation_ticks=112 searching=false path_index=0 path_length=3 retries=0 pending_route_events=0 dropped_route_events=0 status=mining_and_collecting_minecraft:cobblestone___0/3
[17:53:05] [Render thread/INFO] (lodekeeper) [Lodekeeper] BREAK target=MutableBlockPos{x=-1, y=64, z=15} block=Block{minecraft:stone} tool=minecraft:wooden_pickaxe slot=6 remaining=59 required=minecraft:wooden_pickaxe
[17:53:06] [Render thread/INFO] (lodekeeper) [Lodekeeper] TARGET target=-1,63,14 block=minecraft:stone
[17:53:06] [Render thread/INFO] (lodekeeper) [Lodekeeper] NAV backend=baritone mode=MINE event=CALC_STARTED elapsedMs=7023
[17:53:06] [Render thread/INFO] (lodekeeper) [Lodekeeper] NAV calcTool=minecraft:wooden_pickaxe slot=6
[17:53:06] [Render thread/INFO] (lodekeeper) [Lodekeeper] NAV backend=baritone mode=MINE event=CALC_FINISHED_NOW_EXECUTING elapsedMs=7023
[17:53:06] [Render thread/INFO] (lodekeeper) [Lodekeeper] BREAK target=MutableBlockPos{x=-1, y=65, z=14} block=Block{minecraft:dirt} tool=minecraft:birch_log slot=0 remaining=-1 required=route
[17:53:07] [Render thread/INFO] (lodekeeper) [Lodekeeper] PROGRESS elapsed_ms=44692 phase=traveling backend=baritone target=-1,63,14 block=minecraft:stone navigation_elapsed_ms=7626 navigation_ticks=152 searching=false path_index=0 path_length=2 retries=0 pending_route_events=0 dropped_route_events=0 status=mining_and_collecting_minecraft:cobblestone___1/3
[17:53:07] [Render thread/INFO] (lodekeeper) [Lodekeeper] BREAK target=MutableBlockPos{x=-1, y=64, z=14} block=Block{minecraft:stone} tool=minecraft:wooden_pickaxe slot=6 remaining=58 required=minecraft:wooden_pickaxe
[17:53:09] [Render thread/INFO] (lodekeeper) [Lodekeeper] PROGRESS elapsed_ms=46734 phase=traveling backend=baritone target=-1,63,14 block=minecraft:stone navigation_elapsed_ms=9602 navigation_ticks=192 searching=false path_index=0 path_length=2 retries=0 pending_route_events=0 dropped_route_events=0 status=mining_and_collecting_minecraft:cobblestone___1/3
[17:53:09] [Render thread/INFO] (lodekeeper) [Lodekeeper] BREAK target=MutableBlockPos{x=-1, y=63, z=14} block=Block{minecraft:stone} tool=minecraft:wooden_pickaxe slot=6 remaining=57 required=minecraft:wooden_pickaxe
[17:53:09] [Render thread/INFO] (lodekeeper) [Lodekeeper] NAV backend=baritone mode=MINE event=CALC_STARTED elapsedMs=9905
[17:53:09] [Render thread/INFO] (lodekeeper) [Lodekeeper] NAV calcTool=minecraft:wooden_pickaxe slot=6
[17:53:09] [Render thread/INFO] (lodekeeper) [Lodekeeper] TARGET target=none
[17:53:09] [Render thread/INFO] (lodekeeper) [Lodekeeper] ROUTE_SEARCH kind=unknown anchor=unknown feet_y16=0 candidates=0 target=none elapsed_ms=47068
[17:53:10] [Render thread/INFO] (lodekeeper) [Lodekeeper] ROUTE_TRAVEL path_index=0 path_length=16 target=none elapsed_ms=47469
[17:53:10] [Render thread/INFO] (lodekeeper) [Lodekeeper] NAV backend=baritone mode=MINE event=CALC_FINISHED_NOW_EXECUTING elapsedMs=10405
[17:53:11] [Render thread/INFO] (lodekeeper) [Lodekeeper] PROGRESS elapsed_ms=48740 phase=traveling backend=baritone target=none navigation_elapsed_ms=11607 navigation_ticks=232 searching=false path_index=0 path_length=15 retries=0 pending_route_events=0 dropped_route_events=0 status=mining_and_collecting_minecraft:cobblestone___2/3
[17:53:11] [Render thread/INFO] (lodekeeper) [Lodekeeper] BREAK target=MutableBlockPos{x=-1, y=62, z=14} block=Block{minecraft:stone} tool=minecraft:wooden_pickaxe slot=6 remaining=56 required=minecraft:wooden_pickaxe
[17:53:12] [lodekeeper-planner/INFO] (lodekeeper) [Lodekeeper] PROJECT_MATERIALS project=gear_diamond before=[gather:minecraft:iron_ore:3, gather:minecraft:stone:8, gather:minecraft:diamond_ore:3, gather:minecraft:diamond_ore:3, gather:minecraft:diamond_ore:4, gather:minecraft:diamond_ore:8, gather:minecraft:diamond_ore:5, gather:minecraft:diamond_ore:2, gather:minecraft:diamond_ore:7, gather:minecraft:diamond_ore:1, gather:minecraft:acacia_log:1, gather:minecraft:diamond_ore:2] after=[gather:minecraft:iron_ore:3, gather:minecraft:stone:8, gather:minecraft:diamond_ore:3, gather:minecraft:diamond_ore:3, gather:minecraft:diamond_ore:4, gather:minecraft:diamond_ore:8, gather:minecraft:diamond_ore:5, gather:minecraft:diamond_ore:2, gather:minecraft:diamond_ore:7, gather:minecraft:diamond_ore:1, gather:minecraft:acacia_log:1, gather:minecraft:diamond_ore:2]
[17:53:12] [lodekeeper-planner/INFO] (lodekeeper) [Lodekeeper] PLAN project=gear_diamond success=true steps=32 branches=150 elapsedMs=8.662729
[17:53:12] [Render thread/INFO] (lodekeeper) [Lodekeeper] STEP kind=PLACE_STATION source=place:minecraft:crafting_table output=null count=0 operations=1 auxiliary=false
[17:53:12] [Render thread/INFO] (lodekeeper) [Lodekeeper] TARGET target=-1,64,15 block=minecraft:crafting_table
[17:53:12] [Render thread/INFO] (lodekeeper) [Lodekeeper] TARGET target=none
[17:53:12] [lodekeeper-planner/INFO] (lodekeeper) [Lodekeeper] PROJECT_MATERIALS project=gear_diamond before=[gather:minecraft:iron_ore:3, gather:minecraft:stone:8, gather:minecraft:diamond_ore:3, gather:minecraft:diamond_ore:3, gather:minecraft:diamond_ore:4, gather:minecraft:diamond_ore:8, gather:minecraft:diamond_ore:5, gather:minecraft:diamond_ore:2, gather:minecraft:diamond_ore:7, gather:minecraft:diamond_ore:1, gather:minecraft:acacia_log:1, gather:minecraft:diamond_ore:2] after=[gather:minecraft:iron_ore:3, gather:minecraft:stone:8, gather:minecraft:diamond_ore:3, gather:minecraft:diamond_ore:3, gather:minecraft:diamond_ore:4, gather:minecraft:diamond_ore:8, gather:minecraft:diamond_ore:5, gather:minecraft:diamond_ore:2, gather:minecraft:diamond_ore:7, gather:minecraft:diamond_ore:1, gather:minecraft:acacia_log:1, gather:minecraft:diamond_ore:2]
[17:53:12] [lodekeeper-planner/INFO] (lodekeeper) [Lodekeeper] PLAN project=gear_diamond success=true steps=31 branches=149 elapsedMs=8.49002
[17:53:12] [Render thread/INFO] (lodekeeper) [Lodekeeper] STEP kind=CRAFT source=server:minecraft:stone_pickaxe:1440 output=minecraft:stone_pickaxe count=1 operations=1 auxiliary=false
[17:53:13] [Render thread/INFO] (lodekeeper) [Lodekeeper] PROGRESS elapsed_ms=50792 phase=crafting backend=baritone target=none navigation_elapsed_ms=0 navigation_ticks=0 searching=false path_index=0 path_length=0 retries=0 pending_route_events=0 dropped_route_events=0 status=CRAFT_server:minecraft:stone_pickaxe:1440
[17:53:15] [Render thread/INFO] (lodekeeper) [Lodekeeper] PROGRESS elapsed_ms=52835 phase=crafting backend=baritone target=none navigation_elapsed_ms=0 navigation_ticks=0 searching=false path_index=0 path_length=0 retries=0 pending_route_events=0 dropped_route_events=0 status=CRAFT_server:minecraft:stone_pickaxe:1440
[17:53:16] [lodekeeper-planner/INFO] (lodekeeper) [Lodekeeper] PROJECT_MATERIALS project=gear_diamond before=[gather:minecraft:iron_ore:3, gather:minecraft:stone:8, gather:minecraft:diamond_ore:3, gather:minecraft:diamond_ore:3, gather:minecraft:diamond_ore:4, gather:minecraft:diamond_ore:8, gather:minecraft:diamond_ore:5, gather:minecraft:diamond_ore:2, gather:minecraft:diamond_ore:7, gather:minecraft:diamond_ore:1, gather:minecraft:diamond_ore:2] after=[gather:minecraft:iron_ore:3, gather:minecraft:stone:8, gather:minecraft:diamond_ore:3, gather:minecraft:diamond_ore:3, gather:minecraft:diamond_ore:4, gather:minecraft:diamond_ore:8, gather:minecraft:diamond_ore:5, gather:minecraft:diamond_ore:2, gather:minecraft:diamond_ore:7, gather:minecraft:diamond_ore:1, gather:minecraft:diamond_ore:2]
[17:53:16] [lodekeeper-planner/INFO] (lodekeeper) [Lodekeeper] PLAN project=gear_diamond success=true steps=29 branches=141 elapsedMs=5.362025
[17:53:16] [Render thread/INFO] (lodekeeper) [Lodekeeper] STEP kind=GATHER source=gather:minecraft:iron_ore output=minecraft:raw_iron count=3 operations=3 auxiliary=false
[17:53:17] [Render thread/INFO] (lodekeeper) [Lodekeeper] PROGRESS elapsed_ms=54885 phase=gathering backend=baritone target=none navigation_elapsed_ms=0 navigation_ticks=0 searching=false path_index=0 path_length=0 retries=0 pending_route_events=0 dropped_route_events=0 status=mining_the_recorded_owned_crafting_table
[17:53:19] [Render thread/INFO] (lodekeeper) [Lodekeeper] PROGRESS elapsed_ms=56934 phase=gathering backend=baritone target=none navigation_elapsed_ms=0 navigation_ticks=0 searching=false path_index=0 path_length=0 retries=0 pending_route_events=0 dropped_route_events=0 status=mining_the_recorded_owned_crafting_table
[17:53:20] [Render thread/INFO] (lodekeeper) [Lodekeeper] NAV backend=baritone mode=PICKUP event=CALC_STARTED elapsedMs=2
[17:53:20] [Render thread/INFO] (lodekeeper) [Lodekeeper] NAV calcTool=minecraft:birch_log slot=0
[17:53:20] [Render thread/INFO] (lodekeeper) [Lodekeeper] NAV backend=baritone mode=PICKUP event=CALC_FINISHED_NOW_EXECUTING elapsedMs=35
[17:53:20] [Render thread/INFO] (lodekeeper) [Lodekeeper] NAV backend=baritone mode=IDLE event=CANCELED elapsedMs=405
[17:53:20] [Render thread/INFO] (lodekeeper) [Lodekeeper] NAV backend=baritone mode=IDLE event=CANCELED elapsedMs=405
[17:53:20] [Render thread/INFO] (lodekeeper) [Lodekeeper] NAV backend=baritone mode=IDLE event=CANCELED elapsedMs=439
[17:53:20] [Render thread/INFO] (lodekeeper) [Lodekeeper] NAV backend=baritone mode=IDLE event=CANCELED elapsedMs=506
[17:53:20] [lodekeeper-planner/INFO] (lodekeeper) [Lodekeeper] PROJECT_MATERIALS project=gear_diamond before=[gather:minecraft:iron_ore:3, gather:minecraft:stone:8, gather:minecraft:diamond_ore:3, gather:minecraft:diamond_ore:3, gather:minecraft:diamond_ore:4, gather:minecraft:diamond_ore:8, gather:minecraft:diamond_ore:5, gather:minecraft:diamond_ore:2, gather:minecraft:diamond_ore:7, gather:minecraft:diamond_ore:1, gather:minecraft:diamond_ore:2] after=[gather:minecraft:iron_ore:3, gather:minecraft:stone:8, gather:minecraft:diamond_ore:3, gather:minecraft:diamond_ore:3, gather:minecraft:diamond_ore:4, gather:minecraft:diamond_ore:8, gather:minecraft:diamond_ore:5, gather:minecraft:diamond_ore:2, gather:minecraft:diamond_ore:7, gather:minecraft:diamond_ore:1, gather:minecraft:diamond_ore:2]
[17:53:20] [lodekeeper-planner/INFO] (lodekeeper) [Lodekeeper] PLAN project=gear_diamond success=true steps=30 branches=142 elapsedMs=6.945344
[17:53:20] [Render thread/INFO] (lodekeeper) [Lodekeeper] FOOD_PURSUIT event=start target=9a7e527d-5cae-47e6-919a-6b844e93ba77 routes=1 failedRoutes=0 attacks=0 health=10.0 closestBoxDistance=10.94 elapsedMs=0
[17:53:20] [Render thread/INFO] (lodekeeper) [Lodekeeper] NAV backend=baritone mode=FOLLOW event=CALC_STARTED elapsedMs=2
[17:53:20] [Render thread/INFO] (lodekeeper) [Lodekeeper] NAV calcTool=minecraft:stone_pickaxe slot=7
[17:53:21] [Render thread/INFO] (lodekeeper) [Lodekeeper] NAV backend=baritone mode=FOLLOW event=CALC_FINISHED_NOW_EXECUTING elapsedMs=33
[17:53:21] [Render thread/INFO] (lodekeeper) [Lodekeeper] PROGRESS elapsed_ms=58982 phase=traveling backend=baritone target=none navigation_elapsed_ms=601 navigation_ticks=12 searching=false path_index=0 path_length=14 retries=0 pending_route_events=0 dropped_route_events=0 status=pursuing_cow__1_
[17:53:22] [Render thread/INFO] (lodekeeper) [Lodekeeper] BREAK target=MutableBlockPos{x=-2, y=67, z=15} block=Block{minecraft:grass_block} tool=minecraft:birch_log slot=0 remaining=-1 required=route
[17:53:23] [Render thread/INFO] (lodekeeper) [Lodekeeper] PROGRESS elapsed_ms=60992 phase=traveling backend=baritone target=none navigation_elapsed_ms=2611 navigation_ticks=52 searching=false path_index=0 path_length=12 retries=0 pending_route_events=0 dropped_route_events=0 status=pursuing_cow__1_
[17:53:23] [Render thread/INFO] (lodekeeper) [Lodekeeper] NAV backend=baritone mode=FOLLOW event=CALC_STARTED elapsedMs=2713
[17:53:23] [Render thread/INFO] (lodekeeper) [Lodekeeper] NAV calcTool=minecraft:birch_log slot=0
[17:53:23] [Render thread/INFO] (lodekeeper) [Lodekeeper] NAV backend=baritone mode=FOLLOW event=CALC_FINISHED_NOW_EXECUTING elapsedMs=2714
[17:53:25] [Render thread/INFO] (lodekeeper) [Lodekeeper] NAV backend=baritone mode=FOLLOW event=CALC_STARTED elapsedMs=4144
[17:53:25] [Render thread/INFO] (lodekeeper) [Lodekeeper] NAV calcTool=minecraft:birch_log slot=0
[17:53:25] [Render thread/INFO] (lodekeeper) [Lodekeeper] NAV backend=baritone mode=FOLLOW event=CALC_FINISHED_NOW_EXECUTING elapsedMs=4144
[17:53:25] [Render thread/INFO] (lodekeeper) [Lodekeeper] NAV backend=baritone mode=FOLLOW event=CALC_STARTED elapsedMs=4583
[17:53:25] [Render thread/INFO] (lodekeeper) [Lodekeeper] NAV calcTool=minecraft:birch_log slot=0
[17:53:25] [Render thread/INFO] (lodekeeper) [Lodekeeper] NAV backend=baritone mode=FOLLOW event=CALC_FINISHED_NOW_EXECUTING elapsedMs=4583
[17:53:25] [Render thread/INFO] (lodekeeper) [Lodekeeper] PROGRESS elapsed_ms=63031 phase=traveling backend=baritone target=none navigation_elapsed_ms=4582 navigation_ticks=92 searching=false path_index=0 path_length=4 retries=0 pending_route_events=0 dropped_route_events=0 status=pursuing_cow__1_
[17:53:25] [Render thread/INFO] (lodekeeper) [Lodekeeper] FOOD_PURSUIT event=in-reach target=9a7e527d-5cae-47e6-919a-6b844e93ba77 routes=1 failedRoutes=0 attacks=0 health=10.0 closestBoxDistance=2.9 elapsedMs=4684
[17:53:25] [Render thread/INFO] (lodekeeper) [Lodekeeper] NAV backend=baritone mode=IDLE event=CANCELED elapsedMs=4685
[17:53:25] [Render thread/INFO] (lodekeeper) [Lodekeeper] NAV backend=baritone mode=IDLE event=CANCELED elapsedMs=4685
[17:53:25] [Render thread/INFO] (lodekeeper) [Lodekeeper] NAV backend=baritone mode=IDLE event=CANCELED elapsedMs=4752
[17:53:25] [Render thread/INFO] (lodekeeper) [Lodekeeper] NAV backend=baritone mode=IDLE event=CANCELED elapsedMs=4786
[17:53:25] [Render thread/INFO] (lodekeeper) [Lodekeeper] NAV backend=baritone mode=IDLE event=CANCELED elapsedMs=4852
[17:53:25] [Render thread/INFO] (lodekeeper) [Lodekeeper] FOOD_PURSUIT event=start target=9a7e527d-5cae-47e6-919a-6b844e93ba77 routes=2 failedRoutes=0 attacks=0 health=10.0 closestBoxDistance=3.06 elapsedMs=4952
[17:53:25] [Render thread/INFO] (lodekeeper) [Lodekeeper] NAV backend=baritone mode=FOLLOW event=CALC_STARTED elapsedMs=2
[17:53:25] [Render thread/INFO] (lodekeeper) [Lodekeeper] NAV calcTool=minecraft:birch_log slot=0
[17:53:25] [Render thread/INFO] (lodekeeper) [Lodekeeper] NAV backend=baritone mode=FOLLOW event=CALC_FINISHED_NOW_EXECUTING elapsedMs=34
[17:53:26] [Render thread/INFO] (lodekeeper) [Lodekeeper] FOOD_PURSUIT event=in-reach target=9a7e527d-5cae-47e6-919a-6b844e93ba77 routes=2 failedRoutes=0 attacks=0 health=10.0 closestBoxDistance=2.93 elapsedMs=5086
[17:53:26] [Render thread/INFO] (lodekeeper) [Lodekeeper] NAV backend=baritone mode=IDLE event=CANCELED elapsedMs=135
[17:53:26] [Render thread/INFO] (lodekeeper) [Lodekeeper] NAV backend=baritone mode=IDLE event=CANCELED elapsedMs=135
[17:53:26] [Render thread/INFO] (lodekeeper) [Lodekeeper] NAV backend=baritone mode=IDLE event=CANCELED elapsedMs=201
[17:53:26] [Render thread/INFO] (lodekeeper) [Lodekeeper] NAV backend=baritone mode=IDLE event=CANCELED elapsedMs=234
[17:53:27] [Render thread/INFO] (lodekeeper) [Lodekeeper] FOOD_TOOL slot=7 item=minecraft:stone_pickaxe damage=3.0 wear=2 remainingDurability=131
[17:53:27] [Render thread/INFO] (lodekeeper) [Lodekeeper] FOOD_PURSUIT event=native-attack target=9a7e527d-5cae-47e6-919a-6b844e93ba77 routes=2 failedRoutes=0 attacks=1 health=10.0 closestBoxDistance=2.78 elapsedMs=6194
[17:53:27] [Render thread/INFO] (lodekeeper) [Lodekeeper] FOOD_PURSUIT event=health-progress target=9a7e527d-5cae-47e6-919a-6b844e93ba77 routes=2 failedRoutes=0 attacks=1 health=7.0 closestBoxDistance=2.78 elapsedMs=6261
[17:53:27] [Render thread/INFO] (lodekeeper) [Lodekeeper] FOOD_PURSUIT event=start target=9a7e527d-5cae-47e6-919a-6b844e93ba77 routes=3 failedRoutes=0 attacks=1 health=7.0 closestBoxDistance=3.07 elapsedMs=6491
[17:53:27] [Render thread/INFO] (lodekeeper) [Lodekeeper] NAV backend=baritone mode=FOLLOW event=CALC_STARTED elapsedMs=2
[17:53:27] [Render thread/INFO] (lodekeeper) [Lodekeeper] NAV calcTool=minecraft:stone_pickaxe slot=7
[17:53:27] [Render thread/INFO] (lodekeeper) [Lodekeeper] NAV backend=baritone mode=FOLLOW event=CALC_FINISHED_NOW_EXECUTING elapsedMs=68
[17:53:27] [Render thread/INFO] (lodekeeper) [Lodekeeper] PROGRESS elapsed_ms=65039 phase=working backend=baritone target=none navigation_elapsed_ms=0 navigation_ticks=0 searching=false path_index=0 path_length=0 retries=0 pending_route_events=0 dropped_route_events=0 status=pursuing_cow__3_
[17:53:27] [Render thread/INFO] (lodekeeper) [Lodekeeper] FOOD_PURSUIT event=in-reach target=9a7e527d-5cae-47e6-919a-6b844e93ba77 routes=3 failedRoutes=0 attacks=1 health=7.0 closestBoxDistance=2.95 elapsedMs=6758
[17:53:27] [Render thread/INFO] (lodekeeper) [Lodekeeper] NAV backend=baritone mode=IDLE event=CANCELED elapsedMs=267
[17:53:27] [Render thread/INFO] (lodekeeper) [Lodekeeper] NAV backend=baritone mode=IDLE event=CANCELED elapsedMs=268
[17:53:27] [Render thread/INFO] (lodekeeper) [Lodekeeper] NAV backend=baritone mode=IDLE event=CANCELED elapsedMs=302
[17:53:27] [Render thread/INFO] (lodekeeper) [Lodekeeper] NAV backend=baritone mode=IDLE event=CANCELED elapsedMs=369
[17:53:27] [Render thread/INFO] (lodekeeper) [Lodekeeper] NAV backend=baritone mode=IDLE event=CANCELED elapsedMs=403
[17:53:27] [Render thread/INFO] (lodekeeper) [Lodekeeper] NAV backend=baritone mode=IDLE event=CANCELED elapsedMs=470
[17:53:27] [Render thread/INFO] (lodekeeper) [Lodekeeper] NAV backend=baritone mode=IDLE event=CANCELED elapsedMs=504
[17:53:28] [Render thread/INFO] (lodekeeper) [Lodekeeper] NAV backend=baritone mode=IDLE event=CANCELED elapsedMs=571
[17:53:28] [Render thread/INFO] (lodekeeper) [Lodekeeper] FOOD_PURSUIT event=start target=9a7e527d-5cae-47e6-919a-6b844e93ba77 routes=4 failedRoutes=0 attacks=1 health=7.0 closestBoxDistance=3.59 elapsedMs=7096
[17:53:28] [Render thread/INFO] (lodekeeper) [Lodekeeper] NAV backend=baritone mode=FOLLOW event=CALC_STARTED elapsedMs=2
[17:53:28] [Render thread/INFO] (lodekeeper) [Lodekeeper] NAV calcTool=minecraft:stone_pickaxe slot=7
[17:53:28] [Render thread/INFO] (lodekeeper) [Lodekeeper] NAV backend=baritone mode=FOLLOW event=CALC_FINISHED_NOW_EXECUTING elapsedMs=67
[17:53:28] [Render thread/INFO] (lodekeeper) [Lodekeeper] NAV backend=baritone mode=FOLLOW event=CALC_STARTED elapsedMs=268
[17:53:28] [Render thread/INFO] (lodekeeper) [Lodekeeper] NAV calcTool=minecraft:stone_pickaxe slot=7
[17:53:28] [Render thread/INFO] (lodekeeper) [Lodekeeper] NAV backend=baritone mode=FOLLOW event=CALC_FINISHED_NOW_EXECUTING elapsedMs=268
[17:53:28] [Render thread/INFO] (lodekeeper) [Lodekeeper] FOOD_PURSUIT event=in-reach target=9a7e527d-5cae-47e6-919a-6b844e93ba77 routes=4 failedRoutes=0 attacks=1 health=7.0 closestBoxDistance=2.91 elapsedMs=7632
[17:53:28] [Render thread/INFO] (lodekeeper) [Lodekeeper] NAV backend=baritone mode=IDLE event=CANCELED elapsedMs=537
[17:53:28] [Render thread/INFO] (lodekeeper) [Lodekeeper] NAV backend=baritone mode=IDLE event=CANCELED elapsedMs=537
[17:53:28] [Render thread/INFO] (lodekeeper) [Lodekeeper] NAV backend=baritone mode=IDLE event=CANCELED elapsedMs=603
[17:53:28] [Render thread/INFO] (lodekeeper) [Lodekeeper] NAV backend=baritone mode=IDLE event=CANCELED elapsedMs=636
[17:53:28] [Render thread/INFO] (lodekeeper) [Lodekeeper] NAV backend=baritone mode=IDLE event=CANCELED elapsedMs=704
[17:53:28] [Render thread/INFO] (lodekeeper) [Lodekeeper] FOOD_TOOL slot=7 item=minecraft:stone_pickaxe damage=3.0 wear=2 remainingDurability=129
[17:53:28] [Render thread/INFO] (lodekeeper) [Lodekeeper] FOOD_PURSUIT event=native-attack target=9a7e527d-5cae-47e6-919a-6b844e93ba77 routes=4 failedRoutes=0 attacks=2 health=7.0 closestBoxDistance=2.3 elapsedMs=7901
[17:53:28] [Render thread/INFO] (lodekeeper) [Lodekeeper] FOOD_PURSUIT event=health-progress target=9a7e527d-5cae-47e6-919a-6b844e93ba77 routes=4 failedRoutes=0 attacks=2 health=4.0 closestBoxDistance=2.18 elapsedMs=7933
[17:53:29] [Render thread/INFO] (lodekeeper) [Lodekeeper] FOOD_PURSUIT event=start target=9a7e527d-5cae-47e6-919a-6b844e93ba77 routes=5 failedRoutes=0 attacks=2 health=4.0 closestBoxDistance=3.06 elapsedMs=8236
[17:53:29] [Render thread/INFO] (lodekeeper) [Lodekeeper] NAV backend=baritone mode=FOLLOW event=CALC_STARTED elapsedMs=2
[17:53:29] [Render thread/INFO] (lodekeeper) [Lodekeeper] NAV calcTool=minecraft:stone_pickaxe slot=7
[17:53:29] [Render thread/INFO] (lodekeeper) [Lodekeeper] NAV backend=baritone mode=FOLLOW event=CALC_FINISHED_NOW_EXECUTING elapsedMs=68
[17:53:29] [Render thread/INFO] (lodekeeper) [Lodekeeper] NAV backend=baritone mode=FOLLOW event=CALC_STARTED elapsedMs=168
[17:53:29] [Render thread/INFO] (lodekeeper) [Lodekeeper] NAV calcTool=minecraft:stone_pickaxe slot=7
[17:53:29] [Render thread/INFO] (lodekeeper) [Lodekeeper] NAV backend=baritone mode=FOLLOW event=CALC_FINISHED_NOW_EXECUTING elapsedMs=168
[17:53:29] [Render thread/INFO] (lodekeeper) [Lodekeeper] NAV backend=baritone mode=FOLLOW event=CALC_STARTED elapsedMs=201
[17:53:29] [Render thread/INFO] (lodekeeper) [Lodekeeper] NAV calcTool=minecraft:stone_pickaxe slot=7
[17:53:29] [Render thread/INFO] (lodekeeper) [Lodekeeper] NAV backend=baritone mode=FOLLOW event=CALC_FINISHED_NOW_EXECUTING elapsedMs=201
[17:53:29] [Render thread/INFO] (lodekeeper) [Lodekeeper] FOOD_PURSUIT event=in-reach target=9a7e527d-5cae-47e6-919a-6b844e93ba77 routes=5 failedRoutes=0 attacks=2 health=4.0 closestBoxDistance=2.88 elapsedMs=8539
[17:53:29] [Render thread/INFO] (lodekeeper) [Lodekeeper] NAV backend=baritone mode=IDLE event=CANCELED elapsedMs=304
[17:53:29] [Render thread/INFO] (lodekeeper) [Lodekeeper] NAV backend=baritone mode=IDLE event=CANCELED elapsedMs=304
[17:53:29] [Render thread/INFO] (lodekeeper) [Lodekeeper] NAV backend=baritone mode=IDLE event=CANCELED elapsedMs=370
[17:53:29] [Render thread/INFO] (lodekeeper) [Lodekeeper] NAV backend=baritone mode=IDLE event=CANCELED elapsedMs=403
[17:53:29] [Render thread/INFO] (lodekeeper) [Lodekeeper] PROGRESS elapsed_ms=67086 phase=working backend=baritone target=none navigation_elapsed_ms=0 navigation_ticks=0 searching=false path_index=0 path_length=0 retries=0 pending_route_events=0 dropped_route_events=0 status=finishing_movement_before_inventory_actions
[17:53:29] [Render thread/INFO] (lodekeeper) [Lodekeeper] NAV backend=baritone mode=IDLE event=CANCELED elapsedMs=470
[17:53:29] [Render thread/INFO] (lodekeeper) [Lodekeeper] FOOD_TOOL slot=7 item=minecraft:stone_pickaxe damage=3.0 wear=2 remainingDurability=127
[17:53:29] [Render thread/INFO] (lodekeeper) [Lodekeeper] FOOD_PURSUIT event=native-attack target=9a7e527d-5cae-47e6-919a-6b844e93ba77 routes=5 failedRoutes=0 attacks=3 health=4.0 closestBoxDistance=2.57 elapsedMs=8809
[17:53:29] [Render thread/INFO] (lodekeeper) [Lodekeeper] FOOD_PURSUIT event=health-progress target=9a7e527d-5cae-47e6-919a-6b844e93ba77 routes=5 failedRoutes=0 attacks=3 health=1.0 closestBoxDistance=2.44 elapsedMs=8842
[17:53:30] [Render thread/INFO] (lodekeeper) [Lodekeeper] FOOD_PURSUIT event=start target=9a7e527d-5cae-47e6-919a-6b844e93ba77 routes=6 failedRoutes=0 attacks=3 health=1.0 closestBoxDistance=3.03 elapsedMs=9446
[17:53:30] [Render thread/INFO] (lodekeeper) [Lodekeeper] NAV backend=baritone mode=FOLLOW event=CALC_STARTED elapsedMs=2
[17:53:30] [Render thread/INFO] (lodekeeper) [Lodekeeper] NAV calcTool=minecraft:stone_pickaxe slot=7
[17:53:30] [Render thread/INFO] (lodekeeper) [Lodekeeper] FOOD_PURSUIT event=in-reach target=9a7e527d-5cae-47e6-919a-6b844e93ba77 routes=6 failedRoutes=0 attacks=3 health=1.0 closestBoxDistance=2.99 elapsedMs=9514
[17:53:30] [Render thread/INFO] (lodekeeper) [Lodekeeper] NAV backend=baritone mode=IDLE event=CALC_FINISHED_NOW_EXECUTING elapsedMs=69
[17:53:30] [Render thread/INFO] (lodekeeper) [Lodekeeper] NAV backend=baritone mode=IDLE event=CANCELED elapsedMs=69
[17:53:30] [Render thread/INFO] (lodekeeper) [Lodekeeper] NAV backend=baritone mode=IDLE event=CANCELED elapsedMs=69
[17:53:30] [Render thread/INFO] (lodekeeper) [Lodekeeper] FOOD_TOOL slot=7 item=minecraft:stone_pickaxe damage=3.0 wear=2 remainingDurability=125
[17:53:30] [Render thread/INFO] (lodekeeper) [Lodekeeper] FOOD_PURSUIT event=native-attack target=9a7e527d-5cae-47e6-919a-6b844e93ba77 routes=6 failedRoutes=0 attacks=4 health=1.0 closestBoxDistance=2.72 elapsedMs=9650
[17:53:30] [Render thread/INFO] (lodekeeper) [Lodekeeper] FOOD_PURSUIT event=health-progress target=9a7e527d-5cae-47e6-919a-6b844e93ba77 routes=6 failedRoutes=0 attacks=4 health=0.0 closestBoxDistance=2.52 elapsedMs=9683
[17:53:30] [Render thread/INFO] (lodekeeper) [Lodekeeper] NAV backend=baritone mode=PICKUP event=CALC_STARTED elapsedMs=2
[17:53:30] [Render thread/INFO] (lodekeeper) [Lodekeeper] NAV calcTool=minecraft:stone_pickaxe slot=7
[17:53:30] [Render thread/INFO] (lodekeeper) [Lodekeeper] NAV backend=baritone mode=PICKUP event=CALC_FINISHED_NOW_EXECUTING elapsedMs=33
[17:53:30] [Render thread/INFO] (lodekeeper) [Lodekeeper] NAV backend=baritone mode=PICKUP event=CALC_STARTED elapsedMs=103
[17:53:30] [Render thread/INFO] (lodekeeper) [Lodekeeper] NAV calcTool=minecraft:stone_pickaxe slot=7
[17:53:30] [Render thread/INFO] (lodekeeper) [Lodekeeper] NAV backend=baritone mode=PICKUP event=CALC_FINISHED_NOW_EXECUTING elapsedMs=103
[17:53:31] [Render thread/INFO] (lodekeeper) [Lodekeeper] NAV backend=baritone mode=IDLE event=CANCELED elapsedMs=603
[17:53:31] [Render thread/INFO] (lodekeeper) [Lodekeeper] NAV backend=baritone mode=IDLE event=CANCELED elapsedMs=603
[17:53:31] [Render thread/INFO] (lodekeeper) [Lodekeeper] NAV backend=baritone mode=IDLE event=CANCELED elapsedMs=636
[17:53:31] [Render thread/INFO] (lodekeeper) [Lodekeeper] NAV backend=baritone mode=IDLE event=CANCELED elapsedMs=703
[17:53:31] [Render thread/INFO] (lodekeeper) [Lodekeeper] NAV backend=baritone mode=IDLE event=CANCELED elapsedMs=737
[17:53:31] [Render thread/INFO] (lodekeeper) [Lodekeeper] FOOD_PREPARATION decision=batch_raw_food nutrition=3 cooked_potential=8 target=36
[17:53:31] [lodekeeper-planner/INFO] (lodekeeper) [Lodekeeper] PROJECT_MATERIALS project=gear_diamond before=[gather:minecraft:iron_ore:3, gather:minecraft:stone:8, gather:minecraft:diamond_ore:3, gather:minecraft:diamond_ore:3, gather:minecraft:diamond_ore:4, gather:minecraft:diamond_ore:8, gather:minecraft:diamond_ore:5, gather:minecraft:diamond_ore:2, gather:minecraft:diamond_ore:7, gather:minecraft:diamond_ore:1, gather:minecraft:diamond_ore:2] after=[gather:minecraft:iron_ore:3, gather:minecraft:stone:8, gather:minecraft:diamond_ore:3, gather:minecraft:diamond_ore:3, gather:minecraft:diamond_ore:4, gather:minecraft:diamond_ore:8, gather:minecraft:diamond_ore:5, gather:minecraft:diamond_ore:2, gather:minecraft:diamond_ore:7, gather:minecraft:diamond_ore:1, gather:minecraft:diamond_ore:2]
[17:53:31] [lodekeeper-planner/INFO] (lodekeeper) [Lodekeeper] PLAN project=gear_diamond success=true steps=30 branches=142 elapsedMs=6.466125
[17:53:31] [Render thread/INFO] (lodekeeper) [Lodekeeper] STEP kind=GATHER source=gather:minecraft:iron_ore output=minecraft:raw_iron count=3 operations=3 auxiliary=false
[17:53:31] [Render thread/INFO] (lodekeeper) [Lodekeeper] MINING_DEPTH policy=NEAREST desiredY=16 ceiling=2031 deficit=3 phase=MINE blocks=[Block{minecraft:iron_ore}, Block{minecraft:deepslate_iron_ore}]
[17:53:31] [Render thread/INFO] (lodekeeper) [Lodekeeper] NAV scan=native-mine durationNanos=3186792 hits=-1 requestTicks=0
[17:53:31] [Render thread/INFO] (lodekeeper) [Lodekeeper] NAV backend=baritone mode=MINE event=CALC_STARTED elapsedMs=5
[17:53:31] [Render thread/INFO] (lodekeeper) [Lodekeeper] NAV calcTool=minecraft:stone_pickaxe slot=7
[17:53:31] [Render thread/INFO] (lodekeeper) [Lodekeeper] NAV discovered=1 retained=62 rejected=0 requestTicks=2 phase=MINE
[17:53:31] [Render thread/INFO] (lodekeeper) [Lodekeeper] PROGRESS elapsed_ms=69138 phase=gathering backend=baritone target=none navigation_elapsed_ms=0 navigation_ticks=0 searching=false path_index=0 path_length=0 retries=0 pending_route_events=0 dropped_route_events=0 status=mining_and_collecting_minecraft:raw_iron___0/3
[17:53:31] [Render thread/INFO] (lodekeeper) [Lodekeeper] ROUTE_SEARCH kind=unknown anchor=unknown feet_y16=0 candidates=0 target=none elapsed_ms=69172
[17:53:31] [Render thread/INFO] (lodekeeper) [Lodekeeper] NAV discovered=3 retained=64 rejected=0 requestTicks=6 phase=MINE
[17:53:32] [Render thread/INFO] (lodekeeper) [Lodekeeper] NAV discovered=2 retained=64 rejected=0 requestTicks=10 phase=MINE
[17:53:32] [Render thread/INFO] (lodekeeper) [Lodekeeper] NAV backend=baritone mode=MINE event=CALC_FINISHED_NOW_EXECUTING elapsedMs=508
[17:53:32] [Render thread/INFO] (lodekeeper) [Lodekeeper] ROUTE_TRAVEL path_index=0 path_length=22 target=none elapsed_ms=69583
[17:53:32] [Render thread/INFO] (lodekeeper) [Lodekeeper] BREAK target=MutableBlockPos{x=-9, y=66, z=21} block=Block{minecraft:short_grass} tool=minecraft:birch_log slot=0 remaining=-1 required=route
[17:53:32] [Render thread/INFO] (lodekeeper) [Lodekeeper] BREAK target=MutableBlockPos{x=-9, y=65, z=21} block=Block{minecraft:grass_block} tool=minecraft:birch_log slot=0 remaining=-1 required=route
[17:53:32] [Render thread/INFO] (lodekeeper) [Lodekeeper] NAV backend=baritone mode=IDLE event=CANCELED elapsedMs=947
[17:53:32] [Render thread/INFO] (lodekeeper) [Lodekeeper] NAV backend=baritone mode=IDLE event=CANCELED elapsedMs=947
[17:53:32] [Render thread/INFO] (lodekeeper) [Lodekeeper] FOOD_PURSUIT event=start target=0d0b1324-6ab0-405e-932d-a7e7fd19d4da routes=1 failedRoutes=0 attacks=0 health=10.0 closestBoxDistance=13.74 elapsedMs=0
[17:53:32] [Render thread/INFO] (lodekeeper) [Lodekeeper] NAV backend=baritone mode=FOLLOW event=CALC_STARTED elapsedMs=2
[17:53:32] [Render thread/INFO] (lodekeeper) [Lodekeeper] NAV calcTool=minecraft:stone_pickaxe slot=7
[17:53:32] [Render thread/INFO] (lodekeeper) [Lodekeeper] NAV backend=baritone mode=FOLLOW event=CALC_FINISHED_NOW_EXECUTING elapsedMs=34
[17:53:33] [Render thread/INFO] (lodekeeper) [Lodekeeper] NAV backend=baritone mode=FOLLOW event=CALC_STARTED elapsedMs=1104
[17:53:33] [Render thread/INFO] (lodekeeper) [Lodekeeper] NAV calcTool=minecraft:stone_pickaxe slot=7
[17:53:33] [Render thread/INFO] (lodekeeper) [Lodekeeper] NAV backend=baritone mode=FOLLOW event=CALC_FINISHED_NOW_EXECUTING elapsedMs=1105
[17:53:33] [Render thread/INFO] (lodekeeper) [Lodekeeper] PROGRESS elapsed_ms=71191 phase=traveling backend=baritone target=none navigation_elapsed_ms=1206 navigation_ticks=24 searching=false path_index=0 path_length=6 retries=0 pending_route_events=0 dropped_route_events=0 status=pursuing_cow__1_
[17:53:34] [Render thread/INFO] (lodekeeper) [Lodekeeper] FOOD_PURSUIT event=in-reach target=0d0b1324-6ab0-405e-932d-a7e7fd19d4da routes=1 failedRoutes=0 attacks=0 health=10.0 closestBoxDistance=2.76 elapsedMs=2078
[17:53:34] [Render thread/INFO] (lodekeeper) [Lodekeeper] NAV backend=baritone mode=IDLE event=CANCELED elapsedMs=2079
[17:53:34] [Render thread/INFO] (lodekeeper) [Lodekeeper] NAV backend=baritone mode=IDLE event=CANCELED elapsedMs=2079
[17:53:34] [Render thread/INFO] (lodekeeper) [Lodekeeper] NAV backend=baritone mode=IDLE event=CANCELED elapsedMs=2145
[17:53:34] [Render thread/INFO] (lodekeeper) [Lodekeeper] NAV backend=baritone mode=IDLE event=CANCELED elapsedMs=2179
[17:53:34] [Render thread/INFO] (lodekeeper) [Lodekeeper] NAV backend=baritone mode=IDLE event=CANCELED elapsedMs=2245
[17:53:34] [Render thread/INFO] (lodekeeper) [Lodekeeper] FOOD_TOOL slot=7 item=minecraft:stone_pickaxe damage=3.0 wear=2 remainingDurability=123
[17:53:34] [Render thread/INFO] (lodekeeper) [Lodekeeper] FOOD_PURSUIT event=native-attack target=0d0b1324-6ab0-405e-932d-a7e7fd19d4da routes=1 failedRoutes=0 attacks=1 health=10.0 closestBoxDistance=2.45 elapsedMs=2347
[17:53:34] [Render thread/INFO] (lodekeeper) [Lodekeeper] FOOD_PURSUIT event=health-progress target=0d0b1324-6ab0-405e-932d-a7e7fd19d4da routes=1 failedRoutes=0 attacks=1 health=7.0 closestBoxDistance=2.45 elapsedMs=2379
[17:53:35] [Render thread/INFO] (lodekeeper) [Lodekeeper] FOOD_PURSUIT event=start target=0d0b1324-6ab0-405e-932d-a7e7fd19d4da routes=2 failedRoutes=0 attacks=1 health=7.0 closestBoxDistance=3.13 elapsedMs=2681
[17:53:35] [Render thread/INFO] (lodekeeper) [Lodekeeper] NAV backend=baritone mode=FOLLOW event=CALC_STARTED elapsedMs=1
[17:53:35] [Render thread/INFO] (lodekeeper) [Lodekeeper] NAV calcTool=minecraft:stone_pickaxe slot=7
[17:53:35] [Render thread/INFO] (lodekeeper) [Lodekeeper] NAV backend=baritone mode=FOLLOW event=CALC_FINISHED_NOW_EXECUTING elapsedMs=68
[17:53:35] [Render thread/INFO] (lodekeeper) [Lodekeeper] FOOD_PURSUIT event=in-reach target=0d0b1324-6ab0-405e-932d-a7e7fd19d4da routes=2 failedRoutes=0 attacks=1 health=7.0 closestBoxDistance=2.92 elapsedMs=2950
[17:53:35] [Render thread/INFO] (lodekeeper) [Lodekeeper] NAV backend=baritone mode=IDLE event=CALC_STARTED elapsedMs=269
[17:53:35] [Render thread/INFO] (lodekeeper) [Lodekeeper] NAV calcTool=minecraft:stone_pickaxe slot=7
[17:53:35] [Render thread/INFO] (lodekeeper) [Lodekeeper] NAV backend=baritone mode=IDLE event=CALC_FINISHED_NOW_EXECUTING elapsedMs=269
[17:53:35] [Render thread/INFO] (lodekeeper) [Lodekeeper] NAV backend=baritone mode=IDLE event=CANCELED elapsedMs=269
[17:53:35] [Render thread/INFO] (lodekeeper) [Lodekeeper] NAV backend=baritone mode=IDLE event=CANCELED elapsedMs=269
[17:53:35] [Render thread/INFO] (lodekeeper) [Lodekeeper] NAV backend=baritone mode=IDLE event=CANCELED elapsedMs=303
[17:53:35] [Render thread/INFO] (lodekeeper) [Lodekeeper] NAV backend=baritone mode=IDLE event=CANCELED elapsedMs=371
[17:53:35] [Render thread/INFO] (lodekeeper) [Lodekeeper] NAV backend=baritone mode=IDLE event=CANCELED elapsedMs=404
[17:53:35] [Render thread/INFO] (lodekeeper) [Lodekeeper] FOOD_TOOL slot=7 item=minecraft:stone_pickaxe damage=3.0 wear=2 remainingDurability=121
[17:53:35] [Render thread/INFO] (lodekeeper) [Lodekeeper] FOOD_PURSUIT event=native-attack target=0d0b1324-6ab0-405e-932d-a7e7fd19d4da routes=2 failedRoutes=0 attacks=2 health=7.0 closestBoxDistance=2.11 elapsedMs=3187
[17:53:35] [Render thread/INFO] (lodekeeper) [Lodekeeper] FOOD_PURSUIT event=health-progress target=0d0b1324-6ab0-405e-932d-a7e7fd19d4da routes=2 failedRoutes=0 attacks=2 health=4.0 closestBoxDistance=1.83 elapsedMs=3254
[17:53:35] [Render thread/INFO] (lodekeeper) [Lodekeeper] PROGRESS elapsed_ms=73239 phase=working backend=baritone target=none navigation_elapsed_ms=0 navigation_ticks=0 searching=false path_index=0 path_length=0 retries=0 pending_route_events=0 dropped_route_events=0 status=attacking_cow__2_
[17:53:36] [Render thread/INFO] (lodekeeper) [Lodekeeper] FOOD_PURSUIT event=start target=0d0b1324-6ab0-405e-932d-a7e7fd19d4da routes=3 failedRoutes=0 attacks=2 health=4.0 closestBoxDistance=3.16 elapsedMs=3556
[17:53:36] [Render thread/INFO] (lodekeeper) [Lodekeeper] NAV backend=baritone mode=FOLLOW event=CALC_STARTED elapsedMs=2
[17:53:36] [Render thread/INFO] (lodekeeper) [Lodekeeper] NAV calcTool=minecraft:stone_pickaxe slot=7
[17:53:36] [Render thread/INFO] (lodekeeper) [Lodekeeper] NAV backend=baritone mode=FOLLOW event=CALC_FINISHED_NOW_EXECUTING elapsedMs=33
[17:53:36] [Render thread/INFO] (lodekeeper) [Lodekeeper] NAV backend=baritone mode=FOLLOW event=CALC_STARTED elapsedMs=201
[17:53:36] [Render thread/INFO] (lodekeeper) [Lodekeeper] NAV calcTool=minecraft:stone_pickaxe slot=7
[17:53:36] [Render thread/INFO] (lodekeeper) [Lodekeeper] NAV backend=baritone mode=FOLLOW event=CALC_FINISHED_NOW_EXECUTING elapsedMs=202
[17:53:36] [Render thread/INFO] (lodekeeper) [Lodekeeper] FOOD_PURSUIT event=in-reach target=0d0b1324-6ab0-405e-932d-a7e7fd19d4da routes=3 failedRoutes=0 attacks=2 health=4.0 closestBoxDistance=2.85 elapsedMs=4093
[17:53:36] [Render thread/INFO] (lodekeeper) [Lodekeeper] NAV backend=baritone mode=IDLE event=CANCELED elapsedMs=538
[17:53:36] [Render thread/INFO] (lodekeeper) [Lodekeeper] NAV backend=baritone mode=IDLE event=CANCELED elapsedMs=538
[17:53:36] [Render thread/INFO] (lodekeeper) [Lodekeeper] NAV backend=baritone mode=IDLE event=CANCELED elapsedMs=605
[17:53:36] [Render thread/INFO] (lodekeeper) [Lodekeeper] NAV backend=baritone mode=IDLE event=CANCELED elapsedMs=640
[17:53:36] [Render thread/INFO] (lodekeeper) [Lodekeeper] NAV backend=baritone mode=IDLE event=CANCELED elapsedMs=705
[17:53:36] [Render thread/INFO] (lodekeeper) [Lodekeeper] FOOD_TOOL slot=7 item=minecraft:stone_pickaxe damage=3.0 wear=2 remainingDurability=119
[17:53:36] [Render thread/INFO] (lodekeeper) [Lodekeeper] FOOD_PURSUIT event=native-attack target=0d0b1324-6ab0-405e-932d-a7e7fd19d4da routes=3 failedRoutes=0 attacks=3 health=4.0 closestBoxDistance=1.9 elapsedMs=4329
[17:53:36] [Render thread/INFO] (lodekeeper) [Lodekeeper] FOOD_PURSUIT event=health-progress target=0d0b1324-6ab0-405e-932d-a7e7fd19d4da routes=3 failedRoutes=0 attacks=3 health=1.0 closestBoxDistance=1.71 elapsedMs=4396
[17:53:37] [Render thread/INFO] (lodekeeper) [Lodekeeper] FOOD_PURSUIT event=start target=0d0b1324-6ab0-405e-932d-a7e7fd19d4da routes=4 failedRoutes=0 attacks=3 health=1.0 closestBoxDistance=3.02 elapsedMs=4831
[17:53:37] [Render thread/INFO] (lodekeeper) [Lodekeeper] NAV backend=baritone mode=FOLLOW event=CALC_STARTED elapsedMs=2
[17:53:37] [Render thread/INFO] (lodekeeper) [Lodekeeper] NAV calcTool=minecraft:stone_pickaxe slot=7
[17:53:37] [Render thread/INFO] (lodekeeper) [Lodekeeper] NAV backend=baritone mode=FOLLOW event=CALC_FINISHED_NOW_EXECUTING elapsedMs=68
[17:53:37] [Render thread/INFO] (lodekeeper) [Lodekeeper] NAV backend=baritone mode=FOLLOW event=CALC_STARTED elapsedMs=201
[17:53:37] [Render thread/INFO] (lodekeeper) [Lodekeeper] NAV calcTool=minecraft:stone_pickaxe slot=7
[17:53:37] [Render thread/INFO] (lodekeeper) [Lodekeeper] NAV backend=baritone mode=FOLLOW event=CALC_FINISHED_NOW_EXECUTING elapsedMs=201
[17:53:37] [Render thread/INFO] (lodekeeper) [Lodekeeper] FOOD_PURSUIT event=in-reach target=0d0b1324-6ab0-405e-932d-a7e7fd19d4da routes=4 failedRoutes=0 attacks=3 health=1.0 closestBoxDistance=2.7 elapsedMs=5132
[17:53:37] [Render thread/INFO] (lodekeeper) [Lodekeeper] NAV backend=baritone mode=IDLE event=CANCELED elapsedMs=301
[17:53:37] [Render thread/INFO] (lodekeeper) [Lodekeeper] NAV backend=baritone mode=IDLE event=CANCELED elapsedMs=301
[17:53:37] [Render thread/INFO] (lodekeeper) [Lodekeeper] NAV backend=baritone mode=IDLE event=CANCELED elapsedMs=368
[17:53:37] [Render thread/INFO] (lodekeeper) [Lodekeeper] NAV backend=baritone mode=IDLE event=CANCELED elapsedMs=401
[17:53:37] [Render thread/INFO] (lodekeeper) [Lodekeeper] PROGRESS elapsed_ms=75283 phase=working backend=baritone target=none navigation_elapsed_ms=0 navigation_ticks=0 searching=false path_index=0 path_length=0 retries=0 pending_route_events=0 dropped_route_events=0 status=finishing_movement_before_inventory_actions
[17:53:37] [Render thread/INFO] (lodekeeper) [Lodekeeper] NAV backend=baritone mode=IDLE event=CANCELED elapsedMs=468
[17:53:37] [Render thread/INFO] (lodekeeper) [Lodekeeper] FOOD_TOOL slot=7 item=minecraft:stone_pickaxe damage=3.0 wear=2 remainingDurability=117
[17:53:37] [Render thread/INFO] (lodekeeper) [Lodekeeper] FOOD_PURSUIT event=native-attack target=0d0b1324-6ab0-405e-932d-a7e7fd19d4da routes=4 failedRoutes=0 attacks=4 health=1.0 closestBoxDistance=1.43 elapsedMs=5399
[17:53:38] [Render thread/INFO] (lodekeeper) [Lodekeeper] FOOD_PURSUIT event=health-progress target=0d0b1324-6ab0-405e-932d-a7e7fd19d4da routes=4 failedRoutes=0 attacks=4 health=0.0 closestBoxDistance=1.29 elapsedMs=5433
[17:53:38] [Render thread/INFO] (lodekeeper) [Lodekeeper] NAV backend=baritone mode=PICKUP event=CALC_STARTED elapsedMs=1
[17:53:38] [Render thread/INFO] (lodekeeper) [Lodekeeper] NAV calcTool=minecraft:stone_pickaxe slot=7
[17:53:38] [Render thread/INFO] (lodekeeper) [Lodekeeper] NAV backend=baritone mode=PICKUP event=CALC_FINISHED_NOW_EXECUTING elapsedMs=34
[17:53:38] [Render thread/INFO] (lodekeeper) [Lodekeeper] NAV backend=baritone mode=IDLE event=CANCELED elapsedMs=420
[17:53:38] [Render thread/INFO] (lodekeeper) [Lodekeeper] NAV backend=baritone mode=IDLE event=CANCELED elapsedMs=420
[17:53:38] [Render thread/INFO] (lodekeeper) [Lodekeeper] NAV backend=baritone mode=IDLE event=CANCELED elapsedMs=436
[17:53:38] [Render thread/INFO] (lodekeeper) [Lodekeeper] NAV backend=baritone mode=IDLE event=CANCELED elapsedMs=502
[17:53:38] [lodekeeper-planner/INFO] (lodekeeper) [Lodekeeper] PROJECT_MATERIALS project=gear_diamond before=[gather:minecraft:iron_ore:3, gather:minecraft:stone:8, gather:minecraft:diamond_ore:3, gather:minecraft:diamond_ore:3, gather:minecraft:diamond_ore:4, gather:minecraft:diamond_ore:8, gather:minecraft:diamond_ore:5, gather:minecraft:diamond_ore:2, gather:minecraft:diamond_ore:7, gather:minecraft:diamond_ore:1, gather:minecraft:diamond_ore:2] after=[gather:minecraft:iron_ore:3, gather:minecraft:stone:8, gather:minecraft:diamond_ore:3, gather:minecraft:diamond_ore:3, gather:minecraft:diamond_ore:4, gather:minecraft:diamond_ore:8, gather:minecraft:diamond_ore:5, gather:minecraft:diamond_ore:2, gather:minecraft:diamond_ore:7, gather:minecraft:diamond_ore:1, gather:minecraft:diamond_ore:2]
[17:53:38] [lodekeeper-planner/INFO] (lodekeeper) [Lodekeeper] PLAN project=gear_diamond success=true steps=30 branches=142 elapsedMs=5.679849
[17:53:38] [Render thread/INFO] (lodekeeper) [Lodekeeper] STEP kind=GATHER source=gather:minecraft:iron_ore output=minecraft:raw_iron count=3 operations=3 auxiliary=false
[17:53:38] [Render thread/INFO] (lodekeeper) [Lodekeeper] MINING_DEPTH policy=NEAREST desiredY=16 ceiling=2031 deficit=3 phase=MINE blocks=[Block{minecraft:iron_ore}, Block{minecraft:deepslate_iron_ore}]
[17:53:38] [Render thread/INFO] (lodekeeper) [Lodekeeper] NAV scan=native-mine durationNanos=2002449 hits=-1 requestTicks=0
[17:53:38] [Render thread/INFO] (lodekeeper) [Lodekeeper] NAV backend=baritone mode=MINE event=CALC_STARTED elapsedMs=4
[17:53:38] [Render thread/INFO] (lodekeeper) [Lodekeeper] NAV calcTool=minecraft:stone_pickaxe slot=7
[17:53:38] [Render thread/INFO] (lodekeeper) [Lodekeeper] NAV discovered=2 retained=64 rejected=0 requestTicks=3 phase=MINE
[17:53:38] [Render thread/INFO] (lodekeeper) [Lodekeeper] TARGET target=-14,55,42 block=minecraft:iron_ore
[17:53:38] [Render thread/INFO] (lodekeeper) [Lodekeeper] NAV backend=baritone mode=MINE event=CALC_FINISHED_NOW_EXECUTING elapsedMs=200
[17:53:39] [Render thread/INFO] (lodekeeper) [Lodekeeper] NAV discovered=2 retained=64 rejected=0 requestTicks=7 phase=MINE
[17:53:39] [Render thread/INFO] (lodekeeper) [Lodekeeper] TARGET target=none
[17:53:39] [Render thread/INFO] (lodekeeper) [Lodekeeper] NAV backend=baritone mode=IDLE event=CANCELED elapsedMs=939
[17:53:39] [Render thread/INFO] (lodekeeper) [Lodekeeper] NAV backend=baritone mode=IDLE event=CANCELED elapsedMs=939
[17:53:39] [Render thread/INFO] (lodekeeper) [Lodekeeper] NAV backend=baritone mode=IDLE event=CANCELED elapsedMs=1005
[17:53:39] [Render thread/INFO] (lodekeeper) [Lodekeeper] NAV backend=baritone mode=IDLE event=CANCELED elapsedMs=1039
[17:53:39] [Render thread/INFO] (lodekeeper) [Lodekeeper] NAV backend=baritone mode=IDLE event=CANCELED elapsedMs=1072
[17:53:39] [Render thread/INFO] (lodekeeper) [Lodekeeper] NAV backend=baritone mode=IDLE event=CANCELED elapsedMs=1139
[17:53:39] [Render thread/INFO] (lodekeeper) [Lodekeeper] NAV backend=baritone mode=IDLE event=CANCELED elapsedMs=1173
[17:53:39] [Render thread/INFO] (lodekeeper) [Lodekeeper] FOOD_PURSUIT event=start target=40965b12-01bc-4a99-8c38-a9e671b40ef8 routes=1 failedRoutes=0 attacks=0 health=10.0 closestBoxDistance=13.29 elapsedMs=0
[17:53:39] [Render thread/INFO] (lodekeeper) [Lodekeeper] PROGRESS elapsed_ms=77331 phase=working backend=baritone target=none navigation_elapsed_ms=0 navigation_ticks=0 searching=false path_index=0 path_length=0 retries=0 pending_route_events=0 dropped_route_events=0 status=pursuing_cow__1_
[17:53:39] [Render thread/INFO] (lodekeeper) [Lodekeeper] NAV backend=baritone mode=FOLLOW event=CALC_STARTED elapsedMs=2
[17:53:39] [Render thread/INFO] (lodekeeper) [Lodekeeper] NAV calcTool=minecraft:stone_pickaxe slot=7
[17:53:39] [Render thread/INFO] (lodekeeper) [Lodekeeper] NAV backend=baritone mode=FOLLOW event=CALC_FINISHED_NOW_EXECUTING elapsedMs=34
[17:53:40] [Render thread/INFO] (lodekeeper) [Lodekeeper] NAV backend=baritone mode=FOLLOW event=CALC_STARTED elapsedMs=401
[17:53:40] [Render thread/INFO] (lodekeeper) [Lodekeeper] NAV calcTool=minecraft:stone_pickaxe slot=7
[17:53:40] [Render thread/INFO] (lodekeeper) [Lodekeeper] NAV backend=baritone mode=FOLLOW event=CALC_FINISHED_NOW_EXECUTING elapsedMs=401
[17:53:40] [Render thread/INFO] (lodekeeper) [Lodekeeper] NAV backend=baritone mode=FOLLOW event=CALC_STARTED elapsedMs=902
[17:53:40] [Render thread/INFO] (lodekeeper) [Lodekeeper] NAV calcTool=minecraft:stone_pickaxe slot=7
[17:53:40] [Render thread/INFO] (lodekeeper) [Lodekeeper] NAV backend=baritone mode=FOLLOW event=CALC_FINISHED_NOW_EXECUTING elapsedMs=903
[17:53:41] [Render thread/INFO] (lodekeeper) [Lodekeeper] PROGRESS elapsed_ms=79339 phase=traveling backend=baritone target=none navigation_elapsed_ms=2008 navigation_ticks=40 searching=false path_index=0 path_length=5 retries=0 pending_route_events=0 dropped_route_events=0 status=pursuing_cow__1_
[17:53:42] [Render thread/INFO] (lodekeeper) [Lodekeeper] FOOD_PURSUIT event=in-reach target=40965b12-01bc-4a99-8c38-a9e671b40ef8 routes=1 failedRoutes=0 attacks=0 health=10.0 closestBoxDistance=3.0 elapsedMs=2309
[17:53:42] [Render thread/INFO] (lodekeeper) [Lodekeeper] NAV backend=baritone mode=IDLE event=CANCELED elapsedMs=2311
[17:53:42] [Render thread/INFO] (lodekeeper) [Lodekeeper] NAV backend=baritone mode=IDLE event=CANCELED elapsedMs=2311
[17:53:42] [Render thread/INFO] (lodekeeper) [Lodekeeper] NAV backend=baritone mode=IDLE event=CANCELED elapsedMs=2345
[17:53:42] [Render thread/INFO] (lodekeeper) [Lodekeeper] NAV backend=baritone mode=IDLE event=CANCELED elapsedMs=2412
[17:53:42] [Render thread/INFO] (lodekeeper) [Lodekeeper] NAV backend=baritone mode=IDLE event=CANCELED elapsedMs=2447
[17:53:42] [Render thread/INFO] (lodekeeper) [Lodekeeper] FOOD_TOOL slot=7 item=minecraft:stone_pickaxe damage=3.0 wear=2 remainingDurability=115
[17:53:42] [Render thread/INFO] (lodekeeper) [Lodekeeper] FOOD_PURSUIT event=native-attack target=40965b12-01bc-4a99-8c38-a9e671b40ef8 routes=1 failedRoutes=0 attacks=1 health=10.0 closestBoxDistance=2.84 elapsedMs=2547
[17:53:42] [Render thread/INFO] (lodekeeper) [Lodekeeper] FOOD_PURSUIT event=health-progress target=40965b12-01bc-4a99-8c38-a9e671b40ef8 routes=1 failedRoutes=0 attacks=1 health=7.0 closestBoxDistance=2.88 elapsedMs=2613
[17:53:42] [Render thread/INFO] (lodekeeper) [Lodekeeper] FOOD_PURSUIT event=start target=40965b12-01bc-4a99-8c38-a9e671b40ef8 routes=2 failedRoutes=0 attacks=1 health=7.0 closestBoxDistance=3.06 elapsedMs=2749
[17:53:42] [Render thread/INFO] (lodekeeper) [Lodekeeper] NAV backend=baritone mode=FOLLOW event=CALC_STARTED elapsedMs=2
[17:53:42] [Render thread/INFO] (lodekeeper) [Lodekeeper] NAV calcTool=minecraft:stone_pickaxe slot=7
[17:53:42] [Render thread/INFO] (lodekeeper) [Lodekeeper] NAV backend=baritone mode=FOLLOW event=CALC_FINISHED_NOW_EXECUTING elapsedMs=35
[17:53:42] [Render thread/INFO] (lodekeeper) [Lodekeeper] NAV backend=baritone mode=FOLLOW event=CALC_STARTED elapsedMs=103
[17:53:42] [Render thread/INFO] (lodekeeper) [Lodekeeper] NAV calcTool=minecraft:stone_pickaxe slot=7
[17:53:42] [Render thread/INFO] (lodekeeper) [Lodekeeper] NAV backend=baritone mode=FOLLOW event=CALC_FINISHED_NOW_EXECUTING elapsedMs=103
[17:53:42] [Render thread/INFO] (lodekeeper) [Lodekeeper] FOOD_PURSUIT event=in-reach target=40965b12-01bc-4a99-8c38-a9e671b40ef8 routes=2 failedRoutes=0 attacks=1 health=7.0 closestBoxDistance=2.98 elapsedMs=3052
[17:53:42] [Render thread/INFO] (lodekeeper) [Lodekeeper] NAV backend=baritone mode=IDLE event=CANCELED elapsedMs=304
[17:53:42] [Render thread/INFO] (lodekeeper) [Lodekeeper] NAV backend=baritone mode=IDLE event=CANCELED elapsedMs=304
[17:53:43] [Render thread/INFO] (lodekeeper) [Lodekeeper] NAV backend=baritone mode=IDLE event=CANCELED elapsedMs=338
[17:53:43] [Render thread/INFO] (lodekeeper) [Lodekeeper] NAV backend=baritone mode=IDLE event=CANCELED elapsedMs=404
[17:53:43] [Render thread/INFO] (lodekeeper) [Lodekeeper] NAV backend=baritone mode=IDLE event=CANCELED elapsedMs=438
[17:53:43] [Render thread/INFO] (lodekeeper) [Lodekeeper] NAV backend=baritone mode=IDLE event=CANCELED elapsedMs=505
[17:53:43] [Render thread/INFO] (lodekeeper) [Lodekeeper] NAV backend=baritone mode=IDLE event=CANCELED elapsedMs=538
[17:53:43] [Render thread/INFO] (lodekeeper) [Lodekeeper] NAV backend=baritone mode=IDLE event=CANCELED elapsedMs=606
[17:53:43] [Render thread/INFO] (lodekeeper) [Lodekeeper] NAV backend=baritone mode=IDLE event=CANCELED elapsedMs=639
[17:53:43] [Render thread/INFO] (lodekeeper) [Lodekeeper] NAV backend=baritone mode=IDLE event=CANCELED elapsedMs=706
[17:53:43] [Render thread/INFO] (lodekeeper) [Lodekeeper] FOOD_TOOL slot=7 item=minecraft:stone_pickaxe damage=3.0 wear=2 remainingDurability=113
[17:53:43] [Render thread/INFO] (lodekeeper) [Lodekeeper] FOOD_PURSUIT event=native-attack target=40965b12-01bc-4a99-8c38-a9e671b40ef8 routes=2 failedRoutes=0 attacks=2 health=7.0 closestBoxDistance=0.3 elapsedMs=3555
[17:53:43] [Render thread/INFO] (lodekeeper) [Lodekeeper] FOOD_PURSUIT event=health-progress target=40965b12-01bc-4a99-8c38-a9e671b40ef8 routes=2 failedRoutes=0 attacks=2 health=4.0 closestBoxDistance=0.14 elapsedMs=3588
[17:53:43] [Render thread/INFO] (lodekeeper) [Lodekeeper] PROGRESS elapsed_ms=81388 phase=waiting backend=baritone target=none navigation_elapsed_ms=0 navigation_ticks=0 searching=false path_index=0 path_length=0 retries=0 pending_route_events=0 dropped_route_events=0 status=waiting_for_native_attack_cooldown
[17:53:44] [Render thread/INFO] (lodekeeper) [Lodekeeper] FOOD_TOOL slot=7 item=minecraft:stone_pickaxe damage=3.0 wear=2 remainingDurability=111
[17:53:44] [Render thread/INFO] (lodekeeper) [Lodekeeper] FOOD_PURSUIT event=native-attack target=40965b12-01bc-4a99-8c38-a9e671b40ef8 routes=2 failedRoutes=0 attacks=3 health=4.0 closestBoxDistance=0.47 elapsedMs=4392
[17:53:44] [Render thread/INFO] (lodekeeper) [Lodekeeper] FOOD_PURSUIT event=health-progress target=40965b12-01bc-4a99-8c38-a9e671b40ef8 routes=2 failedRoutes=0 attacks=3 health=1.0 closestBoxDistance=0.27 elapsedMs=4459
[17:53:45] [Render thread/INFO] (lodekeeper) [Lodekeeper] FOOD_PURSUIT event=start target=40965b12-01bc-4a99-8c38-a9e671b40ef8 routes=3 failedRoutes=0 attacks=3 health=1.0 closestBoxDistance=1.51 elapsedMs=5101
[17:53:45] [Render thread/INFO] (lodekeeper) [Lodekeeper] NAV backend=baritone mode=FOLLOW event=CALC_STARTED elapsedMs=2
[17:53:45] [Render thread/INFO] (lodekeeper) [Lodekeeper] NAV calcTool=minecraft:stone_pickaxe slot=7
[17:53:45] [Render thread/INFO] (lodekeeper) [Lodekeeper] NAV backend=baritone mode=FOLLOW event=CALC_FINISHED_NOW_EXECUTING elapsedMs=35
[17:53:45] [Render thread/INFO] (lodekeeper) [Lodekeeper] NAV backend=baritone mode=FOLLOW event=CALC_STARTED elapsedMs=135
[17:53:45] [Render thread/INFO] (lodekeeper) [Lodekeeper] NAV calcTool=minecraft:stone_pickaxe slot=7
[17:53:45] [Render thread/INFO] (lodekeeper) [Lodekeeper] NAV backend=baritone mode=FOLLOW event=CALC_FINISHED_NOW_EXECUTING elapsedMs=135
[17:53:45] [Render thread/INFO] (lodekeeper) [Lodekeeper] FOOD_PURSUIT event=in-reach target=40965b12-01bc-4a99-8c38-a9e671b40ef8 routes=3 failedRoutes=0 attacks=3 health=1.0 closestBoxDistance=1.5 elapsedMs=5436
[17:53:45] [Render thread/INFO] (lodekeeper) [Lodekeeper] NAV backend=baritone mode=IDLE event=CANCELED elapsedMs=336
[17:53:45] [Render thread/INFO] (lodekeeper) [Lodekeeper] NAV backend=baritone mode=IDLE event=CANCELED elapsedMs=336
[17:53:45] [Render thread/INFO] (lodekeeper) [Lodekeeper] NAV backend=baritone mode=IDLE event=CANCELED elapsedMs=402
[17:53:45] [Render thread/INFO] (lodekeeper) [Lodekeeper] NAV backend=baritone mode=IDLE event=CANCELED elapsedMs=435
[17:53:45] [Render thread/INFO] (lodekeeper) [Lodekeeper] NAV backend=baritone mode=IDLE event=CANCELED elapsedMs=502
[17:53:45] [Render thread/INFO] (lodekeeper) [Lodekeeper] FOOD_TOOL slot=7 item=minecraft:stone_pickaxe damage=3.0 wear=2 remainingDurability=109
[17:53:45] [Render thread/INFO] (lodekeeper) [Lodekeeper] FOOD_PURSUIT event=native-attack target=40965b12-01bc-4a99-8c38-a9e671b40ef8 routes=3 failedRoutes=0 attacks=4 health=1.0 closestBoxDistance=1.87 elapsedMs=5703
[17:53:45] [Render thread/INFO] (lodekeeper) [Lodekeeper] FOOD_PURSUIT event=health-progress target=40965b12-01bc-4a99-8c38-a9e671b40ef8 routes=3 failedRoutes=0 attacks=4 health=0.0 closestBoxDistance=1.93 elapsedMs=5737
[17:53:45] [Render thread/INFO] (lodekeeper) [Lodekeeper] NAV backend=baritone mode=PICKUP event=CALC_STARTED elapsedMs=1
[17:53:45] [Render thread/INFO] (lodekeeper) [Lodekeeper] NAV calcTool=minecraft:stone_pickaxe slot=7
[17:53:45] [Render thread/INFO] (lodekeeper) [Lodekeeper] NAV backend=baritone mode=PICKUP event=CALC_FINISHED_NOW_EXECUTING elapsedMs=33
[17:53:46] [Render thread/INFO] (lodekeeper) [Lodekeeper] PROGRESS elapsed_ms=83435 phase=traveling backend=baritone target=none navigation_elapsed_ms=200 navigation_ticks=4 searching=false path_index=0 path_length=4 retries=0 pending_route_events=0 dropped_route_events=0 status=collecting_minecraft:beef
[17:53:46] [Render thread/INFO] (lodekeeper) [Lodekeeper] NAV backend=baritone mode=IDLE event=CANCELED elapsedMs=536
[17:53:46] [Render thread/INFO] (lodekeeper) [Lodekeeper] NAV backend=baritone mode=IDLE event=CANCELED elapsedMs=536
[17:53:46] [Render thread/INFO] (lodekeeper) [Lodekeeper] NAV backend=baritone mode=IDLE event=CANCELED elapsedMs=603
[17:53:46] [Render thread/INFO] (lodekeeper) [Lodekeeper] NAV backend=baritone mode=IDLE event=CANCELED elapsedMs=636
[17:53:46] [Render thread/INFO] (lodekeeper) [Lodekeeper] NAV backend=baritone mode=IDLE event=CANCELED elapsedMs=703
[17:53:46] [Render thread/INFO] (lodekeeper) [Lodekeeper] NAV backend=baritone mode=IDLE event=CANCELED elapsedMs=737
[17:53:46] [Render thread/INFO] (lodekeeper) [Lodekeeper] NAV backend=baritone mode=IDLE event=CANCELED elapsedMs=804
[17:53:46] [lodekeeper-planner/INFO] (lodekeeper) [Lodekeeper] PROJECT_MATERIALS project=gear_diamond before=[gather:minecraft:iron_ore:3, gather:minecraft:stone:8, gather:minecraft:diamond_ore:3, gather:minecraft:diamond_ore:3, gather:minecraft:diamond_ore:4, gather:minecraft:diamond_ore:8, gather:minecraft:diamond_ore:5, gather:minecraft:diamond_ore:2, gather:minecraft:diamond_ore:7, gather:minecraft:diamond_ore:1, gather:minecraft:diamond_ore:2] after=[gather:minecraft:iron_ore:3, gather:minecraft:stone:8, gather:minecraft:diamond_ore:3, gather:minecraft:diamond_ore:3, gather:minecraft:diamond_ore:4, gather:minecraft:diamond_ore:8, gather:minecraft:diamond_ore:5, gather:minecraft:diamond_ore:2, gather:minecraft:diamond_ore:7, gather:minecraft:diamond_ore:1, gather:minecraft:diamond_ore:2]
[17:53:46] [lodekeeper-planner/INFO] (lodekeeper) [Lodekeeper] PLAN project=gear_diamond success=true steps=30 branches=142 elapsedMs=5.364213
[17:53:46] [Render thread/INFO] (lodekeeper) [Lodekeeper] STEP kind=GATHER source=gather:minecraft:iron_ore output=minecraft:raw_iron count=3 operations=3 auxiliary=false
[17:53:46] [Render thread/INFO] (lodekeeper) [Lodekeeper] MINING_DEPTH policy=NEAREST desiredY=16 ceiling=2031 deficit=3 phase=MINE blocks=[Block{minecraft:iron_ore}, Block{minecraft:deepslate_iron_ore}]
[17:53:46] [Render thread/INFO] (lodekeeper) [Lodekeeper] NAV backend=baritone mode=MINE event=CALC_STARTED elapsedMs=3
[17:53:46] [Render thread/INFO] (lodekeeper) [Lodekeeper] NAV calcTool=minecraft:stone_pickaxe slot=7
[17:53:46] [Render thread/INFO] (lodekeeper) [Lodekeeper] NAV discovered=2 retained=64 rejected=0 requestTicks=3 phase=MINE
[17:53:46] [Render thread/INFO] (lodekeeper) [Lodekeeper] TARGET target=-13,55,43 block=minecraft:iron_ore
[17:53:46] [Render thread/INFO] (lodekeeper) [Lodekeeper] NAV backend=baritone mode=MINE event=CALC_FINISHED_NOW_EXECUTING elapsedMs=204
[17:53:46] [Render thread/INFO] (lodekeeper) [Lodekeeper] NAV discovered=2 retained=64 rejected=0 requestTicks=7 phase=MINE
[17:53:47] [Render thread/INFO] (lodekeeper) [Lodekeeper] TARGET target=none
[17:53:47] [Render thread/INFO] (lodekeeper) [Lodekeeper] NAV backend=baritone mode=IDLE event=CANCELED elapsedMs=941
[17:53:47] [Render thread/INFO] (lodekeeper) [Lodekeeper] NAV backend=baritone mode=IDLE event=CANCELED elapsedMs=941
[17:53:47] [Render thread/INFO] (lodekeeper) [Lodekeeper] NAV backend=baritone mode=IDLE event=CANCELED elapsedMs=974
[17:53:47] [Render thread/INFO] (lodekeeper) [Lodekeeper] NAV backend=baritone mode=IDLE event=CANCELED elapsedMs=1041
[17:53:47] [Render thread/INFO] (lodekeeper) [Lodekeeper] NAV backend=baritone mode=IDLE event=CANCELED elapsedMs=1074
[17:53:47] [Render thread/INFO] (lodekeeper) [Lodekeeper] FOOD_PURSUIT event=start target=348bc060-6072-4c30-a486-c73a866e7d72 routes=1 failedRoutes=0 attacks=0 health=10.0 closestBoxDistance=17.24 elapsedMs=0
[17:53:47] [Render thread/INFO] (lodekeeper) [Lodekeeper] NAV backend=baritone mode=FOLLOW event=CALC_STARTED elapsedMs=2
[17:53:47] [Render thread/INFO] (lodekeeper) [Lodekeeper] NAV calcTool=minecraft:stone_pickaxe slot=7
[17:53:47] [Render thread/INFO] (lodekeeper) [Lodekeeper] NAV backend=baritone mode=FOLLOW event=CALC_FINISHED_NOW_EXECUTING elapsedMs=34
[17:53:48] [Render thread/INFO] (lodekeeper) [Lodekeeper] PROGRESS elapsed_ms=85484 phase=traveling backend=baritone target=none navigation_elapsed_ms=202 navigation_ticks=4 searching=false path_index=0 path_length=19 retries=0 pending_route_events=0 dropped_route_events=0 status=pursuing_cow__1_
[17:53:50] [Render thread/INFO] (lodekeeper) [Lodekeeper] PROGRESS elapsed_ms=87534 phase=traveling backend=baritone target=none navigation_elapsed_ms=2183 navigation_ticks=44 searching=false path_index=0 path_length=11 retries=0 pending_route_events=0 dropped_route_events=0 status=pursuing_cow__1_
[17:53:51] [Render thread/INFO] (lodekeeper) [Lodekeeper] FOOD_PURSUIT event=in-reach target=348bc060-6072-4c30-a486-c73a866e7d72 routes=1 failedRoutes=0 attacks=0 health=10.0 closestBoxDistance=2.75 elapsedMs=4034
[17:53:51] [Render thread/INFO] (lodekeeper) [Lodekeeper] NAV backend=baritone mode=IDLE event=CANCELED elapsedMs=4035
[17:53:51] [Render thread/INFO] (lodekeeper) [Lodekeeper] NAV backend=baritone mode=IDLE event=CANCELED elapsedMs=4035
[17:53:51] [Render thread/INFO] (lodekeeper) [Lodekeeper] NAV backend=baritone mode=IDLE event=CANCELED elapsedMs=4101
[17:53:51] [Render thread/INFO] (lodekeeper) [Lodekeeper] NAV backend=baritone mode=IDLE event=CANCELED elapsedMs=4135
[17:53:51] [Render thread/INFO] (lodekeeper) [Lodekeeper] NAV backend=baritone mode=IDLE event=CANCELED elapsedMs=4202
[17:53:52] [Render thread/INFO] (lodekeeper) [Lodekeeper] FOOD_TOOL slot=7 item=minecraft:stone_pickaxe damage=3.0 wear=2 remainingDurability=107
[17:53:52] [Render thread/INFO] (lodekeeper) [Lodekeeper] FOOD_PURSUIT event=native-attack target=348bc060-6072-4c30-a486-c73a866e7d72 routes=1 failedRoutes=0 attacks=1 health=10.0 closestBoxDistance=2.45 elapsedMs=4302
[17:53:52] [Render thread/INFO] (lodekeeper) [Lodekeeper] FOOD_PURSUIT event=health-progress target=348bc060-6072-4c30-a486-c73a866e7d72 routes=1 failedRoutes=0 attacks=1 health=7.0 closestBoxDistance=2.44 elapsedMs=4335
[17:53:52] [Render thread/INFO] (lodekeeper) [Lodekeeper] PROGRESS elapsed_ms=89583 phase=waiting backend=baritone target=none navigation_elapsed_ms=0 navigation_ticks=0 searching=false path_index=0 path_length=0 retries=0 pending_route_events=0 dropped_route_events=0 status=waiting_for_native_attack_cooldown
[17:53:52] [Render thread/INFO] (lodekeeper) [Lodekeeper] FOOD_PURSUIT event=start target=348bc060-6072-4c30-a486-c73a866e7d72 routes=2 failedRoutes=0 attacks=1 health=7.0 closestBoxDistance=3.14 elapsedMs=4702
[17:53:52] [Render thread/INFO] (lodekeeper) [Lodekeeper] NAV backend=baritone mode=FOLLOW event=CALC_STARTED elapsedMs=1
[17:53:52] [Render thread/INFO] (lodekeeper) [Lodekeeper] NAV calcTool=minecraft:stone_pickaxe slot=7
[17:53:52] [Render thread/INFO] (lodekeeper) [Lodekeeper] NAV backend=baritone mode=FOLLOW event=CALC_FINISHED_NOW_EXECUTING elapsedMs=34
[17:53:52] [Render thread/INFO] (lodekeeper) [Lodekeeper] FOOD_PURSUIT event=in-reach target=348bc060-6072-4c30-a486-c73a866e7d72 routes=2 failedRoutes=0 attacks=1 health=7.0 closestBoxDistance=2.99 elapsedMs=4802
[17:53:52] [Render thread/INFO] (lodekeeper) [Lodekeeper] NAV backend=baritone mode=IDLE event=CANCELED elapsedMs=101
[17:53:52] [Render thread/INFO] (lodekeeper) [Lodekeeper] NAV backend=baritone mode=IDLE event=CANCELED elapsedMs=101
[17:53:52] [Render thread/INFO] (lodekeeper) [Lodekeeper] NAV backend=baritone mode=IDLE event=CANCELED elapsedMs=135
[17:53:52] [Render thread/INFO] (lodekeeper) [Lodekeeper] NAV backend=baritone mode=IDLE event=CANCELED elapsedMs=201
[17:53:52] [Render thread/INFO] (lodekeeper) [Lodekeeper] FOOD_TOOL slot=7 item=minecraft:stone_pickaxe damage=3.0 wear=2 remainingDurability=105
[17:53:52] [Render thread/INFO] (lodekeeper) [Lodekeeper] FOOD_PURSUIT event=native-attack target=348bc060-6072-4c30-a486-c73a866e7d72 routes=2 failedRoutes=0 attacks=2 health=7.0 closestBoxDistance=2.21 elapsedMs=5142
[17:53:52] [Render thread/INFO] (lodekeeper) [Lodekeeper] FOOD_PURSUIT event=health-progress target=348bc060-6072-4c30-a486-c73a866e7d72 routes=2 failedRoutes=0 attacks=2 health=4.0 closestBoxDistance=2.07 elapsedMs=5209
[17:53:53] [Render thread/INFO] (lodekeeper) [Lodekeeper] FOOD_TOOL slot=7 item=minecraft:stone_pickaxe damage=3.0 wear=2 remainingDurability=103
[17:53:53] [Render thread/INFO] (lodekeeper) [Lodekeeper] FOOD_PURSUIT event=native-attack target=348bc060-6072-4c30-a486-c73a866e7d72 routes=2 failedRoutes=0 attacks=3 health=4.0 closestBoxDistance=2.18 elapsedMs=6014
[17:53:53] [Render thread/INFO] (lodekeeper) [Lodekeeper] FOOD_PURSUIT event=health-progress target=348bc060-6072-4c30-a486-c73a866e7d72 routes=2 failedRoutes=0 attacks=3 health=1.0 closestBoxDistance=1.9 elapsedMs=6155
[17:53:54] [Render thread/INFO] (lodekeeper) [Lodekeeper] FOOD_PURSUIT event=start target=348bc060-6072-4c30-a486-c73a866e7d72 routes=3 failedRoutes=0 attacks=3 health=1.0 closestBoxDistance=1.69 elapsedMs=6456
[17:53:54] [Render thread/INFO] (lodekeeper) [Lodekeeper] PROGRESS elapsed_ms=91638 phase=waiting backend=baritone target=none navigation_elapsed_ms=0 navigation_ticks=0 searching=false path_index=0 path_length=0 retries=0 pending_route_events=0 dropped_route_events=0 status=waiting_for_native_attack_cooldown
[17:53:54] [Render thread/INFO] (lodekeeper) [Lodekeeper] NAV backend=baritone mode=FOLLOW event=CALC_STARTED elapsedMs=2
[17:53:54] [Render thread/INFO] (lodekeeper) [Lodekeeper] NAV calcTool=minecraft:stone_pickaxe slot=7
[17:53:54] [Render thread/INFO] (lodekeeper) [Lodekeeper] NAV backend=baritone mode=FOLLOW event=CALC_FINISHED_NOW_EXECUTING elapsedMs=36
[17:53:54] [Render thread/INFO] (lodekeeper) [Lodekeeper] FOOD_PURSUIT event=in-reach target=348bc060-6072-4c30-a486-c73a866e7d72 routes=3 failedRoutes=0 attacks=3 health=1.0 closestBoxDistance=1.58 elapsedMs=6559
[17:53:54] [Render thread/INFO] (lodekeeper) [Lodekeeper] NAV backend=baritone mode=IDLE event=CANCELED elapsedMs=104
[17:53:54] [Render thread/INFO] (lodekeeper) [Lodekeeper] NAV backend=baritone mode=IDLE event=CANCELED elapsedMs=104
[17:53:54] [Render thread/INFO] (lodekeeper) [Lodekeeper] NAV backend=baritone mode=IDLE event=CANCELED elapsedMs=137
[17:53:54] [Render thread/INFO] (lodekeeper) [Lodekeeper] NAV backend=baritone mode=IDLE event=CANCELED elapsedMs=205
[17:53:54] [Render thread/INFO] (lodekeeper) [Lodekeeper] FOOD_TOOL slot=7 item=minecraft:stone_pickaxe damage=3.0 wear=2 remainingDurability=101
[17:53:54] [Render thread/INFO] (lodekeeper) [Lodekeeper] FOOD_PURSUIT event=native-attack target=348bc060-6072-4c30-a486-c73a866e7d72 routes=3 failedRoutes=0 attacks=4 health=1.0 closestBoxDistance=1.14 elapsedMs=6862
[17:53:54] [Render thread/INFO] (lodekeeper) [Lodekeeper] FOOD_PURSUIT event=health-progress target=348bc060-6072-4c30-a486-c73a866e7d72 routes=3 failedRoutes=0 attacks=4 health=0.0 closestBoxDistance=0.95 elapsedMs=6895
[17:53:54] [Render thread/INFO] (lodekeeper) [Lodekeeper] NAV backend=baritone mode=PICKUP event=CALC_STARTED elapsedMs=1
[17:53:54] [Render thread/INFO] (lodekeeper) [Lodekeeper] NAV calcTool=minecraft:stone_pickaxe slot=7
[17:53:54] [Render thread/INFO] (lodekeeper) [Lodekeeper] NAV backend=baritone mode=PICKUP event=CALC_FINISHED_NOW_EXECUTING elapsedMs=34
[17:53:55] [Render thread/INFO] (lodekeeper) [Lodekeeper] NAV backend=baritone mode=IDLE event=CALC_STARTED elapsedMs=402
[17:53:55] [Render thread/INFO] (lodekeeper) [Lodekeeper] NAV calcTool=minecraft:stone_pickaxe slot=7
[17:53:55] [Render thread/INFO] (lodekeeper) [Lodekeeper] NAV backend=baritone mode=IDLE event=CALC_FINISHED_NOW_EXECUTING elapsedMs=402
[17:53:55] [Render thread/INFO] (lodekeeper) [Lodekeeper] NAV backend=baritone mode=IDLE event=CANCELED elapsedMs=402
[17:53:55] [Render thread/INFO] (lodekeeper) [Lodekeeper] NAV backend=baritone mode=IDLE event=CANCELED elapsedMs=402
[17:53:55] [Render thread/INFO] (lodekeeper) [Lodekeeper] NAV backend=baritone mode=IDLE event=CANCELED elapsedMs=435
[17:53:55] [Render thread/INFO] (lodekeeper) [Lodekeeper] NAV backend=baritone mode=IDLE event=CANCELED elapsedMs=501
[17:53:55] [Render thread/INFO] (lodekeeper) [Lodekeeper] NAV backend=baritone mode=IDLE event=CANCELED elapsedMs=535
[17:53:55] [Render thread/INFO] (lodekeeper) [Lodekeeper] NAV backend=baritone mode=IDLE event=CANCELED elapsedMs=601
[17:53:55] [Render thread/INFO] (lodekeeper) [Lodekeeper] NAV backend=baritone mode=IDLE event=CANCELED elapsedMs=635
[17:53:55] [Render thread/INFO] (lodekeeper) [Lodekeeper] NAV backend=baritone mode=IDLE event=CANCELED elapsedMs=702
[17:53:55] [Render thread/INFO] (lodekeeper) [Lodekeeper] FOOD_PREPARATION decision=cook_stored_food nutrition=18 cooked_potential=48 target=36
[17:53:55] [lodekeeper-planner/INFO] (lodekeeper) [Lodekeeper] PROJECT_MATERIALS project=gear_diamond before=[gather:minecraft:iron_ore:3, gather:minecraft:stone:8, gather:minecraft:diamond_ore:3, gather:minecraft:diamond_ore:3, gather:minecraft:diamond_ore:4, gather:minecraft:diamond_ore:8, gather:minecraft:diamond_ore:5, gather:minecraft:diamond_ore:2, gather:minecraft:diamond_ore:7, gather:minecraft:diamond_ore:1, gather:minecraft:diamond_ore:2] after=[gather:minecraft:iron_ore:3, gather:minecraft:stone:8, gather:minecraft:diamond_ore:3, gather:minecraft:diamond_ore:3, gather:minecraft:diamond_ore:4, gather:minecraft:diamond_ore:8, gather:minecraft:diamond_ore:5, gather:minecraft:diamond_ore:2, gather:minecraft:diamond_ore:7, gather:minecraft:diamond_ore:1, gather:minecraft:diamond_ore:2]
[17:53:55] [lodekeeper-planner/INFO] (lodekeeper) [Lodekeeper] PLAN project=gear_diamond success=true steps=30 branches=142 elapsedMs=5.327211
[17:53:55] [Render thread/INFO] (lodekeeper) [Lodekeeper] STEP kind=GATHER source=gather:minecraft:iron_ore output=minecraft:raw_iron count=3 operations=3 auxiliary=false
[17:53:55] [Render thread/INFO] (lodekeeper) [Lodekeeper] MINING_DEPTH policy=NEAREST desiredY=16 ceiling=2031 deficit=3 phase=MINE blocks=[Block{minecraft:iron_ore}, Block{minecraft:deepslate_iron_ore}]
[17:53:55] [Render thread/INFO] (lodekeeper) [Lodekeeper] NAV backend=baritone mode=MINE event=CALC_STARTED elapsedMs=2
[17:53:55] [Render thread/INFO] (lodekeeper) [Lodekeeper] NAV calcTool=minecraft:stone_pickaxe slot=7
[17:53:55] [Render thread/INFO] (lodekeeper) [Lodekeeper] NAV discovered=3 retained=63 rejected=0 requestTicks=3 phase=MINE
[17:53:55] [Render thread/INFO] (lodekeeper) [Lodekeeper] ROUTE_SEARCH kind=unknown anchor=unknown feet_y16=0 candidates=0 target=none elapsed_ms=93114
[17:53:55] [Render thread/INFO] (lodekeeper) [Lodekeeper] NAV discovered=4 retained=64 rejected=0 requestTicks=7 phase=MINE
[17:53:56] [Render thread/INFO] (lodekeeper) [Lodekeeper] NAV discovered=1 retained=64 rejected=0 requestTicks=11 phase=MINE
[17:53:56] [Render thread/INFO] (lodekeeper) [Lodekeeper] NAV backend=baritone mode=MINE event=CALC_FINISHED_NOW_EXECUTING elapsedMs=569
[17:53:56] [Render thread/INFO] (lodekeeper) [Lodekeeper] NAV backend=baritone mode=MINE event=NEXT_SEGMENT_CALC_STARTED elapsedMs=571
[17:53:56] [Render thread/INFO] (lodekeeper) [Lodekeeper] PROGRESS elapsed_ms=93683 phase=searching backend=baritone target=none navigation_elapsed_ms=602 navigation_ticks=12 searching=true path_index=0 path_length=15 retries=0 pending_route_events=0 dropped_route_events=0 status=mining_and_collecting_minecraft:raw_iron___0/3___planning_next_route
[17:53:56] [Render thread/INFO] (lodekeeper) [Lodekeeper] NAV backend=baritone mode=MINE event=NEXT_SEGMENT_CALC_FINISHED elapsedMs=1376
[17:53:56] [Render thread/INFO] (lodekeeper) [Lodekeeper] TARGET target=-28,46,62 block=minecraft:iron_ore
[17:53:56] [Render thread/INFO] (lodekeeper) [Lodekeeper] ROUTE_TRAVEL path_index=0 path_length=29 target=-28,46,62 block=minecraft:iron_ore elapsed_ms=94323
[17:53:58] [Render thread/INFO] (lodekeeper) [Lodekeeper] PROGRESS elapsed_ms=95714 phase=traveling backend=baritone target=-28,46,62 block=minecraft:iron_ore navigation_elapsed_ms=2800 navigation_ticks=56 searching=false path_index=0 path_length=25 retries=0 pending_route_events=0 dropped_route_events=0 status=mining_and_collecting_minecraft:raw_iron___0/3
[17:53:59] [Render thread/INFO] (lodekeeper) [Lodekeeper] BREAK target=MutableBlockPos{x=-28, y=64, z=62} block=Block{minecraft:grass_block} tool=minecraft:birch_log slot=0 remaining=-1 required=route
[17:54:00] [Render thread/INFO] (lodekeeper) [Lodekeeper] PROGRESS elapsed_ms=97744 phase=traveling backend=baritone target=-28,46,62 block=minecraft:iron_ore navigation_elapsed_ms=4829 navigation_ticks=96 searching=false path_index=0 path_length=19 retries=0 pending_route_events=0 dropped_route_events=0 status=mining_and_collecting_minecraft:raw_iron___0/3
[17:54:01] [Render thread/INFO] (lodekeeper) [Lodekeeper] BREAK target=MutableBlockPos{x=-28, y=63, z=62} block=Block{minecraft:dirt} tool=minecraft:birch_log slot=0 remaining=-1 required=route
[17:54:02] [Render thread/INFO] (lodekeeper) [Lodekeeper] PROGRESS elapsed_ms=99788 phase=traveling backend=baritone target=-28,46,62 block=minecraft:iron_ore navigation_elapsed_ms=6807 navigation_ticks=136 searching=false path_index=0 path_length=19 retries=0 pending_route_events=0 dropped_route_events=0 status=mining_and_collecting_minecraft:raw_iron___0/3
[17:54:02] [Render thread/INFO] (lodekeeper) [Lodekeeper] BREAK target=MutableBlockPos{x=-28, y=62, z=62} block=Block{minecraft:dirt} tool=minecraft:birch_log slot=0 remaining=-1 required=route
[17:54:03] [Render thread/INFO] (lodekeeper) [Lodekeeper] BREAK target=MutableBlockPos{x=-28, y=61, z=62} block=Block{minecraft:dirt} tool=minecraft:birch_log slot=0 remaining=-1 required=route
[17:54:04] [Render thread/INFO] (lodekeeper) [Lodekeeper] PROGRESS elapsed_ms=101833 phase=traveling backend=baritone target=-28,46,62 block=minecraft:iron_ore navigation_elapsed_ms=8818 navigation_ticks=176 searching=false path_index=0 path_length=16 retries=0 pending_route_events=0 dropped_route_events=0 status=mining_and_collecting_minecraft:raw_iron___0/3
[17:54:04] [Render thread/INFO] (lodekeeper) [Lodekeeper] BREAK target=MutableBlockPos{x=-28, y=60, z=62} block=Block{minecraft:andesite} tool=minecraft:stone_pickaxe slot=7 remaining=99 required=route
[17:54:05] [Render thread/INFO] (lodekeeper) [Lodekeeper] BREAK target=MutableBlockPos{x=-28, y=59, z=62} block=Block{minecraft:andesite} tool=minecraft:stone_pickaxe slot=7 remaining=98 required=route
[17:54:06] [Render thread/INFO] (lodekeeper) [Lodekeeper] BREAK target=MutableBlockPos{x=-28, y=58, z=62} block=Block{minecraft:dirt} tool=minecraft:birch_log slot=0 remaining=-1 required=route
[17:54:06] [Render thread/INFO] (lodekeeper) [Lodekeeper] PROGRESS elapsed_ms=103845 phase=traveling backend=baritone target=-28,46,62 block=minecraft:iron_ore navigation_elapsed_ms=10830 navigation_ticks=216 searching=false path_index=0 path_length=14 retries=0 pending_route_events=0 dropped_route_events=0 status=mining_and_collecting_minecraft:raw_iron___0/3
[17:54:07] [Render thread/INFO] (lodekeeper) [Lodekeeper] BREAK target=MutableBlockPos{x=-28, y=57, z=62} block=Block{minecraft:dirt} tool=minecraft:birch_log slot=0 remaining=-1 required=route
[17:54:08] [Render thread/INFO] (lodekeeper) [Lodekeeper] BREAK target=MutableBlockPos{x=-28, y=56, z=62} block=Block{minecraft:dirt} tool=minecraft:birch_log slot=0 remaining=-1 required=route
[17:54:08] [Render thread/INFO] (lodekeeper) [Lodekeeper] PROGRESS elapsed_ms=105875 phase=traveling backend=baritone target=-28,46,62 block=minecraft:iron_ore navigation_elapsed_ms=12824 navigation_ticks=256 searching=false path_index=0 path_length=12 retries=0 pending_route_events=0 dropped_route_events=0 status=mining_and_collecting_minecraft:raw_iron___0/3
[17:54:09] [Render thread/INFO] (lodekeeper) [Lodekeeper] BREAK target=MutableBlockPos{x=-28, y=55, z=62} block=Block{minecraft:andesite} tool=minecraft:stone_pickaxe slot=7 remaining=97 required=route
[17:54:10] [Render thread/INFO] (lodekeeper) [Lodekeeper] BREAK target=MutableBlockPos{x=-28, y=54, z=62} block=Block{minecraft:andesite} tool=minecraft:stone_pickaxe slot=7 remaining=96 required=route
[17:54:10] [Render thread/INFO] (lodekeeper) [Lodekeeper] PROGRESS elapsed_ms=107891 phase=traveling backend=baritone target=-28,46,62 block=minecraft:iron_ore navigation_elapsed_ms=14808 navigation_ticks=296 searching=false path_index=0 path_length=10 retries=0 pending_route_events=0 dropped_route_events=0 status=mining_and_collecting_minecraft:raw_iron___0/3
[17:54:11] [Render thread/INFO] (lodekeeper) [Lodekeeper] BREAK target=MutableBlockPos{x=-28, y=53, z=62} block=Block{minecraft:andesite} tool=minecraft:stone_pickaxe slot=7 remaining=95 required=route
[17:54:12] [Render thread/INFO] (lodekeeper) [Lodekeeper] BREAK target=MutableBlockPos{x=-28, y=52, z=62} block=Block{minecraft:stone} tool=minecraft:stone_pickaxe slot=7 remaining=94 required=route
[17:54:12] [Render thread/INFO] (lodekeeper) [Lodekeeper] PROGRESS elapsed_ms=109937 phase=traveling backend=baritone target=-28,46,62 block=minecraft:iron_ore navigation_elapsed_ms=17023 navigation_ticks=340 searching=false path_index=0 path_length=8 retries=0 pending_route_events=0 dropped_route_events=0 status=mining_and_collecting_minecraft:raw_iron___0/3
[17:54:13] [Render thread/INFO] (lodekeeper) [Lodekeeper] BREAK target=MutableBlockPos{x=-28, y=51, z=62} block=Block{minecraft:stone} tool=minecraft:stone_pickaxe slot=7 remaining=93 required=route
[17:54:13] [Render thread/INFO] (lodekeeper) [Lodekeeper] BREAK target=MutableBlockPos{x=-28, y=50, z=62} block=Block{minecraft:stone} tool=minecraft:stone_pickaxe slot=7 remaining=92 required=route
[17:54:14] [Render thread/INFO] (lodekeeper) [Lodekeeper] PROGRESS elapsed_ms=111963 phase=traveling backend=baritone target=-28,46,62 block=minecraft:iron_ore navigation_elapsed_ms=19015 navigation_ticks=380 searching=false path_index=0 path_length=6 retries=0 pending_route_events=0 dropped_route_events=0 status=mining_and_collecting_minecraft:raw_iron___0/3
[17:54:14] [Render thread/INFO] (lodekeeper) [Lodekeeper] BREAK target=MutableBlockPos{x=-28, y=49, z=62} block=Block{minecraft:stone} tool=minecraft:stone_pickaxe slot=7 remaining=91 required=route
[17:54:15] [Render thread/INFO] (lodekeeper) [Lodekeeper] BREAK target=MutableBlockPos{x=-28, y=48, z=62} block=Block{minecraft:stone} tool=minecraft:stone_pickaxe slot=7 remaining=90 required=route
[17:54:16] [Render thread/INFO] (lodekeeper) [Lodekeeper] PROGRESS elapsed_ms=113977 phase=traveling backend=baritone target=-28,46,62 block=minecraft:iron_ore navigation_elapsed_ms=21028 navigation_ticks=420 searching=false path_index=0 path_length=3 retries=0 pending_route_events=0 dropped_route_events=0 status=mining_and_collecting_minecraft:raw_iron___0/3
[17:54:16] [Render thread/INFO] (lodekeeper) [Lodekeeper] BREAK target=MutableBlockPos{x=-28, y=47, z=62} block=Block{minecraft:iron_ore} tool=minecraft:stone_pickaxe slot=7 remaining=89 required=minecraft:stone_pickaxe
[17:54:17] [Render thread/INFO] (lodekeeper) [Lodekeeper] NAV discovered=1 retained=64 rejected=0 requestTicks=447 phase=MINE
[17:54:18] [Render thread/INFO] (lodekeeper) [Lodekeeper] BREAK target=MutableBlockPos{x=-28, y=46, z=62} block=Block{minecraft:iron_ore} tool=minecraft:stone_pickaxe slot=7 remaining=88 required=minecraft:stone_pickaxe
[17:54:18] [Render thread/INFO] (lodekeeper) [Lodekeeper] PROGRESS elapsed_ms=115984 phase=traveling backend=baritone target=-28,46,62 block=minecraft:iron_ore navigation_elapsed_ms=23002 navigation_ticks=460 searching=false path_index=0 path_length=2 retries=0 pending_route_events=0 dropped_route_events=0 status=mining_and_collecting_minecraft:raw_iron___1/3
[17:54:19] [Render thread/INFO] (lodekeeper) [Lodekeeper] NAV discovered=1 retained=64 rejected=0 requestTicks=476 phase=MINE
[17:54:19] [Render thread/INFO] (lodekeeper) [Lodekeeper] TARGET target=-28,46,63 block=minecraft:iron_ore
[17:54:19] [Render thread/INFO] (lodekeeper) [Lodekeeper] NAV backend=baritone mode=MINE event=CALC_STARTED elapsedMs=23807
[17:54:19] [Render thread/INFO] (lodekeeper) [Lodekeeper] NAV calcTool=minecraft:stone_pickaxe slot=7
[17:54:19] [Render thread/INFO] (lodekeeper) [Lodekeeper] NAV backend=baritone mode=MINE event=CALC_FINISHED_NOW_EXECUTING elapsedMs=23807
[17:54:19] [Render thread/INFO] (lodekeeper) [Lodekeeper] BREAK target=MutableBlockPos{x=-28, y=47, z=63} block=Block{minecraft:iron_ore} tool=minecraft:stone_pickaxe slot=7 remaining=87 required=minecraft:stone_pickaxe
[17:54:20] [Render thread/INFO] (lodekeeper) [Lodekeeper] PROGRESS elapsed_ms=117994 phase=traveling backend=baritone target=-28,46,63 block=minecraft:iron_ore navigation_elapsed_ms=25012 navigation_ticks=500 searching=false path_index=0 path_length=2 retries=0 pending_route_events=0 dropped_route_events=0 status=mining_and_collecting_minecraft:raw_iron___2/3
[17:54:20] [Render thread/INFO] (lodekeeper) [Lodekeeper] NAV discovered=1 retained=64 rejected=0 requestTicks=505 phase=MINE
[17:54:20] [Render thread/INFO] (lodekeeper) [Lodekeeper] BREAK target=MutableBlockPos{x=-28, y=46, z=63} block=Block{minecraft:iron_ore} tool=minecraft:stone_pickaxe slot=7 remaining=86 required=minecraft:stone_pickaxe
[17:54:21] [Render thread/INFO] (lodekeeper) [Lodekeeper] TARGET target=none
[17:54:21] [lodekeeper-planner/INFO] (lodekeeper) [Lodekeeper] PROJECT_MATERIALS project=gear_diamond before=[gather:minecraft:stone:3, gather:minecraft:diamond_ore:3, gather:minecraft:diamond_ore:3, gather:minecraft:diamond_ore:4, gather:minecraft:diamond_ore:8, gather:minecraft:diamond_ore:5, gather:minecraft:diamond_ore:2, gather:minecraft:diamond_ore:7, gather:minecraft:diamond_ore:1, gather:minecraft:diamond_ore:2] after=[gather:minecraft:stone:3, gather:minecraft:diamond_ore:3, gather:minecraft:diamond_ore:3, gather:minecraft:diamond_ore:4, gather:minecraft:diamond_ore:8, gather:minecraft:diamond_ore:5, gather:minecraft:diamond_ore:2, gather:minecraft:diamond_ore:7, gather:minecraft:diamond_ore:1, gather:minecraft:diamond_ore:2]
[17:54:21] [lodekeeper-planner/INFO] (lodekeeper) [Lodekeeper] PLAN project=gear_diamond success=true steps=29 branches=139 elapsedMs=5.811248
[17:54:21] [Render thread/INFO] (lodekeeper) [Lodekeeper] STEP kind=GATHER source=gather:minecraft:stone output=minecraft:cobblestone count=3 operations=3 auxiliary=false
[17:54:21] [Render thread/INFO] (lodekeeper) [Lodekeeper] MINING_DEPTH policy=NEAREST desiredY=-2147483648 ceiling=2031 deficit=3 phase=MINE blocks=[Block{minecraft:stone}]
[17:54:21] [Render thread/INFO] (lodekeeper) [Lodekeeper] NAV backend=baritone mode=MINE event=CALC_STARTED elapsedMs=3
[17:54:21] [Render thread/INFO] (lodekeeper) [Lodekeeper] NAV calcTool=minecraft:stone_pickaxe slot=7
[17:54:21] [Render thread/INFO] (lodekeeper) [Lodekeeper] NAV backend=baritone mode=MINE event=CALC_FINISHED_NOW_EXECUTING elapsedMs=134
[17:54:21] [Render thread/INFO] (lodekeeper) [Lodekeeper] TARGET target=-27,32,55 block=minecraft:stone
[17:54:21] [Render thread/INFO] (lodekeeper) [Lodekeeper] BREAK target=MutableBlockPos{x=-28, y=45, z=62} block=Block{minecraft:granite} tool=minecraft:stone_pickaxe slot=7 remaining=86 required=route
[17:54:22] [Render thread/INFO] (lodekeeper) [Lodekeeper] PROGRESS elapsed_ms=120040 phase=traveling backend=baritone target=-27,32,55 block=minecraft:stone navigation_elapsed_ms=1003 navigation_ticks=20 searching=false path_index=0 path_length=14 retries=0 pending_route_events=0 dropped_route_events=0 status=mining_and_collecting_minecraft:cobblestone___5/8
[17:54:22] [Render thread/INFO] (lodekeeper) [Lodekeeper] BREAK target=MutableBlockPos{x=-28, y=44, z=62} block=Block{minecraft:granite} tool=minecraft:stone_pickaxe slot=7 remaining=85 required=route
[17:54:23] [Render thread/INFO] (lodekeeper) [Lodekeeper] BREAK target=MutableBlockPos{x=-28, y=43, z=62} block=Block{minecraft:granite} tool=minecraft:stone_pickaxe slot=7 remaining=84 required=route
[17:54:24] [Render thread/INFO] (lodekeeper) [Lodekeeper] BREAK target=MutableBlockPos{x=-28, y=42, z=62} block=Block{minecraft:granite} tool=minecraft:stone_pickaxe slot=7 remaining=83 required=route
[17:54:24] [Render thread/INFO] (lodekeeper) [Lodekeeper] PROGRESS elapsed_ms=122083 phase=traveling backend=baritone target=-27,32,55 block=minecraft:stone navigation_elapsed_ms=2978 navigation_ticks=60 searching=false path_index=0 path_length=12 retries=0 pending_route_events=0 dropped_route_events=0 status=mining_and_collecting_minecraft:cobblestone___5/8
[17:54:25] [Render thread/INFO] (lodekeeper) [Lodekeeper] BREAK target=MutableBlockPos{x=-28, y=41, z=62} block=Block{minecraft:granite} tool=minecraft:stone_pickaxe slot=7 remaining=82 required=route
[17:54:26] [Render thread/INFO] (lodekeeper) [Lodekeeper] BREAK target=MutableBlockPos{x=-28, y=40, z=62} block=Block{minecraft:stone} tool=minecraft:stone_pickaxe slot=7 remaining=81 required=minecraft:stone_pickaxe
[17:54:26] [Render thread/INFO] (lodekeeper) [Lodekeeper] PROGRESS elapsed_ms=124115 phase=traveling backend=baritone target=-27,32,55 block=minecraft:stone navigation_elapsed_ms=4978 navigation_ticks=100 searching=false path_index=0 path_length=10 retries=0 pending_route_events=0 dropped_route_events=0 status=mining_and_collecting_minecraft:cobblestone___5/8
[17:54:27] [Render thread/INFO] (lodekeeper) [Lodekeeper] BREAK target=MutableBlockPos{x=-28, y=41, z=61} block=Block{minecraft:stone} tool=minecraft:stone_pickaxe slot=7 remaining=80 required=minecraft:stone_pickaxe
[17:54:28] [Render thread/INFO] (lodekeeper) [Lodekeeper] BREAK target=MutableBlockPos{x=-28, y=40, z=61} block=Block{minecraft:stone} tool=minecraft:stone_pickaxe slot=7 remaining=79 required=minecraft:stone_pickaxe
[17:54:28] [Render thread/INFO] (lodekeeper) [Lodekeeper] PROGRESS elapsed_ms=126128 phase=traveling backend=baritone target=-27,32,55 block=minecraft:stone navigation_elapsed_ms=6989 navigation_ticks=140 searching=false path_index=0 path_length=9 retries=0 pending_route_events=0 dropped_route_events=0 status=mining_and_collecting_minecraft:cobblestone___7/8
[17:54:29] [Render thread/INFO] (lodekeeper) [Lodekeeper] BREAK target=MutableBlockPos{x=-28, y=39, z=61} block=Block{minecraft:stone} tool=minecraft:stone_pickaxe slot=7 remaining=78 required=minecraft:stone_pickaxe
[17:54:29] [Render thread/INFO] (lodekeeper) [Lodekeeper] TARGET target=none
[17:54:29] [lodekeeper-planner/INFO] (lodekeeper) [Lodekeeper] PROJECT_MATERIALS project=gear_diamond before=[gather:minecraft:diamond_ore:3, gather:minecraft:diamond_ore:3, gather:minecraft:diamond_ore:4, gather:minecraft:diamond_ore:8, gather:minecraft:diamond_ore:5, gather:minecraft:diamond_ore:2, gather:minecraft:diamond_ore:7, gather:minecraft:diamond_ore:1, gather:minecraft:diamond_ore:2] after=[gather:minecraft:diamond_ore:3, gather:minecraft:diamond_ore:3, gather:minecraft:diamond_ore:4, gather:minecraft:diamond_ore:8, gather:minecraft:diamond_ore:5, gather:minecraft:diamond_ore:2, gather:minecraft:diamond_ore:7, gather:minecraft:diamond_ore:1, gather:minecraft:diamond_ore:2]
[17:54:29] [lodekeeper-planner/INFO] (lodekeeper) [Lodekeeper] PLAN project=gear_diamond success=true steps=28 branches=133 elapsedMs=5.480882
[17:54:29] [Render thread/INFO] (lodekeeper) [Lodekeeper] STEP kind=PLACE_STATION source=place:minecraft:crafting_table output=null count=0 operations=1 auxiliary=false
[17:54:29] [Render thread/INFO] (lodekeeper) [Lodekeeper] TARGET target=-28,40,61 block=minecraft:crafting_table
[17:54:29] [Render thread/INFO] (lodekeeper) [Lodekeeper] TARGET target=none
[17:54:29] [lodekeeper-planner/INFO] (lodekeeper) [Lodekeeper] PROJECT_MATERIALS project=gear_diamond before=[gather:minecraft:diamond_ore:3, gather:minecraft:diamond_ore:3, gather:minecraft:diamond_ore:4, gather:minecraft:diamond_ore:8, gather:minecraft:diamond_ore:5, gather:minecraft:diamond_ore:2, gather:minecraft:diamond_ore:7, gather:minecraft:diamond_ore:1, gather:minecraft:diamond_ore:2] after=[gather:minecraft:diamond_ore:3, gather:minecraft:diamond_ore:3, gather:minecraft:diamond_ore:4, gather:minecraft:diamond_ore:8, gather:minecraft:diamond_ore:5, gather:minecraft:diamond_ore:2, gather:minecraft:diamond_ore:7, gather:minecraft:diamond_ore:1, gather:minecraft:diamond_ore:2]
[17:54:29] [lodekeeper-planner/INFO] (lodekeeper) [Lodekeeper] PLAN project=gear_diamond success=true steps=27 branches=132 elapsedMs=4.387133
[17:54:29] [Render thread/INFO] (lodekeeper) [Lodekeeper] STEP kind=CRAFT source=server:minecraft:furnace:657 output=minecraft:furnace count=1 operations=1 auxiliary=false
[17:54:30] [Render thread/INFO] (lodekeeper) [Lodekeeper] PROGRESS elapsed_ms=128146 phase=crafting backend=baritone target=none navigation_elapsed_ms=0 navigation_ticks=0 searching=false path_index=0 path_length=0 retries=0 pending_route_events=0 dropped_route_events=0 status=CRAFT_server:minecraft:furnace:657
[17:54:32] [Render thread/INFO] (lodekeeper) [Lodekeeper] PROGRESS elapsed_ms=130191 phase=crafting backend=baritone target=none navigation_elapsed_ms=0 navigation_ticks=0 searching=false path_index=0 path_length=0 retries=0 pending_route_events=0 dropped_route_events=0 status=CRAFT_server:minecraft:furnace:657
[17:54:34] [Render thread/INFO] (lodekeeper) [Lodekeeper] PROGRESS elapsed_ms=132233 phase=crafting backend=baritone target=none navigation_elapsed_ms=0 navigation_ticks=0 searching=false path_index=0 path_length=0 retries=0 pending_route_events=0 dropped_route_events=0 status=CRAFT_server:minecraft:furnace:657
[17:54:35] [lodekeeper-planner/INFO] (lodekeeper) [Lodekeeper] PROJECT_MATERIALS project=gear_diamond before=[gather:minecraft:diamond_ore:3, gather:minecraft:diamond_ore:3, gather:minecraft:diamond_ore:4, gather:minecraft:diamond_ore:8, gather:minecraft:diamond_ore:5, gather:minecraft:diamond_ore:2, gather:minecraft:diamond_ore:7, gather:minecraft:diamond_ore:1, gather:minecraft:diamond_ore:2] after=[gather:minecraft:diamond_ore:3, gather:minecraft:diamond_ore:3, gather:minecraft:diamond_ore:4, gather:minecraft:diamond_ore:8, gather:minecraft:diamond_ore:5, gather:minecraft:diamond_ore:2, gather:minecraft:diamond_ore:7, gather:minecraft:diamond_ore:1, gather:minecraft:diamond_ore:2]
[17:54:35] [lodekeeper-planner/INFO] (lodekeeper) [Lodekeeper] PLAN project=gear_diamond success=true steps=26 branches=129 elapsedMs=3.738957
[17:54:35] [Render thread/INFO] (lodekeeper) [Lodekeeper] STEP kind=PLACE_STATION source=place:minecraft:furnace output=null count=0 operations=1 auxiliary=false
[17:54:35] [Render thread/INFO] (lodekeeper) [Lodekeeper] TARGET target=-29,40,62 block=minecraft:stone
[17:54:36] [Render thread/INFO] (lodekeeper) [Lodekeeper] PROGRESS elapsed_ms=134240 phase=gathering backend=baritone target=-29,40,62 block=minecraft:stone navigation_elapsed_ms=0 navigation_ticks=0 searching=false path_index=0 path_length=0 retries=0 pending_route_events=0 dropped_route_events=0 status=mining_station_feet_space
[17:54:37] [Render thread/INFO] (lodekeeper) [Lodekeeper] TARGET target=none
[17:54:37] [lodekeeper-planner/INFO] (lodekeeper) [Lodekeeper] PROJECT_MATERIALS project=gear_diamond before=[gather:minecraft:diamond_ore:3, gather:minecraft:diamond_ore:3, gather:minecraft:diamond_ore:4, gather:minecraft:diamond_ore:8, gather:minecraft:diamond_ore:5, gather:minecraft:diamond_ore:2, gather:minecraft:diamond_ore:7, gather:minecraft:diamond_ore:1, gather:minecraft:diamond_ore:2] after=[gather:minecraft:diamond_ore:3, gather:minecraft:diamond_ore:3, gather:minecraft:diamond_ore:4, gather:minecraft:diamond_ore:8, gather:minecraft:diamond_ore:5, gather:minecraft:diamond_ore:2, gather:minecraft:diamond_ore:7, gather:minecraft:diamond_ore:1, gather:minecraft:diamond_ore:2]
[17:54:37] [lodekeeper-planner/INFO] (lodekeeper) [Lodekeeper] PLAN project=gear_diamond success=true steps=25 branches=128 elapsedMs=4.687964
[17:54:37] [Render thread/INFO] (lodekeeper) [Lodekeeper] SMELT_REQUIREMENTS source=server:minecraft:iron_ingot_from_smelting_raw_iron:768 selected=[SelectedItemRequirement[item=minecraft:raw_iron, count=3, consumed=true, purpose=smelting input, recipeSlot=-1], SelectedItemRequirement[item=minecraft:birch_planks, count=2, consumed=true, purpose=smelting fuel, recipeSlot=-1], SelectedStationRequirement[station=minecraft:furnace, purpose=use station]]
[17:54:37] [Render thread/INFO] (lodekeeper) [Lodekeeper] STEP kind=SMELT source=server:minecraft:iron_ingot_from_smelting_raw_iron:768 output=minecraft:iron_ingot count=3 operations=3 auxiliary=false
[17:54:38] [Render thread/INFO] (lodekeeper) [Lodekeeper] PROGRESS elapsed_ms=136288 phase=smelting backend=baritone target=none navigation_elapsed_ms=0 navigation_ticks=0 searching=false path_index=0 path_length=0 retries=0 pending_route_events=0 dropped_route_events=0 status=SMELT_server:minecraft:iron_ingot_from_smelting_raw_iron:768
[17:54:40] [Render thread/INFO] (lodekeeper) [Lodekeeper] PROGRESS elapsed_ms=138295 phase=smelting backend=baritone target=none navigation_elapsed_ms=0 navigation_ticks=0 searching=false path_index=0 path_length=0 retries=0 pending_route_events=0 dropped_route_events=0 status=SMELT_server:minecraft:iron_ingot_from_smelting_raw_iron:768
[17:54:42] [Render thread/INFO] (lodekeeper) [Lodekeeper] PROGRESS elapsed_ms=140337 phase=smelting backend=baritone target=none navigation_elapsed_ms=0 navigation_ticks=0 searching=false path_index=0 path_length=0 retries=0 pending_route_events=0 dropped_route_events=0 status=SMELT_server:minecraft:iron_ingot_from_smelting_raw_iron:768
[17:54:44] [Render thread/INFO] (lodekeeper) [Lodekeeper] PROGRESS elapsed_ms=142387 phase=smelting backend=baritone target=none navigation_elapsed_ms=0 navigation_ticks=0 searching=false path_index=0 path_length=0 retries=0 pending_route_events=0 dropped_route_events=0 status=SMELT_server:minecraft:iron_ingot_from_smelting_raw_iron:768
[17:54:47] [Render thread/INFO] (lodekeeper) [Lodekeeper] PROGRESS elapsed_ms=144433 phase=smelting backend=baritone target=none navigation_elapsed_ms=0 navigation_ticks=0 searching=false path_index=0 path_length=0 retries=0 pending_route_events=0 dropped_route_events=0 status=SMELT_server:minecraft:iron_ingot_from_smelting_raw_iron:768
[17:54:49] [Render thread/INFO] (lodekeeper) [Lodekeeper] PROGRESS elapsed_ms=146481 phase=smelting backend=baritone target=none navigation_elapsed_ms=0 navigation_ticks=0 searching=false path_index=0 path_length=0 retries=0 pending_route_events=0 dropped_route_events=0 status=SMELT_server:minecraft:iron_ingot_from_smelting_raw_iron:768
[17:54:51] [Render thread/INFO] (lodekeeper) [Lodekeeper] PROGRESS elapsed_ms=148490 phase=smelting backend=baritone target=none navigation_elapsed_ms=0 navigation_ticks=0 searching=false path_index=0 path_length=0 retries=0 pending_route_events=0 dropped_route_events=0 status=SMELT_server:minecraft:iron_ingot_from_smelting_raw_iron:768
[17:54:53] [Render thread/INFO] (lodekeeper) [Lodekeeper] PROGRESS elapsed_ms=150532 phase=smelting backend=baritone target=none navigation_elapsed_ms=0 navigation_ticks=0 searching=false path_index=0 path_length=0 retries=0 pending_route_events=0 dropped_route_events=0 status=SMELT_server:minecraft:iron_ingot_from_smelting_raw_iron:768
[17:54:55] [Render thread/INFO] (lodekeeper) [Lodekeeper] PROGRESS elapsed_ms=152539 phase=smelting backend=baritone target=none navigation_elapsed_ms=0 navigation_ticks=0 searching=false path_index=0 path_length=0 retries=0 pending_route_events=0 dropped_route_events=0 status=SMELT_server:minecraft:iron_ingot_from_smelting_raw_iron:768
[17:54:57] [Render thread/INFO] (lodekeeper) [Lodekeeper] PROGRESS elapsed_ms=154584 phase=smelting backend=baritone target=none navigation_elapsed_ms=0 navigation_ticks=0 searching=false path_index=0 path_length=0 retries=0 pending_route_events=0 dropped_route_events=0 status=SMELT_server:minecraft:iron_ingot_from_smelting_raw_iron:768
[17:54:59] [Render thread/INFO] (lodekeeper) [Lodekeeper] PROGRESS elapsed_ms=156596 phase=smelting backend=baritone target=none navigation_elapsed_ms=0 navigation_ticks=0 searching=false path_index=0 path_length=0 retries=0 pending_route_events=0 dropped_route_events=0 status=SMELT_server:minecraft:iron_ingot_from_smelting_raw_iron:768
[17:55:01] [Render thread/INFO] (lodekeeper) [Lodekeeper] PROGRESS elapsed_ms=158642 phase=smelting backend=baritone target=none navigation_elapsed_ms=0 navigation_ticks=0 searching=false path_index=0 path_length=0 retries=0 pending_route_events=0 dropped_route_events=0 status=SMELT_server:minecraft:iron_ingot_from_smelting_raw_iron:768
[17:55:03] [Render thread/INFO] (lodekeeper) [Lodekeeper] PROGRESS elapsed_ms=160687 phase=smelting backend=baritone target=none navigation_elapsed_ms=0 navigation_ticks=0 searching=false path_index=0 path_length=0 retries=0 pending_route_events=0 dropped_route_events=0 status=SMELT_server:minecraft:iron_ingot_from_smelting_raw_iron:768
[17:55:05] [Render thread/INFO] (lodekeeper) [Lodekeeper] PROGRESS elapsed_ms=162731 phase=smelting backend=baritone target=none navigation_elapsed_ms=0 navigation_ticks=0 searching=false path_index=0 path_length=0 retries=0 pending_route_events=0 dropped_route_events=0 status=SMELT_server:minecraft:iron_ingot_from_smelting_raw_iron:768
[17:55:07] [Render thread/INFO] (lodekeeper) [Lodekeeper] PROGRESS elapsed_ms=164781 phase=smelting backend=baritone target=none navigation_elapsed_ms=0 navigation_ticks=0 searching=false path_index=0 path_length=0 retries=0 pending_route_events=0 dropped_route_events=0 status=SMELT_server:minecraft:iron_ingot_from_smelting_raw_iron:768
[17:55:08] [lodekeeper-planner/INFO] (lodekeeper) [Lodekeeper] PROJECT_MATERIALS project=gear_diamond before=[gather:minecraft:diamond_ore:3, gather:minecraft:diamond_ore:3, gather:minecraft:diamond_ore:4, gather:minecraft:diamond_ore:8, gather:minecraft:diamond_ore:5, gather:minecraft:diamond_ore:2, gather:minecraft:diamond_ore:7, gather:minecraft:diamond_ore:1, gather:minecraft:diamond_ore:2] after=[gather:minecraft:diamond_ore:3, gather:minecraft:diamond_ore:3, gather:minecraft:diamond_ore:4, gather:minecraft:diamond_ore:8, gather:minecraft:diamond_ore:5, gather:minecraft:diamond_ore:2, gather:minecraft:diamond_ore:7, gather:minecraft:diamond_ore:1, gather:minecraft:diamond_ore:2]
[17:55:08] [lodekeeper-planner/INFO] (lodekeeper) [Lodekeeper] PLAN project=gear_diamond success=true steps=24 branches=113 elapsedMs=2.167997
[17:55:08] [Render thread/INFO] (lodekeeper) [Lodekeeper] STEP kind=CRAFT source=server:minecraft:birch_planks:59 output=minecraft:birch_planks count=4 operations=1 auxiliary=false
[17:55:09] [Render thread/INFO] (lodekeeper) [Lodekeeper] PROGRESS elapsed_ms=166788 phase=crafting backend=baritone target=none navigation_elapsed_ms=0 navigation_ticks=0 searching=false path_index=0 path_length=0 retries=0 pending_route_events=0 dropped_route_events=0 status=CRAFT_server:minecraft:birch_planks:59
[17:55:09] [lodekeeper-planner/INFO] (lodekeeper) [Lodekeeper] PROJECT_MATERIALS project=gear_diamond before=[gather:minecraft:diamond_ore:3, gather:minecraft:diamond_ore:3, gather:minecraft:diamond_ore:4, gather:minecraft:diamond_ore:8, gather:minecraft:diamond_ore:5, gather:minecraft:diamond_ore:2, gather:minecraft:diamond_ore:7, gather:minecraft:diamond_ore:1, gather:minecraft:diamond_ore:2] after=[gather:minecraft:diamond_ore:3, gather:minecraft:diamond_ore:3, gather:minecraft:diamond_ore:4, gather:minecraft:diamond_ore:8, gather:minecraft:diamond_ore:5, gather:minecraft:diamond_ore:2, gather:minecraft:diamond_ore:7, gather:minecraft:diamond_ore:1, gather:minecraft:diamond_ore:2]
[17:55:09] [lodekeeper-planner/INFO] (lodekeeper) [Lodekeeper] PLAN project=gear_diamond success=true steps=23 branches=108 elapsedMs=1.730357
[17:55:09] [Render thread/INFO] (lodekeeper) [Lodekeeper] STEP kind=CRAFT source=server:minecraft:stick:1422 output=minecraft:stick count=4 operations=1 auxiliary=false
[17:55:11] [Render thread/INFO] (lodekeeper) [Lodekeeper] PROGRESS elapsed_ms=168834 phase=crafting backend=baritone target=none navigation_elapsed_ms=0 navigation_ticks=0 searching=false path_index=0 path_length=0 retries=0 pending_route_events=0 dropped_route_events=0 status=CRAFT_server:minecraft:stick:1422
[17:55:11] [lodekeeper-planner/INFO] (lodekeeper) [Lodekeeper] PROJECT_MATERIALS project=gear_diamond before=[gather:minecraft:diamond_ore:3, gather:minecraft:diamond_ore:3, gather:minecraft:diamond_ore:4, gather:minecraft:diamond_ore:8, gather:minecraft:diamond_ore:5, gather:minecraft:diamond_ore:2, gather:minecraft:diamond_ore:7, gather:minecraft:diamond_ore:1, gather:minecraft:diamond_ore:2] after=[gather:minecraft:diamond_ore:3, gather:minecraft:diamond_ore:3, gather:minecraft:diamond_ore:4, gather:minecraft:diamond_ore:8, gather:minecraft:diamond_ore:5, gather:minecraft:diamond_ore:2, gather:minecraft:diamond_ore:7, gather:minecraft:diamond_ore:1, gather:minecraft:diamond_ore:2]
[17:55:11] [lodekeeper-planner/INFO] (lodekeeper) [Lodekeeper] PLAN project=gear_diamond success=true steps=22 branches=104 elapsedMs=1.864686
[17:55:11] [Render thread/INFO] (lodekeeper) [Lodekeeper] STEP kind=CRAFT source=server:minecraft:iron_pickaxe:773 output=minecraft:iron_pickaxe count=1 operations=1 auxiliary=false
[17:55:13] [Render thread/INFO] (lodekeeper) [Lodekeeper] PROGRESS elapsed_ms=170888 phase=crafting backend=baritone target=none navigation_elapsed_ms=0 navigation_ticks=0 searching=false path_index=0 path_length=0 retries=0 pending_route_events=0 dropped_route_events=0 status=CRAFT_server:minecraft:iron_pickaxe:773
[17:55:15] [lodekeeper-planner/INFO] (lodekeeper) [Lodekeeper] PROJECT_MATERIALS project=gear_diamond before=[gather:minecraft:diamond_ore:3, gather:minecraft:diamond_ore:3, gather:minecraft:diamond_ore:4, gather:minecraft:diamond_ore:8, gather:minecraft:diamond_ore:5, gather:minecraft:diamond_ore:2, gather:minecraft:diamond_ore:7, gather:minecraft:diamond_ore:1, gather:minecraft:diamond_ore:2] after=[gather:minecraft:diamond_ore:3, gather:minecraft:diamond_ore:3, gather:minecraft:diamond_ore:4, gather:minecraft:diamond_ore:8, gather:minecraft:diamond_ore:5, gather:minecraft:diamond_ore:2, gather:minecraft:diamond_ore:7, gather:minecraft:diamond_ore:1, gather:minecraft:diamond_ore:2]
[17:55:15] [lodekeeper-planner/INFO] (lodekeeper) [Lodekeeper] PLAN project=gear_diamond success=true steps=21 branches=99 elapsedMs=1.689545
[17:55:15] [Render thread/INFO] (lodekeeper) [Lodekeeper] STEP kind=GATHER source=gather:minecraft:diamond_ore output=minecraft:diamond count=3 operations=3 auxiliary=false
[17:55:15] [Render thread/INFO] (lodekeeper) [Lodekeeper] PROGRESS elapsed_ms=172934 phase=gathering backend=baritone target=none navigation_elapsed_ms=0 navigation_ticks=0 searching=false path_index=0 path_length=0 retries=0 pending_route_events=0 dropped_route_events=0 status=mining_the_recorded_owned_crafting_table
[17:55:17] [Render thread/INFO] (lodekeeper) [Lodekeeper] PROGRESS elapsed_ms=174943 phase=gathering backend=baritone target=none navigation_elapsed_ms=0 navigation_ticks=0 searching=false path_index=0 path_length=0 retries=0 pending_route_events=0 dropped_route_events=0 status=mining_the_recorded_owned_crafting_table
[17:55:19] [Render thread/INFO] (lodekeeper) [Lodekeeper] PROGRESS elapsed_ms=176991 phase=gathering backend=baritone target=none navigation_elapsed_ms=0 navigation_ticks=0 searching=false path_index=0 path_length=0 retries=0 pending_route_events=0 dropped_route_events=0 status=mining_the_recorded_owned_crafting_table
[17:55:19] [Render thread/INFO] (lodekeeper) [Lodekeeper] NAV backend=baritone mode=PICKUP event=CALC_STARTED elapsedMs=2
[17:55:19] [Render thread/INFO] (lodekeeper) [Lodekeeper] NAV calcTool=minecraft:birch_log slot=0
[17:55:19] [Render thread/INFO] (lodekeeper) [Lodekeeper] NAV backend=baritone mode=PICKUP event=CALC_FINISHED_NOW_EXECUTING elapsedMs=34
[17:55:19] [Render thread/INFO] (lodekeeper) [Lodekeeper] NAV backend=baritone mode=PICKUP event=AT_GOAL elapsedMs=235
[17:55:20] [Render thread/INFO] (lodekeeper) [Lodekeeper] NAV backend=baritone mode=IDLE event=CANCELED elapsedMs=405
[17:55:20] [Render thread/INFO] (lodekeeper) [Lodekeeper] NAV backend=baritone mode=IDLE event=CANCELED elapsedMs=405
[17:55:20] [lodekeeper-planner/INFO] (lodekeeper) [Lodekeeper] PROJECT_MATERIALS project=gear_diamond before=[gather:minecraft:diamond_ore:3, gather:minecraft:diamond_ore:3, gather:minecraft:diamond_ore:4, gather:minecraft:diamond_ore:8, gather:minecraft:diamond_ore:5, gather:minecraft:diamond_ore:2, gather:minecraft:diamond_ore:7, gather:minecraft:diamond_ore:1, gather:minecraft:diamond_ore:2] after=[gather:minecraft:diamond_ore:3, gather:minecraft:diamond_ore:3, gather:minecraft:diamond_ore:4, gather:minecraft:diamond_ore:8, gather:minecraft:diamond_ore:5, gather:minecraft:diamond_ore:2, gather:minecraft:diamond_ore:7, gather:minecraft:diamond_ore:1, gather:minecraft:diamond_ore:2]
[17:55:20] [lodekeeper-planner/INFO] (lodekeeper) [Lodekeeper] PLAN project=gear_diamond success=true steps=22 branches=100 elapsedMs=2.486663
[17:55:20] [Render thread/INFO] (lodekeeper) [Lodekeeper] STEP kind=GATHER source=gather:minecraft:diamond_ore output=minecraft:diamond count=3 operations=3 auxiliary=false
[17:55:20] [Render thread/INFO] (lodekeeper) [Lodekeeper] MINING_DEPTH policy=NEAREST desiredY=-55 ceiling=2031 deficit=3 phase=MINE blocks=[Block{minecraft:diamond_ore}, Block{minecraft:deepslate_diamond_ore}]
[17:55:20] [Render thread/INFO] (lodekeeper) [Lodekeeper] NAV scan=native-mine durationNanos=2574701 hits=-1 requestTicks=0
[17:55:20] [Render thread/INFO] (lodekeeper) [Lodekeeper] NAV backend=baritone mode=MINE event=CALC_STARTED elapsedMs=5
[17:55:20] [Render thread/INFO] (lodekeeper) [Lodekeeper] NAV calcTool=minecraft:iron_pickaxe slot=0
[17:55:20] [Render thread/INFO] (lodekeeper) [Lodekeeper] ROUTE_SEARCH kind=unknown anchor=unknown feet_y16=0 candidates=0 target=none elapsed_ms=177766
[17:55:20] [Render thread/INFO] (lodekeeper) [Lodekeeper] NAV backend=baritone mode=MINE event=CALC_FINISHED_NOW_EXECUTING elapsedMs=570
[17:55:20] [Render thread/INFO] (lodekeeper) [Lodekeeper] ROUTE_TRAVEL path_index=0 path_length=27 target=none elapsed_ms=178168
[17:55:20] [Render thread/INFO] (lodekeeper) [Lodekeeper] BREAK target=MutableBlockPos{x=-28, y=39, z=62} block=Block{minecraft:stone} tool=minecraft:iron_pickaxe slot=0 remaining=250 required=route
[17:55:21] [Render thread/INFO] (lodekeeper) [Lodekeeper] PROGRESS elapsed_ms=179041 phase=traveling backend=baritone target=none navigation_elapsed_ms=1408 navigation_ticks=28 searching=false path_index=0 path_length=26 retries=0 pending_route_events=0 dropped_route_events=0 status=mining_and_collecting_minecraft:diamond___0/3
[17:55:21] [Render thread/INFO] (lodekeeper) [Lodekeeper] BREAK target=MutableBlockPos{x=-28, y=38, z=62} block=Block{minecraft:stone} tool=minecraft:iron_pickaxe slot=0 remaining=249 required=route
[17:55:22] [Render thread/INFO] (lodekeeper) [Lodekeeper] BREAK target=MutableBlockPos{x=-28, y=37, z=62} block=Block{minecraft:stone} tool=minecraft:iron_pickaxe slot=0 remaining=248 required=route
[17:55:23] [Render thread/INFO] (lodekeeper) [Lodekeeper] BREAK target=MutableBlockPos{x=-28, y=36, z=62} block=Block{minecraft:stone} tool=minecraft:iron_pickaxe slot=0 remaining=247 required=route
[17:55:23] [Render thread/INFO] (lodekeeper) [Lodekeeper] PROGRESS elapsed_ms=181082 phase=traveling backend=baritone target=none navigation_elapsed_ms=3415 navigation_ticks=68 searching=false path_index=0 path_length=23 retries=0 pending_route_events=0 dropped_route_events=0 status=mining_and_collecting_minecraft:diamond___0/3
[17:55:23] [Render thread/INFO] (lodekeeper) [Lodekeeper] BREAK target=MutableBlockPos{x=-28, y=35, z=62} block=Block{minecraft:stone} tool=minecraft:iron_pickaxe slot=0 remaining=246 required=route
[17:55:24] [Render thread/INFO] (lodekeeper) [Lodekeeper] BREAK target=MutableBlockPos{x=-28, y=34, z=62} block=Block{minecraft:stone} tool=minecraft:iron_pickaxe slot=0 remaining=245 required=route
[17:55:25] [Render thread/INFO] (lodekeeper) [Lodekeeper] BREAK target=MutableBlockPos{x=-28, y=33, z=62} block=Block{minecraft:stone} tool=minecraft:iron_pickaxe slot=0 remaining=244 required=route
[17:55:25] [Render thread/INFO] (lodekeeper) [Lodekeeper] PROGRESS elapsed_ms=183134 phase=traveling backend=baritone target=none navigation_elapsed_ms=5401 navigation_ticks=108 searching=false path_index=0 path_length=20 retries=0 pending_route_events=0 dropped_route_events=0 status=mining_and_collecting_minecraft:diamond___0/3
[17:55:26] [Render thread/INFO] (lodekeeper) [Lodekeeper] BREAK target=MutableBlockPos{x=-28, y=32, z=62} block=Block{minecraft:stone} tool=minecraft:iron_pickaxe slot=0 remaining=243 required=route
[17:55:26] [Render thread/INFO] (lodekeeper) [Lodekeeper] BREAK target=MutableBlockPos{x=-28, y=31, z=62} block=Block{minecraft:stone} tool=minecraft:iron_pickaxe slot=0 remaining=242 required=route
[17:55:27] [Render thread/INFO] (lodekeeper) [Lodekeeper] BREAK target=MutableBlockPos{x=-28, y=30, z=62} block=Block{minecraft:granite} tool=minecraft:iron_pickaxe slot=0 remaining=241 required=route
[17:55:27] [Render thread/INFO] (lodekeeper) [Lodekeeper] PROGRESS elapsed_ms=185181 phase=traveling backend=baritone target=none navigation_elapsed_ms=7615 navigation_ticks=152 searching=false path_index=0 path_length=17 retries=0 pending_route_events=0 dropped_route_events=0 status=mining_and_collecting_minecraft:diamond___0/3
[17:55:28] [Render thread/INFO] (lodekeeper) [Lodekeeper] BREAK target=MutableBlockPos{x=-28, y=29, z=62} block=Block{minecraft:granite} tool=minecraft:iron_pickaxe slot=0 remaining=240 required=route
[17:55:28] [Render thread/INFO] (lodekeeper) [Lodekeeper] BREAK target=MutableBlockPos{x=-28, y=28, z=62} block=Block{minecraft:granite} tool=minecraft:iron_pickaxe slot=0 remaining=239 required=route
[17:55:29] [Render thread/INFO] (lodekeeper) [Lodekeeper] BREAK target=MutableBlockPos{x=-28, y=27, z=62} block=Block{minecraft:stone} tool=minecraft:iron_pickaxe slot=0 remaining=238 required=route
[17:55:29] [Render thread/INFO] (lodekeeper) [Lodekeeper] PROGRESS elapsed_ms=187232 phase=traveling backend=baritone target=none navigation_elapsed_ms=9599 navigation_ticks=192 searching=false path_index=0 path_length=14 retries=0 pending_route_events=0 dropped_route_events=0 status=mining_and_collecting_minecraft:diamond___0/3
[17:55:30] [Render thread/INFO] (lodekeeper) [Lodekeeper] BREAK target=MutableBlockPos{x=-28, y=26, z=62} block=Block{minecraft:stone} tool=minecraft:iron_pickaxe slot=0 remaining=237 required=route
[17:55:30] [Render thread/INFO] (lodekeeper) [Lodekeeper] BREAK target=MutableBlockPos{x=-28, y=25, z=62} block=Block{minecraft:stone} tool=minecraft:iron_pickaxe slot=0 remaining=236 required=route
[17:55:31] [Render thread/INFO] (lodekeeper) [Lodekeeper] NAV backend=baritone mode=MINE event=NEXT_SEGMENT_CALC_STARTED elapsedMs=11313
[17:55:31] [Render thread/INFO] (lodekeeper) [Lodekeeper] ROUTE_SEARCH kind=unknown anchor=unknown feet_y16=0 candidates=0 target=none elapsed_ms=188978
[17:55:31] [Render thread/INFO] (lodekeeper) [Lodekeeper] BREAK target=MutableBlockPos{x=-28, y=24, z=62} block=Block{minecraft:stone} tool=minecraft:iron_pickaxe slot=0 remaining=235 required=route
[17:55:31] [Render thread/INFO] (lodekeeper) [Lodekeeper] PROGRESS elapsed_ms=189246 phase=searching backend=baritone target=none navigation_elapsed_ms=11613 navigation_ticks=232 searching=true path_index=0 path_length=11 retries=0 pending_route_events=0 dropped_route_events=0 status=mining_and_collecting_minecraft:diamond___0/3___planning_next_route
[17:55:32] [Render thread/INFO] (lodekeeper) [Lodekeeper] BREAK target=MutableBlockPos{x=-28, y=23, z=62} block=Block{minecraft:stone} tool=minecraft:iron_pickaxe slot=0 remaining=234 required=route
[17:55:32] [Render thread/INFO] (lodekeeper) [Lodekeeper] NAV backend=baritone mode=MINE event=NEXT_SEGMENT_CALC_FINISHED elapsedMs=12467
[17:55:32] [Render thread/INFO] (lodekeeper) [Lodekeeper] TARGET target=-31,-17,77 block=minecraft:deepslate_diamond_ore
[17:55:32] [Render thread/INFO] (lodekeeper) [Lodekeeper] ROUTE_TRAVEL path_index=0 path_length=64 target=-31,-17,77 block=minecraft:deepslate_diamond_ore elapsed_ms=190165
[17:55:33] [Render thread/INFO] (lodekeeper) [Lodekeeper] BREAK target=MutableBlockPos{x=-28, y=22, z=62} block=Block{minecraft:stone} tool=minecraft:iron_pickaxe slot=0 remaining=233 required=route
[17:55:33] [Render thread/INFO] (lodekeeper) [Lodekeeper] BREAK target=MutableBlockPos{x=-28, y=21, z=62} block=Block{minecraft:stone} tool=minecraft:iron_pickaxe slot=0 remaining=232 required=route
[17:55:33] [Render thread/INFO] (lodekeeper) [Lodekeeper] PROGRESS elapsed_ms=191273 phase=traveling backend=baritone target=-31,-17,77 block=minecraft:deepslate_diamond_ore navigation_elapsed_ms=13608 navigation_ticks=272 searching=false path_index=0 path_length=62 retries=0 pending_route_events=0 dropped_route_events=0 status=mining_and_collecting_minecraft:diamond___0/3
[17:55:34] [Render thread/INFO] (lodekeeper) [Lodekeeper] BREAK target=MutableBlockPos{x=-28, y=20, z=62} block=Block{minecraft:stone} tool=minecraft:iron_pickaxe slot=0 remaining=231 required=route
[17:55:35] [Render thread/INFO] (lodekeeper) [Lodekeeper] BREAK target=MutableBlockPos{x=-28, y=19, z=62} block=Block{minecraft:stone} tool=minecraft:iron_pickaxe slot=0 remaining=230 required=route
[17:55:35] [Render thread/INFO] (lodekeeper) [Lodekeeper] PROGRESS elapsed_ms=193287 phase=traveling backend=baritone target=-31,-17,77 block=minecraft:deepslate_diamond_ore navigation_elapsed_ms=15620 navigation_ticks=312 searching=false path_index=0 path_length=59 retries=0 pending_route_events=0 dropped_route_events=0 status=mining_and_collecting_minecraft:diamond___0/3
[17:55:35] [Render thread/INFO] (lodekeeper) [Lodekeeper] BREAK target=MutableBlockPos{x=-28, y=18, z=62} block=Block{minecraft:stone} tool=minecraft:iron_pickaxe slot=0 remaining=229 required=route
[17:55:36] [Render thread/INFO] (lodekeeper) [Lodekeeper] BREAK target=MutableBlockPos{x=-28, y=17, z=62} block=Block{minecraft:stone} tool=minecraft:iron_pickaxe slot=0 remaining=228 required=route
[17:55:37] [Render thread/INFO] (lodekeeper) [Lodekeeper] BREAK target=MutableBlockPos{x=-28, y=16, z=62} block=Block{minecraft:stone} tool=minecraft:iron_pickaxe slot=0 remaining=227 required=route
[17:55:37] [Render thread/INFO] (lodekeeper) [Lodekeeper] PROGRESS elapsed_ms=195332 phase=traveling backend=baritone target=-31,-17,77 block=minecraft:deepslate_diamond_ore navigation_elapsed_ms=17600 navigation_ticks=352 searching=false path_index=0 path_length=57 retries=0 pending_route_events=0 dropped_route_events=0 status=mining_and_collecting_minecraft:diamond___0/3
[17:55:37] [Render thread/INFO] (lodekeeper) [Lodekeeper] BREAK target=MutableBlockPos{x=-28, y=15, z=62} block=Block{minecraft:stone} tool=minecraft:iron_pickaxe slot=0 remaining=226 required=route
[17:55:38] [Render thread/INFO] (lodekeeper) [Lodekeeper] BREAK target=MutableBlockPos{x=-29, y=16, z=62} block=Block{minecraft:stone} tool=minecraft:iron_pickaxe slot=0 remaining=225 required=route
[17:55:39] [Render thread/INFO] (lodekeeper) [Lodekeeper] BREAK target=MutableBlockPos{x=-29, y=15, z=62} block=Block{minecraft:stone} tool=minecraft:iron_pickaxe slot=0 remaining=224 required=route
[17:55:39] [Render thread/INFO] (lodekeeper) [Lodekeeper] PROGRESS elapsed_ms=197346 phase=traveling backend=baritone target=-31,-17,77 block=minecraft:deepslate_diamond_ore navigation_elapsed_ms=19613 navigation_ticks=392 searching=false path_index=0 path_length=55 retries=0 pending_route_events=0 dropped_route_events=0 status=mining_and_collecting_minecraft:diamond___0/3
[17:55:40] [Render thread/INFO] (lodekeeper) [Lodekeeper] BREAK target=MutableBlockPos{x=-30, y=15, z=62} block=Block{minecraft:stone} tool=minecraft:iron_pickaxe slot=0 remaining=223 required=route
[17:55:41] [Render thread/INFO] (lodekeeper) [Lodekeeper] PROGRESS elapsed_ms=199366 phase=traveling backend=baritone target=-31,-17,77 block=minecraft:deepslate_diamond_ore navigation_elapsed_ms=21800 navigation_ticks=436 searching=false path_index=0 path_length=54 retries=0 pending_route_events=0 dropped_route_events=0 status=mining_and_collecting_minecraft:diamond___0/3
[17:55:43] [Render thread/INFO] (lodekeeper) [Lodekeeper] PROGRESS elapsed_ms=201373 phase=traveling backend=baritone target=-31,-17,77 block=minecraft:deepslate_diamond_ore navigation_elapsed_ms=23807 navigation_ticks=476 searching=false path_index=0 path_length=54 retries=0 pending_route_events=0 dropped_route_events=0 status=mining_and_collecting_minecraft:diamond___0/3
[17:55:44] [Render thread/INFO] (lodekeeper) [Lodekeeper] BREAK target=MutableBlockPos{x=-31, y=15, z=62} block=Block{minecraft:stone} tool=minecraft:iron_pickaxe slot=0 remaining=222 required=route
[17:55:45] [Render thread/INFO] (lodekeeper) [Lodekeeper] PROGRESS elapsed_ms=203388 phase=traveling backend=baritone target=-31,-17,77 block=minecraft:deepslate_diamond_ore navigation_elapsed_ms=25822 navigation_ticks=516 searching=false path_index=0 path_length=53 retries=0 pending_route_events=0 dropped_route_events=0 status=mining_and_collecting_minecraft:diamond___0/3
[17:55:47] [Render thread/INFO] (lodekeeper) [Lodekeeper] BREAK target=MutableBlockPos{x=-30, y=16, z=62} block=Block{minecraft:stone} tool=minecraft:iron_pickaxe slot=0 remaining=221 required=route
[17:55:48] [Render thread/INFO] (lodekeeper) [Lodekeeper] PROGRESS elapsed_ms=205434 phase=traveling backend=baritone target=-31,-17,77 block=minecraft:deepslate_diamond_ore navigation_elapsed_ms=27801 navigation_ticks=556 searching=false path_index=0 path_length=53 retries=0 pending_route_events=0 dropped_route_events=0 status=mining_and_collecting_minecraft:diamond___0/3
[17:55:49] [Render thread/INFO] (lodekeeper) [Lodekeeper] BREAK target=MutableBlockPos{x=-31, y=16, z=62} block=Block{minecraft:stone} tool=minecraft:iron_pickaxe slot=0 remaining=220 required=route
[17:55:50] [Render thread/INFO] (lodekeeper) [Lodekeeper] PROGRESS elapsed_ms=207482 phase=traveling backend=baritone target=-31,-17,77 block=minecraft:deepslate_diamond_ore navigation_elapsed_ms=29816 navigation_ticks=596 searching=false path_index=0 path_length=53 retries=0 pending_route_events=0 dropped_route_events=0 status=mining_and_collecting_minecraft:diamond___0/3
[17:55:51] [Render thread/INFO] (lodekeeper) [Lodekeeper] NAV backend=baritone mode=MINE event=CALC_STARTED elapsedMs=31477
[17:55:51] [Render thread/INFO] (lodekeeper) [Lodekeeper] NAV calcTool=minecraft:iron_pickaxe slot=0
[17:55:51] [Render thread/INFO] (lodekeeper) [Lodekeeper] TARGET target=none
[17:55:51] [Render thread/INFO] (lodekeeper) [Lodekeeper] ROUTE_SEARCH kind=unknown anchor=unknown feet_y16=0 candidates=0 target=none elapsed_ms=209194
[17:55:52] [Render thread/INFO] (lodekeeper) [Lodekeeper] PROGRESS elapsed_ms=209531 phase=searching backend=baritone target=none navigation_elapsed_ms=31831 navigation_ticks=636 searching=true path_index=0 path_length=0 retries=0 pending_route_events=0 dropped_route_events=0 status=mining_and_collecting_minecraft:diamond___0/3___planning_next_route
[17:55:52] [Render thread/INFO] (lodekeeper) [Lodekeeper] ROUTE_TRAVEL path_index=0 path_length=39 target=none elapsed_ms=209565
[17:55:52] [Render thread/INFO] (lodekeeper) [Lodekeeper] NAV backend=baritone mode=MINE event=CALC_FINISHED_NOW_EXECUTING elapsedMs=32000
[17:55:54] [Render thread/INFO] (lodekeeper) [Lodekeeper] PROGRESS elapsed_ms=211545 phase=traveling backend=baritone target=none navigation_elapsed_ms=33811 navigation_ticks=676 searching=false path_index=0 path_length=39 retries=0 pending_route_events=0 dropped_route_events=0 status=mining_and_collecting_minecraft:diamond___0/3
[17:55:56] [Render thread/INFO] (lodekeeper) [Lodekeeper] PROGRESS elapsed_ms=213590 phase=traveling backend=baritone target=none navigation_elapsed_ms=36024 navigation_ticks=720 searching=false path_index=0 path_length=39 retries=0 pending_route_events=0 dropped_route_events=0 status=mining_and_collecting_minecraft:diamond___0/3
[17:55:56] [Render thread/INFO] (lodekeeper) [Lodekeeper] BREAK target=MutableBlockPos{x=-32, y=16, z=62} block=Block{minecraft:stone} tool=minecraft:iron_pickaxe slot=0 remaining=219 required=route
[17:55:57] [Render thread/INFO] (lodekeeper) [Lodekeeper] BREAK target=MutableBlockPos{x=-32, y=15, z=62} block=Block{minecraft:stone} tool=minecraft:iron_pickaxe slot=0 remaining=218 required=route
[17:55:58] [Render thread/INFO] (lodekeeper) [Lodekeeper] PROGRESS elapsed_ms=215594 phase=traveling backend=baritone target=none navigation_elapsed_ms=38028 navigation_ticks=760 searching=false path_index=0 path_length=38 retries=0 pending_route_events=0 dropped_route_events=0 status=mining_and_collecting_minecraft:diamond___0/3
[17:55:58] [Render thread/INFO] (lodekeeper) [Lodekeeper] BREAK target=MutableBlockPos{x=-32, y=14, z=62} block=Block{minecraft:stone} tool=minecraft:iron_pickaxe slot=0 remaining=217 required=route
[17:55:59] [Render thread/INFO] (lodekeeper) [Lodekeeper] BREAK target=MutableBlockPos{x=-33, y=15, z=62} block=Block{minecraft:stone} tool=minecraft:iron_pickaxe slot=0 remaining=216 required=route
[17:55:59] [Render thread/INFO] (lodekeeper) [Lodekeeper] BREAK target=MutableBlockPos{x=-33, y=14, z=62} block=Block{minecraft:stone} tool=minecraft:iron_pickaxe slot=0 remaining=215 required=route
[17:56:00] [Render thread/INFO] (lodekeeper) [Lodekeeper] PROGRESS elapsed_ms=217605 phase=traveling backend=baritone target=none navigation_elapsed_ms=40039 navigation_ticks=800 searching=false path_index=0 path_length=37 retries=0 pending_route_events=0 dropped_route_events=0 status=mining_and_collecting_minecraft:diamond___0/3
[17:56:00] [Render thread/INFO] (lodekeeper) [Lodekeeper] BREAK target=MutableBlockPos{x=-33, y=13, z=62} block=Block{minecraft:stone} tool=minecraft:iron_pickaxe slot=0 remaining=214 required=route
[17:56:01] [Render thread/INFO] (lodekeeper) [Lodekeeper] BREAK target=MutableBlockPos{x=-33, y=12, z=62} block=Block{minecraft:stone} tool=minecraft:iron_pickaxe slot=0 remaining=213 required=route
[17:56:02] [Render thread/INFO] (lodekeeper) [Lodekeeper] PROGRESS elapsed_ms=219620 phase=traveling backend=baritone target=none navigation_elapsed_ms=42020 navigation_ticks=840 searching=false path_index=0 path_length=35 retries=0 pending_route_events=0 dropped_route_events=0 status=mining_and_collecting_minecraft:diamond___0/3
[17:56:02] [Render thread/INFO] (lodekeeper) [Lodekeeper] BREAK target=MutableBlockPos{x=-33, y=11, z=62} block=Block{minecraft:stone} tool=minecraft:iron_pickaxe slot=0 remaining=212 required=route
[17:56:02] [Render thread/INFO] (lodekeeper) [Lodekeeper] BREAK target=MutableBlockPos{x=-33, y=10, z=62} block=Block{minecraft:stone} tool=minecraft:iron_pickaxe slot=0 remaining=211 required=route
[17:56:03] [Render thread/INFO] (lodekeeper) [Lodekeeper] BREAK target=MutableBlockPos{x=-33, y=9, z=62} block=Block{minecraft:stone} tool=minecraft:iron_pickaxe slot=0 remaining=210 required=route
[17:56:04] [Render thread/INFO] (lodekeeper) [Lodekeeper] PROGRESS elapsed_ms=221634 phase=traveling backend=baritone target=none navigation_elapsed_ms=44002 navigation_ticks=880 searching=false path_index=0 path_length=32 retries=0 pending_route_events=0 dropped_route_events=0 status=mining_and_collecting_minecraft:diamond___0/3
[17:56:04] [Render thread/INFO] (lodekeeper) [Lodekeeper] BREAK target=MutableBlockPos{x=-33, y=8, z=62} block=Block{minecraft:stone} tool=minecraft:iron_pickaxe slot=0 remaining=209 required=route
[17:56:05] [Render thread/INFO] (lodekeeper) [Lodekeeper] BREAK target=MutableBlockPos{x=-33, y=7, z=62} block=Block{minecraft:stone} tool=minecraft:iron_pickaxe slot=0 remaining=208 required=route
[17:56:05] [Render thread/INFO] (lodekeeper) [Lodekeeper] BREAK target=MutableBlockPos{x=-33, y=6, z=62} block=Block{minecraft:stone} tool=minecraft:iron_pickaxe slot=0 remaining=207 required=route
[17:56:06] [Render thread/INFO] (lodekeeper) [Lodekeeper] PROGRESS elapsed_ms=223681 phase=traveling backend=baritone target=none navigation_elapsed_ms=46015 navigation_ticks=920 searching=false path_index=0 path_length=30 retries=0 pending_route_events=0 dropped_route_events=0 status=mining_and_collecting_minecraft:diamond___0/3
[17:56:06] [Render thread/INFO] (lodekeeper) [Lodekeeper] BREAK target=MutableBlockPos{x=-33, y=5, z=62} block=Block{minecraft:deepslate} tool=minecraft:iron_pickaxe slot=0 remaining=206 required=route
[17:56:07] [Render thread/INFO] (lodekeeper) [Lodekeeper] BREAK target=MutableBlockPos{x=-33, y=4, z=62} block=Block{minecraft:deepslate} tool=minecraft:iron_pickaxe slot=0 remaining=205 required=route
[17:56:08] [Render thread/INFO] (lodekeeper) [Lodekeeper] PROGRESS elapsed_ms=225692 phase=traveling backend=baritone target=none navigation_elapsed_ms=48024 navigation_ticks=960 searching=false path_index=0 path_length=28 retries=0 pending_route_events=0 dropped_route_events=0 status=mining_and_collecting_minecraft:diamond___0/3
[17:56:08] [Render thread/INFO] (lodekeeper) [Lodekeeper] BREAK target=MutableBlockPos{x=-33, y=3, z=62} block=Block{minecraft:deepslate} tool=minecraft:iron_pickaxe slot=0 remaining=204 required=route
[17:56:09] [Render thread/INFO] (lodekeeper) [Lodekeeper] BREAK target=MutableBlockPos{x=-33, y=2, z=62} block=Block{minecraft:deepslate} tool=minecraft:iron_pickaxe slot=0 remaining=203 required=route
[17:56:10] [Render thread/INFO] (lodekeeper) [Lodekeeper] PROGRESS elapsed_ms=227736 phase=traveling backend=baritone target=none navigation_elapsed_ms=50002 navigation_ticks=1000 searching=false path_index=0 path_length=26 retries=0 pending_route_events=0 dropped_route_events=0 status=mining_and_collecting_minecraft:diamond___0/3
[17:56:10] [Render thread/INFO] (lodekeeper) [Lodekeeper] BREAK target=MutableBlockPos{x=-33, y=1, z=62} block=Block{minecraft:deepslate} tool=minecraft:iron_pickaxe slot=0 remaining=202 required=route
[17:56:11] [Render thread/INFO] (lodekeeper) [Lodekeeper] BREAK target=MutableBlockPos{x=-33, y=0, z=62} block=Block{minecraft:deepslate} tool=minecraft:iron_pickaxe slot=0 remaining=201 required=route
[17:56:12] [Render thread/INFO] (lodekeeper) [Lodekeeper] PROGRESS elapsed_ms=229747 phase=traveling backend=baritone target=none navigation_elapsed_ms=52014 navigation_ticks=1040 searching=false path_index=0 path_length=24 retries=0 pending_route_events=0 dropped_route_events=0 status=mining_and_collecting_minecraft:diamond___0/3
[17:56:12] [Render thread/INFO] (lodekeeper) [Lodekeeper] BREAK target=MutableBlockPos{x=-33, y=-1, z=62} block=Block{minecraft:deepslate} tool=minecraft:iron_pickaxe slot=0 remaining=200 required=route
[17:56:13] [Render thread/INFO] (lodekeeper) [Lodekeeper] BREAK target=MutableBlockPos{x=-33, y=-2, z=62} block=Block{minecraft:deepslate} tool=minecraft:iron_pickaxe slot=0 remaining=199 required=route
[17:56:14] [Render thread/INFO] (lodekeeper) [Lodekeeper] PROGRESS elapsed_ms=231790 phase=traveling backend=baritone target=none navigation_elapsed_ms=54224 navigation_ticks=1084 searching=false path_index=0 path_length=22 retries=0 pending_route_events=0 dropped_route_events=0 status=mining_and_collecting_minecraft:diamond___0/3
[17:56:14] [Render thread/INFO] (lodekeeper) [Lodekeeper] BREAK target=MutableBlockPos{x=-33, y=-3, z=62} block=Block{minecraft:deepslate} tool=minecraft:iron_pickaxe slot=0 remaining=198 required=route
[17:56:15] [Render thread/INFO] (lodekeeper) [Lodekeeper] BREAK target=MutableBlockPos{x=-33, y=-4, z=62} block=Block{minecraft:deepslate} tool=minecraft:iron_pickaxe slot=0 remaining=197 required=route
[17:56:16] [Render thread/INFO] (lodekeeper) [Lodekeeper] PROGRESS elapsed_ms=233834 phase=traveling backend=baritone target=none navigation_elapsed_ms=56201 navigation_ticks=1124 searching=false path_index=0 path_length=20 retries=0 pending_route_events=0 dropped_route_events=0 status=mining_and_collecting_minecraft:diamond___0/3
[17:56:16] [Render thread/INFO] (lodekeeper) [Lodekeeper] BREAK target=MutableBlockPos{x=-33, y=-5, z=62} block=Block{minecraft:deepslate} tool=minecraft:iron_pickaxe slot=0 remaining=196 required=route
[17:56:17] [Render thread/INFO] (lodekeeper) [Lodekeeper] BREAK target=MutableBlockPos{x=-33, y=-6, z=62} block=Block{minecraft:deepslate} tool=minecraft:iron_pickaxe slot=0 remaining=195 required=route
[17:56:18] [Render thread/INFO] (lodekeeper) [Lodekeeper] PROGRESS elapsed_ms=235838 phase=traveling backend=baritone target=none navigation_elapsed_ms=58206 navigation_ticks=1164 searching=false path_index=0 path_length=18 retries=0 pending_route_events=0 dropped_route_events=0 status=mining_and_collecting_minecraft:diamond___0/3
[17:56:19] [Render thread/INFO] (lodekeeper) [Lodekeeper] BREAK target=MutableBlockPos{x=-33, y=-7, z=62} block=Block{minecraft:deepslate} tool=minecraft:iron_pickaxe slot=0 remaining=194 required=route
[17:56:20] [Render thread/INFO] (lodekeeper) [Lodekeeper] BREAK target=MutableBlockPos{x=-33, y=-8, z=62} block=Block{minecraft:deepslate} tool=minecraft:iron_pickaxe slot=0 remaining=193 required=route
[17:56:20] [Render thread/INFO] (lodekeeper) [Lodekeeper] PROGRESS elapsed_ms=237892 phase=traveling backend=baritone target=none navigation_elapsed_ms=60225 navigation_ticks=1204 searching=false path_index=0 path_length=16 retries=0 pending_route_events=0 dropped_route_events=0 status=mining_and_collecting_minecraft:diamond___0/3
[17:56:21] [Render thread/INFO] (lodekeeper) [Lodekeeper] BREAK target=MutableBlockPos{x=-33, y=-9, z=62} block=Block{minecraft:deepslate} tool=minecraft:iron_pickaxe slot=0 remaining=192 required=route
[17:56:22] [Render thread/INFO] (lodekeeper) [Lodekeeper] BREAK target=MutableBlockPos{x=-33, y=-10, z=62} block=Block{minecraft:deepslate} tool=minecraft:iron_pickaxe slot=0 remaining=191 required=route
[17:56:22] [Render thread/INFO] (lodekeeper) [Lodekeeper] PROGRESS elapsed_ms=239937 phase=traveling backend=baritone target=none navigation_elapsed_ms=62203 navigation_ticks=1244 searching=false path_index=0 path_length=14 retries=0 pending_route_events=0 dropped_route_events=0 status=mining_and_collecting_minecraft:diamond___0/3
[17:56:23] [Render thread/INFO] (lodekeeper) [Lodekeeper] BREAK target=MutableBlockPos{x=-33, y=-11, z=62} block=Block{minecraft:deepslate} tool=minecraft:iron_pickaxe slot=0 remaining=190 required=route
[17:56:24] [Render thread/INFO] (lodekeeper) [Lodekeeper] BREAK target=MutableBlockPos{x=-33, y=-12, z=62} block=Block{minecraft:deepslate} tool=minecraft:iron_pickaxe slot=0 remaining=189 required=route
[17:56:24] [Render thread/INFO] (lodekeeper) [Lodekeeper] PROGRESS elapsed_ms=241982 phase=traveling backend=baritone target=none navigation_elapsed_ms=64417 navigation_ticks=1288 searching=false path_index=0 path_length=12 retries=0 pending_route_events=0 dropped_route_events=0 status=mining_and_collecting_minecraft:diamond___0/3
[17:56:25] [Render thread/INFO] (lodekeeper) [Lodekeeper] NAV backend=baritone mode=MINE event=NEXT_SEGMENT_CALC_STARTED elapsedMs=64953
[17:56:25] [Render thread/INFO] (lodekeeper) [Lodekeeper] NAV backend=baritone mode=MINE event=NEXT_SEGMENT_CALC_FINISHED elapsedMs=65019
[17:56:25] [Render thread/INFO] (lodekeeper) [Lodekeeper] BREAK target=MutableBlockPos{x=-33, y=-13, z=62} block=Block{minecraft:deepslate} tool=minecraft:iron_pickaxe slot=0 remaining=188 required=route
[17:56:26] [Render thread/INFO] (lodekeeper) [Lodekeeper] BREAK target=MutableBlockPos{x=-32, y=-12, z=62} block=Block{minecraft:deepslate} tool=minecraft:iron_pickaxe slot=0 remaining=187 required=route
[17:56:26] [Render thread/INFO] (lodekeeper) [Lodekeeper] PROGRESS elapsed_ms=244016 phase=traveling backend=baritone target=none navigation_elapsed_ms=66417 navigation_ticks=1328 searching=false path_index=0 path_length=10 retries=0 pending_route_events=0 dropped_route_events=0 status=mining_and_collecting_minecraft:diamond___0/3
[17:56:27] [Render thread/INFO] (lodekeeper) [Lodekeeper] BREAK target=MutableBlockPos{x=-32, y=-13, z=62} block=Block{minecraft:deepslate} tool=minecraft:iron_pickaxe slot=0 remaining=186 required=route
[17:56:28] [Render thread/INFO] (lodekeeper) [Lodekeeper] BREAK target=MutableBlockPos{x=-32, y=-14, z=62} block=Block{minecraft:deepslate} tool=minecraft:iron_pickaxe slot=0 remaining=185 required=route
[17:56:28] [Render thread/INFO] (lodekeeper) [Lodekeeper] PROGRESS elapsed_ms=246024 phase=traveling backend=baritone target=none navigation_elapsed_ms=68425 navigation_ticks=1368 searching=false path_index=0 path_length=10 retries=0 pending_route_events=0 dropped_route_events=0 status=mining_and_collecting_minecraft:diamond___0/3
[17:56:29] [Render thread/INFO] (lodekeeper) [Lodekeeper] BREAK target=MutableBlockPos{x=-31, y=-13, z=62} block=Block{minecraft:deepslate} tool=minecraft:iron_pickaxe slot=0 remaining=184 required=route
[17:56:30] [Render thread/INFO] (lodekeeper) [Lodekeeper] PROGRESS elapsed_ms=248034 phase=traveling backend=baritone target=none navigation_elapsed_ms=70402 navigation_ticks=1408 searching=false path_index=0 path_length=9 retries=0 pending_route_events=0 dropped_route_events=0 status=mining_and_collecting_minecraft:diamond___0/3
[17:56:30] [Render thread/INFO] (lodekeeper) [Lodekeeper] BREAK target=MutableBlockPos{x=-31, y=-14, z=62} block=Block{minecraft:deepslate} tool=minecraft:iron_pickaxe slot=0 remaining=183 required=route
[17:56:32] [Render thread/INFO] (lodekeeper) [Lodekeeper] NAV backend=baritone mode=MINE event=SPLICING_ONTO_NEXT_EARLY elapsedMs=72458
[17:56:32] [Render thread/INFO] (lodekeeper) [Lodekeeper] PROGRESS elapsed_ms=250088 phase=traveling backend=baritone target=none navigation_elapsed_ms=72422 navigation_ticks=1448 searching=false path_index=0 path_length=7 retries=0 pending_route_events=0 dropped_route_events=0 status=mining_and_collecting_minecraft:diamond___0/3
[17:56:32] [Render thread/INFO] (lodekeeper) [Lodekeeper] TARGET target=-31,-17,77 block=minecraft:deepslate_diamond_ore
[17:56:34] [Render thread/INFO] (lodekeeper) [Lodekeeper] PROGRESS elapsed_ms=252132 phase=traveling backend=baritone target=-31,-17,77 block=minecraft:deepslate_diamond_ore navigation_elapsed_ms=74399 navigation_ticks=1488 searching=false path_index=0 path_length=17 retries=0 pending_route_events=0 dropped_route_events=0 status=mining_and_collecting_minecraft:diamond___0/3
[17:56:36] [Render thread/INFO] (lodekeeper) [Lodekeeper] PROGRESS elapsed_ms=254165 phase=traveling backend=baritone target=-31,-17,77 block=minecraft:deepslate_diamond_ore navigation_elapsed_ms=76599 navigation_ticks=1532 searching=false path_index=0 path_length=5 retries=0 pending_route_events=0 dropped_route_events=0 status=mining_and_collecting_minecraft:diamond___0/3
[17:56:37] [Render thread/INFO] (lodekeeper) [Lodekeeper] BREAK target=MutableBlockPos{x=-31, y=-18, z=77} block=Block{minecraft:deepslate} tool=minecraft:iron_pickaxe slot=0 remaining=182 required=route
[17:56:38] [Render thread/INFO] (lodekeeper) [Lodekeeper] BREAK target=MutableBlockPos{x=-32, y=-17, z=77} block=Block{minecraft:deepslate} tool=minecraft:iron_pickaxe slot=0 remaining=181 required=route
[17:56:38] [Render thread/INFO] (lodekeeper) [Lodekeeper] PROGRESS elapsed_ms=256177 phase=traveling backend=baritone target=-31,-17,77 block=minecraft:deepslate_diamond_ore navigation_elapsed_ms=78611 navigation_ticks=1572 searching=false path_index=0 path_length=2 retries=0 pending_route_events=0 dropped_route_events=0 status=mining_and_collecting_minecraft:diamond___0/3
[17:56:39] [Render thread/INFO] (lodekeeper) [Lodekeeper] BREAK target=MutableBlockPos{x=-31, y=-17, z=77} block=Block{minecraft:deepslate_diamond_ore} tool=minecraft:iron_pickaxe slot=0 remaining=180 required=minecraft:iron_pickaxe
[17:56:40] [Render thread/INFO] (lodekeeper) [Lodekeeper] PROGRESS elapsed_ms=258235 phase=traveling backend=baritone target=-31,-17,77 block=minecraft:deepslate_diamond_ore navigation_elapsed_ms=80601 navigation_ticks=1612 searching=false path_index=0 path_length=2 retries=0 pending_route_events=0 dropped_route_events=0 status=mining_and_collecting_minecraft:diamond___0/3
[17:56:40] [Render thread/INFO] (lodekeeper) [Lodekeeper] NAV discovered=1 retained=64 rejected=0 requestTicks=1614 phase=MINE
[17:56:40] [Render thread/INFO] (lodekeeper) [Lodekeeper] NAV backend=baritone mode=MINE event=CALC_STARTED elapsedMs=80704
[17:56:40] [Render thread/INFO] (lodekeeper) [Lodekeeper] NAV calcTool=minecraft:iron_pickaxe slot=0
[17:56:40] [Render thread/INFO] (lodekeeper) [Lodekeeper] NAV backend=baritone mode=MINE event=CALC_FINISHED_NOW_EXECUTING elapsedMs=80704
[17:56:40] [Render thread/INFO] (lodekeeper) [Lodekeeper] TARGET target=-30,-17,76 block=minecraft:deepslate_diamond_ore
[17:56:41] [Render thread/INFO] (lodekeeper) [Lodekeeper] BREAK target=MutableBlockPos{x=-30, y=-17, z=77} block=Block{minecraft:deepslate} tool=minecraft:iron_pickaxe slot=0 remaining=179 required=route
[17:56:42] [Render thread/INFO] (lodekeeper) [Lodekeeper] BREAK target=MutableBlockPos{x=-30, y=-18, z=77} block=Block{minecraft:deepslate} tool=minecraft:iron_pickaxe slot=0 remaining=178 required=route
[17:56:42] [Render thread/INFO] (lodekeeper) [Lodekeeper] PROGRESS elapsed_ms=260267 phase=traveling backend=baritone target=-30,-17,76 block=minecraft:deepslate_diamond_ore navigation_elapsed_ms=82601 navigation_ticks=1652 searching=false path_index=0 path_length=3 retries=0 pending_route_events=0 dropped_route_events=0 status=mining_and_collecting_minecraft:diamond___1/3
[17:56:43] [Render thread/INFO] (lodekeeper) [Lodekeeper] BREAK target=MutableBlockPos{x=-30, y=-17, z=76} block=Block{minecraft:deepslate_diamond_ore} tool=minecraft:iron_pickaxe slot=0 remaining=177 required=minecraft:iron_pickaxe
[17:56:44] [Render thread/INFO] (lodekeeper) [Lodekeeper] NAV discovered=1 retained=64 rejected=0 requestTicks=1687 phase=MINE
[17:56:44] [Render thread/INFO] (lodekeeper) [Lodekeeper] TARGET target=-30,-16,76 block=minecraft:deepslate_diamond_ore
[17:56:44] [Render thread/INFO] (lodekeeper) [Lodekeeper] BREAK target=MutableBlockPos{x=-30, y=-16, z=77} block=Block{minecraft:deepslate} tool=minecraft:iron_pickaxe slot=0 remaining=176 required=route
[17:56:44] [Render thread/INFO] (lodekeeper) [Lodekeeper] PROGRESS elapsed_ms=262283 phase=traveling backend=baritone target=-30,-16,76 block=minecraft:deepslate_diamond_ore navigation_elapsed_ms=84616 navigation_ticks=1692 searching=false path_index=0 path_length=2 retries=0 pending_route_events=0 dropped_route_events=0 status=mining_and_collecting_minecraft:diamond___1/3
[17:56:45] [Render thread/INFO] (lodekeeper) [Lodekeeper] BREAK target=MutableBlockPos{x=-30, y=-16, z=76} block=Block{minecraft:deepslate_diamond_ore} tool=minecraft:iron_pickaxe slot=0 remaining=175 required=minecraft:iron_pickaxe
[17:56:46] [Render thread/INFO] (lodekeeper) [Lodekeeper] PROGRESS elapsed_ms=264295 phase=traveling backend=baritone target=-30,-16,76 block=minecraft:deepslate_diamond_ore navigation_elapsed_ms=86629 navigation_ticks=1732 searching=false path_index=0 path_length=2 retries=0 pending_route_events=0 dropped_route_events=0 status=mining_and_collecting_minecraft:diamond___2/3
[17:56:46] [Render thread/INFO] (lodekeeper) [Lodekeeper] TARGET target=none
[17:56:47] [Render thread/INFO] (lodekeeper) [Lodekeeper] NAV backend=baritone mode=IDLE event=CANCELED elapsedMs=87267
[17:56:47] [Render thread/INFO] (lodekeeper) [Lodekeeper] NAV backend=baritone mode=IDLE event=CANCELED elapsedMs=87267
[17:56:47] [Render thread/INFO] (lodekeeper) [Lodekeeper] NAV backend=baritone mode=IDLE event=CANCELED elapsedMs=87301
[17:56:47] [Render thread/INFO] (lodekeeper) [Lodekeeper] NAV backend=baritone mode=IDLE event=CANCELED elapsedMs=87367
[17:56:47] [Render thread/INFO] (lodekeeper) [Lodekeeper] STATION_POLICY decision=replace_distant station=minecraft:furnace position=BlockPos{x=-29, y=40, z=62}
[17:56:47] [lodekeeper-planner/INFO] (lodekeeper) [Lodekeeper] PROJECT_MATERIALS project=gear_diamond before=[gather:minecraft:diamond_ore:3, gather:minecraft:diamond_ore:4, gather:minecraft:diamond_ore:8, gather:minecraft:diamond_ore:5, gather:minecraft:diamond_ore:2, gather:minecraft:diamond_ore:7, gather:minecraft:diamond_ore:1, gather:minecraft:diamond_ore:2] after=[gather:minecraft:diamond_ore:3, gather:minecraft:diamond_ore:4, gather:minecraft:diamond_ore:8, gather:minecraft:diamond_ore:5, gather:minecraft:diamond_ore:2, gather:minecraft:diamond_ore:7, gather:minecraft:diamond_ore:1, gather:minecraft:diamond_ore:2]
[17:56:47] [lodekeeper-planner/INFO] (lodekeeper) [Lodekeeper] PLAN project=gear_diamond success=true steps=21 branches=95 elapsedMs=2.368145
[17:56:47] [Render thread/INFO] (lodekeeper) [Lodekeeper] STEP kind=PLACE_STATION source=place:minecraft:crafting_table output=null count=0 operations=1 auxiliary=false
[17:56:47] [Render thread/INFO] (lodekeeper) [Lodekeeper] TARGET target=-30,-18,77 block=minecraft:crafting_table
[17:56:48] [Render thread/INFO] (lodekeeper) [Lodekeeper] STATION_POLICY decision=replace_distant station=minecraft:furnace position=BlockPos{x=-29, y=40, z=62}
[17:56:48] [Render thread/INFO] (lodekeeper) [Lodekeeper] TARGET target=none
[17:56:48] [lodekeeper-planner/INFO] (lodekeeper) [Lodekeeper] PROJECT_MATERIALS project=gear_diamond before=[gather:minecraft:diamond_ore:3, gather:minecraft:diamond_ore:4, gather:minecraft:diamond_ore:8, gather:minecraft:diamond_ore:5, gather:minecraft:diamond_ore:2, gather:minecraft:diamond_ore:7, gather:minecraft:diamond_ore:1, gather:minecraft:diamond_ore:2] after=[gather:minecraft:diamond_ore:3, gather:minecraft:diamond_ore:4, gather:minecraft:diamond_ore:8, gather:minecraft:diamond_ore:5, gather:minecraft:diamond_ore:2, gather:minecraft:diamond_ore:7, gather:minecraft:diamond_ore:1, gather:minecraft:diamond_ore:2]
[17:56:48] [lodekeeper-planner/INFO] (lodekeeper) [Lodekeeper] PLAN project=gear_diamond success=true steps=20 branches=94 elapsedMs=1.560658
[17:56:48] [Render thread/INFO] (lodekeeper) [Lodekeeper] STEP kind=CRAFT source=server:minecraft:diamond_pickaxe:474 output=minecraft:diamond_pickaxe count=1 operations=1 auxiliary=false
[17:56:48] [Render thread/INFO] (lodekeeper) [Lodekeeper] PROGRESS elapsed_ms=266338 phase=crafting backend=baritone target=none navigation_elapsed_ms=0 navigation_ticks=0 searching=false path_index=0 path_length=0 retries=0 pending_route_events=0 dropped_route_events=0 status=CRAFT_server:minecraft:diamond_pickaxe:474
[17:56:50] [Render thread/INFO] (lodekeeper) [Lodekeeper] PROGRESS elapsed_ms=268386 phase=crafting backend=baritone target=none navigation_elapsed_ms=0 navigation_ticks=0 searching=false path_index=0 path_length=0 retries=0 pending_route_events=0 dropped_route_events=0 status=CRAFT_server:minecraft:diamond_pickaxe:474
[17:56:52] [Render thread/INFO] (lodekeeper) [Lodekeeper] STATION_POLICY decision=replace_distant station=minecraft:furnace position=BlockPos{x=-29, y=40, z=62}
[17:56:52] [lodekeeper-planner/INFO] (lodekeeper) [Lodekeeper] PROJECT_MATERIALS project=gear_diamond before=[gather:minecraft:deepslate_diamond_ore:3, gather:minecraft:deepslate_diamond_ore:4, gather:minecraft:deepslate_diamond_ore:8, gather:minecraft:deepslate_diamond_ore:5, gather:minecraft:deepslate_diamond_ore:2, gather:minecraft:deepslate_diamond_ore:7, gather:minecraft:deepslate_diamond_ore:1, gather:minecraft:deepslate_diamond_ore:2] after=[gather:minecraft:deepslate_diamond_ore:3, gather:minecraft:deepslate_diamond_ore:4, gather:minecraft:deepslate_diamond_ore:8, gather:minecraft:deepslate_diamond_ore:5, gather:minecraft:deepslate_diamond_ore:2, gather:minecraft:deepslate_diamond_ore:7, gather:minecraft:deepslate_diamond_ore:1, gather:minecraft:deepslate_diamond_ore:2]
[17:56:52] [lodekeeper-planner/INFO] (lodekeeper) [Lodekeeper] PLAN project=gear_diamond success=true steps=19 branches=89 elapsedMs=1.333491
[17:56:52] [Render thread/INFO] (lodekeeper) [Lodekeeper] STEP kind=GATHER source=gather:minecraft:deepslate_diamond_ore output=minecraft:diamond count=32 operations=32 auxiliary=false
[17:56:52] [Render thread/INFO] (lodekeeper) [Lodekeeper] MINING_DEPTH policy=BULK_DIAMOND desiredY=-55 ceiling=-40 deficit=32 phase=DESCEND blocks=[Block{minecraft:deepslate_diamond_ore}, Block{minecraft:diamond_ore}]
[17:56:52] [Render thread/INFO] (lodekeeper) [Lodekeeper] NAV backend=baritone mode=DESCEND event=CALC_STARTED elapsedMs=1
[17:56:52] [Render thread/INFO] (lodekeeper) [Lodekeeper] NAV calcTool=minecraft:diamond_pickaxe slot=0
[17:56:52] [Render thread/INFO] (lodekeeper) [Lodekeeper] ROUTE_SEARCH kind=unknown anchor=unknown feet_y16=0 candidates=0 target=none elapsed_ms=269696
[17:56:52] [Render thread/INFO] (lodekeeper) [Lodekeeper] NAV backend=baritone mode=DESCEND event=CALC_FINISHED_NOW_EXECUTING elapsedMs=540
[17:56:52] [Render thread/INFO] (lodekeeper) [Lodekeeper] ROUTE_TRAVEL path_index=0 path_length=33 target=none elapsed_ms=270067
[17:56:52] [Render thread/INFO] (lodekeeper) [Lodekeeper] BREAK target=MutableBlockPos{x=-31, y=-16, z=77} block=Block{minecraft:deepslate} tool=minecraft:diamond_pickaxe slot=0 remaining=1561 required=route
[17:56:53] [Render thread/INFO] (lodekeeper) [Lodekeeper] PROGRESS elapsed_ms=270434 phase=traveling backend=baritone target=none navigation_elapsed_ms=772 navigation_ticks=16 searching=false path_index=0 path_length=32 retries=0 pending_route_events=0 dropped_route_events=0 status=seeking_mining_depth_-55_for_minecraft:diamond___0/32
[17:56:54] [Render thread/INFO] (lodekeeper) [Lodekeeper] BREAK target=MutableBlockPos{x=-33, y=-21, z=77} block=Block{minecraft:deepslate} tool=minecraft:diamond_pickaxe slot=0 remaining=1560 required=route
[17:56:55] [Render thread/INFO] (lodekeeper) [Lodekeeper] PROGRESS elapsed_ms=272483 phase=traveling backend=baritone target=none navigation_elapsed_ms=2987 navigation_ticks=60 searching=false path_index=0 path_length=29 retries=0 pending_route_events=0 dropped_route_events=0 status=seeking_mining_depth_-55_for_minecraft:diamond___0/32
[17:56:55] [Render thread/INFO] (lodekeeper) [Lodekeeper] BREAK target=MutableBlockPos{x=-33, y=-22, z=77} block=Block{minecraft:deepslate} tool=minecraft:diamond_pickaxe slot=0 remaining=1559 required=route
[17:56:56] [Render thread/INFO] (lodekeeper) [Lodekeeper] BREAK target=MutableBlockPos{x=-33, y=-23, z=77} block=Block{minecraft:deepslate} tool=minecraft:diamond_pickaxe slot=0 remaining=1558 required=route
[17:56:57] [Render thread/INFO] (lodekeeper) [Lodekeeper] PROGRESS elapsed_ms=274489 phase=traveling backend=baritone target=none navigation_elapsed_ms=4993 navigation_ticks=100 searching=false path_index=0 path_length=27 retries=0 pending_route_events=0 dropped_route_events=0 status=seeking_mining_depth_-55_for_minecraft:diamond___0/32
[17:56:57] [Render thread/INFO] (lodekeeper) [Lodekeeper] BREAK target=MutableBlockPos{x=-33, y=-24, z=77} block=Block{minecraft:deepslate} tool=minecraft:diamond_pickaxe slot=0 remaining=1557 required=route
[17:56:58] [Render thread/INFO] (lodekeeper) [Lodekeeper] BREAK target=MutableBlockPos{x=-33, y=-25, z=77} block=Block{minecraft:deepslate} tool=minecraft:diamond_pickaxe slot=0 remaining=1556 required=route
[17:56:59] [Render thread/INFO] (lodekeeper) [Lodekeeper] PROGRESS elapsed_ms=276531 phase=traveling backend=baritone target=none navigation_elapsed_ms=6969 navigation_ticks=140 searching=false path_index=0 path_length=25 retries=0 pending_route_events=0 dropped_route_events=0 status=seeking_mining_depth_-55_for_minecraft:diamond___0/32
[17:56:59] [Render thread/INFO] (lodekeeper) [Lodekeeper] BREAK target=MutableBlockPos{x=-33, y=-26, z=77} block=Block{minecraft:deepslate} tool=minecraft:diamond_pickaxe slot=0 remaining=1555 required=route
[17:57:00] [Render thread/INFO] (lodekeeper) [Lodekeeper] BREAK target=MutableBlockPos{x=-33, y=-27, z=77} block=Block{minecraft:deepslate} tool=minecraft:diamond_pickaxe slot=0 remaining=1554 required=route
[17:57:01] [Render thread/INFO] (lodekeeper) [Lodekeeper] PROGRESS elapsed_ms=278592 phase=traveling backend=baritone target=none navigation_elapsed_ms=8996 navigation_ticks=180 searching=false path_index=0 path_length=22 retries=0 pending_route_events=0 dropped_route_events=0 status=seeking_mining_depth_-55_for_minecraft:diamond___0/32
[17:57:01] [Render thread/INFO] (lodekeeper) [Lodekeeper] BREAK target=MutableBlockPos{x=-33, y=-28, z=77} block=Block{minecraft:deepslate} tool=minecraft:diamond_pickaxe slot=0 remaining=1553 required=route
[17:57:02] [Render thread/INFO] (lodekeeper) [Lodekeeper] BREAK target=MutableBlockPos{x=-33, y=-29, z=77} block=Block{minecraft:deepslate} tool=minecraft:diamond_pickaxe slot=0 remaining=1552 required=route
[17:57:03] [Render thread/INFO] (lodekeeper) [Lodekeeper] BREAK target=MutableBlockPos{x=-33, y=-30, z=77} block=Block{minecraft:deepslate} tool=minecraft:diamond_pickaxe slot=0 remaining=1551 required=route
[17:57:03] [Render thread/INFO] (lodekeeper) [Lodekeeper] PROGRESS elapsed_ms=280638 phase=traveling backend=baritone target=none navigation_elapsed_ms=10975 navigation_ticks=220 searching=false path_index=0 path_length=20 retries=0 pending_route_events=0 dropped_route_events=0 status=seeking_mining_depth_-55_for_minecraft:diamond___0/32
[17:57:03] [Render thread/INFO] (lodekeeper) [Lodekeeper] BREAK target=MutableBlockPos{x=-33, y=-31, z=77} block=Block{minecraft:deepslate} tool=minecraft:diamond_pickaxe slot=0 remaining=1550 required=route
[17:57:04] [Render thread/INFO] (lodekeeper) [Lodekeeper] BREAK target=MutableBlockPos{x=-33, y=-32, z=77} block=Block{minecraft:deepslate} tool=minecraft:diamond_pickaxe slot=0 remaining=1549 required=route
[17:57:05] [Render thread/INFO] (lodekeeper) [Lodekeeper] PROGRESS elapsed_ms=282683 phase=traveling backend=baritone target=none navigation_elapsed_ms=13187 navigation_ticks=264 searching=false path_index=0 path_length=18 retries=0 pending_route_events=0 dropped_route_events=0 status=seeking_mining_depth_-55_for_minecraft:diamond___0/32
[17:57:05] [Render thread/INFO] (lodekeeper) [Lodekeeper] BREAK target=MutableBlockPos{x=-33, y=-33, z=77} block=Block{minecraft:deepslate} tool=minecraft:diamond_pickaxe slot=0 remaining=1548 required=route
[17:57:06] [Render thread/INFO] (lodekeeper) [Lodekeeper] BREAK target=MutableBlockPos{x=-33, y=-34, z=77} block=Block{minecraft:deepslate} tool=minecraft:diamond_pickaxe slot=0 remaining=1547 required=route
[17:57:07] [Render thread/INFO] (lodekeeper) [Lodekeeper] PROGRESS elapsed_ms=284691 phase=traveling backend=baritone target=none navigation_elapsed_ms=15196 navigation_ticks=304 searching=false path_index=0 path_length=16 retries=0 pending_route_events=0 dropped_route_events=0 status=seeking_mining_depth_-55_for_minecraft:diamond___0/32
[17:57:07] [Render thread/INFO] (lodekeeper) [Lodekeeper] BREAK target=MutableBlockPos{x=-33, y=-35, z=77} block=Block{minecraft:deepslate} tool=minecraft:diamond_pickaxe slot=0 remaining=1546 required=route
[17:57:08] [Render thread/INFO] (lodekeeper) [Lodekeeper] BREAK target=MutableBlockPos{x=-33, y=-36, z=77} block=Block{minecraft:tuff} tool=minecraft:diamond_pickaxe slot=0 remaining=1545 required=route
[17:57:09] [Render thread/INFO] (lodekeeper) [Lodekeeper] BREAK target=MutableBlockPos{x=-33, y=-37, z=77} block=Block{minecraft:tuff} tool=minecraft:diamond_pickaxe slot=0 remaining=1544 required=route
[17:57:09] [Render thread/INFO] (lodekeeper) [Lodekeeper] PROGRESS elapsed_ms=286737 phase=traveling backend=baritone target=none navigation_elapsed_ms=17174 navigation_ticks=344 searching=false path_index=0 path_length=13 retries=0 pending_route_events=0 dropped_route_events=0 status=seeking_mining_depth_-55_for_minecraft:diamond___0/32
[17:57:09] [Render thread/INFO] (lodekeeper) [Lodekeeper] NAV backend=baritone mode=DESCEND event=NEXT_SEGMENT_CALC_STARTED elapsedMs=17343
[17:57:09] [Render thread/INFO] (lodekeeper) [Lodekeeper] NAV backend=baritone mode=DESCEND event=NEXT_SEGMENT_CALC_FINISHED elapsedMs=17376
[17:57:09] [Render thread/INFO] (lodekeeper) [Lodekeeper] BREAK target=MutableBlockPos{x=-33, y=-38, z=77} block=Block{minecraft:tuff} tool=minecraft:diamond_pickaxe slot=0 remaining=1543 required=route
[17:57:10] [Render thread/INFO] (lodekeeper) [Lodekeeper] BREAK target=MutableBlockPos{x=-33, y=-39, z=77} block=Block{minecraft:tuff} tool=minecraft:diamond_pickaxe slot=0 remaining=1542 required=route
[17:57:10] [Render thread/INFO] (lodekeeper) [Lodekeeper] BREAK target=MutableBlockPos{x=-33, y=-40, z=77} block=Block{minecraft:tuff} tool=minecraft:diamond_pickaxe slot=0 remaining=1541 required=route
[17:57:11] [Render thread/INFO] (lodekeeper) [Lodekeeper] PROGRESS elapsed_ms=288787 phase=traveling backend=baritone target=none navigation_elapsed_ms=19190 navigation_ticks=384 searching=false path_index=0 path_length=16 retries=0 pending_route_events=0 dropped_route_events=0 status=seeking_mining_depth_-55_for_minecraft:diamond___0/32
[17:57:11] [Render thread/INFO] (lodekeeper) [Lodekeeper] BREAK target=MutableBlockPos{x=-33, y=-41, z=77} block=Block{minecraft:tuff} tool=minecraft:diamond_pickaxe slot=0 remaining=1540 required=route
[17:57:12] [Render thread/INFO] (lodekeeper) [Lodekeeper] BREAK target=MutableBlockPos{x=-33, y=-42, z=77} block=Block{minecraft:deepslate} tool=minecraft:diamond_pickaxe slot=0 remaining=1539 required=route
[17:57:12] [Render thread/INFO] (lodekeeper) [Lodekeeper] BREAK target=MutableBlockPos{x=-33, y=-43, z=77} block=Block{minecraft:tuff} tool=minecraft:diamond_pickaxe slot=0 remaining=1538 required=route
[17:57:13] [Render thread/INFO] (lodekeeper) [Lodekeeper] PROGRESS elapsed_ms=290834 phase=traveling backend=baritone target=none navigation_elapsed_ms=21171 navigation_ticks=424 searching=false path_index=0 path_length=14 retries=0 pending_route_events=0 dropped_route_events=0 status=seeking_mining_depth_-55_for_minecraft:diamond___0/32
[17:57:13] [Render thread/INFO] (lodekeeper) [Lodekeeper] BREAK target=MutableBlockPos{x=-33, y=-44, z=77} block=Block{minecraft:tuff} tool=minecraft:diamond_pickaxe slot=0 remaining=1537 required=route
[17:57:14] [Render thread/INFO] (lodekeeper) [Lodekeeper] BREAK target=MutableBlockPos{x=-33, y=-45, z=77} block=Block{minecraft:tuff} tool=minecraft:diamond_pickaxe slot=0 remaining=1536 required=route
[17:57:14] [Render thread/INFO] (lodekeeper) [Lodekeeper] BREAK target=MutableBlockPos{x=-33, y=-46, z=77} block=Block{minecraft:tuff} tool=minecraft:diamond_pickaxe slot=0 remaining=1535 required=route
[17:57:15] [Render thread/INFO] (lodekeeper) [Lodekeeper] BREAK target=MutableBlockPos{x=-33, y=-47, z=77} block=Block{minecraft:tuff} tool=minecraft:diamond_pickaxe slot=0 remaining=1534 required=route
[17:57:15] [Render thread/INFO] (lodekeeper) [Lodekeeper] PROGRESS elapsed_ms=292880 phase=traveling backend=baritone target=none navigation_elapsed_ms=23384 navigation_ticks=468 searching=false path_index=0 path_length=10 retries=0 pending_route_events=0 dropped_route_events=0 status=seeking_mining_depth_-55_for_minecraft:diamond___0/32
[17:57:15] [Render thread/INFO] (lodekeeper) [Lodekeeper] BREAK target=MutableBlockPos{x=-33, y=-48, z=77} block=Block{minecraft:deepslate} tool=minecraft:diamond_pickaxe slot=0 remaining=1533 required=route
[17:57:16] [Render thread/INFO] (lodekeeper) [Lodekeeper] BREAK target=MutableBlockPos{x=-33, y=-49, z=77} block=Block{minecraft:deepslate} tool=minecraft:diamond_pickaxe slot=0 remaining=1532 required=route
[17:57:17] [Render thread/INFO] (lodekeeper) [Lodekeeper] PROGRESS elapsed_ms=294891 phase=traveling backend=baritone target=none navigation_elapsed_ms=25395 navigation_ticks=508 searching=false path_index=0 path_length=8 retries=0 pending_route_events=0 dropped_route_events=0 status=seeking_mining_depth_-55_for_minecraft:diamond___0/32
[17:57:17] [Render thread/INFO] (lodekeeper) [Lodekeeper] BREAK target=MutableBlockPos{x=-33, y=-50, z=77} block=Block{minecraft:deepslate} tool=minecraft:diamond_pickaxe slot=0 remaining=1531 required=route
[17:57:18] [Render thread/INFO] (lodekeeper) [Lodekeeper] BREAK target=MutableBlockPos{x=-33, y=-51, z=77} block=Block{minecraft:deepslate} tool=minecraft:diamond_pickaxe slot=0 remaining=1530 required=route
[17:57:19] [Render thread/INFO] (lodekeeper) [Lodekeeper] PROGRESS elapsed_ms=296938 phase=traveling backend=baritone target=none navigation_elapsed_ms=27375 navigation_ticks=548 searching=false path_index=0 path_length=5 retries=0 pending_route_events=0 dropped_route_events=0 status=seeking_mining_depth_-55_for_minecraft:diamond___0/32
[17:57:19] [Render thread/INFO] (lodekeeper) [Lodekeeper] BREAK target=MutableBlockPos{x=-33, y=-52, z=77} block=Block{minecraft:deepslate} tool=minecraft:diamond_pickaxe slot=0 remaining=1529 required=route
[17:57:20] [Render thread/INFO] (lodekeeper) [Lodekeeper] BREAK target=MutableBlockPos{x=-33, y=-53, z=77} block=Block{minecraft:deepslate} tool=minecraft:diamond_pickaxe slot=0 remaining=1528 required=route
[17:57:21] [Render thread/INFO] (lodekeeper) [Lodekeeper] BREAK target=MutableBlockPos{x=-33, y=-54, z=77} block=Block{minecraft:deepslate} tool=minecraft:diamond_pickaxe slot=0 remaining=1527 required=route
[17:57:21] [Render thread/INFO] (lodekeeper) [Lodekeeper] PROGRESS elapsed_ms=298950 phase=traveling backend=baritone target=none navigation_elapsed_ms=29386 navigation_ticks=588 searching=false path_index=0 path_length=3 retries=0 pending_route_events=0 dropped_route_events=0 status=seeking_mining_depth_-55_for_minecraft:diamond___0/32
[17:57:22] [Render thread/INFO] (lodekeeper) [Lodekeeper] BREAK target=MutableBlockPos{x=-33, y=-55, z=77} block=Block{minecraft:deepslate} tool=minecraft:diamond_pickaxe slot=0 remaining=1526 required=route
[17:57:22] [Render thread/INFO] (lodekeeper) [Lodekeeper] NAV phase=DESCEND -> MINE targetY=-55 requestTicks=616
[17:57:22] [Render thread/INFO] (lodekeeper) [Lodekeeper] NAV backend=baritone mode=SUSPENDED event=CANCELED elapsedMs=30794
[17:57:22] [Render thread/INFO] (lodekeeper) [Lodekeeper] NAV backend=baritone mode=SUSPENDED event=CANCELED elapsedMs=30794
[17:57:22] [Render thread/INFO] (lodekeeper) [Lodekeeper] NAV backend=baritone mode=SUSPENDED event=CANCELED elapsedMs=30827
[17:57:22] [Render thread/INFO] (lodekeeper) [Lodekeeper] NAV backend=baritone mode=SUSPENDED event=CANCELED elapsedMs=30895
[17:57:23] [Render thread/INFO] (lodekeeper) [Lodekeeper] NAV backend=baritone mode=SUSPENDED event=CANCELED elapsedMs=30929
[17:57:23] [Render thread/INFO] (lodekeeper) [Lodekeeper] NAV discovered=24 retained=64 rejected=0 requestTicks=617 phase=MINE
[17:57:23] [Render thread/INFO] (lodekeeper) [Lodekeeper] NAV backend=baritone mode=MINE event=CALC_STARTED elapsedMs=30999
[17:57:23] [Render thread/INFO] (lodekeeper) [Lodekeeper] NAV calcTool=minecraft:diamond_pickaxe slot=0
[17:57:23] [Render thread/INFO] (lodekeeper) [Lodekeeper] NAV backend=baritone mode=MINE event=CALC_FINISHED_NOW_EXECUTING elapsedMs=31096
[17:57:23] [Render thread/INFO] (lodekeeper) [Lodekeeper] TARGET target=-27,-52,81 block=minecraft:deepslate_diamond_ore
[17:57:23] [Render thread/INFO] (lodekeeper) [Lodekeeper] BREAK target=MutableBlockPos{x=-32, y=-54, z=77} block=Block{minecraft:deepslate} tool=minecraft:diamond_pickaxe slot=0 remaining=1525 required=route
[17:57:23] [Render thread/INFO] (lodekeeper) [Lodekeeper] PROGRESS elapsed_ms=300993 phase=traveling backend=baritone target=-27,-52,81 block=minecraft:deepslate_diamond_ore navigation_elapsed_ms=31329 navigation_ticks=624 searching=false path_index=0 path_length=11 retries=0 pending_route_events=0 dropped_route_events=0 status=mining_and_collecting_minecraft:diamond___0/32
[17:57:24] [Render thread/INFO] (lodekeeper) [Lodekeeper] BREAK target=MutableBlockPos{x=-32, y=-53, z=77} block=Block{minecraft:deepslate} tool=minecraft:diamond_pickaxe slot=0 remaining=1524 required=route
[17:57:25] [Render thread/INFO] (lodekeeper) [Lodekeeper] BREAK target=MutableBlockPos{x=-31, y=-53, z=77} block=Block{minecraft:deepslate} tool=minecraft:diamond_pickaxe slot=0 remaining=1523 required=route
[17:57:25] [Render thread/INFO] (lodekeeper) [Lodekeeper] PROGRESS elapsed_ms=303037 phase=traveling backend=baritone target=-27,-52,81 block=minecraft:deepslate_diamond_ore navigation_elapsed_ms=33541 navigation_ticks=668 searching=false path_index=0 path_length=10 retries=0 pending_route_events=0 dropped_route_events=0 status=mining_and_collecting_minecraft:diamond___0/32
[17:57:26] [Render thread/INFO] (lodekeeper) [Lodekeeper] BREAK target=MutableBlockPos{x=-31, y=-54, z=77} block=Block{minecraft:deepslate} tool=minecraft:diamond_pickaxe slot=0 remaining=1522 required=route
[17:57:26] [Render thread/INFO] (lodekeeper) [Lodekeeper] BREAK target=MutableBlockPos{x=-30, y=-53, z=77} block=Block{minecraft:deepslate} tool=minecraft:diamond_pickaxe slot=0 remaining=1521 required=route
[17:57:27] [Render thread/INFO] (lodekeeper) [Lodekeeper] PROGRESS elapsed_ms=305084 phase=traveling backend=baritone target=-27,-52,81 block=minecraft:deepslate_diamond_ore navigation_elapsed_ms=35521 navigation_ticks=708 searching=false path_index=0 path_length=9 retries=0 pending_route_events=0 dropped_route_events=0 status=mining_and_collecting_minecraft:diamond___0/32
[17:57:27] [Render thread/INFO] (lodekeeper) [Lodekeeper] BREAK target=MutableBlockPos{x=-30, y=-54, z=77} block=Block{minecraft:deepslate} tool=minecraft:diamond_pickaxe slot=0 remaining=1520 required=route
[17:57:28] [Render thread/INFO] (lodekeeper) [Lodekeeper] BREAK target=MutableBlockPos{x=-30, y=-53, z=78} block=Block{minecraft:deepslate} tool=minecraft:diamond_pickaxe slot=0 remaining=1519 required=route
[17:57:29] [Render thread/INFO] (lodekeeper) [Lodekeeper] PROGRESS elapsed_ms=307088 phase=traveling backend=baritone target=-27,-52,81 block=minecraft:deepslate_diamond_ore navigation_elapsed_ms=37526 navigation_ticks=748 searching=false path_index=0 path_length=8 retries=0 pending_route_events=0 dropped_route_events=0 status=mining_and_collecting_minecraft:diamond___0/32
[17:57:29] [Render thread/INFO] (lodekeeper) [Lodekeeper] BREAK target=MutableBlockPos{x=-30, y=-54, z=78} block=Block{minecraft:deepslate} tool=minecraft:diamond_pickaxe slot=0 remaining=1518 required=route
[17:57:30] [Render thread/INFO] (lodekeeper) [Lodekeeper] BREAK target=MutableBlockPos{x=-30, y=-53, z=79} block=Block{minecraft:deepslate} tool=minecraft:diamond_pickaxe slot=0 remaining=1517 required=route
[17:57:31] [Render thread/INFO] (lodekeeper) [Lodekeeper] BREAK target=MutableBlockPos{x=-30, y=-54, z=79} block=Block{minecraft:deepslate} tool=minecraft:diamond_pickaxe slot=0 remaining=1516 required=route
[17:57:31] [Render thread/INFO] (lodekeeper) [Lodekeeper] PROGRESS elapsed_ms=309134 phase=traveling backend=baritone target=-27,-52,81 block=minecraft:deepslate_diamond_ore navigation_elapsed_ms=39538 navigation_ticks=788 searching=false path_index=0 path_length=7 retries=0 pending_route_events=0 dropped_route_events=0 status=mining_and_collecting_minecraft:diamond___0/32
[17:57:32] [Render thread/INFO] (lodekeeper) [Lodekeeper] BREAK target=MutableBlockPos{x=-29, y=-53, z=79} block=Block{minecraft:deepslate} tool=minecraft:diamond_pickaxe slot=0 remaining=1515 required=route
[17:57:33] [Render thread/INFO] (lodekeeper) [Lodekeeper] BREAK target=MutableBlockPos{x=-29, y=-54, z=79} block=Block{minecraft:deepslate} tool=minecraft:diamond_pickaxe slot=0 remaining=1514 required=route
[17:57:33] [Render thread/INFO] (lodekeeper) [Lodekeeper] PROGRESS elapsed_ms=311144 phase=traveling backend=baritone target=-27,-52,81 block=minecraft:deepslate_diamond_ore navigation_elapsed_ms=41550 navigation_ticks=828 searching=false path_index=0 path_length=6 retries=0 pending_route_events=0 dropped_route_events=0 status=mining_and_collecting_minecraft:diamond___0/32
[17:57:34] [Render thread/INFO] (lodekeeper) [Lodekeeper] BREAK target=MutableBlockPos{x=-29, y=-53, z=80} block=Block{minecraft:deepslate} tool=minecraft:diamond_pickaxe slot=0 remaining=1513 required=route
[17:57:35] [Render thread/INFO] (lodekeeper) [Lodekeeper] BREAK target=MutableBlockPos{x=-29, y=-54, z=80} block=Block{minecraft:deepslate} tool=minecraft:diamond_pickaxe slot=0 remaining=1512 required=route
[17:57:35] [Render thread/INFO] (lodekeeper) [Lodekeeper] PROGRESS elapsed_ms=313169 phase=traveling backend=baritone target=-27,-52,81 block=minecraft:deepslate_diamond_ore navigation_elapsed_ms=43539 navigation_ticks=868 searching=false path_index=0 path_length=5 retries=0 pending_route_events=0 dropped_route_events=0 status=mining_and_collecting_minecraft:diamond___0/32
[17:57:35] [Render thread/INFO] (lodekeeper) [Lodekeeper] BREAK target=MutableBlockPos{x=-28, y=-53, z=80} block=Block{minecraft:deepslate} tool=minecraft:diamond_pickaxe slot=0 remaining=1511 required=route
[17:57:36] [Render thread/INFO] (lodekeeper) [Lodekeeper] BREAK target=MutableBlockPos{x=-28, y=-54, z=80} block=Block{minecraft:deepslate} tool=minecraft:diamond_pickaxe slot=0 remaining=1510 required=route
[17:57:37] [Render thread/INFO] (lodekeeper) [Lodekeeper] PROGRESS elapsed_ms=315194 phase=traveling backend=baritone target=-27,-52,81 block=minecraft:deepslate_diamond_ore navigation_elapsed_ms=45531 navigation_ticks=908 searching=false path_index=0 path_length=4 retries=0 pending_route_events=0 dropped_route_events=0 status=mining_and_collecting_minecraft:diamond___0/32
[17:57:37] [Render thread/INFO] (lodekeeper) [Lodekeeper] BREAK target=MutableBlockPos{x=-28, y=-53, z=81} block=Block{minecraft:deepslate} tool=minecraft:diamond_pickaxe slot=0 remaining=1509 required=route
[17:57:38] [Render thread/INFO] (lodekeeper) [Lodekeeper] BREAK target=MutableBlockPos{x=-28, y=-54, z=81} block=Block{minecraft:deepslate} tool=minecraft:diamond_pickaxe slot=0 remaining=1508 required=route
[17:57:39] [Render thread/INFO] (lodekeeper) [Lodekeeper] BREAK target=MutableBlockPos{x=-27, y=-53, z=81} block=Block{minecraft:deepslate} tool=minecraft:diamond_pickaxe slot=0 remaining=1507 required=route
[17:57:39] [Render thread/INFO] (lodekeeper) [Lodekeeper] PROGRESS elapsed_ms=317235 phase=traveling backend=baritone target=-27,-52,81 block=minecraft:deepslate_diamond_ore navigation_elapsed_ms=47740 navigation_ticks=952 searching=false path_index=0 path_length=2 retries=0 pending_route_events=0 dropped_route_events=0 status=mining_and_collecting_minecraft:diamond___0/32
[17:57:40] [Render thread/INFO] (lodekeeper) [Lodekeeper] BREAK target=MutableBlockPos{x=-28, y=-52, z=81} block=Block{minecraft:deepslate} tool=minecraft:diamond_pickaxe slot=0 remaining=1506 required=route
[17:57:41] [Render thread/INFO] (lodekeeper) [Lodekeeper] BREAK target=MutableBlockPos{x=-27, y=-52, z=81} block=Block{minecraft:deepslate_diamond_ore} tool=minecraft:diamond_pickaxe slot=0 remaining=1505 required=minecraft:diamond_pickaxe
[17:57:41] [Render thread/INFO] (lodekeeper) [Lodekeeper] PROGRESS elapsed_ms=319246 phase=traveling backend=baritone target=-27,-52,81 block=minecraft:deepslate_diamond_ore navigation_elapsed_ms=49750 navigation_ticks=992 searching=false path_index=0 path_length=2 retries=0 pending_route_events=0 dropped_route_events=0 status=mining_and_collecting_minecraft:diamond___0/32
[17:57:42] [Render thread/INFO] (lodekeeper) [Lodekeeper] TARGET target=none
[17:57:42] [Render thread/INFO] (lodekeeper) [Lodekeeper] NAV discovered=1 retained=64 rejected=0 requestTicks=1011 phase=MINE
[17:57:42] [Render thread/INFO] (lodekeeper) [Lodekeeper] NAV backend=baritone mode=MINE event=CALC_STARTED elapsedMs=50691
[17:57:42] [Render thread/INFO] (lodekeeper) [Lodekeeper] NAV calcTool=minecraft:diamond_pickaxe slot=0
[17:57:42] [Render thread/INFO] (lodekeeper) [Lodekeeper] ROUTE_SEARCH kind=unknown anchor=unknown feet_y16=0 candidates=0 target=none elapsed_ms=320218
[17:57:42] [Render thread/INFO] (lodekeeper) [Lodekeeper] NAV backend=baritone mode=MINE event=CALC_FINISHED_NOW_EXECUTING elapsedMs=50791
[17:57:42] [Render thread/INFO] (lodekeeper) [Lodekeeper] BREAK target=MutableBlockPos{x=-26, y=-52, z=81} block=Block{minecraft:deepslate} tool=minecraft:diamond_pickaxe slot=0 remaining=1504 required=route
[17:57:43] [Render thread/INFO] (lodekeeper) [Lodekeeper] TARGET target=-38,-54,91 block=minecraft:deepslate_diamond_ore
[17:57:43] [Render thread/INFO] (lodekeeper) [Lodekeeper] ROUTE_TRAVEL path_index=0 path_length=22 target=-38,-54,91 block=minecraft:deepslate_diamond_ore elapsed_ms=320420
[17:57:43] [Render thread/INFO] (lodekeeper) [Lodekeeper] BREAK target=MutableBlockPos{x=-26, y=-53, z=81} block=Block{minecraft:deepslate} tool=minecraft:diamond_pickaxe slot=0 remaining=1503 required=route
[17:57:43] [Render thread/INFO] (lodekeeper) [Lodekeeper] PROGRESS elapsed_ms=321293 phase=traveling backend=baritone target=-38,-54,91 block=minecraft:deepslate_diamond_ore navigation_elapsed_ms=51731 navigation_ticks=1032 searching=false path_index=0 path_length=22 retries=0 pending_route_events=0 dropped_route_events=0 status=mining_and_collecting_minecraft:diamond___1/32
[17:57:44] [Render thread/INFO] (lodekeeper) [Lodekeeper] BREAK target=MutableBlockPos{x=-26, y=-54, z=81} block=Block{minecraft:deepslate} tool=minecraft:diamond_pickaxe slot=0 remaining=1502 required=route
[17:57:45] [Render thread/INFO] (lodekeeper) [Lodekeeper] PROGRESS elapsed_ms=323338 phase=traveling backend=baritone target=-38,-54,91 block=minecraft:deepslate_diamond_ore navigation_elapsed_ms=53739 navigation_ticks=1072 searching=false path_index=0 path_length=22 retries=0 pending_route_events=0 dropped_route_events=0 status=mining_and_collecting_minecraft:diamond___1/32
[17:57:47] [Render thread/INFO] (lodekeeper) [Lodekeeper] PROGRESS elapsed_ms=325386 phase=traveling backend=baritone target=-38,-54,91 block=minecraft:deepslate_diamond_ore navigation_elapsed_ms=55721 navigation_ticks=1112 searching=false path_index=0 path_length=12 retries=0 pending_route_events=0 dropped_route_events=0 status=mining_and_collecting_minecraft:diamond___1/32
[17:57:48] [Render thread/INFO] (lodekeeper) [Lodekeeper] BREAK target=MutableBlockPos{x=-30, y=-54, z=91} block=Block{minecraft:deepslate} tool=minecraft:diamond_pickaxe slot=0 remaining=1501 required=route
[17:57:49] [Render thread/INFO] (lodekeeper) [Lodekeeper] BREAK target=MutableBlockPos{x=-31, y=-54, z=91} block=Block{minecraft:deepslate} tool=minecraft:diamond_pickaxe slot=0 remaining=1500 required=route
[17:57:50] [Render thread/INFO] (lodekeeper) [Lodekeeper] PROGRESS elapsed_ms=327432 phase=traveling backend=baritone target=-38,-54,91 block=minecraft:deepslate_diamond_ore navigation_elapsed_ms=57936 navigation_ticks=1156 searching=false path_index=0 path_length=8 retries=0 pending_route_events=0 dropped_route_events=0 status=mining_and_collecting_minecraft:diamond___1/32
[17:57:50] [Render thread/INFO] (lodekeeper) [Lodekeeper] BREAK target=MutableBlockPos{x=-32, y=-53, z=91} block=Block{minecraft:deepslate} tool=minecraft:diamond_pickaxe slot=0 remaining=1499 required=route
[17:57:51] [Render thread/INFO] (lodekeeper) [Lodekeeper] BREAK target=MutableBlockPos{x=-32, y=-54, z=91} block=Block{minecraft:deepslate} tool=minecraft:diamond_pickaxe slot=0 remaining=1498 required=route
[17:57:51] [Render thread/INFO] (lodekeeper) [Lodekeeper] BREAK target=MutableBlockPos{x=-33, y=-53, z=91} block=Block{minecraft:deepslate} tool=minecraft:diamond_pickaxe slot=0 remaining=1497 required=route
[17:57:52] [Render thread/INFO] (lodekeeper) [Lodekeeper] PROGRESS elapsed_ms=329444 phase=traveling backend=baritone target=-38,-54,91 block=minecraft:deepslate_diamond_ore navigation_elapsed_ms=59948 navigation_ticks=1196 searching=false path_index=0 path_length=7 retries=0 pending_route_events=0 dropped_route_events=0 status=mining_and_collecting_minecraft:diamond___1/32
[17:57:52] [Render thread/INFO] (lodekeeper) [Lodekeeper] BREAK target=MutableBlockPos{x=-33, y=-54, z=91} block=Block{minecraft:deepslate} tool=minecraft:diamond_pickaxe slot=0 remaining=1496 required=route
[17:57:53] [Render thread/INFO] (lodekeeper) [Lodekeeper] BREAK target=MutableBlockPos{x=-34, y=-53, z=91} block=Block{minecraft:deepslate} tool=minecraft:diamond_pickaxe slot=0 remaining=1495 required=route
[17:57:54] [Render thread/INFO] (lodekeeper) [Lodekeeper] PROGRESS elapsed_ms=331488 phase=traveling backend=baritone target=-38,-54,91 block=minecraft:deepslate_diamond_ore navigation_elapsed_ms=61926 navigation_ticks=1236 searching=false path_index=0 path_length=6 retries=0 pending_route_events=0 dropped_route_events=0 status=mining_and_collecting_minecraft:diamond___1/32
[17:57:54] [Render thread/INFO] (lodekeeper) [Lodekeeper] BREAK target=MutableBlockPos{x=-34, y=-54, z=91} block=Block{minecraft:deepslate} tool=minecraft:diamond_pickaxe slot=0 remaining=1494 required=route
[17:57:55] [Render thread/INFO] (lodekeeper) [Lodekeeper] BREAK target=MutableBlockPos{x=-35, y=-53, z=91} block=Block{minecraft:deepslate} tool=minecraft:diamond_pickaxe slot=0 remaining=1493 required=route
[17:57:56] [Render thread/INFO] (lodekeeper) [Lodekeeper] PROGRESS elapsed_ms=333521 phase=traveling backend=baritone target=-38,-54,91 block=minecraft:deepslate_diamond_ore navigation_elapsed_ms=63925 navigation_ticks=1276 searching=false path_index=0 path_length=5 retries=0 pending_route_events=0 dropped_route_events=0 status=mining_and_collecting_minecraft:diamond___1/32
[17:57:56] [Render thread/INFO] (lodekeeper) [Lodekeeper] BREAK target=MutableBlockPos{x=-35, y=-54, z=91} block=Block{minecraft:deepslate} tool=minecraft:diamond_pickaxe slot=0 remaining=1492 required=route
[17:57:57] [Render thread/INFO] (lodekeeper) [Lodekeeper] BREAK target=MutableBlockPos{x=-36, y=-53, z=91} block=Block{minecraft:deepslate} tool=minecraft:diamond_pickaxe slot=0 remaining=1491 required=route
[17:57:58] [Render thread/INFO] (lodekeeper) [Lodekeeper] PROGRESS elapsed_ms=335583 phase=traveling backend=baritone target=-38,-54,91 block=minecraft:deepslate_diamond_ore navigation_elapsed_ms=65920 navigation_ticks=1316 searching=false path_index=0 path_length=4 retries=0 pending_route_events=0 dropped_route_events=0 status=mining_and_collecting_minecraft:diamond___1/32
[17:57:58] [Render thread/INFO] (lodekeeper) [Lodekeeper] BREAK target=MutableBlockPos{x=-36, y=-54, z=91} block=Block{minecraft:deepslate} tool=minecraft:diamond_pickaxe slot=0 remaining=1490 required=route
[17:57:59] [Render thread/INFO] (lodekeeper) [Lodekeeper] BREAK target=MutableBlockPos{x=-37, y=-53, z=91} block=Block{minecraft:deepslate} tool=minecraft:diamond_pickaxe slot=0 remaining=1489 required=route
[17:58:00] [Render thread/INFO] (lodekeeper) [Lodekeeper] BREAK target=MutableBlockPos{x=-37, y=-54, z=91} block=Block{minecraft:deepslate} tool=minecraft:diamond_pickaxe slot=0 remaining=1488 required=route
[17:58:00] [Render thread/INFO] (lodekeeper) [Lodekeeper] PROGRESS elapsed_ms=337596 phase=traveling backend=baritone target=-38,-54,91 block=minecraft:deepslate_diamond_ore navigation_elapsed_ms=67931 navigation_ticks=1356 searching=false path_index=0 path_length=3 retries=0 pending_route_events=0 dropped_route_events=0 status=mining_and_collecting_minecraft:diamond___1/32
[17:58:00] [Render thread/INFO] (lodekeeper) [Lodekeeper] BREAK target=MutableBlockPos{x=-38, y=-53, z=91} block=Block{minecraft:deepslate} tool=minecraft:diamond_pickaxe slot=0 remaining=1487 required=route
[17:58:01] [Render thread/INFO] (lodekeeper) [Lodekeeper] BREAK target=MutableBlockPos{x=-38, y=-54, z=91} block=Block{minecraft:deepslate_diamond_ore} tool=minecraft:diamond_pickaxe slot=0 remaining=1486 required=minecraft:diamond_pickaxe
[17:58:02] [Render thread/INFO] (lodekeeper) [Lodekeeper] PROGRESS elapsed_ms=339640 phase=traveling backend=baritone target=-38,-54,91 block=minecraft:deepslate_diamond_ore navigation_elapsed_ms=70145 navigation_ticks=1400 searching=false path_index=0 path_length=2 retries=0 pending_route_events=0 dropped_route_events=0 status=mining_and_collecting_minecraft:diamond___1/32
[17:58:02] [Render thread/INFO] (lodekeeper) [Lodekeeper] NAV discovered=1 retained=64 rejected=0 requestTicks=1411 phase=MINE
[17:58:02] [Render thread/INFO] (lodekeeper) [Lodekeeper] NAV backend=baritone mode=MINE event=CALC_STARTED elapsedMs=70684
[17:58:02] [Render thread/INFO] (lodekeeper) [Lodekeeper] NAV calcTool=minecraft:diamond_pickaxe slot=0
[17:58:02] [Render thread/INFO] (lodekeeper) [Lodekeeper] NAV backend=baritone mode=MINE event=CALC_FINISHED_NOW_EXECUTING elapsedMs=70684
[17:58:02] [Render thread/INFO] (lodekeeper) [Lodekeeper] TARGET target=-38,-54,92 block=minecraft:deepslate_diamond_ore
[17:58:02] [Render thread/INFO] (lodekeeper) [Lodekeeper] BREAK target=MutableBlockPos{x=-38, y=-53, z=92} block=Block{minecraft:deepslate} tool=minecraft:diamond_pickaxe slot=0 remaining=1485 required=route
[17:58:03] [Render thread/INFO] (lodekeeper) [Lodekeeper] BREAK target=MutableBlockPos{x=-38, y=-54, z=92} block=Block{minecraft:deepslate_diamond_ore} tool=minecraft:diamond_pickaxe slot=0 remaining=1484 required=minecraft:diamond_pickaxe
[17:58:04] [Render thread/INFO] (lodekeeper) [Lodekeeper] PROGRESS elapsed_ms=341689 phase=traveling backend=baritone target=-38,-54,92 block=minecraft:deepslate_diamond_ore navigation_elapsed_ms=72126 navigation_ticks=1440 searching=false path_index=0 path_length=2 retries=0 pending_route_events=0 dropped_route_events=0 status=mining_and_collecting_minecraft:diamond___2/32
[17:58:04] [Render thread/INFO] (lodekeeper) [Lodekeeper] NAV discovered=1 retained=64 rejected=0 requestTicks=1452 phase=MINE
[17:58:04] [Render thread/INFO] (lodekeeper) [Lodekeeper] TARGET target=-39,-55,91 block=minecraft:deepslate_diamond_ore
[17:58:04] [Render thread/INFO] (lodekeeper) [Lodekeeper] NAV backend=baritone mode=MINE event=CALC_STARTED elapsedMs=72729
[17:58:04] [Render thread/INFO] (lodekeeper) [Lodekeeper] NAV calcTool=minecraft:diamond_pickaxe slot=0
[17:58:04] [Render thread/INFO] (lodekeeper) [Lodekeeper] NAV backend=baritone mode=MINE event=CALC_FINISHED_NOW_EXECUTING elapsedMs=72729
[17:58:05] [Render thread/INFO] (lodekeeper) [Lodekeeper] BREAK target=MutableBlockPos{x=-39, y=-53, z=91} block=Block{minecraft:deepslate} tool=minecraft:diamond_pickaxe slot=0 remaining=1483 required=route
[17:58:05] [Render thread/INFO] (lodekeeper) [Lodekeeper] BREAK target=MutableBlockPos{x=-39, y=-54, z=91} block=Block{minecraft:deepslate} tool=minecraft:diamond_pickaxe slot=0 remaining=1482 required=route
[17:58:06] [Render thread/INFO] (lodekeeper) [Lodekeeper] PROGRESS elapsed_ms=343731 phase=traveling backend=baritone target=-39,-55,91 block=minecraft:deepslate_diamond_ore navigation_elapsed_ms=74134 navigation_ticks=1480 searching=false path_index=0 path_length=2 retries=0 pending_route_events=0 dropped_route_events=0 status=mining_and_collecting_minecraft:diamond___3/32
[17:58:06] [Render thread/INFO] (lodekeeper) [Lodekeeper] BREAK target=MutableBlockPos{x=-39, y=-55, z=91} block=Block{minecraft:deepslate_diamond_ore} tool=minecraft:diamond_pickaxe slot=0 remaining=1481 required=minecraft:diamond_pickaxe
[17:58:07] [Render thread/INFO] (lodekeeper) [Lodekeeper] NAV discovered=1 retained=64 rejected=0 requestTicks=1511 phase=MINE
[17:58:07] [Render thread/INFO] (lodekeeper) [Lodekeeper] NAV backend=baritone mode=MINE event=CALC_STARTED elapsedMs=75675
[17:58:07] [Render thread/INFO] (lodekeeper) [Lodekeeper] NAV calcTool=minecraft:diamond_pickaxe slot=0
[17:58:07] [Render thread/INFO] (lodekeeper) [Lodekeeper] NAV backend=baritone mode=MINE event=CALC_FINISHED_NOW_EXECUTING elapsedMs=75675
[17:58:07] [Render thread/INFO] (lodekeeper) [Lodekeeper] TARGET target=-39,-55,92 block=minecraft:deepslate_diamond_ore
[17:58:08] [Render thread/INFO] (lodekeeper) [Lodekeeper] PROGRESS elapsed_ms=345784 phase=traveling backend=baritone target=-39,-55,92 block=minecraft:deepslate_diamond_ore navigation_elapsed_ms=76120 navigation_ticks=1520 searching=false path_index=0 path_length=3 retries=0 pending_route_events=0 dropped_route_events=0 status=mining_and_collecting_minecraft:diamond___4/32
[17:58:08] [Render thread/INFO] (lodekeeper) [Lodekeeper] BREAK target=MutableBlockPos{x=-39, y=-54, z=92} block=Block{minecraft:deepslate} tool=minecraft:diamond_pickaxe slot=0 remaining=1480 required=route
[17:58:09] [Render thread/INFO] (lodekeeper) [Lodekeeper] BREAK target=MutableBlockPos{x=-39, y=-55, z=92} block=Block{minecraft:deepslate_diamond_ore} tool=minecraft:diamond_pickaxe slot=0 remaining=1479 required=minecraft:diamond_pickaxe
[17:58:10] [Render thread/INFO] (lodekeeper) [Lodekeeper] PROGRESS elapsed_ms=347797 phase=traveling backend=baritone target=-39,-55,92 block=minecraft:deepslate_diamond_ore navigation_elapsed_ms=78134 navigation_ticks=1560 searching=false path_index=0 path_length=2 retries=0 pending_route_events=0 dropped_route_events=0 status=mining_and_collecting_minecraft:diamond___4/32
[17:58:10] [Render thread/INFO] (lodekeeper) [Lodekeeper] TARGET target=none
[17:58:10] [Render thread/INFO] (lodekeeper) [Lodekeeper] NAV backend=baritone mode=MINE event=AT_GOAL elapsedMs=78337
[17:58:10] [Render thread/INFO] (lodekeeper) [Lodekeeper] NAV backend=baritone mode=MINE event=CALC_STARTED elapsedMs=78737
[17:58:10] [Render thread/INFO] (lodekeeper) [Lodekeeper] NAV calcTool=minecraft:diamond_pickaxe slot=0
[17:58:10] [Render thread/INFO] (lodekeeper) [Lodekeeper] NAV discovered=1 retained=64 rejected=0 requestTicks=1573 phase=MINE
[17:58:10] [Render thread/INFO] (lodekeeper) [Lodekeeper] NAV backend=baritone mode=MINE event=CALC_FINISHED_NOW_EXECUTING elapsedMs=78771
[17:58:11] [Render thread/INFO] (lodekeeper) [Lodekeeper] TARGET target=-37,-58,91 block=minecraft:deepslate_diamond_ore
[17:58:11] [Render thread/INFO] (lodekeeper) [Lodekeeper] BREAK target=MutableBlockPos{x=-37, y=-55, z=91} block=Block{minecraft:deepslate} tool=minecraft:diamond_pickaxe slot=0 remaining=1478 required=route
[17:58:12] [Render thread/INFO] (lodekeeper) [Lodekeeper] PROGRESS elapsed_ms=349846 phase=traveling backend=baritone target=-37,-58,91 block=minecraft:deepslate_diamond_ore navigation_elapsed_ms=80350 navigation_ticks=1604 searching=false path_index=0 path_length=5 retries=0 pending_route_events=0 dropped_route_events=0 status=mining_and_collecting_minecraft:diamond___5/32
[17:58:12] [Render thread/INFO] (lodekeeper) [Lodekeeper] BREAK target=MutableBlockPos{x=-37, y=-56, z=91} block=Block{minecraft:deepslate} tool=minecraft:diamond_pickaxe slot=0 remaining=1477 required=route
[17:58:13] [Render thread/INFO] (lodekeeper) [Lodekeeper] BREAK target=MutableBlockPos{x=-37, y=-57, z=91} block=Block{minecraft:deepslate} tool=minecraft:diamond_pickaxe slot=0 remaining=1476 required=route
[17:58:14] [Render thread/INFO] (lodekeeper) [Lodekeeper] BREAK target=MutableBlockPos{x=-37, y=-58, z=91} block=Block{minecraft:deepslate_diamond_ore} tool=minecraft:diamond_pickaxe slot=0 remaining=1475 required=minecraft:diamond_pickaxe
[17:58:14] [Render thread/INFO] (lodekeeper) [Lodekeeper] PROGRESS elapsed_ms=351891 phase=traveling backend=baritone target=-37,-58,91 block=minecraft:deepslate_diamond_ore navigation_elapsed_ms=82329 navigation_ticks=1644 searching=false path_index=0 path_length=2 retries=0 pending_route_events=0 dropped_route_events=0 status=mining_and_collecting_minecraft:diamond___5/32
[17:58:15] [Render thread/INFO] (lodekeeper) [Lodekeeper] NAV discovered=1 retained=64 rejected=0 requestTicks=1663 phase=MINE
[17:58:15] [Render thread/INFO] (lodekeeper) [Lodekeeper] NAV backend=baritone mode=MINE event=CALC_STARTED elapsedMs=83269
[17:58:15] [Render thread/INFO] (lodekeeper) [Lodekeeper] NAV calcTool=minecraft:diamond_pickaxe slot=0
[17:58:15] [Render thread/INFO] (lodekeeper) [Lodekeeper] NAV backend=baritone mode=MINE event=CALC_FINISHED_NOW_EXECUTING elapsedMs=83269
[17:58:15] [Render thread/INFO] (lodekeeper) [Lodekeeper] TARGET target=-37,-58,92 block=minecraft:deepslate_diamond_ore
[17:58:15] [Render thread/INFO] (lodekeeper) [Lodekeeper] BREAK target=MutableBlockPos{x=-37, y=-57, z=92} block=Block{minecraft:deepslate} tool=minecraft:diamond_pickaxe slot=0 remaining=1474 required=route
[17:58:16] [Render thread/INFO] (lodekeeper) [Lodekeeper] BREAK target=MutableBlockPos{x=-37, y=-58, z=92} block=Block{minecraft:deepslate_diamond_ore} tool=minecraft:diamond_pickaxe slot=0 remaining=1473 required=minecraft:diamond_pickaxe
[17:58:16] [Render thread/INFO] (lodekeeper) [Lodekeeper] PROGRESS elapsed_ms=353915 phase=traveling backend=baritone target=-37,-58,92 block=minecraft:deepslate_diamond_ore navigation_elapsed_ms=84319 navigation_ticks=1684 searching=false path_index=0 path_length=2 retries=0 pending_route_events=0 dropped_route_events=0 status=mining_and_collecting_minecraft:diamond___6/32
[17:58:17] [Render thread/INFO] (lodekeeper) [Lodekeeper] NAV discovered=1 retained=64 rejected=0 requestTicks=1704 phase=MINE
[17:58:17] [Render thread/INFO] (lodekeeper) [Lodekeeper] TARGET target=-36,-58,91 block=minecraft:deepslate_diamond_ore
[17:58:17] [Render thread/INFO] (lodekeeper) [Lodekeeper] NAV backend=baritone mode=MINE event=CALC_STARTED elapsedMs=85326
[17:58:17] [Render thread/INFO] (lodekeeper) [Lodekeeper] NAV calcTool=minecraft:diamond_pickaxe slot=0
[17:58:17] [Render thread/INFO] (lodekeeper) [Lodekeeper] NAV backend=baritone mode=MINE event=CALC_FINISHED_NOW_EXECUTING elapsedMs=85326
[17:58:17] [Render thread/INFO] (lodekeeper) [Lodekeeper] BREAK target=MutableBlockPos{x=-36, y=-57, z=91} block=Block{minecraft:deepslate} tool=minecraft:diamond_pickaxe slot=0 remaining=1472 required=route
[17:58:18] [Render thread/INFO] (lodekeeper) [Lodekeeper] PROGRESS elapsed_ms=355926 phase=traveling backend=baritone target=-36,-58,91 block=minecraft:deepslate_diamond_ore navigation_elapsed_ms=86329 navigation_ticks=1724 searching=false path_index=0 path_length=2 retries=0 pending_route_events=0 dropped_route_events=0 status=mining_and_collecting_minecraft:diamond___7/32
[17:58:18] [Render thread/INFO] (lodekeeper) [Lodekeeper] BREAK target=MutableBlockPos{x=-36, y=-58, z=91} block=Block{minecraft:deepslate_diamond_ore} tool=minecraft:diamond_pickaxe slot=0 remaining=1471 required=minecraft:diamond_pickaxe
[17:58:19] [Render thread/INFO] (lodekeeper) [Lodekeeper] TARGET target=none
[17:58:19] [Render thread/INFO] (lodekeeper) [Lodekeeper] NAV discovered=1 retained=64 rejected=0 requestTicks=1745 phase=MINE
[17:58:19] [Render thread/INFO] (lodekeeper) [Lodekeeper] NAV backend=baritone mode=MINE event=CALC_STARTED elapsedMs=87371
[17:58:19] [Render thread/INFO] (lodekeeper) [Lodekeeper] NAV calcTool=minecraft:diamond_pickaxe slot=0
[17:58:19] [Render thread/INFO] (lodekeeper) [Lodekeeper] NAV backend=baritone mode=MINE event=CALC_FINISHED_NOW_EXECUTING elapsedMs=87371
[17:58:19] [Render thread/INFO] (lodekeeper) [Lodekeeper] TARGET target=-36,-58,92 block=minecraft:deepslate_diamond_ore
[17:58:19] [Render thread/INFO] (lodekeeper) [Lodekeeper] BREAK target=MutableBlockPos{x=-36, y=-57, z=92} block=Block{minecraft:deepslate} tool=minecraft:diamond_pickaxe slot=0 remaining=1470 required=route
[17:58:20] [Render thread/INFO] (lodekeeper) [Lodekeeper] PROGRESS elapsed_ms=357939 phase=traveling backend=baritone target=-36,-58,92 block=minecraft:deepslate_diamond_ore navigation_elapsed_ms=88342 navigation_ticks=1764 searching=false path_index=0 path_length=2 retries=0 pending_route_events=0 dropped_route_events=0 status=mining_and_collecting_minecraft:diamond___7/32
[17:58:20] [Render thread/INFO] (lodekeeper) [Lodekeeper] BREAK target=MutableBlockPos{x=-36, y=-58, z=92} block=Block{minecraft:deepslate_diamond_ore} tool=minecraft:diamond_pickaxe slot=0 remaining=1469 required=minecraft:diamond_pickaxe
[17:58:21] [Render thread/INFO] (lodekeeper) [Lodekeeper] NAV backend=baritone mode=MINE event=AT_GOAL elapsedMs=89480
[17:58:21] [Render thread/INFO] (lodekeeper) [Lodekeeper] TARGET target=none
[17:58:21] [Render thread/INFO] (lodekeeper) [Lodekeeper] NAV backend=baritone mode=MINE event=CALC_STARTED elapsedMs=89851
[17:58:21] [Render thread/INFO] (lodekeeper) [Lodekeeper] NAV calcTool=minecraft:diamond_pickaxe slot=0
[17:58:21] [Render thread/INFO] (lodekeeper) [Lodekeeper] NAV discovered=1 retained=64 rejected=0 requestTicks=1795 phase=MINE
[17:58:21] [Render thread/INFO] (lodekeeper) [Lodekeeper] NAV backend=baritone mode=MINE event=CALC_FINISHED_NOW_EXECUTING elapsedMs=89883
[17:58:22] [Render thread/INFO] (lodekeeper) [Lodekeeper] TARGET target=-46,-57,92 block=minecraft:deepslate_diamond_ore
[17:58:22] [Render thread/INFO] (lodekeeper) [Lodekeeper] BREAK target=MutableBlockPos{x=-38, y=-57, z=92} block=Block{minecraft:deepslate} tool=minecraft:diamond_pickaxe slot=0 remaining=1468 required=route
[17:58:22] [Render thread/INFO] (lodekeeper) [Lodekeeper] PROGRESS elapsed_ms=359946 phase=traveling backend=baritone target=-46,-57,92 block=minecraft:deepslate_diamond_ore navigation_elapsed_ms=90350 navigation_ticks=1804 searching=false path_index=0 path_length=10 retries=0 pending_route_events=0 dropped_route_events=0 status=mining_and_collecting_minecraft:diamond___9/32
[17:58:22] [Render thread/INFO] (lodekeeper) [Lodekeeper] BREAK target=MutableBlockPos{x=-38, y=-58, z=92} block=Block{minecraft:deepslate} tool=minecraft:diamond_pickaxe slot=0 remaining=1467 required=route
[17:58:23] [Render thread/INFO] (lodekeeper) [Lodekeeper] BREAK target=MutableBlockPos{x=-39, y=-57, z=92} block=Block{minecraft:deepslate} tool=minecraft:diamond_pickaxe slot=0 remaining=1466 required=route
[17:58:24] [Render thread/INFO] (lodekeeper) [Lodekeeper] PROGRESS elapsed_ms=361992 phase=traveling backend=baritone target=-46,-57,92 block=minecraft:deepslate_diamond_ore navigation_elapsed_ms=92328 navigation_ticks=1844 searching=false path_index=0 path_length=9 retries=0 pending_route_events=0 dropped_route_events=0 status=mining_and_collecting_minecraft:diamond___9/32
[17:58:24] [Render thread/INFO] (lodekeeper) [Lodekeeper] BREAK target=MutableBlockPos{x=-39, y=-58, z=92} block=Block{minecraft:deepslate} tool=minecraft:diamond_pickaxe slot=0 remaining=1465 required=route
[17:58:25] [Render thread/INFO] (lodekeeper) [Lodekeeper] BREAK target=MutableBlockPos{x=-40, y=-57, z=92} block=Block{minecraft:deepslate} tool=minecraft:diamond_pickaxe slot=0 remaining=1464 required=route
[17:58:26] [Render thread/INFO] (lodekeeper) [Lodekeeper] BREAK target=MutableBlockPos{x=-40, y=-58, z=92} block=Block{minecraft:deepslate} tool=minecraft:diamond_pickaxe slot=0 remaining=1463 required=route
[17:58:26] [Render thread/INFO] (lodekeeper) [Lodekeeper] PROGRESS elapsed_ms=364041 phase=traveling backend=baritone target=-46,-57,92 block=minecraft:deepslate_diamond_ore navigation_elapsed_ms=94545 navigation_ticks=1888 searching=false path_index=0 path_length=8 retries=0 pending_route_events=0 dropped_route_events=0 status=mining_and_collecting_minecraft:diamond___9/32
[17:58:27] [Render thread/INFO] (lodekeeper) [Lodekeeper] BREAK target=MutableBlockPos{x=-41, y=-57, z=92} block=Block{minecraft:deepslate} tool=minecraft:diamond_pickaxe slot=0 remaining=1462 required=route
[17:58:28] [Render thread/INFO] (lodekeeper) [Lodekeeper] BREAK target=MutableBlockPos{x=-41, y=-58, z=92} block=Block{minecraft:deepslate} tool=minecraft:diamond_pickaxe slot=0 remaining=1461 required=route
[17:58:28] [Render thread/INFO] (lodekeeper) [Lodekeeper] PROGRESS elapsed_ms=366094 phase=traveling backend=baritone target=-46,-57,92 block=minecraft:deepslate_diamond_ore navigation_elapsed_ms=96530 navigation_ticks=1928 searching=false path_index=0 path_length=7 retries=0 pending_route_events=0 dropped_route_events=0 status=mining_and_collecting_minecraft:diamond___9/32
[17:58:29] [Render thread/INFO] (lodekeeper) [Lodekeeper] BREAK target=MutableBlockPos{x=-42, y=-57, z=92} block=Block{minecraft:deepslate} tool=minecraft:diamond_pickaxe slot=0 remaining=1460 required=route
[17:58:30] [Render thread/INFO] (lodekeeper) [Lodekeeper] BREAK target=MutableBlockPos{x=-42, y=-58, z=92} block=Block{minecraft:deepslate} tool=minecraft:diamond_pickaxe slot=0 remaining=1459 required=route
[17:58:30] [Render thread/INFO] (lodekeeper) [Lodekeeper] PROGRESS elapsed_ms=368138 phase=traveling backend=baritone target=-46,-57,92 block=minecraft:deepslate_diamond_ore navigation_elapsed_ms=98541 navigation_ticks=1968 searching=false path_index=0 path_length=6 retries=0 pending_route_events=0 dropped_route_events=0 status=mining_and_collecting_minecraft:diamond___9/32
[17:58:31] [Render thread/INFO] (lodekeeper) [Lodekeeper] BREAK target=MutableBlockPos{x=-43, y=-57, z=92} block=Block{minecraft:deepslate} tool=minecraft:diamond_pickaxe slot=0 remaining=1458 required=route
[17:58:31] [Render thread/INFO] (lodekeeper) [Lodekeeper] BREAK target=MutableBlockPos{x=-43, y=-58, z=92} block=Block{minecraft:deepslate} tool=minecraft:diamond_pickaxe slot=0 remaining=1457 required=route
[17:58:32] [Render thread/INFO] (lodekeeper) [Lodekeeper] PROGRESS elapsed_ms=370186 phase=traveling backend=baritone target=-46,-57,92 block=minecraft:deepslate_diamond_ore navigation_elapsed_ms=100525 navigation_ticks=2008 searching=false path_index=0 path_length=5 retries=0 pending_route_events=0 dropped_route_events=0 status=mining_and_collecting_minecraft:diamond___9/32
[17:58:32] [Render thread/INFO] (lodekeeper) [Lodekeeper] BREAK target=MutableBlockPos{x=-44, y=-57, z=92} block=Block{minecraft:deepslate} tool=minecraft:diamond_pickaxe slot=0 remaining=1456 required=route
[17:58:33] [Render thread/INFO] (lodekeeper) [Lodekeeper] BREAK target=MutableBlockPos{x=-44, y=-58, z=92} block=Block{minecraft:deepslate} tool=minecraft:diamond_pickaxe slot=0 remaining=1455 required=route
[17:58:34] [Render thread/INFO] (lodekeeper) [Lodekeeper] BREAK target=MutableBlockPos{x=-45, y=-57, z=92} block=Block{minecraft:deepslate} tool=minecraft:diamond_pickaxe slot=0 remaining=1454 required=route
[17:58:34] [Render thread/INFO] (lodekeeper) [Lodekeeper] PROGRESS elapsed_ms=372231 phase=traveling backend=baritone target=-46,-57,92 block=minecraft:deepslate_diamond_ore navigation_elapsed_ms=102735 navigation_ticks=2052 searching=false path_index=0 path_length=3 retries=0 pending_route_events=0 dropped_route_events=0 status=mining_and_collecting_minecraft:diamond___9/32
[17:58:35] [Render thread/INFO] (lodekeeper) [Lodekeeper] BREAK target=MutableBlockPos{x=-45, y=-58, z=92} block=Block{minecraft:deepslate} tool=minecraft:diamond_pickaxe slot=0 remaining=1453 required=route
[17:58:36] [Render thread/INFO] (lodekeeper) [Lodekeeper] BREAK target=MutableBlockPos{x=-46, y=-57, z=92} block=Block{minecraft:deepslate_diamond_ore} tool=minecraft:diamond_pickaxe slot=0 remaining=1452 required=minecraft:diamond_pickaxe
[17:58:36] [Render thread/INFO] (lodekeeper) [Lodekeeper] PROGRESS elapsed_ms=374240 phase=traveling backend=baritone target=-46,-57,92 block=minecraft:deepslate_diamond_ore navigation_elapsed_ms=104744 navigation_ticks=2092 searching=false path_index=0 path_length=2 retries=0 pending_route_events=0 dropped_route_events=0 status=mining_and_collecting_minecraft:diamond___9/32
[17:58:37] [Render thread/INFO] (lodekeeper) [Lodekeeper] NAV discovered=1 retained=64 rejected=0 requestTicks=2104 phase=MINE
[17:58:37] [Render thread/INFO] (lodekeeper) [Lodekeeper] TARGET target=-47,-58,92 block=minecraft:deepslate_diamond_ore
[17:58:37] [Render thread/INFO] (lodekeeper) [Lodekeeper] NAV backend=baritone mode=MINE event=CALC_STARTED elapsedMs=105348
[17:58:37] [Render thread/INFO] (lodekeeper) [Lodekeeper] NAV calcTool=minecraft:diamond_pickaxe slot=0
[17:58:37] [Render thread/INFO] (lodekeeper) [Lodekeeper] NAV backend=baritone mode=MINE event=CALC_FINISHED_NOW_EXECUTING elapsedMs=105349
[17:58:37] [Render thread/INFO] (lodekeeper) [Lodekeeper] BREAK target=MutableBlockPos{x=-46, y=-58, z=92} block=Block{minecraft:deepslate} tool=minecraft:diamond_pickaxe slot=0 remaining=1451 required=route
[17:58:38] [Render thread/INFO] (lodekeeper) [Lodekeeper] BREAK target=MutableBlockPos{x=-47, y=-57, z=92} block=Block{minecraft:deepslate_diamond_ore} tool=minecraft:diamond_pickaxe slot=0 remaining=1450 required=minecraft:diamond_pickaxe
[17:58:38] [Render thread/INFO] (lodekeeper) [Lodekeeper] PROGRESS elapsed_ms=376283 phase=traveling backend=baritone target=-47,-58,92 block=minecraft:deepslate_diamond_ore navigation_elapsed_ms=106720 navigation_ticks=2132 searching=false path_index=0 path_length=2 retries=0 pending_route_events=0 dropped_route_events=0 status=mining_and_collecting_minecraft:diamond___10/32
[17:58:39] [Render thread/INFO] (lodekeeper) [Lodekeeper] NAV discovered=1 retained=64 rejected=0 requestTicks=2145 phase=MINE
[17:58:39] [Render thread/INFO] (lodekeeper) [Lodekeeper] BREAK target=MutableBlockPos{x=-47, y=-58, z=92} block=Block{minecraft:deepslate_diamond_ore} tool=minecraft:diamond_pickaxe slot=0 remaining=1449 required=minecraft:diamond_pickaxe
[17:58:40] [Render thread/INFO] (lodekeeper) [Lodekeeper] NAV discovered=1 retained=64 rejected=0 requestTicks=2168 phase=MINE
[17:58:40] [Render thread/INFO] (lodekeeper) [Lodekeeper] TARGET target=-46,-57,93 block=minecraft:deepslate_diamond_ore
[17:58:40] [Render thread/INFO] (lodekeeper) [Lodekeeper] NAV backend=baritone mode=MINE event=CALC_STARTED elapsedMs=108534
[17:58:40] [Render thread/INFO] (lodekeeper) [Lodekeeper] NAV calcTool=minecraft:diamond_pickaxe slot=0
[17:58:40] [Render thread/INFO] (lodekeeper) [Lodekeeper] NAV backend=baritone mode=MINE event=CALC_FINISHED_NOW_EXECUTING elapsedMs=108534
[17:58:40] [Render thread/INFO] (lodekeeper) [Lodekeeper] BREAK target=MutableBlockPos{x=-46, y=-57, z=93} block=Block{minecraft:deepslate_diamond_ore} tool=minecraft:diamond_pickaxe slot=0 remaining=1448 required=minecraft:diamond_pickaxe
[17:58:40] [Render thread/INFO] (lodekeeper) [Lodekeeper] PROGRESS elapsed_ms=378337 phase=traveling backend=baritone target=-46,-57,93 block=minecraft:deepslate_diamond_ore navigation_elapsed_ms=108741 navigation_ticks=2172 searching=false path_index=0 path_length=2 retries=0 pending_route_events=0 dropped_route_events=0 status=mining_and_collecting_minecraft:diamond___11/32
[17:58:41] [Render thread/INFO] (lodekeeper) [Lodekeeper] NAV discovered=1 retained=64 rejected=0 requestTicks=2191 phase=MINE
[17:58:41] [Render thread/INFO] (lodekeeper) [Lodekeeper] TARGET target=-46,-56,93 block=minecraft:deepslate_diamond_ore
[17:58:41] [Render thread/INFO] (lodekeeper) [Lodekeeper] BREAK target=MutableBlockPos{x=-46, y=-56, z=92} block=Block{minecraft:deepslate} tool=minecraft:diamond_pickaxe slot=0 remaining=1447 required=route
[17:58:42] [Render thread/INFO] (lodekeeper) [Lodekeeper] BREAK target=MutableBlockPos{x=-46, y=-56, z=93} block=Block{minecraft:deepslate_diamond_ore} tool=minecraft:diamond_pickaxe slot=0 remaining=1446 required=minecraft:diamond_pickaxe
[17:58:42] [Render thread/INFO] (lodekeeper) [Lodekeeper] PROGRESS elapsed_ms=380385 phase=traveling backend=baritone target=-46,-56,93 block=minecraft:deepslate_diamond_ore navigation_elapsed_ms=110722 navigation_ticks=2212 searching=false path_index=0 path_length=2 retries=0 pending_route_events=0 dropped_route_events=0 status=mining_and_collecting_minecraft:diamond___13/32
[17:58:43] [Render thread/INFO] (lodekeeper) [Lodekeeper] TARGET target=none
[17:58:44] [Render thread/INFO] (lodekeeper) [Lodekeeper] NAV discovered=1 retained=64 rejected=0 requestTicks=2241 phase=MINE
[17:58:44] [Render thread/INFO] (lodekeeper) [Lodekeeper] NAV backend=baritone mode=MINE event=CALC_STARTED elapsedMs=112200
[17:58:44] [Render thread/INFO] (lodekeeper) [Lodekeeper] NAV calcTool=minecraft:diamond_pickaxe slot=0
[17:58:44] [Render thread/INFO] (lodekeeper) [Lodekeeper] NAV backend=baritone mode=MINE event=CALC_FINISHED_NOW_EXECUTING elapsedMs=112200
[17:58:44] [Render thread/INFO] (lodekeeper) [Lodekeeper] TARGET target=-44,-51,85 block=minecraft:deepslate_diamond_ore
[17:58:45] [Render thread/INFO] (lodekeeper) [Lodekeeper] PROGRESS elapsed_ms=382433 phase=traveling backend=baritone target=-44,-51,85 block=minecraft:deepslate_diamond_ore navigation_elapsed_ms=112938 navigation_ticks=2256 searching=false path_index=0 path_length=10 retries=0 pending_route_events=0 dropped_route_events=0 status=mining_and_collecting_minecraft:diamond___14/32
[17:58:47] [Render thread/INFO] (lodekeeper) [Lodekeeper] PROGRESS elapsed_ms=384484 phase=traveling backend=baritone target=-44,-51,85 block=minecraft:deepslate_diamond_ore navigation_elapsed_ms=114922 navigation_ticks=2296 searching=false path_index=0 path_length=10 retries=0 pending_route_events=0 dropped_route_events=0 status=mining_and_collecting_minecraft:diamond___14/32
[17:58:49] [Render thread/INFO] (lodekeeper) [Lodekeeper] PROGRESS elapsed_ms=386532 phase=traveling backend=baritone target=-44,-51,85 block=minecraft:deepslate_diamond_ore navigation_elapsed_ms=116936 navigation_ticks=2336 searching=false path_index=0 path_length=10 retries=0 pending_route_events=0 dropped_route_events=0 status=mining_and_collecting_minecraft:diamond___14/32
[17:58:49] [Render thread/INFO] (lodekeeper) [Lodekeeper] NAV backend=baritone mode=MINE event=CALC_STARTED elapsedMs=117339
[17:58:49] [Render thread/INFO] (lodekeeper) [Lodekeeper] NAV calcTool=minecraft:diamond_pickaxe slot=0
[17:58:49] [Render thread/INFO] (lodekeeper) [Lodekeeper] NAV backend=baritone mode=MINE event=CALC_FINISHED_NOW_EXECUTING elapsedMs=117438
[17:58:50] [Render thread/INFO] (lodekeeper) [Lodekeeper] BREAK target=MutableBlockPos{x=-44, y=-57, z=91} block=Block{minecraft:deepslate} tool=minecraft:diamond_pickaxe slot=0 remaining=1445 required=route
[17:58:51] [Render thread/INFO] (lodekeeper) [Lodekeeper] PROGRESS elapsed_ms=388541 phase=traveling backend=baritone target=-44,-51,85 block=minecraft:deepslate_diamond_ore navigation_elapsed_ms=118945 navigation_ticks=2376 searching=false path_index=0 path_length=8 retries=0 pending_route_events=0 dropped_route_events=0 status=mining_and_collecting_minecraft:diamond___14/32
[17:58:51] [Render thread/INFO] (lodekeeper) [Lodekeeper] BREAK target=MutableBlockPos{x=-44, y=-56, z=92} block=Block{minecraft:deepslate} tool=minecraft:diamond_pickaxe slot=0 remaining=1444 required=route
[17:58:52] [Render thread/INFO] (lodekeeper) [Lodekeeper] BREAK target=MutableBlockPos{x=-44, y=-56, z=91} block=Block{minecraft:deepslate} tool=minecraft:diamond_pickaxe slot=0 remaining=1443 required=route
[17:58:53] [Render thread/INFO] (lodekeeper) [Lodekeeper] BREAK target=MutableBlockPos{x=-44, y=-56, z=90} block=Block{minecraft:deepslate} tool=minecraft:diamond_pickaxe slot=0 remaining=1442 required=route
[17:58:53] [Render thread/INFO] (lodekeeper) [Lodekeeper] PROGRESS elapsed_ms=390586 phase=traveling backend=baritone target=-44,-51,85 block=minecraft:deepslate_diamond_ore navigation_elapsed_ms=120923 navigation_ticks=2416 searching=false path_index=0 path_length=8 retries=0 pending_route_events=0 dropped_route_events=0 status=mining_and_collecting_minecraft:diamond___14/32
[17:58:54] [Render thread/INFO] (lodekeeper) [Lodekeeper] BREAK target=MutableBlockPos{x=-44, y=-55, z=91} block=Block{minecraft:deepslate} tool=minecraft:diamond_pickaxe slot=0 remaining=1441 required=route
[17:58:54] [Render thread/INFO] (lodekeeper) [Lodekeeper] BREAK target=MutableBlockPos{x=-44, y=-55, z=90} block=Block{minecraft:deepslate} tool=minecraft:diamond_pickaxe slot=0 remaining=1440 required=route
[17:58:55] [Render thread/INFO] (lodekeeper) [Lodekeeper] PROGRESS elapsed_ms=392634 phase=traveling backend=baritone target=-44,-51,85 block=minecraft:deepslate_diamond_ore navigation_elapsed_ms=123139 navigation_ticks=2460 searching=false path_index=0 path_length=7 retries=0 pending_route_events=0 dropped_route_events=0 status=mining_and_collecting_minecraft:diamond___14/32
[17:58:55] [Render thread/INFO] (lodekeeper) [Lodekeeper] BREAK target=MutableBlockPos{x=-44, y=-55, z=89} block=Block{minecraft:deepslate} tool=minecraft:diamond_pickaxe slot=0 remaining=1439 required=route
[17:58:56] [Render thread/INFO] (lodekeeper) [Lodekeeper] BREAK target=MutableBlockPos{x=-44, y=-54, z=90} block=Block{minecraft:deepslate} tool=minecraft:diamond_pickaxe slot=0 remaining=1438 required=route
[17:58:57] [Render thread/INFO] (lodekeeper) [Lodekeeper] PROGRESS elapsed_ms=394683 phase=traveling backend=baritone target=-44,-51,85 block=minecraft:deepslate_diamond_ore navigation_elapsed_ms=125120 navigation_ticks=2500 searching=false path_index=0 path_length=6 retries=0 pending_route_events=0 dropped_route_events=0 status=mining_and_collecting_minecraft:diamond___14/32
[17:58:57] [Render thread/INFO] (lodekeeper) [Lodekeeper] BREAK target=MutableBlockPos{x=-44, y=-54, z=89} block=Block{minecraft:deepslate} tool=minecraft:diamond_pickaxe slot=0 remaining=1437 required=route
[17:58:58] [Render thread/INFO] (lodekeeper) [Lodekeeper] BREAK target=MutableBlockPos{x=-44, y=-54, z=88} block=Block{minecraft:deepslate} tool=minecraft:diamond_pickaxe slot=0 remaining=1436 required=route
[17:58:59] [Render thread/INFO] (lodekeeper) [Lodekeeper] PROGRESS elapsed_ms=396693 phase=traveling backend=baritone target=-44,-51,85 block=minecraft:deepslate_diamond_ore navigation_elapsed_ms=127131 navigation_ticks=2540 searching=false path_index=0 path_length=5 retries=0 pending_route_events=0 dropped_route_events=0 status=mining_and_collecting_minecraft:diamond___14/32
[17:58:59] [Render thread/INFO] (lodekeeper) [Lodekeeper] BREAK target=MutableBlockPos{x=-44, y=-53, z=89} block=Block{minecraft:deepslate} tool=minecraft:diamond_pickaxe slot=0 remaining=1435 required=route
[17:59:00] [Render thread/INFO] (lodekeeper) [Lodekeeper] BREAK target=MutableBlockPos{x=-44, y=-53, z=88} block=Block{minecraft:deepslate} tool=minecraft:diamond_pickaxe slot=0 remaining=1434 required=route
[17:59:01] [Render thread/INFO] (lodekeeper) [Lodekeeper] PROGRESS elapsed_ms=398737 phase=traveling backend=baritone target=-44,-51,85 block=minecraft:deepslate_diamond_ore navigation_elapsed_ms=129142 navigation_ticks=2580 searching=false path_index=0 path_length=5 retries=0 pending_route_events=0 dropped_route_events=0 status=mining_and_collecting_minecraft:diamond___14/32
[17:59:01] [Render thread/INFO] (lodekeeper) [Lodekeeper] BREAK target=MutableBlockPos{x=-44, y=-53, z=87} block=Block{minecraft:deepslate} tool=minecraft:diamond_pickaxe slot=0 remaining=1433 required=route
[17:59:02] [Render thread/INFO] (lodekeeper) [Lodekeeper] BREAK target=MutableBlockPos{x=-44, y=-52, z=88} block=Block{minecraft:deepslate} tool=minecraft:diamond_pickaxe slot=0 remaining=1432 required=route
[17:59:03] [Render thread/INFO] (lodekeeper) [Lodekeeper] PROGRESS elapsed_ms=400746 phase=traveling backend=baritone target=-44,-51,85 block=minecraft:deepslate_diamond_ore navigation_elapsed_ms=131151 navigation_ticks=2620 searching=false path_index=0 path_length=4 retries=0 pending_route_events=0 dropped_route_events=0 status=mining_and_collecting_minecraft:diamond___14/32
[17:59:03] [Render thread/INFO] (lodekeeper) [Lodekeeper] BREAK target=MutableBlockPos{x=-44, y=-52, z=87} block=Block{minecraft:deepslate} tool=minecraft:diamond_pickaxe slot=0 remaining=1431 required=route
[17:59:04] [Render thread/INFO] (lodekeeper) [Lodekeeper] BREAK target=MutableBlockPos{x=-44, y=-52, z=86} block=Block{minecraft:deepslate} tool=minecraft:diamond_pickaxe slot=0 remaining=1430 required=route
[17:59:05] [Render thread/INFO] (lodekeeper) [Lodekeeper] PROGRESS elapsed_ms=402766 phase=traveling backend=baritone target=-44,-51,85 block=minecraft:deepslate_diamond_ore navigation_elapsed_ms=133136 navigation_ticks=2660 searching=false path_index=0 path_length=3 retries=0 pending_route_events=0 dropped_route_events=0 status=mining_and_collecting_minecraft:diamond___14/32
[17:59:05] [Render thread/INFO] (lodekeeper) [Lodekeeper] BREAK target=MutableBlockPos{x=-44, y=-51, z=87} block=Block{minecraft:deepslate} tool=minecraft:diamond_pickaxe slot=0 remaining=1429 required=route
[17:59:06] [Render thread/INFO] (lodekeeper) [Lodekeeper] BREAK target=MutableBlockPos{x=-44, y=-51, z=86} block=Block{minecraft:deepslate} tool=minecraft:diamond_pickaxe slot=0 remaining=1428 required=route
[17:59:07] [Render thread/INFO] (lodekeeper) [Lodekeeper] BREAK target=MutableBlockPos{x=-44, y=-51, z=85} block=Block{minecraft:deepslate_diamond_ore} tool=minecraft:diamond_pickaxe slot=0 remaining=1427 required=minecraft:diamond_pickaxe
[17:59:07] [Render thread/INFO] (lodekeeper) [Lodekeeper] PROGRESS elapsed_ms=404782 phase=traveling backend=baritone target=-44,-51,85 block=minecraft:deepslate_diamond_ore navigation_elapsed_ms=135119 navigation_ticks=2700 searching=false path_index=0 path_length=3 retries=0 pending_route_events=0 dropped_route_events=0 status=mining_and_collecting_minecraft:diamond___14/32
[17:59:08] [Render thread/INFO] (lodekeeper) [Lodekeeper] TARGET target=-44,-50,85 block=minecraft:deepslate_diamond_ore
[17:59:08] [Render thread/INFO] (lodekeeper) [Lodekeeper] NAV discovered=1 retained=64 rejected=0 requestTicks=2721 phase=MINE
[17:59:08] [Render thread/INFO] (lodekeeper) [Lodekeeper] BREAK target=MutableBlockPos{x=-44, y=-50, z=86} block=Block{minecraft:deepslate} tool=minecraft:diamond_pickaxe slot=0 remaining=1426 required=route
[17:59:09] [Render thread/INFO] (lodekeeper) [Lodekeeper] PROGRESS elapsed_ms=406790 phase=traveling backend=baritone target=-44,-50,85 block=minecraft:deepslate_diamond_ore navigation_elapsed_ms=137127 navigation_ticks=2740 searching=false path_index=0 path_length=2 retries=0 pending_route_events=0 dropped_route_events=0 status=mining_and_collecting_minecraft:diamond___15/32
[17:59:09] [Render thread/INFO] (lodekeeper) [Lodekeeper] BREAK target=MutableBlockPos{x=-44, y=-50, z=85} block=Block{minecraft:deepslate_diamond_ore} tool=minecraft:diamond_pickaxe slot=0 remaining=1425 required=minecraft:diamond_pickaxe
[17:59:10] [Render thread/INFO] (lodekeeper) [Lodekeeper] NAV discovered=1 retained=64 rejected=0 requestTicks=2762 phase=MINE
[17:59:10] [Render thread/INFO] (lodekeeper) [Lodekeeper] NAV backend=baritone mode=MINE event=CALC_STARTED elapsedMs=138236
[17:59:10] [Render thread/INFO] (lodekeeper) [Lodekeeper] NAV calcTool=minecraft:diamond_pickaxe slot=0
[17:59:10] [Render thread/INFO] (lodekeeper) [Lodekeeper] NAV backend=baritone mode=MINE event=CALC_FINISHED_NOW_EXECUTING elapsedMs=138236
[17:59:10] [Render thread/INFO] (lodekeeper) [Lodekeeper] TARGET target=-45,-51,84 block=minecraft:deepslate_diamond_ore
[17:59:10] [Render thread/INFO] (lodekeeper) [Lodekeeper] BREAK target=MutableBlockPos{x=-45, y=-50, z=85} block=Block{minecraft:deepslate} tool=minecraft:diamond_pickaxe slot=0 remaining=1424 required=route
[17:59:11] [Render thread/INFO] (lodekeeper) [Lodekeeper] PROGRESS elapsed_ms=408835 phase=traveling backend=baritone target=-45,-51,84 block=minecraft:deepslate_diamond_ore navigation_elapsed_ms=139339 navigation_ticks=2784 searching=false path_index=0 path_length=3 retries=0 pending_route_events=0 dropped_route_events=0 status=mining_and_collecting_minecraft:diamond___16/32
[17:59:11] [Render thread/INFO] (lodekeeper) [Lodekeeper] BREAK target=MutableBlockPos{x=-45, y=-51, z=85} block=Block{minecraft:deepslate} tool=minecraft:diamond_pickaxe slot=0 remaining=1423 required=route
[17:59:12] [Render thread/INFO] (lodekeeper) [Lodekeeper] BREAK target=MutableBlockPos{x=-45, y=-50, z=84} block=Block{minecraft:deepslate_diamond_ore} tool=minecraft:diamond_pickaxe slot=0 remaining=1422 required=minecraft:diamond_pickaxe
[17:59:13] [Render thread/INFO] (lodekeeper) [Lodekeeper] NAV discovered=1 retained=64 rejected=0 requestTicks=2824 phase=MINE
[17:59:13] [Render thread/INFO] (lodekeeper) [Lodekeeper] PROGRESS elapsed_ms=410884 phase=traveling backend=baritone target=-45,-51,84 block=minecraft:deepslate_diamond_ore navigation_elapsed_ms=141321 navigation_ticks=2824 searching=false path_index=0 path_length=2 retries=0 pending_route_events=0 dropped_route_events=0 status=mining_and_collecting_minecraft:diamond___16/32
[17:59:13] [Render thread/INFO] (lodekeeper) [Lodekeeper] BREAK target=MutableBlockPos{x=-45, y=-51, z=84} block=Block{minecraft:deepslate_diamond_ore} tool=minecraft:diamond_pickaxe slot=0 remaining=1421 required=minecraft:diamond_pickaxe
[17:59:14] [Render thread/INFO] (lodekeeper) [Lodekeeper] NAV discovered=1 retained=64 rejected=0 requestTicks=2852 phase=MINE
[17:59:14] [Render thread/INFO] (lodekeeper) [Lodekeeper] TARGET target=-46,-49,85 block=minecraft:deepslate_diamond_ore
[17:59:14] [Render thread/INFO] (lodekeeper) [Lodekeeper] NAV backend=baritone mode=MINE event=CALC_STARTED elapsedMs=142718
[17:59:14] [Render thread/INFO] (lodekeeper) [Lodekeeper] NAV calcTool=minecraft:diamond_pickaxe slot=0
[17:59:14] [Render thread/INFO] (lodekeeper) [Lodekeeper] NAV backend=baritone mode=MINE event=CALC_FINISHED_NOW_EXECUTING elapsedMs=142719
[17:59:15] [Render thread/INFO] (lodekeeper) [Lodekeeper] BREAK target=MutableBlockPos{x=-46, y=-50, z=85} block=Block{minecraft:deepslate} tool=minecraft:diamond_pickaxe slot=0 remaining=1420 required=route
[17:59:15] [Render thread/INFO] (lodekeeper) [Lodekeeper] PROGRESS elapsed_ms=412887 phase=traveling backend=baritone target=-46,-49,85 block=minecraft:deepslate_diamond_ore navigation_elapsed_ms=143324 navigation_ticks=2864 searching=false path_index=0 path_length=2 retries=0 pending_route_events=0 dropped_route_events=0 status=mining_and_collecting_minecraft:diamond___18/32
[17:59:15] [Render thread/INFO] (lodekeeper) [Lodekeeper] BREAK target=MutableBlockPos{x=-45, y=-49, z=85} block=Block{minecraft:deepslate} tool=minecraft:diamond_pickaxe slot=0 remaining=1419 required=route
[17:59:16] [Render thread/INFO] (lodekeeper) [Lodekeeper] BREAK target=MutableBlockPos{x=-46, y=-49, z=85} block=Block{minecraft:deepslate_diamond_ore} tool=minecraft:diamond_pickaxe slot=0 remaining=1418 required=minecraft:diamond_pickaxe
[17:59:17] [Render thread/INFO] (lodekeeper) [Lodekeeper] PROGRESS elapsed_ms=414933 phase=traveling backend=baritone target=-46,-49,85 block=minecraft:deepslate_diamond_ore navigation_elapsed_ms=145337 navigation_ticks=2904 searching=false path_index=0 path_length=2 retries=0 pending_route_events=0 dropped_route_events=0 status=mining_and_collecting_minecraft:diamond___18/32
[17:59:17] [Render thread/INFO] (lodekeeper) [Lodekeeper] NAV discovered=1 retained=64 rejected=0 requestTicks=2911 phase=MINE
[17:59:17] [Render thread/INFO] (lodekeeper) [Lodekeeper] NAV backend=baritone mode=MINE event=CALC_STARTED elapsedMs=145674
[17:59:17] [Render thread/INFO] (lodekeeper) [Lodekeeper] NAV calcTool=minecraft:diamond_pickaxe slot=0
[17:59:17] [Render thread/INFO] (lodekeeper) [Lodekeeper] NAV backend=baritone mode=MINE event=CALC_FINISHED_NOW_EXECUTING elapsedMs=145674
[17:59:17] [Render thread/INFO] (lodekeeper) [Lodekeeper] TARGET target=-47,-49,86 block=minecraft:deepslate_diamond_ore
[17:59:18] [Render thread/INFO] (lodekeeper) [Lodekeeper] BREAK target=MutableBlockPos{x=-47, y=-49, z=85} block=Block{minecraft:deepslate} tool=minecraft:diamond_pickaxe slot=0 remaining=1417 required=route
[17:59:19] [Render thread/INFO] (lodekeeper) [Lodekeeper] BREAK target=MutableBlockPos{x=-47, y=-50, z=85} block=Block{minecraft:deepslate} tool=minecraft:diamond_pickaxe slot=0 remaining=1416 required=route
[17:59:19] [Render thread/INFO] (lodekeeper) [Lodekeeper] PROGRESS elapsed_ms=416943 phase=traveling backend=baritone target=-47,-49,86 block=minecraft:deepslate_diamond_ore navigation_elapsed_ms=147347 navigation_ticks=2944 searching=false path_index=0 path_length=3 retries=0 pending_route_events=0 dropped_route_events=0 status=mining_and_collecting_minecraft:diamond___19/32
[17:59:20] [Render thread/INFO] (lodekeeper) [Lodekeeper] BREAK target=MutableBlockPos{x=-47, y=-49, z=86} block=Block{minecraft:deepslate_diamond_ore} tool=minecraft:diamond_pickaxe slot=0 remaining=1415 required=minecraft:diamond_pickaxe
[17:59:21] [Render thread/INFO] (lodekeeper) [Lodekeeper] TARGET target=none
[17:59:21] [Render thread/INFO] (lodekeeper) [Lodekeeper] BREAK target=MutableBlockPos{x=-47, y=-50, z=86} block=Block{minecraft:deepslate} tool=minecraft:diamond_pickaxe slot=0 remaining=1414 required=route
[17:59:21] [Render thread/INFO] (lodekeeper) [Lodekeeper] NAV discovered=1 retained=64 rejected=0 requestTicks=2987 phase=MINE
[17:59:21] [Render thread/INFO] (lodekeeper) [Lodekeeper] PROGRESS elapsed_ms=418985 phase=traveling backend=baritone target=none navigation_elapsed_ms=149320 navigation_ticks=2984 searching=false path_index=0 path_length=2 retries=0 pending_route_events=0 dropped_route_events=0 status=mining_and_collecting_minecraft:diamond___20/32
[17:59:21] [Render thread/INFO] (lodekeeper) [Lodekeeper] NAV backend=baritone mode=MINE event=CALC_STARTED elapsedMs=149490
[17:59:21] [Render thread/INFO] (lodekeeper) [Lodekeeper] NAV calcTool=minecraft:diamond_pickaxe slot=0
[17:59:21] [Render thread/INFO] (lodekeeper) [Lodekeeper] NAV backend=baritone mode=MINE event=CALC_FINISHED_NOW_EXECUTING elapsedMs=149490
[17:59:21] [Render thread/INFO] (lodekeeper) [Lodekeeper] TARGET target=-48,-56,83 block=minecraft:deepslate_diamond_ore
[17:59:21] [Render thread/INFO] (lodekeeper) [Lodekeeper] BREAK target=MutableBlockPos{x=-47, y=-51, z=85} block=Block{minecraft:deepslate} tool=minecraft:diamond_pickaxe slot=0 remaining=1414 required=route
[17:59:22] [Render thread/INFO] (lodekeeper) [Lodekeeper] BREAK target=MutableBlockPos{x=-47, y=-52, z=85} block=Block{minecraft:deepslate} tool=minecraft:diamond_pickaxe slot=0 remaining=1413 required=route
[17:59:23] [Render thread/INFO] (lodekeeper) [Lodekeeper] BREAK target=MutableBlockPos{x=-47, y=-51, z=84} block=Block{minecraft:deepslate} tool=minecraft:diamond_pickaxe slot=0 remaining=1412 required=route
[17:59:23] [Render thread/INFO] (lodekeeper) [Lodekeeper] PROGRESS elapsed_ms=421039 phase=traveling backend=baritone target=-48,-56,83 block=minecraft:deepslate_diamond_ore navigation_elapsed_ms=151544 navigation_ticks=3028 searching=false path_index=0 path_length=5 retries=0 pending_route_events=0 dropped_route_events=0 status=mining_and_collecting_minecraft:diamond___20/32
[17:59:24] [Render thread/INFO] (lodekeeper) [Lodekeeper] BREAK target=MutableBlockPos{x=-47, y=-52, z=84} block=Block{minecraft:deepslate} tool=minecraft:diamond_pickaxe slot=0 remaining=1411 required=route
[17:59:25] [Render thread/INFO] (lodekeeper) [Lodekeeper] BREAK target=MutableBlockPos{x=-47, y=-53, z=84} block=Block{minecraft:deepslate} tool=minecraft:diamond_pickaxe slot=0 remaining=1410 required=route
[17:59:25] [Render thread/INFO] (lodekeeper) [Lodekeeper] PROGRESS elapsed_ms=423084 phase=traveling backend=baritone target=-48,-56,83 block=minecraft:deepslate_diamond_ore navigation_elapsed_ms=153521 navigation_ticks=3068 searching=false path_index=0 path_length=5 retries=0 pending_route_events=0 dropped_route_events=0 status=mining_and_collecting_minecraft:diamond___20/32
[17:59:26] [Render thread/INFO] (lodekeeper) [Lodekeeper] BREAK target=MutableBlockPos{x=-47, y=-54, z=84} block=Block{minecraft:deepslate} tool=minecraft:diamond_pickaxe slot=0 remaining=1409 required=route
[17:59:27] [Render thread/INFO] (lodekeeper) [Lodekeeper] BREAK target=MutableBlockPos{x=-48, y=-53, z=84} block=Block{minecraft:deepslate} tool=minecraft:diamond_pickaxe slot=0 remaining=1408 required=route
[17:59:27] [Render thread/INFO] (lodekeeper) [Lodekeeper] PROGRESS elapsed_ms=425096 phase=traveling backend=baritone target=-48,-56,83 block=minecraft:deepslate_diamond_ore navigation_elapsed_ms=155533 navigation_ticks=3108 searching=false path_index=0 path_length=3 retries=0 pending_route_events=0 dropped_route_events=0 status=mining_and_collecting_minecraft:diamond___20/32
[17:59:28] [Render thread/INFO] (lodekeeper) [Lodekeeper] BREAK target=MutableBlockPos{x=-48, y=-54, z=84} block=Block{minecraft:deepslate} tool=minecraft:diamond_pickaxe slot=0 remaining=1407 required=route
[17:59:29] [Render thread/INFO] (lodekeeper) [Lodekeeper] BREAK target=MutableBlockPos{x=-48, y=-55, z=84} block=Block{minecraft:deepslate} tool=minecraft:diamond_pickaxe slot=0 remaining=1406 required=route
[17:59:29] [Render thread/INFO] (lodekeeper) [Lodekeeper] PROGRESS elapsed_ms=427117 phase=traveling backend=baritone target=-48,-56,83 block=minecraft:deepslate_diamond_ore navigation_elapsed_ms=157521 navigation_ticks=3148 searching=false path_index=0 path_length=3 retries=0 pending_route_events=0 dropped_route_events=0 status=mining_and_collecting_minecraft:diamond___20/32
[17:59:30] [Render thread/INFO] (lodekeeper) [Lodekeeper] BREAK target=MutableBlockPos{x=-48, y=-54, z=83} block=Block{minecraft:deepslate} tool=minecraft:diamond_pickaxe slot=0 remaining=1405 required=route
[17:59:31] [Render thread/INFO] (lodekeeper) [Lodekeeper] BREAK target=MutableBlockPos{x=-48, y=-55, z=83} block=Block{minecraft:deepslate_diamond_ore} tool=minecraft:diamond_pickaxe slot=0 remaining=1404 required=minecraft:diamond_pickaxe
[17:59:31] [Render thread/INFO] (lodekeeper) [Lodekeeper] PROGRESS elapsed_ms=429127 phase=traveling backend=baritone target=-48,-56,83 block=minecraft:deepslate_diamond_ore navigation_elapsed_ms=159531 navigation_ticks=3188 searching=false path_index=0 path_length=2 retries=0 pending_route_events=0 dropped_route_events=0 status=mining_and_collecting_minecraft:diamond___20/32
[17:59:32] [Render thread/INFO] (lodekeeper) [Lodekeeper] NAV discovered=1 retained=64 rejected=0 requestTicks=3198 phase=MINE
[17:59:32] [Render thread/INFO] (lodekeeper) [Lodekeeper] BREAK target=MutableBlockPos{x=-48, y=-56, z=83} block=Block{minecraft:deepslate_diamond_ore} tool=minecraft:diamond_pickaxe slot=0 remaining=1403 required=minecraft:diamond_pickaxe
[17:59:33] [Render thread/INFO] (lodekeeper) [Lodekeeper] TARGET target=none
[17:59:33] [Render thread/INFO] (lodekeeper) [Lodekeeper] NAV backend=baritone mode=MINE event=AT_GOAL elapsedMs=161580
[17:59:33] [Render thread/INFO] (lodekeeper) [Lodekeeper] NAV discovered=1 retained=64 rejected=0 requestTicks=3230 phase=MINE
[17:59:33] [Render thread/INFO] (lodekeeper) [Lodekeeper] PROGRESS elapsed_ms=431141 phase=traveling backend=baritone target=none navigation_elapsed_ms=161545 navigation_ticks=3228 searching=false path_index=0 path_length=2 retries=0 pending_route_events=0 dropped_route_events=0 status=mining_and_collecting_minecraft:diamond___22/32
[17:59:33] [Render thread/INFO] (lodekeeper) [Lodekeeper] NAV backend=baritone mode=MINE event=CALC_STARTED elapsedMs=161646
[17:59:33] [Render thread/INFO] (lodekeeper) [Lodekeeper] NAV calcTool=minecraft:diamond_pickaxe slot=0
[17:59:33] [Render thread/INFO] (lodekeeper) [Lodekeeper] ROUTE_SEARCH kind=unknown anchor=unknown feet_y16=0 candidates=0 target=none elapsed_ms=431242
[17:59:34] [Render thread/INFO] (lodekeeper) [Lodekeeper] TARGET target=-18,-45,57 block=minecraft:deepslate_diamond_ore
[17:59:34] [Render thread/INFO] (lodekeeper) [Lodekeeper] ROUTE_TRAVEL path_index=0 path_length=67 target=-18,-45,57 block=minecraft:deepslate_diamond_ore elapsed_ms=431444
[17:59:34] [Render thread/INFO] (lodekeeper) [Lodekeeper] NAV backend=baritone mode=MINE event=CALC_FINISHED_NOW_EXECUTING elapsedMs=161950
[17:59:35] [Render thread/INFO] (lodekeeper) [Lodekeeper] PROGRESS elapsed_ms=433190 phase=traveling backend=baritone target=-18,-45,57 block=minecraft:deepslate_diamond_ore navigation_elapsed_ms=163527 navigation_ticks=3268 searching=false path_index=0 path_length=64 retries=0 pending_route_events=0 dropped_route_events=0 status=mining_and_collecting_minecraft:diamond___22/32
[17:59:35] [Render thread/INFO] (lodekeeper) [Lodekeeper] BREAK target=MutableBlockPos{x=-46, y=-51, z=85} block=Block{minecraft:deepslate} tool=minecraft:diamond_pickaxe slot=0 remaining=1402 required=route
[17:59:37] [Render thread/INFO] (lodekeeper) [Lodekeeper] PROGRESS elapsed_ms=435238 phase=traveling backend=baritone target=-18,-45,57 block=minecraft:deepslate_diamond_ore navigation_elapsed_ms=165742 navigation_ticks=3312 searching=false path_index=0 path_length=59 retries=0 pending_route_events=0 dropped_route_events=0 status=mining_and_collecting_minecraft:diamond___22/32
[17:59:39] [Render thread/INFO] (lodekeeper) [Lodekeeper] PROGRESS elapsed_ms=437284 phase=traveling backend=baritone target=-18,-45,57 block=minecraft:deepslate_diamond_ore navigation_elapsed_ms=167721 navigation_ticks=3352 searching=false path_index=0 path_length=54 retries=0 pending_route_events=0 dropped_route_events=0 status=mining_and_collecting_minecraft:diamond___22/32
[17:59:41] [Render thread/INFO] (lodekeeper) [Lodekeeper] PROGRESS elapsed_ms=439291 phase=traveling backend=baritone target=-18,-45,57 block=minecraft:deepslate_diamond_ore navigation_elapsed_ms=169727 navigation_ticks=3392 searching=false path_index=0 path_length=45 retries=0 pending_route_events=0 dropped_route_events=0 status=mining_and_collecting_minecraft:diamond___22/32
[17:59:42] [Render thread/INFO] (lodekeeper) [Lodekeeper] BREAK target=MutableBlockPos{x=-36, y=-55, z=91} block=Block{minecraft:deepslate} tool=minecraft:diamond_pickaxe slot=0 remaining=1401 required=route
[17:59:43] [Render thread/INFO] (lodekeeper) [Lodekeeper] PROGRESS elapsed_ms=441341 phase=traveling backend=baritone target=-18,-45,57 block=minecraft:deepslate_diamond_ore navigation_elapsed_ms=171744 navigation_ticks=3432 searching=false path_index=0 path_length=42 retries=0 pending_route_events=0 dropped_route_events=0 status=mining_and_collecting_minecraft:diamond___22/32
[17:59:45] [Render thread/INFO] (lodekeeper) [Lodekeeper] PROGRESS elapsed_ms=443372 phase=traveling backend=baritone target=-18,-45,57 block=minecraft:deepslate_diamond_ore navigation_elapsed_ms=173719 navigation_ticks=3472 searching=false path_index=0 path_length=33 retries=0 pending_route_events=0 dropped_route_events=0 status=mining_and_collecting_minecraft:diamond___22/32
[17:59:47] [Render thread/INFO] (lodekeeper) [Lodekeeper] PROGRESS elapsed_ms=445386 phase=traveling backend=baritone target=-18,-45,57 block=minecraft:deepslate_diamond_ore navigation_elapsed_ms=175721 navigation_ticks=3512 searching=false path_index=0 path_length=24 retries=0 pending_route_events=0 dropped_route_events=0 status=mining_and_collecting_minecraft:diamond___22/32
[17:59:48] [Render thread/INFO] (lodekeeper) [Lodekeeper] BREAK target=MutableBlockPos{x=-23, y=-52, z=77} block=Block{minecraft:deepslate} tool=minecraft:diamond_pickaxe slot=0 remaining=1400 required=route
[17:59:49] [Render thread/INFO] (lodekeeper) [Lodekeeper] BREAK target=MutableBlockPos{x=-23, y=-52, z=75} block=Block{minecraft:smooth_basalt} tool=minecraft:diamond_pickaxe slot=0 remaining=1399 required=route
[17:59:50] [Render thread/INFO] (lodekeeper) [Lodekeeper] PROGRESS elapsed_ms=447435 phase=traveling backend=baritone target=-18,-45,57 block=minecraft:deepslate_diamond_ore navigation_elapsed_ms=177940 navigation_ticks=3556 searching=false path_index=0 path_length=20 retries=0 pending_route_events=0 dropped_route_events=0 status=mining_and_collecting_minecraft:diamond___22/32
[17:59:50] [Render thread/INFO] (lodekeeper) [Lodekeeper] BREAK target=MutableBlockPos{x=-23, y=-51, z=76} block=Block{minecraft:smooth_basalt} tool=minecraft:diamond_pickaxe slot=0 remaining=1398 required=route
[17:59:50] [Render thread/INFO] (lodekeeper) [Lodekeeper] BREAK target=MutableBlockPos{x=-23, y=-51, z=75} block=Block{minecraft:calcite} tool=minecraft:diamond_pickaxe slot=0 remaining=1397 required=route
[17:59:51] [Render thread/INFO] (lodekeeper) [Lodekeeper] BREAK target=MutableBlockPos{x=-23, y=-51, z=74} block=Block{minecraft:budding_amethyst} tool=minecraft:diamond_pickaxe slot=0 remaining=1396 required=route
[17:59:51] [Render thread/INFO] (lodekeeper) [Lodekeeper] BREAK target=MutableBlockPos{x=-23, y=-50, z=75} block=Block{minecraft:amethyst_block} tool=minecraft:diamond_pickaxe slot=0 remaining=1395 required=route
[17:59:52] [Render thread/INFO] (lodekeeper) [Lodekeeper] PROGRESS elapsed_ms=449483 phase=traveling backend=baritone target=-18,-45,57 block=minecraft:deepslate_diamond_ore navigation_elapsed_ms=179920 navigation_ticks=3596 searching=false path_index=0 path_length=19 retries=0 pending_route_events=0 dropped_route_events=0 status=mining_and_collecting_minecraft:diamond___22/32
[17:59:52] [Render thread/INFO] (lodekeeper) [Lodekeeper] BREAK target=MutableBlockPos{x=-23, y=-50, z=74} block=Block{minecraft:amethyst_block} tool=minecraft:diamond_pickaxe slot=0 remaining=1394 required=route
[17:59:54] [Render thread/INFO] (lodekeeper) [Lodekeeper] PROGRESS elapsed_ms=451495 phase=traveling backend=baritone target=-18,-45,57 block=minecraft:deepslate_diamond_ore navigation_elapsed_ms=181932 navigation_ticks=3636 searching=false path_index=0 path_length=15 retries=0 pending_route_events=0 dropped_route_events=0 status=mining_and_collecting_minecraft:diamond___22/32
[17:59:56] [Render thread/INFO] (lodekeeper) [Lodekeeper] PROGRESS elapsed_ms=453542 phase=traveling backend=baritone target=-18,-45,57 block=minecraft:deepslate_diamond_ore navigation_elapsed_ms=183945 navigation_ticks=3676 searching=false path_index=0 path_length=7 retries=0 pending_route_events=0 dropped_route_events=0 status=mining_and_collecting_minecraft:diamond___22/32
[17:59:56] [Render thread/INFO] (lodekeeper) [Lodekeeper] BREAK target=MutableBlockPos{x=-18, y=-48, z=60} block=Block{minecraft:deepslate} tool=minecraft:diamond_pickaxe slot=0 remaining=1393 required=route
[17:59:57] [Render thread/INFO] (lodekeeper) [Lodekeeper] BREAK target=MutableBlockPos{x=-18, y=-47, z=60} block=Block{minecraft:deepslate} tool=minecraft:diamond_pickaxe slot=0 remaining=1392 required=route
[17:59:58] [Render thread/INFO] (lodekeeper) [Lodekeeper] PROGRESS elapsed_ms=455587 phase=traveling backend=baritone target=-18,-45,57 block=minecraft:deepslate_diamond_ore navigation_elapsed_ms=185925 navigation_ticks=3716 searching=false path_index=0 path_length=5 retries=0 pending_route_events=0 dropped_route_events=0 status=mining_and_collecting_minecraft:diamond___22/32
[17:59:58] [Render thread/INFO] (lodekeeper) [Lodekeeper] BREAK target=MutableBlockPos{x=-18, y=-47, z=59} block=Block{minecraft:deepslate} tool=minecraft:diamond_pickaxe slot=0 remaining=1391 required=route
[17:59:59] [Render thread/INFO] (lodekeeper) [Lodekeeper] BREAK target=MutableBlockPos{x=-18, y=-48, z=59} block=Block{minecraft:deepslate} tool=minecraft:diamond_pickaxe slot=0 remaining=1390 required=route
[18:00:00] [Render thread/INFO] (lodekeeper) [Lodekeeper] PROGRESS elapsed_ms=457597 phase=traveling backend=baritone target=-18,-45,57 block=minecraft:deepslate_diamond_ore navigation_elapsed_ms=187932 navigation_ticks=3756 searching=false path_index=0 path_length=4 retries=0 pending_route_events=0 dropped_route_events=0 status=mining_and_collecting_minecraft:diamond___22/32
[18:00:00] [Render thread/INFO] (lodekeeper) [Lodekeeper] BREAK target=MutableBlockPos{x=-18, y=-47, z=58} block=Block{minecraft:deepslate} tool=minecraft:diamond_pickaxe slot=0 remaining=1389 required=route
[18:00:01] [Render thread/INFO] (lodekeeper) [Lodekeeper] BREAK target=MutableBlockPos{x=-18, y=-46, z=59} block=Block{minecraft:deepslate} tool=minecraft:diamond_pickaxe slot=0 remaining=1388 required=route
[18:00:02] [Render thread/INFO] (lodekeeper) [Lodekeeper] PROGRESS elapsed_ms=459645 phase=traveling backend=baritone target=-18,-45,57 block=minecraft:deepslate_diamond_ore navigation_elapsed_ms=190149 navigation_ticks=3800 searching=false path_index=0 path_length=3 retries=0 pending_route_events=0 dropped_route_events=0 status=mining_and_collecting_minecraft:diamond___22/32
[18:00:02] [Render thread/INFO] (lodekeeper) [Lodekeeper] BREAK target=MutableBlockPos{x=-18, y=-46, z=58} block=Block{minecraft:deepslate} tool=minecraft:diamond_pickaxe slot=0 remaining=1387 required=route
[18:00:03] [Render thread/INFO] (lodekeeper) [Lodekeeper] BREAK target=MutableBlockPos{x=-18, y=-46, z=57} block=Block{minecraft:deepslate} tool=minecraft:diamond_pickaxe slot=0 remaining=1386 required=route
[18:00:04] [Render thread/INFO] (lodekeeper) [Lodekeeper] PROGRESS elapsed_ms=461691 phase=traveling backend=baritone target=-18,-45,57 block=minecraft:deepslate_diamond_ore navigation_elapsed_ms=192129 navigation_ticks=3840 searching=false path_index=0 path_length=2 retries=0 pending_route_events=0 dropped_route_events=0 status=mining_and_collecting_minecraft:diamond___22/32
[18:00:04] [Render thread/INFO] (lodekeeper) [Lodekeeper] BREAK target=MutableBlockPos{x=-18, y=-45, z=58} block=Block{minecraft:deepslate} tool=minecraft:diamond_pickaxe slot=0 remaining=1385 required=route
[18:00:05] [Render thread/INFO] (lodekeeper) [Lodekeeper] BREAK target=MutableBlockPos{x=-18, y=-45, z=57} block=Block{minecraft:deepslate_diamond_ore} tool=minecraft:diamond_pickaxe slot=0 remaining=1384 required=minecraft:diamond_pickaxe
[18:00:06] [Render thread/INFO] (lodekeeper) [Lodekeeper] TARGET target=none
[18:00:06] [Render thread/INFO] (lodekeeper) [Lodekeeper] PROGRESS elapsed_ms=463739 phase=traveling backend=baritone target=none navigation_elapsed_ms=194143 navigation_ticks=3880 searching=false path_index=0 path_length=2 retries=0 pending_route_events=0 dropped_route_events=0 status=mining_and_collecting_minecraft:diamond___22/32
[18:00:06] [Render thread/INFO] (lodekeeper) [Lodekeeper] NAV backend=baritone mode=MINE event=AT_GOAL elapsedMs=194447
[18:00:06] [Render thread/INFO] (lodekeeper) [Lodekeeper] NAV backend=baritone mode=MINE event=CALC_STARTED elapsedMs=194481
[18:00:06] [Render thread/INFO] (lodekeeper) [Lodekeeper] NAV calcTool=minecraft:diamond_pickaxe slot=0
[18:00:06] [Render thread/INFO] (lodekeeper) [Lodekeeper] NAV discovered=1 retained=64 rejected=0 requestTicks=3888 phase=MINE
[18:00:06] [Render thread/INFO] (lodekeeper) [Lodekeeper] ROUTE_SEARCH kind=unknown anchor=unknown feet_y16=0 candidates=0 target=none elapsed_ms=464040
[18:00:06] [Render thread/INFO] (lodekeeper) [Lodekeeper] NAV backend=baritone mode=MINE event=CALC_FINISHED_NOW_EXECUTING elapsedMs=194581
[18:00:06] [Render thread/INFO] (lodekeeper) [Lodekeeper] TARGET target=-33,-50,59 block=minecraft:deepslate_diamond_ore
[18:00:06] [Render thread/INFO] (lodekeeper) [Lodekeeper] ROUTE_TRAVEL path_index=0 path_length=23 target=-33,-50,59 block=minecraft:deepslate_diamond_ore elapsed_ms=464242
[18:00:08] [Render thread/INFO] (lodekeeper) [Lodekeeper] PROGRESS elapsed_ms=465783 phase=traveling backend=baritone target=-33,-50,59 block=minecraft:deepslate_diamond_ore navigation_elapsed_ms=196118 navigation_ticks=3920 searching=false path_index=0 path_length=19 retries=0 pending_route_events=0 dropped_route_events=0 status=mining_and_collecting_minecraft:diamond___23/32
[18:00:09] [Render thread/INFO] (lodekeeper) [Lodekeeper] BREAK target=MutableBlockPos{x=-22, y=-48, z=62} block=Block{minecraft:smooth_basalt} tool=minecraft:diamond_pickaxe slot=0 remaining=1383 required=route
[18:00:09] [Render thread/INFO] (lodekeeper) [Lodekeeper] BREAK target=MutableBlockPos{x=-23, y=-48, z=62} block=Block{minecraft:smooth_basalt} tool=minecraft:diamond_pickaxe slot=0 remaining=1382 required=route
[18:00:10] [Render thread/INFO] (lodekeeper) [Lodekeeper] PROGRESS elapsed_ms=467796 phase=traveling backend=baritone target=-33,-50,59 block=minecraft:deepslate_diamond_ore navigation_elapsed_ms=198133 navigation_ticks=3960 searching=false path_index=0 path_length=14 retries=0 pending_route_events=0 dropped_route_events=0 status=mining_and_collecting_minecraft:diamond___23/32
[18:00:11] [Render thread/INFO] (lodekeeper) [Lodekeeper] BREAK target=MutableBlockPos{x=-30, y=-48, z=61} block=Block{minecraft:deepslate} tool=minecraft:diamond_pickaxe slot=0 remaining=1381 required=route
[18:00:12] [Render thread/INFO] (lodekeeper) [Lodekeeper] PROGRESS elapsed_ms=469841 phase=traveling backend=baritone target=-33,-50,59 block=minecraft:deepslate_diamond_ore navigation_elapsed_ms=200345 navigation_ticks=4004 searching=false path_index=0 path_length=6 retries=0 pending_route_events=0 dropped_route_events=0 status=mining_and_collecting_minecraft:diamond___23/32
[18:00:12] [Render thread/INFO] (lodekeeper) [Lodekeeper] BREAK target=MutableBlockPos{x=-31, y=-48, z=61} block=Block{minecraft:deepslate} tool=minecraft:diamond_pickaxe slot=0 remaining=1380 required=route
[18:00:13] [Render thread/INFO] (lodekeeper) [Lodekeeper] BREAK target=MutableBlockPos{x=-31, y=-49, z=61} block=Block{minecraft:deepslate} tool=minecraft:diamond_pickaxe slot=0 remaining=1379 required=route
[18:00:14] [Render thread/INFO] (lodekeeper) [Lodekeeper] BREAK target=MutableBlockPos{x=-32, y=-48, z=61} block=Block{minecraft:deepslate} tool=minecraft:diamond_pickaxe slot=0 remaining=1378 required=route
[18:00:14] [Render thread/INFO] (lodekeeper) [Lodekeeper] PROGRESS elapsed_ms=471886 phase=traveling backend=baritone target=-33,-50,59 block=minecraft:deepslate_diamond_ore navigation_elapsed_ms=202322 navigation_ticks=4044 searching=false path_index=0 path_length=5 retries=0 pending_route_events=0 dropped_route_events=0 status=mining_and_collecting_minecraft:diamond___23/32
[18:00:15] [Render thread/INFO] (lodekeeper) [Lodekeeper] BREAK target=MutableBlockPos{x=-32, y=-49, z=61} block=Block{minecraft:deepslate} tool=minecraft:diamond_pickaxe slot=0 remaining=1377 required=route
[18:00:16] [Render thread/INFO] (lodekeeper) [Lodekeeper] BREAK target=MutableBlockPos{x=-32, y=-48, z=60} block=Block{minecraft:deepslate} tool=minecraft:diamond_pickaxe slot=0 remaining=1376 required=route
[18:00:16] [Render thread/INFO] (lodekeeper) [Lodekeeper] PROGRESS elapsed_ms=473938 phase=traveling backend=baritone target=-33,-50,59 block=minecraft:deepslate_diamond_ore navigation_elapsed_ms=204342 navigation_ticks=4084 searching=false path_index=0 path_length=4 retries=0 pending_route_events=0 dropped_route_events=0 status=mining_and_collecting_minecraft:diamond___23/32
[18:00:16] [Render thread/INFO] (lodekeeper) [Lodekeeper] BREAK target=MutableBlockPos{x=-32, y=-48, z=59} block=Block{minecraft:deepslate} tool=minecraft:diamond_pickaxe slot=0 remaining=1375 required=route
[18:00:17] [Render thread/INFO] (lodekeeper) [Lodekeeper] BREAK target=MutableBlockPos{x=-33, y=-48, z=59} block=Block{minecraft:deepslate} tool=minecraft:diamond_pickaxe slot=0 remaining=1374 required=route
[18:00:18] [Render thread/INFO] (lodekeeper) [Lodekeeper] PROGRESS elapsed_ms=475984 phase=traveling backend=baritone target=-33,-50,59 block=minecraft:deepslate_diamond_ore navigation_elapsed_ms=206321 navigation_ticks=4124 searching=false path_index=0 path_length=2 retries=0 pending_route_events=0 dropped_route_events=0 status=mining_and_collecting_minecraft:diamond___23/32
[18:00:18] [Render thread/INFO] (lodekeeper) [Lodekeeper] BREAK target=MutableBlockPos{x=-33, y=-49, z=59} block=Block{minecraft:deepslate_diamond_ore} tool=minecraft:diamond_pickaxe slot=0 remaining=1373 required=minecraft:diamond_pickaxe
[18:00:19] [Render thread/INFO] (lodekeeper) [Lodekeeper] NAV discovered=1 retained=64 rejected=0 requestTicks=4150 phase=MINE
[18:00:19] [Render thread/INFO] (lodekeeper) [Lodekeeper] BREAK target=MutableBlockPos{x=-33, y=-50, z=59} block=Block{minecraft:deepslate_diamond_ore} tool=minecraft:diamond_pickaxe slot=0 remaining=1372 required=minecraft:diamond_pickaxe
[18:00:20] [Render thread/INFO] (lodekeeper) [Lodekeeper] PROGRESS elapsed_ms=478036 phase=traveling backend=baritone target=-33,-50,59 block=minecraft:deepslate_diamond_ore navigation_elapsed_ms=208540 navigation_ticks=4168 searching=false path_index=0 path_length=2 retries=0 pending_route_events=0 dropped_route_events=0 status=mining_and_collecting_minecraft:diamond___24/32
[18:00:20] [Render thread/INFO] (lodekeeper) [Lodekeeper] TARGET target=none
[18:00:20] [Render thread/INFO] (lodekeeper) [Lodekeeper] NAV discovered=1 retained=64 rejected=0 requestTicks=4173 phase=MINE
[18:00:20] [Render thread/INFO] (lodekeeper) [Lodekeeper] NAV backend=baritone mode=MINE event=CALC_STARTED elapsedMs=208776
[18:00:20] [Render thread/INFO] (lodekeeper) [Lodekeeper] NAV calcTool=minecraft:diamond_pickaxe slot=0
[18:00:20] [Render thread/INFO] (lodekeeper) [Lodekeeper] NAV backend=baritone mode=MINE event=CALC_FINISHED_NOW_EXECUTING elapsedMs=208777
[18:00:21] [Render thread/INFO] (lodekeeper) [Lodekeeper] TARGET target=-34,-49,59 block=minecraft:deepslate_diamond_ore
[18:00:21] [Render thread/INFO] (lodekeeper) [Lodekeeper] BREAK target=MutableBlockPos{x=-34, y=-49, z=59} block=Block{minecraft:deepslate_diamond_ore} tool=minecraft:diamond_pickaxe slot=0 remaining=1371 required=minecraft:diamond_pickaxe
[18:00:22] [Render thread/INFO] (lodekeeper) [Lodekeeper] NAV discovered=1 retained=64 rejected=0 requestTicks=4202 phase=MINE
[18:00:22] [Render thread/INFO] (lodekeeper) [Lodekeeper] NAV backend=baritone mode=MINE event=CALC_STARTED elapsedMs=210248
[18:00:22] [Render thread/INFO] (lodekeeper) [Lodekeeper] NAV calcTool=minecraft:diamond_pickaxe slot=0
[18:00:22] [Render thread/INFO] (lodekeeper) [Lodekeeper] NAV backend=baritone mode=MINE event=CALC_FINISHED_NOW_EXECUTING elapsedMs=210248
[18:00:22] [Render thread/INFO] (lodekeeper) [Lodekeeper] TARGET target=-34,-50,58 block=minecraft:deepslate_diamond_ore
[18:00:22] [Render thread/INFO] (lodekeeper) [Lodekeeper] BREAK target=MutableBlockPos{x=-33, y=-50, z=58} block=Block{minecraft:deepslate} tool=minecraft:diamond_pickaxe slot=0 remaining=1370 required=route
[18:00:22] [Render thread/INFO] (lodekeeper) [Lodekeeper] PROGRESS elapsed_ms=480046 phase=traveling backend=baritone target=-34,-50,58 block=minecraft:deepslate_diamond_ore navigation_elapsed_ms=210551 navigation_ticks=4208 searching=false path_index=0 path_length=3 retries=0 pending_route_events=0 dropped_route_events=0 status=mining_and_collecting_minecraft:diamond___25/32
[18:00:23] [Render thread/INFO] (lodekeeper) [Lodekeeper] BREAK target=MutableBlockPos{x=-34, y=-49, z=58} block=Block{minecraft:deepslate} tool=minecraft:diamond_pickaxe slot=0 remaining=1369 required=route
[18:00:24] [Render thread/INFO] (lodekeeper) [Lodekeeper] BREAK target=MutableBlockPos{x=-34, y=-50, z=58} block=Block{minecraft:deepslate_diamond_ore} tool=minecraft:diamond_pickaxe slot=0 remaining=1368 required=minecraft:diamond_pickaxe
[18:00:24] [Render thread/INFO] (lodekeeper) [Lodekeeper] PROGRESS elapsed_ms=482088 phase=traveling backend=baritone target=-34,-50,58 block=minecraft:deepslate_diamond_ore navigation_elapsed_ms=212524 navigation_ticks=4248 searching=false path_index=0 path_length=2 retries=0 pending_route_events=0 dropped_route_events=0 status=mining_and_collecting_minecraft:diamond___26/32
[18:00:25] [Render thread/INFO] (lodekeeper) [Lodekeeper] TARGET target=none
[18:00:25] [Render thread/INFO] (lodekeeper) [Lodekeeper] NAV backend=baritone mode=MINE event=AT_GOAL elapsedMs=213233
[18:00:25] [Render thread/INFO] (lodekeeper) [Lodekeeper] NAV backend=baritone mode=MINE event=CALC_STARTED elapsedMs=213601
[18:00:25] [Render thread/INFO] (lodekeeper) [Lodekeeper] NAV calcTool=minecraft:diamond_pickaxe slot=0
[18:00:25] [Render thread/INFO] (lodekeeper) [Lodekeeper] NAV discovered=1 retained=64 rejected=0 requestTicks=4270 phase=MINE
[18:00:25] [Render thread/INFO] (lodekeeper) [Lodekeeper] NAV backend=baritone mode=MINE event=CALC_FINISHED_NOW_EXECUTING elapsedMs=213680
[18:00:25] [Render thread/INFO] (lodekeeper) [Lodekeeper] TARGET target=-34,-53,63 block=minecraft:deepslate_diamond_ore
[18:00:25] [Render thread/INFO] (lodekeeper) [Lodekeeper] BREAK target=MutableBlockPos{x=-34, y=-50, z=59} block=Block{minecraft:deepslate} tool=minecraft:diamond_pickaxe slot=0 remaining=1367 required=route
[18:00:26] [Render thread/INFO] (lodekeeper) [Lodekeeper] PROGRESS elapsed_ms=484145 phase=traveling backend=baritone target=-34,-53,63 block=minecraft:deepslate_diamond_ore navigation_elapsed_ms=214547 navigation_ticks=4288 searching=false path_index=0 path_length=6 retries=0 pending_route_events=0 dropped_route_events=0 status=mining_and_collecting_minecraft:diamond___27/32
[18:00:26] [Render thread/INFO] (lodekeeper) [Lodekeeper] BREAK target=MutableBlockPos{x=-34, y=-51, z=59} block=Block{minecraft:deepslate} tool=minecraft:diamond_pickaxe slot=0 remaining=1366 required=route
[18:00:27] [Render thread/INFO] (lodekeeper) [Lodekeeper] BREAK target=MutableBlockPos{x=-34, y=-50, z=60} block=Block{minecraft:deepslate} tool=minecraft:diamond_pickaxe slot=0 remaining=1365 required=route
[18:00:28] [Render thread/INFO] (lodekeeper) [Lodekeeper] BREAK target=MutableBlockPos{x=-34, y=-51, z=60} block=Block{minecraft:deepslate} tool=minecraft:diamond_pickaxe slot=0 remaining=1364 required=route
[18:00:28] [Render thread/INFO] (lodekeeper) [Lodekeeper] PROGRESS elapsed_ms=486187 phase=traveling backend=baritone target=-34,-53,63 block=minecraft:deepslate_diamond_ore navigation_elapsed_ms=216523 navigation_ticks=4328 searching=false path_index=0 path_length=5 retries=0 pending_route_events=0 dropped_route_events=0 status=mining_and_collecting_minecraft:diamond___27/32
[18:00:29] [Render thread/INFO] (lodekeeper) [Lodekeeper] BREAK target=MutableBlockPos{x=-34, y=-52, z=60} block=Block{minecraft:deepslate} tool=minecraft:diamond_pickaxe slot=0 remaining=1363 required=route
[18:00:30] [Render thread/INFO] (lodekeeper) [Lodekeeper] BREAK target=MutableBlockPos{x=-34, y=-51, z=61} block=Block{minecraft:deepslate} tool=minecraft:diamond_pickaxe slot=0 remaining=1362 required=route
[18:00:30] [Render thread/INFO] (lodekeeper) [Lodekeeper] PROGRESS elapsed_ms=488234 phase=traveling backend=baritone target=-34,-53,63 block=minecraft:deepslate_diamond_ore navigation_elapsed_ms=218739 navigation_ticks=4372 searching=false path_index=0 path_length=4 retries=0 pending_route_events=0 dropped_route_events=0 status=mining_and_collecting_minecraft:diamond___27/32
[18:00:31] [Render thread/INFO] (lodekeeper) [Lodekeeper] BREAK target=MutableBlockPos{x=-34, y=-52, z=61} block=Block{minecraft:deepslate} tool=minecraft:diamond_pickaxe slot=0 remaining=1361 required=route
[18:00:32] [Render thread/INFO] (lodekeeper) [Lodekeeper] BREAK target=MutableBlockPos{x=-34, y=-53, z=61} block=Block{minecraft:deepslate} tool=minecraft:diamond_pickaxe slot=0 remaining=1360 required=route
[18:00:32] [Render thread/INFO] (lodekeeper) [Lodekeeper] PROGRESS elapsed_ms=490286 phase=traveling backend=baritone target=-34,-53,63 block=minecraft:deepslate_diamond_ore navigation_elapsed_ms=220723 navigation_ticks=4412 searching=false path_index=0 path_length=4 retries=0 pending_route_events=0 dropped_route_events=0 status=mining_and_collecting_minecraft:diamond___27/32
[18:00:33] [Render thread/INFO] (lodekeeper) [Lodekeeper] BREAK target=MutableBlockPos{x=-34, y=-52, z=62} block=Block{minecraft:deepslate} tool=minecraft:diamond_pickaxe slot=0 remaining=1359 required=route
[18:00:34] [Render thread/INFO] (lodekeeper) [Lodekeeper] BREAK target=MutableBlockPos{x=-34, y=-53, z=62} block=Block{minecraft:deepslate} tool=minecraft:diamond_pickaxe slot=0 remaining=1358 required=route
[18:00:34] [Render thread/INFO] (lodekeeper) [Lodekeeper] PROGRESS elapsed_ms=492296 phase=traveling backend=baritone target=-34,-53,63 block=minecraft:deepslate_diamond_ore navigation_elapsed_ms=222734 navigation_ticks=4452 searching=false path_index=0 path_length=3 retries=0 pending_route_events=0 dropped_route_events=0 status=mining_and_collecting_minecraft:diamond___27/32
[18:00:35] [Render thread/INFO] (lodekeeper) [Lodekeeper] BREAK target=MutableBlockPos{x=-34, y=-52, z=63} block=Block{minecraft:deepslate_diamond_ore} tool=minecraft:diamond_pickaxe slot=0 remaining=1357 required=minecraft:diamond_pickaxe
[18:00:36] [Render thread/INFO] (lodekeeper) [Lodekeeper] NAV discovered=1 retained=64 rejected=0 requestTicks=4479 phase=MINE
[18:00:36] [Render thread/INFO] (lodekeeper) [Lodekeeper] BREAK target=MutableBlockPos{x=-34, y=-53, z=63} block=Block{minecraft:deepslate_diamond_ore} tool=minecraft:diamond_pickaxe slot=0 remaining=1356 required=minecraft:diamond_pickaxe
[18:00:36] [Render thread/INFO] (lodekeeper) [Lodekeeper] PROGRESS elapsed_ms=494338 phase=traveling backend=baritone target=-34,-53,63 block=minecraft:deepslate_diamond_ore navigation_elapsed_ms=224742 navigation_ticks=4492 searching=false path_index=0 path_length=2 retries=0 pending_route_events=0 dropped_route_events=0 status=mining_and_collecting_minecraft:diamond___28/32
[18:00:37] [Render thread/INFO] (lodekeeper) [Lodekeeper] NAV discovered=1 retained=64 rejected=0 requestTicks=4502 phase=MINE
[18:00:37] [Render thread/INFO] (lodekeeper) [Lodekeeper] NAV backend=baritone mode=MINE event=CALC_STARTED elapsedMs=225247
[18:00:37] [Render thread/INFO] (lodekeeper) [Lodekeeper] NAV calcTool=minecraft:diamond_pickaxe slot=0
[18:00:37] [Render thread/INFO] (lodekeeper) [Lodekeeper] NAV backend=baritone mode=MINE event=CALC_FINISHED_NOW_EXECUTING elapsedMs=225247
[18:00:37] [Render thread/INFO] (lodekeeper) [Lodekeeper] TARGET target=-35,-52,63 block=minecraft:deepslate_diamond_ore
[18:00:37] [Render thread/INFO] (lodekeeper) [Lodekeeper] BREAK target=MutableBlockPos{x=-35, y=-52, z=63} block=Block{minecraft:deepslate_diamond_ore} tool=minecraft:diamond_pickaxe slot=0 remaining=1355 required=minecraft:diamond_pickaxe
[18:00:38] [Render thread/INFO] (lodekeeper) [Lodekeeper] TARGET target=none
[18:00:38] [Render thread/INFO] (lodekeeper) [Lodekeeper] NAV discovered=1 retained=64 rejected=0 requestTicks=4525 phase=MINE
[18:00:38] [Render thread/INFO] (lodekeeper) [Lodekeeper] NAV backend=baritone mode=MINE event=CALC_STARTED elapsedMs=226385
[18:00:38] [Render thread/INFO] (lodekeeper) [Lodekeeper] NAV calcTool=minecraft:diamond_pickaxe slot=0
[18:00:38] [Render thread/INFO] (lodekeeper) [Lodekeeper] NAV backend=baritone mode=MINE event=CALC_FINISHED_NOW_EXECUTING elapsedMs=226385
[18:00:38] [Render thread/INFO] (lodekeeper) [Lodekeeper] TARGET target=-34,-52,64 block=minecraft:deepslate_diamond_ore
[18:00:38] [Render thread/INFO] (lodekeeper) [Lodekeeper] BREAK target=MutableBlockPos{x=-34, y=-52, z=64} block=Block{minecraft:deepslate_diamond_ore} tool=minecraft:diamond_pickaxe slot=0 remaining=1354 required=minecraft:diamond_pickaxe
[18:00:38] [Render thread/INFO] (lodekeeper) [Lodekeeper] PROGRESS elapsed_ms=496383 phase=traveling backend=baritone target=-34,-52,64 block=minecraft:deepslate_diamond_ore navigation_elapsed_ms=226718 navigation_ticks=4532 searching=false path_index=0 path_length=2 retries=0 pending_route_events=0 dropped_route_events=0 status=mining_and_collecting_minecraft:diamond___30/32
[18:00:39] [Render thread/INFO] (lodekeeper) [Lodekeeper] NAV discovered=1 retained=64 rejected=0 requestTicks=4548 phase=MINE
[18:00:39] [Render thread/INFO] (lodekeeper) [Lodekeeper] TARGET target=-35,-52,64 block=minecraft:deepslate_diamond_ore
[18:00:39] [Render thread/INFO] (lodekeeper) [Lodekeeper] NAV backend=baritone mode=MINE event=CALC_STARTED elapsedMs=227524
[18:00:39] [Render thread/INFO] (lodekeeper) [Lodekeeper] NAV calcTool=minecraft:diamond_pickaxe slot=0
[18:00:39] [Render thread/INFO] (lodekeeper) [Lodekeeper] NAV backend=baritone mode=MINE event=CALC_FINISHED_NOW_EXECUTING elapsedMs=227525
[18:00:39] [Render thread/INFO] (lodekeeper) [Lodekeeper] BREAK target=MutableBlockPos{x=-34, y=-53, z=64} block=Block{minecraft:deepslate} tool=minecraft:diamond_pickaxe slot=0 remaining=1353 required=route
[18:00:40] [Render thread/INFO] (lodekeeper) [Lodekeeper] BREAK target=MutableBlockPos{x=-35, y=-52, z=64} block=Block{minecraft:deepslate_diamond_ore} tool=minecraft:diamond_pickaxe slot=0 remaining=1352 required=minecraft:diamond_pickaxe
[18:00:40] [Render thread/INFO] (lodekeeper) [Lodekeeper] PROGRESS elapsed_ms=498395 phase=traveling backend=baritone target=-35,-52,64 block=minecraft:deepslate_diamond_ore navigation_elapsed_ms=228731 navigation_ticks=4572 searching=false path_index=0 path_length=2 retries=0 pending_route_events=0 dropped_route_events=0 status=mining_and_collecting_minecraft:diamond___31/32
[18:00:41] [Render thread/INFO] (lodekeeper) [Lodekeeper] TARGET target=-35,-51,64 block=minecraft:deepslate_diamond_ore
[18:00:41] [Render thread/INFO] (lodekeeper) [Lodekeeper] NAV discovered=1 retained=64 rejected=0 requestTicks=4589 phase=MINE
[18:00:41] [Render thread/INFO] (lodekeeper) [Lodekeeper] BREAK target=MutableBlockPos{x=-34, y=-51, z=64} block=Block{minecraft:deepslate} tool=minecraft:diamond_pickaxe slot=0 remaining=1351 required=route
[18:00:42] [Render thread/INFO] (lodekeeper) [Lodekeeper] TARGET target=none
[18:00:42] [lodekeeper-planner/INFO] (lodekeeper) [Lodekeeper] PROJECT_MATERIALS project=gear_diamond before=[] after=[]
[18:00:42] [lodekeeper-planner/INFO] (lodekeeper) [Lodekeeper] PLAN project=gear_diamond success=true steps=11 branches=49 elapsedMs=6.690112
[18:00:42] [Render thread/INFO] (lodekeeper) [Lodekeeper] STEP kind=CRAFT source=server:minecraft:stick:1422 output=minecraft:stick count=4 operations=1 auxiliary=false
[18:00:43] [Render thread/INFO] (lodekeeper) [Lodekeeper] PROGRESS elapsed_ms=500435 phase=crafting backend=baritone target=none navigation_elapsed_ms=0 navigation_ticks=0 searching=false path_index=0 path_length=0 retries=0 pending_route_events=0 dropped_route_events=0 status=CRAFT_server:minecraft:stick:1422
[18:00:44] [lodekeeper-planner/INFO] (lodekeeper) [Lodekeeper] PROJECT_MATERIALS project=gear_diamond before=[] after=[]
[18:00:44] [lodekeeper-planner/INFO] (lodekeeper) [Lodekeeper] PLAN project=gear_diamond success=true steps=10 branches=45 elapsedMs=1.254061
[18:00:44] [Render thread/INFO] (lodekeeper) [Lodekeeper] STEP kind=CRAFT source=server:minecraft:diamond_axe:463 output=minecraft:diamond_axe count=1 operations=1 auxiliary=false
[18:00:44] [Render thread/INFO] (lodekeeper) [Lodekeeper] NAV backend=baritone mode=MOVE event=CALC_STARTED elapsedMs=1
[18:00:44] [Render thread/INFO] (lodekeeper) [Lodekeeper] NAV calcTool=minecraft:diamond_pickaxe slot=0
[18:00:44] [Render thread/INFO] (lodekeeper) [Lodekeeper] ROUTE_SEARCH kind=near anchor=-30,-18,77 feet_y16=-288 candidates=1 target=none elapsed_ms=501881
[18:00:44] [Render thread/INFO] (lodekeeper) [Lodekeeper] NAV backend=baritone mode=MOVE event=CALC_FINISHED_NOW_EXECUTING elapsedMs=540
[18:00:44] [Render thread/INFO] (lodekeeper) [Lodekeeper] NAV backend=baritone mode=MOVE event=NEXT_SEGMENT_CALC_STARTED elapsedMs=543
[18:00:45] [Render thread/INFO] (lodekeeper) [Lodekeeper] PROGRESS elapsed_ms=502494 phase=searching backend=baritone target=none navigation_elapsed_ms=808 navigation_ticks=16 searching=true path_index=0 path_length=31 retries=0 pending_route_events=0 dropped_route_events=0 status=planning_route
[18:00:45] [Render thread/INFO] (lodekeeper) [Lodekeeper] NAV backend=baritone mode=MOVE event=NEXT_SEGMENT_CALC_FINISHED elapsedMs=1639
[18:00:46] [Render thread/INFO] (lodekeeper) [Lodekeeper] ROUTE_TRAVEL path_index=0 path_length=58 target=none elapsed_ms=503492
[18:00:47] [Render thread/INFO] (lodekeeper) [Lodekeeper] PROGRESS elapsed_ms=504495 phase=traveling backend=baritone target=none navigation_elapsed_ms=2809 navigation_ticks=56 searching=false path_index=0 path_length=55 retries=0 pending_route_events=0 dropped_route_events=0 status=following_route
[18:00:49] [Render thread/INFO] (lodekeeper) [Lodekeeper] PROGRESS elapsed_ms=506515 phase=traveling backend=baritone target=none navigation_elapsed_ms=4794 navigation_ticks=96 searching=false path_index=0 path_length=44 retries=0 pending_route_events=0 dropped_route_events=0 status=following_route
[18:00:51] [Render thread/INFO] (lodekeeper) [Lodekeeper] PROGRESS elapsed_ms=508530 phase=traveling backend=baritone target=none navigation_elapsed_ms=6777 navigation_ticks=136 searching=false path_index=0 path_length=36 retries=0 pending_route_events=0 dropped_route_events=0 status=following_route
[18:00:52] [Render thread/INFO] (lodekeeper) [Lodekeeper] BREAK target=MutableBlockPos{x=-28, y=-46, z=73} block=Block{minecraft:amethyst_block} tool=minecraft:diamond_pickaxe slot=0 remaining=1351 required=route
[18:00:53] [Render thread/INFO] (lodekeeper) [Lodekeeper] PROGRESS elapsed_ms=510541 phase=traveling backend=baritone target=none navigation_elapsed_ms=8788 navigation_ticks=176 searching=false path_index=0 path_length=30 retries=0 pending_route_events=0 dropped_route_events=0 status=following_route
[18:00:53] [Render thread/INFO] (lodekeeper) [Lodekeeper] BREAK target=MutableBlockPos{x=-28, y=-45, z=73} block=Block{minecraft:amethyst_block} tool=minecraft:diamond_pickaxe slot=0 remaining=1350 required=route
[18:00:54] [Render thread/INFO] (lodekeeper) [Lodekeeper] BREAK target=MutableBlockPos{x=-29, y=-45, z=73} block=Block{minecraft:amethyst_block} tool=minecraft:diamond_pickaxe slot=0 remaining=1349 required=route
[18:00:54] [Render thread/INFO] (lodekeeper) [Lodekeeper] BREAK target=MutableBlockPos{x=-28, y=-44, z=73} block=Block{minecraft:amethyst_block} tool=minecraft:diamond_pickaxe slot=0 remaining=1348 required=route
[18:00:55] [Render thread/INFO] (lodekeeper) [Lodekeeper] PROGRESS elapsed_ms=512587 phase=traveling backend=baritone target=none navigation_elapsed_ms=10801 navigation_ticks=216 searching=false path_index=0 path_length=29 retries=0 pending_route_events=0 dropped_route_events=0 status=following_route
[18:00:55] [Render thread/INFO] (lodekeeper) [Lodekeeper] BREAK target=MutableBlockPos{x=-29, y=-44, z=73} block=Block{minecraft:amethyst_block} tool=minecraft:diamond_pickaxe slot=0 remaining=1347 required=route
[18:00:56] [Render thread/INFO] (lodekeeper) [Lodekeeper] BREAK target=MutableBlockPos{x=-29, y=-44, z=74} block=Block{minecraft:calcite} tool=minecraft:diamond_pickaxe slot=0 remaining=1346 required=route
[18:00:56] [Render thread/INFO] (lodekeeper) [Lodekeeper] BREAK target=MutableBlockPos{x=-29, y=-43, z=73} block=Block{minecraft:calcite} tool=minecraft:diamond_pickaxe slot=0 remaining=1345 required=route
[18:00:56] [Render thread/INFO] (lodekeeper) [Lodekeeper] BREAK target=MutableBlockPos{x=-29, y=-43, z=74} block=Block{minecraft:calcite} tool=minecraft:diamond_pickaxe slot=0 remaining=1344 required=route
[18:00:57] [Render thread/INFO] (lodekeeper) [Lodekeeper] PROGRESS elapsed_ms=514634 phase=traveling backend=baritone target=none navigation_elapsed_ms=12780 navigation_ticks=256 searching=false path_index=0 path_length=28 retries=0 pending_route_events=0 dropped_route_events=0 status=following_route
[18:00:57] [Render thread/INFO] (lodekeeper) [Lodekeeper] BREAK target=MutableBlockPos{x=-29, y=-43, z=75} block=Block{minecraft:calcite} tool=minecraft:diamond_pickaxe slot=0 remaining=1343 required=route
[18:00:57] [Render thread/INFO] (lodekeeper) [Lodekeeper] BREAK target=MutableBlockPos{x=-29, y=-42, z=74} block=Block{minecraft:calcite} tool=minecraft:diamond_pickaxe slot=0 remaining=1342 required=route
[18:00:58] [Render thread/INFO] (lodekeeper) [Lodekeeper] BREAK target=MutableBlockPos{x=-29, y=-42, z=75} block=Block{minecraft:smooth_basalt} tool=minecraft:diamond_pickaxe slot=0 remaining=1341 required=route
[18:00:59] [Render thread/INFO] (lodekeeper) [Lodekeeper] BREAK target=MutableBlockPos{x=-29, y=-42, z=76} block=Block{minecraft:smooth_basalt} tool=minecraft:diamond_pickaxe slot=0 remaining=1340 required=route
[18:00:59] [Render thread/INFO] (lodekeeper) [Lodekeeper] PROGRESS elapsed_ms=516682 phase=traveling backend=baritone target=none navigation_elapsed_ms=14996 navigation_ticks=300 searching=false path_index=0 path_length=26 retries=0 pending_route_events=0 dropped_route_events=0 status=following_route
[18:00:59] [Render thread/INFO] (lodekeeper) [Lodekeeper] BREAK target=MutableBlockPos{x=-29, y=-41, z=75} block=Block{minecraft:smooth_basalt} tool=minecraft:diamond_pickaxe slot=0 remaining=1339 required=route
[18:01:00] [Render thread/INFO] (lodekeeper) [Lodekeeper] BREAK target=MutableBlockPos{x=-29, y=-41, z=76} block=Block{minecraft:tuff} tool=minecraft:diamond_pickaxe slot=0 remaining=1338 required=route
[18:01:00] [Render thread/INFO] (lodekeeper) [Lodekeeper] BREAK target=MutableBlockPos{x=-30, y=-41, z=76} block=Block{minecraft:tuff} tool=minecraft:diamond_pickaxe slot=0 remaining=1337 required=route
[18:01:01] [Render thread/INFO] (lodekeeper) [Lodekeeper] PROGRESS elapsed_ms=518732 phase=traveling backend=baritone target=none navigation_elapsed_ms=16979 navigation_ticks=340 searching=false path_index=0 path_length=25 retries=0 pending_route_events=0 dropped_route_events=0 status=following_route
[18:01:01] [Render thread/INFO] (lodekeeper) [Lodekeeper] BREAK target=MutableBlockPos{x=-29, y=-40, z=76} block=Block{minecraft:tuff} tool=minecraft:diamond_pickaxe slot=0 remaining=1336 required=route
[18:01:02] [Render thread/INFO] (lodekeeper) [Lodekeeper] BREAK target=MutableBlockPos{x=-30, y=-40, z=76} block=Block{minecraft:tuff} tool=minecraft:diamond_pickaxe slot=0 remaining=1335 required=route
[18:01:02] [Render thread/INFO] (lodekeeper) [Lodekeeper] BREAK target=MutableBlockPos{x=-30, y=-40, z=77} block=Block{minecraft:tuff} tool=minecraft:diamond_pickaxe slot=0 remaining=1334 required=route
[18:01:03] [Render thread/INFO] (lodekeeper) [Lodekeeper] PROGRESS elapsed_ms=520743 phase=traveling backend=baritone target=none navigation_elapsed_ms=18990 navigation_ticks=380 searching=false path_index=0 path_length=24 retries=0 pending_route_events=0 dropped_route_events=0 status=following_route
[18:01:03] [Render thread/INFO] (lodekeeper) [Lodekeeper] BREAK target=MutableBlockPos{x=-30, y=-39, z=76} block=Block{minecraft:tuff} tool=minecraft:diamond_pickaxe slot=0 remaining=1333 required=route
[18:01:04] [Render thread/INFO] (lodekeeper) [Lodekeeper] BREAK target=MutableBlockPos{x=-30, y=-39, z=77} block=Block{minecraft:tuff} tool=minecraft:diamond_pickaxe slot=0 remaining=1332 required=route
[18:01:04] [Render thread/INFO] (lodekeeper) [Lodekeeper] BREAK target=MutableBlockPos{x=-31, y=-39, z=77} block=Block{minecraft:tuff} tool=minecraft:diamond_pickaxe slot=0 remaining=1331 required=route
[18:01:05] [Render thread/INFO] (lodekeeper) [Lodekeeper] PROGRESS elapsed_ms=522786 phase=traveling backend=baritone target=none navigation_elapsed_ms=20998 navigation_ticks=420 searching=false path_index=0 path_length=23 retries=0 pending_route_events=0 dropped_route_events=0 status=following_route
[18:01:05] [Render thread/INFO] (lodekeeper) [Lodekeeper] BREAK target=MutableBlockPos{x=-30, y=-38, z=77} block=Block{minecraft:tuff} tool=minecraft:diamond_pickaxe slot=0 remaining=1330 required=route
[18:01:05] [Render thread/INFO] (lodekeeper) [Lodekeeper] BREAK target=MutableBlockPos{x=-31, y=-38, z=77} block=Block{minecraft:tuff} tool=minecraft:diamond_pickaxe slot=0 remaining=1329 required=route
[18:01:06] [Render thread/INFO] (lodekeeper) [Lodekeeper] BREAK target=MutableBlockPos{x=-32, y=-38, z=77} block=Block{minecraft:tuff} tool=minecraft:diamond_pickaxe slot=0 remaining=1328 required=route
[18:01:07] [Render thread/INFO] (lodekeeper) [Lodekeeper] BREAK target=MutableBlockPos{x=-31, y=-37, z=77} block=Block{minecraft:tuff} tool=minecraft:diamond_pickaxe slot=0 remaining=1327 required=route
[18:01:07] [Render thread/INFO] (lodekeeper) [Lodekeeper] PROGRESS elapsed_ms=524814 phase=traveling backend=baritone target=none navigation_elapsed_ms=22994 navigation_ticks=460 searching=false path_index=0 path_length=22 retries=0 pending_route_events=0 dropped_route_events=0 status=following_route
[18:01:07] [Render thread/INFO] (lodekeeper) [Lodekeeper] BREAK target=MutableBlockPos{x=-32, y=-37, z=77} block=Block{minecraft:tuff} tool=minecraft:diamond_pickaxe slot=0 remaining=1326 required=route
[18:01:08] [Render thread/INFO] (lodekeeper) [Lodekeeper] BREAK target=MutableBlockPos{x=-32, y=-36, z=77} block=Block{minecraft:tuff} tool=minecraft:diamond_pickaxe slot=0 remaining=1325 required=route
[18:01:09] [Render thread/INFO] (lodekeeper) [Lodekeeper] PROGRESS elapsed_ms=526829 phase=traveling backend=baritone target=none navigation_elapsed_ms=25010 navigation_ticks=500 searching=false path_index=0 path_length=21 retries=0 pending_route_events=0 dropped_route_events=0 status=following_route
[18:01:11] [Render thread/INFO] (lodekeeper) [Lodekeeper] PROGRESS elapsed_ms=528846 phase=traveling backend=baritone target=none navigation_elapsed_ms=26992 navigation_ticks=540 searching=false path_index=0 path_length=18 retries=0 pending_route_events=0 dropped_route_events=0 status=following_route
[18:01:13] [Render thread/INFO] (lodekeeper) [Lodekeeper] PROGRESS elapsed_ms=530888 phase=traveling backend=baritone target=none navigation_elapsed_ms=29202 navigation_ticks=584 searching=false path_index=0 path_length=13 retries=0 pending_route_events=0 dropped_route_events=0 status=following_route
[18:01:15] [Render thread/INFO] (lodekeeper) [Lodekeeper] PROGRESS elapsed_ms=532933 phase=traveling backend=baritone target=none navigation_elapsed_ms=31180 navigation_ticks=624 searching=false path_index=0 path_length=8 retries=0 pending_route_events=0 dropped_route_events=0 status=following_route
[18:01:16] [Render thread/INFO] (lodekeeper) [Lodekeeper] BREAK target=MutableBlockPos{x=-33, y=-21, z=76} block=Block{minecraft:deepslate} tool=minecraft:diamond_pickaxe slot=0 remaining=1324 required=route
[18:01:17] [Render thread/INFO] (lodekeeper) [Lodekeeper] PROGRESS elapsed_ms=534984 phase=traveling backend=baritone target=none navigation_elapsed_ms=33197 navigation_ticks=664 searching=false path_index=0 path_length=5 retries=0 pending_route_events=0 dropped_route_events=0 status=following_route
[18:01:19] [Render thread/INFO] (lodekeeper) [Lodekeeper] NAV backend=baritone mode=IDLE event=CANCELED elapsedMs=35052
[18:01:19] [Render thread/INFO] (lodekeeper) [Lodekeeper] NAV backend=baritone mode=IDLE event=CANCELED elapsedMs=35052
[18:01:19] [Render thread/INFO] (lodekeeper) [Lodekeeper] NAV backend=baritone mode=IDLE event=CANCELED elapsedMs=35079
[18:01:19] [Render thread/INFO] (lodekeeper) [Lodekeeper] NAV backend=baritone mode=IDLE event=CANCELED elapsedMs=35147
[18:01:19] [Render thread/INFO] (lodekeeper) [Lodekeeper] PROGRESS elapsed_ms=537046 phase=working backend=baritone target=none navigation_elapsed_ms=0 navigation_ticks=0 searching=false path_index=0 path_length=0 retries=0 pending_route_events=0 dropped_route_events=0 status=following_route
[18:01:21] [Render thread/INFO] (lodekeeper) [Lodekeeper] PROGRESS elapsed_ms=539094 phase=working backend=baritone target=none navigation_elapsed_ms=0 navigation_ticks=0 searching=false path_index=0 path_length=0 retries=0 pending_route_events=0 dropped_route_events=0 status=following_route
[18:01:23] [Render thread/INFO] (lodekeeper) [Lodekeeper] STATION_POLICY decision=replace_distant station=minecraft:furnace position=BlockPos{x=-29, y=40, z=62}
[18:01:23] [lodekeeper-planner/INFO] (lodekeeper) [Lodekeeper] PROJECT_MATERIALS project=gear_diamond before=[] after=[]
[18:01:23] [lodekeeper-planner/INFO] (lodekeeper) [Lodekeeper] PLAN project=gear_diamond success=true steps=9 branches=40 elapsedMs=1.78768
[18:01:23] [Render thread/INFO] (lodekeeper) [Lodekeeper] STEP kind=CRAFT source=server:minecraft:diamond_boots:465 output=minecraft:diamond_boots count=1 operations=1 auxiliary=false
[18:01:23] [Render thread/INFO] (lodekeeper) [Lodekeeper] PROGRESS elapsed_ms=541143 phase=crafting backend=baritone target=none navigation_elapsed_ms=0 navigation_ticks=0 searching=false path_index=0 path_length=0 retries=0 pending_route_events=0 dropped_route_events=0 status=CRAFT_server:minecraft:diamond_boots:465
[18:01:25] [Render thread/INFO] (lodekeeper) [Lodekeeper] PROGRESS elapsed_ms=543192 phase=crafting backend=baritone target=none navigation_elapsed_ms=0 navigation_ticks=0 searching=false path_index=0 path_length=0 retries=0 pending_route_events=0 dropped_route_events=0 status=CRAFT_server:minecraft:diamond_boots:465
[18:01:26] [Render thread/INFO] (lodekeeper) [Lodekeeper] STATION_POLICY decision=replace_distant station=minecraft:furnace position=BlockPos{x=-29, y=40, z=62}
[18:01:26] [lodekeeper-planner/INFO] (lodekeeper) [Lodekeeper] PROJECT_MATERIALS project=gear_diamond before=[] after=[]
[18:01:26] [lodekeeper-planner/INFO] (lodekeeper) [Lodekeeper] PLAN project=gear_diamond success=true steps=8 branches=36 elapsedMs=1.175314
[18:01:26] [Render thread/INFO] (lodekeeper) [Lodekeeper] STEP kind=CRAFT source=server:minecraft:diamond_chestplate:466 output=minecraft:diamond_chestplate count=1 operations=1 auxiliary=false
[18:01:27] [Render thread/INFO] (lodekeeper) [Lodekeeper] PROGRESS elapsed_ms=545242 phase=crafting backend=baritone target=none navigation_elapsed_ms=0 navigation_ticks=0 searching=false path_index=0 path_length=0 retries=0 pending_route_events=0 dropped_route_events=0 status=CRAFT_server:minecraft:diamond_chestplate:466
[18:01:29] [Render thread/INFO] (lodekeeper) [Lodekeeper] PROGRESS elapsed_ms=547274 phase=crafting backend=baritone target=none navigation_elapsed_ms=0 navigation_ticks=0 searching=false path_index=0 path_length=0 retries=0 pending_route_events=0 dropped_route_events=0 status=CRAFT_server:minecraft:diamond_chestplate:466
[18:01:31] [Render thread/INFO] (lodekeeper) [Lodekeeper] PROGRESS elapsed_ms=549285 phase=crafting backend=baritone target=none navigation_elapsed_ms=0 navigation_ticks=0 searching=false path_index=0 path_length=0 retries=0 pending_route_events=0 dropped_route_events=0 status=CRAFT_server:minecraft:diamond_chestplate:466
[18:01:33] [Render thread/INFO] (lodekeeper) [Lodekeeper] STATION_POLICY decision=replace_distant station=minecraft:furnace position=BlockPos{x=-29, y=40, z=62}
[18:01:33] [lodekeeper-planner/INFO] (lodekeeper) [Lodekeeper] PROJECT_MATERIALS project=gear_diamond before=[] after=[]
[18:01:33] [lodekeeper-planner/INFO] (lodekeeper) [Lodekeeper] PLAN project=gear_diamond success=true steps=7 branches=32 elapsedMs=0.76359
[18:01:33] [Render thread/INFO] (lodekeeper) [Lodekeeper] STEP kind=CRAFT source=server:minecraft:diamond_helmet:471 output=minecraft:diamond_helmet count=1 operations=1 auxiliary=false
[18:01:33] [Render thread/INFO] (lodekeeper) [Lodekeeper] PROGRESS elapsed_ms=551333 phase=crafting backend=baritone target=none navigation_elapsed_ms=0 navigation_ticks=0 searching=false path_index=0 path_length=0 retries=0 pending_route_events=0 dropped_route_events=0 status=CRAFT_server:minecraft:diamond_helmet:471
[18:01:35] [Render thread/INFO] (lodekeeper) [Lodekeeper] PROGRESS elapsed_ms=553346 phase=crafting backend=baritone target=none navigation_elapsed_ms=0 navigation_ticks=0 searching=false path_index=0 path_length=0 retries=0 pending_route_events=0 dropped_route_events=0 status=CRAFT_server:minecraft:diamond_helmet:471
[18:01:37] [Render thread/INFO] (lodekeeper) [Lodekeeper] STATION_POLICY decision=replace_distant station=minecraft:furnace position=BlockPos{x=-29, y=40, z=62}
[18:01:37] [lodekeeper-planner/INFO] (lodekeeper) [Lodekeeper] PROJECT_MATERIALS project=gear_diamond before=[] after=[]
[18:01:37] [lodekeeper-planner/INFO] (lodekeeper) [Lodekeeper] PLAN project=gear_diamond success=true steps=6 branches=28 elapsedMs=0.891841
[18:01:37] [Render thread/INFO] (lodekeeper) [Lodekeeper] STEP kind=CRAFT source=server:minecraft:diamond_hoe:472 output=minecraft:diamond_hoe count=1 operations=1 auxiliary=false
[18:01:37] [Render thread/INFO] (lodekeeper) [Lodekeeper] PROGRESS elapsed_ms=555393 phase=crafting backend=baritone target=none navigation_elapsed_ms=0 navigation_ticks=0 searching=false path_index=0 path_length=0 retries=0 pending_route_events=0 dropped_route_events=0 status=CRAFT_server:minecraft:diamond_hoe:472
[18:01:40] [Render thread/INFO] (lodekeeper) [Lodekeeper] PROGRESS elapsed_ms=557439 phase=crafting backend=baritone target=none navigation_elapsed_ms=0 navigation_ticks=0 searching=false path_index=0 path_length=0 retries=0 pending_route_events=0 dropped_route_events=0 status=CRAFT_server:minecraft:diamond_hoe:472
[18:01:40] [Render thread/INFO] (lodekeeper) [Lodekeeper] STATION_POLICY decision=replace_distant station=minecraft:furnace position=BlockPos{x=-29, y=40, z=62}
[18:01:40] [lodekeeper-planner/INFO] (lodekeeper) [Lodekeeper] PROJECT_MATERIALS project=gear_diamond before=[] after=[]
[18:01:40] [lodekeeper-planner/INFO] (lodekeeper) [Lodekeeper] PLAN project=gear_diamond success=true steps=5 branches=23 elapsedMs=0.685319
[18:01:40] [Render thread/INFO] (lodekeeper) [Lodekeeper] STEP kind=CRAFT source=server:minecraft:diamond_leggings:473 output=minecraft:diamond_leggings count=1 operations=1 auxiliary=false
[18:01:42] [Render thread/INFO] (lodekeeper) [Lodekeeper] PROGRESS elapsed_ms=559486 phase=crafting backend=baritone target=none navigation_elapsed_ms=0 navigation_ticks=0 searching=false path_index=0 path_length=0 retries=0 pending_route_events=0 dropped_route_events=0 status=CRAFT_server:minecraft:diamond_leggings:473
[18:01:44] [Render thread/INFO] (lodekeeper) [Lodekeeper] PROGRESS elapsed_ms=561541 phase=crafting backend=baritone target=none navigation_elapsed_ms=0 navigation_ticks=0 searching=false path_index=0 path_length=0 retries=0 pending_route_events=0 dropped_route_events=0 status=CRAFT_server:minecraft:diamond_leggings:473
[18:01:46] [Render thread/INFO] (lodekeeper) [Lodekeeper] STATION_POLICY decision=replace_distant station=minecraft:furnace position=BlockPos{x=-29, y=40, z=62}
[18:01:46] [lodekeeper-planner/INFO] (lodekeeper) [Lodekeeper] PROJECT_MATERIALS project=gear_diamond before=[] after=[]
[18:01:46] [lodekeeper-planner/INFO] (lodekeeper) [Lodekeeper] PLAN project=gear_diamond success=true steps=4 branches=19 elapsedMs=1.881182
[18:01:46] [Render thread/INFO] (lodekeeper) [Lodekeeper] STEP kind=CRAFT source=server:minecraft:birch_planks:59 output=minecraft:birch_planks count=4 operations=1 auxiliary=false
[18:01:46] [Render thread/INFO] (lodekeeper) [Lodekeeper] PROGRESS elapsed_ms=563592 phase=crafting backend=baritone target=none navigation_elapsed_ms=0 navigation_ticks=0 searching=false path_index=0 path_length=0 retries=0 pending_route_events=0 dropped_route_events=0 status=CRAFT_server:minecraft:birch_planks:59
[18:01:47] [Render thread/INFO] (lodekeeper) [Lodekeeper] STATION_POLICY decision=replace_distant station=minecraft:furnace position=BlockPos{x=-29, y=40, z=62}
[18:01:47] [Render thread/INFO] (lodekeeper) [Lodekeeper] STEP kind=CRAFT source=server:minecraft:furnace:657 output=minecraft:furnace count=1 operations=1 auxiliary=true
[18:01:48] [Render thread/INFO] (lodekeeper) [Lodekeeper] PROGRESS elapsed_ms=565637 phase=working backend=baritone target=none navigation_elapsed_ms=0 navigation_ticks=0 searching=false path_index=0 path_length=0 retries=0 pending_route_events=0 dropped_route_events=0 status=preparing_for_task___CRAFT_server:minecraft:furnace:657
[18:01:50] [Render thread/INFO] (lodekeeper) [Lodekeeper] PROGRESS elapsed_ms=567688 phase=working backend=baritone target=none navigation_elapsed_ms=0 navigation_ticks=0 searching=false path_index=0 path_length=0 retries=0 pending_route_events=0 dropped_route_events=0 status=preparing_for_task___CRAFT_server:minecraft:furnace:657
[18:01:52] [Render thread/INFO] (lodekeeper) [Lodekeeper] PROGRESS elapsed_ms=569732 phase=working backend=baritone target=none navigation_elapsed_ms=0 navigation_ticks=0 searching=false path_index=0 path_length=0 retries=0 pending_route_events=0 dropped_route_events=0 status=preparing_for_task___CRAFT_server:minecraft:furnace:657
[18:01:53] [Render thread/INFO] (lodekeeper) [Lodekeeper] STATION_POLICY decision=replace_distant station=minecraft:furnace position=BlockPos{x=-29, y=40, z=62}
[18:01:53] [Render thread/INFO] (lodekeeper) [Lodekeeper] STEP kind=PLACE_STATION source=place:minecraft:furnace output=null count=0 operations=1 auxiliary=true
[18:01:53] [Render thread/INFO] (lodekeeper) [Lodekeeper] TARGET target=-32,-19,77 block=minecraft:furnace
[18:01:53] [Render thread/INFO] (lodekeeper) [Lodekeeper] TARGET target=none
[18:01:53] [Render thread/INFO] (lodekeeper) [Lodekeeper] SMELT_REQUIREMENTS source=server:minecraft:cooked_beef:278 selected=[SelectedItemRequirement[item=minecraft:beef, count=4, consumed=true, purpose=smelting input, recipeSlot=-1], SelectedItemRequirement[item=minecraft:birch_planks, count=3, consumed=true, purpose=smelting fuel, recipeSlot=-1], SelectedStationRequirement[station=minecraft:furnace, purpose=use station]]
[18:01:53] [Render thread/INFO] (lodekeeper) [Lodekeeper] STEP kind=SMELT source=server:minecraft:cooked_beef:278 output=minecraft:cooked_beef count=4 operations=4 auxiliary=true
[18:01:54] [Render thread/INFO] (lodekeeper) [Lodekeeper] PROGRESS elapsed_ms=571740 phase=working backend=baritone target=none navigation_elapsed_ms=0 navigation_ticks=0 searching=false path_index=0 path_length=0 retries=0 pending_route_events=0 dropped_route_events=0 status=preparing_for_task___SMELT_server:minecraft:cooked_beef:278
[18:01:56] [Render thread/INFO] (lodekeeper) [Lodekeeper] PROGRESS elapsed_ms=573785 phase=working backend=baritone target=none navigation_elapsed_ms=0 navigation_ticks=0 searching=false path_index=0 path_length=0 retries=0 pending_route_events=0 dropped_route_events=0 status=preparing_for_task___SMELT_server:minecraft:cooked_beef:278
[18:01:58] [Render thread/INFO] (lodekeeper) [Lodekeeper] PROGRESS elapsed_ms=575797 phase=working backend=baritone target=none navigation_elapsed_ms=0 navigation_ticks=0 searching=false path_index=0 path_length=0 retries=0 pending_route_events=0 dropped_route_events=0 status=preparing_for_task___SMELT_server:minecraft:cooked_beef:278
[18:02:00] [Render thread/INFO] (lodekeeper) [Lodekeeper] PROGRESS elapsed_ms=577870 phase=working backend=baritone target=none navigation_elapsed_ms=0 navigation_ticks=0 searching=false path_index=0 path_length=0 retries=0 pending_route_events=0 dropped_route_events=0 status=preparing_for_task___SMELT_server:minecraft:cooked_beef:278
[18:02:02] [Render thread/INFO] (lodekeeper) [Lodekeeper] PROGRESS elapsed_ms=579876 phase=working backend=baritone target=none navigation_elapsed_ms=0 navigation_ticks=0 searching=false path_index=0 path_length=0 retries=0 pending_route_events=0 dropped_route_events=0 status=preparing_for_task___SMELT_server:minecraft:cooked_beef:278
[18:02:04] [Render thread/INFO] (lodekeeper) [Lodekeeper] PROGRESS elapsed_ms=581882 phase=working backend=baritone target=none navigation_elapsed_ms=0 navigation_ticks=0 searching=false path_index=0 path_length=0 retries=0 pending_route_events=0 dropped_route_events=0 status=preparing_for_task___SMELT_server:minecraft:cooked_beef:278
[18:02:06] [Render thread/INFO] (lodekeeper) [Lodekeeper] PROGRESS elapsed_ms=583885 phase=working backend=baritone target=none navigation_elapsed_ms=0 navigation_ticks=0 searching=false path_index=0 path_length=0 retries=0 pending_route_events=0 dropped_route_events=0 status=preparing_for_task___SMELT_server:minecraft:cooked_beef:278
[18:02:08] [Render thread/INFO] (lodekeeper) [Lodekeeper] PROGRESS elapsed_ms=585887 phase=working backend=baritone target=none navigation_elapsed_ms=0 navigation_ticks=0 searching=false path_index=0 path_length=0 retries=0 pending_route_events=0 dropped_route_events=0 status=preparing_for_task___SMELT_server:minecraft:cooked_beef:278
[18:02:10] [Render thread/INFO] (lodekeeper) [Lodekeeper] PROGRESS elapsed_ms=587892 phase=working backend=baritone target=none navigation_elapsed_ms=0 navigation_ticks=0 searching=false path_index=0 path_length=0 retries=0 pending_route_events=0 dropped_route_events=0 status=preparing_for_task___SMELT_server:minecraft:cooked_beef:278
[18:02:12] [Render thread/INFO] (lodekeeper) [Lodekeeper] PROGRESS elapsed_ms=589894 phase=working backend=baritone target=none navigation_elapsed_ms=0 navigation_ticks=0 searching=false path_index=0 path_length=0 retries=0 pending_route_events=0 dropped_route_events=0 status=preparing_for_task___SMELT_server:minecraft:cooked_beef:278
[18:02:14] [Render thread/INFO] (lodekeeper) [Lodekeeper] PROGRESS elapsed_ms=591898 phase=working backend=baritone target=none navigation_elapsed_ms=0 navigation_ticks=0 searching=false path_index=0 path_length=0 retries=0 pending_route_events=0 dropped_route_events=0 status=preparing_for_task___SMELT_server:minecraft:cooked_beef:278
[18:02:16] [Render thread/INFO] (lodekeeper) [Lodekeeper] PROGRESS elapsed_ms=593906 phase=working backend=baritone target=none navigation_elapsed_ms=0 navigation_ticks=0 searching=false path_index=0 path_length=0 retries=0 pending_route_events=0 dropped_route_events=0 status=preparing_for_task___SMELT_server:minecraft:cooked_beef:278
[18:02:18] [Render thread/INFO] (lodekeeper) [Lodekeeper] PROGRESS elapsed_ms=595912 phase=working backend=baritone target=none navigation_elapsed_ms=0 navigation_ticks=0 searching=false path_index=0 path_length=0 retries=0 pending_route_events=0 dropped_route_events=0 status=preparing_for_task___SMELT_server:minecraft:cooked_beef:278
[18:02:20] [Render thread/INFO] (lodekeeper) [Lodekeeper] PROGRESS elapsed_ms=597915 phase=working backend=baritone target=none navigation_elapsed_ms=0 navigation_ticks=0 searching=false path_index=0 path_length=0 retries=0 pending_route_events=0 dropped_route_events=0 status=preparing_for_task___SMELT_server:minecraft:cooked_beef:278
[18:02:22] [Render thread/INFO] (lodekeeper) [Lodekeeper] PROGRESS elapsed_ms=599920 phase=working backend=baritone target=none navigation_elapsed_ms=0 navigation_ticks=0 searching=false path_index=0 path_length=0 retries=0 pending_route_events=0 dropped_route_events=0 status=preparing_for_task___SMELT_server:minecraft:cooked_beef:278
[18:02:24] [Render thread/INFO] (lodekeeper) [Lodekeeper] PROGRESS elapsed_ms=601925 phase=working backend=baritone target=none navigation_elapsed_ms=0 navigation_ticks=0 searching=false path_index=0 path_length=0 retries=0 pending_route_events=0 dropped_route_events=0 status=preparing_for_task___SMELT_server:minecraft:cooked_beef:278
[18:02:26] [Render thread/INFO] (lodekeeper) [Lodekeeper] PROGRESS elapsed_ms=603929 phase=working backend=baritone target=none navigation_elapsed_ms=0 navigation_ticks=0 searching=false path_index=0 path_length=0 retries=0 pending_route_events=0 dropped_route_events=0 status=preparing_for_task___SMELT_server:minecraft:cooked_beef:278
[18:02:28] [Render thread/INFO] (lodekeeper) [Lodekeeper] PROGRESS elapsed_ms=605933 phase=working backend=baritone target=none navigation_elapsed_ms=0 navigation_ticks=0 searching=false path_index=0 path_length=0 retries=0 pending_route_events=0 dropped_route_events=0 status=preparing_for_task___SMELT_server:minecraft:cooked_beef:278
[18:02:30] [Render thread/INFO] (lodekeeper) [Lodekeeper] PROGRESS elapsed_ms=607936 phase=working backend=baritone target=none navigation_elapsed_ms=0 navigation_ticks=0 searching=false path_index=0 path_length=0 retries=0 pending_route_events=0 dropped_route_events=0 status=preparing_for_task___SMELT_server:minecraft:cooked_beef:278
[18:02:32] [Render thread/INFO] (lodekeeper) [Lodekeeper] PROGRESS elapsed_ms=609939 phase=working backend=baritone target=none navigation_elapsed_ms=0 navigation_ticks=0 searching=false path_index=0 path_length=0 retries=0 pending_route_events=0 dropped_route_events=0 status=preparing_for_task___SMELT_server:minecraft:cooked_beef:278
[18:02:34] [Render thread/INFO] (lodekeeper) [Lodekeeper] PROGRESS elapsed_ms=611943 phase=working backend=baritone target=none navigation_elapsed_ms=0 navigation_ticks=0 searching=false path_index=0 path_length=0 retries=0 pending_route_events=0 dropped_route_events=0 status=preparing_for_task___SMELT_server:minecraft:cooked_beef:278
[18:02:35] [lodekeeper-planner/INFO] (lodekeeper) [Lodekeeper] PROJECT_MATERIALS project=gear_diamond before=[] after=[]
[18:02:35] [lodekeeper-planner/INFO] (lodekeeper) [Lodekeeper] PLAN project=gear_diamond success=true steps=3 branches=14 elapsedMs=1.247087
[18:02:35] [Render thread/INFO] (lodekeeper) [Lodekeeper] STEP kind=CRAFT source=server:minecraft:stick:1422 output=minecraft:stick count=4 operations=1 auxiliary=false
[18:02:36] [Render thread/INFO] (lodekeeper) [Lodekeeper] PROGRESS elapsed_ms=613947 phase=crafting backend=baritone target=none navigation_elapsed_ms=0 navigation_ticks=0 searching=false path_index=0 path_length=0 retries=0 pending_route_events=0 dropped_route_events=0 status=CRAFT_server:minecraft:stick:1422
[18:02:37] [lodekeeper-planner/INFO] (lodekeeper) [Lodekeeper] PROJECT_MATERIALS project=gear_diamond before=[] after=[]
[18:02:37] [lodekeeper-planner/INFO] (lodekeeper) [Lodekeeper] PLAN project=gear_diamond success=true steps=2 branches=10 elapsedMs=0.424963
[18:02:37] [Render thread/INFO] (lodekeeper) [Lodekeeper] STEP kind=CRAFT source=server:minecraft:diamond_shovel:475 output=minecraft:diamond_shovel count=1 operations=1 auxiliary=false
[18:02:38] [Render thread/INFO] (lodekeeper) [Lodekeeper] PROGRESS elapsed_ms=615952 phase=crafting backend=baritone target=none navigation_elapsed_ms=0 navigation_ticks=0 searching=false path_index=0 path_length=0 retries=0 pending_route_events=0 dropped_route_events=0 status=CRAFT_server:minecraft:diamond_shovel:475
[18:02:39] [lodekeeper-planner/INFO] (lodekeeper) [Lodekeeper] PROJECT_MATERIALS project=gear_diamond before=[] after=[]
[18:02:39] [lodekeeper-planner/INFO] (lodekeeper) [Lodekeeper] PLAN project=gear_diamond success=true steps=1 branches=5 elapsedMs=0.470367
[18:02:39] [Render thread/INFO] (lodekeeper) [Lodekeeper] STEP kind=CRAFT source=server:minecraft:diamond_sword:477 output=minecraft:diamond_sword count=1 operations=1 auxiliary=false
[18:02:40] [Render thread/INFO] (lodekeeper) [Lodekeeper] PROGRESS elapsed_ms=617955 phase=crafting backend=baritone target=none navigation_elapsed_ms=0 navigation_ticks=0 searching=false path_index=0 path_length=0 retries=0 pending_route_events=0 dropped_route_events=0 status=CRAFT_server:minecraft:diamond_sword:477
[18:02:42] [Render thread/INFO] (Minecraft) [System] [CHAT] [Lodekeeper] Project complete: gear_diamond (all 9 inventory targets are present)
[18:02:42] [Render thread/INFO] (lodekeeper) [Lodekeeper] task_end reason=idle label=gear_diamond___diamond_pickaxe elapsed_ms=619797 pending_route_events=0 dropped_route_events=0 status=idle
[18:02:50] [Render thread/INFO] (Minecraft) [STDOUT]: [Lodekeeper natural verification] passed; evidence: /private/tmp/lodekeeper-preview11-placement-natural-263/run-verification/verification/2026-10-06T16-51-58.287326Z-211ef794/evidence
