[15:29:30] [Render thread/INFO] (Minecraft) [STDOUT]: [Lodekeeper natural verification] Starting gear_diamond in a normal survival world; evidence under /private/tmp/lodekeeper-preview10-hunt-fixed-natural-1211/run/verification/evidence
[15:29:30] [Render thread/INFO] (lodekeeper) [Lodekeeper] INIT mod=0.1.0-preview.10 minecraft=1.21.1
[15:30:01] [Render thread/INFO] (Minecraft) [System] [CHAT] [Lodekeeper] Queued project gear_diamond (9 inventory targets; A full diamond tool and armor set (35 diamonds in recipes).)
[15:30:01] [Render thread/INFO] (Minecraft) [STDOUT]: [Lodekeeper natural verification] Sent !lk project gear_diamond at server tick 92
[15:30:01] [Render thread/INFO] (lodekeeper) [Lodekeeper] BEGIN label=gear_diamond___diamond_pickaxe goal=1 inventory=0 startfeet=-8,74,39 elapsed_ms=0 continued=false
[15:30:01] [lodekeeper-planner/INFO] (lodekeeper) [Lodekeeper] PLAN project=gear_diamond success=false steps=0 branches=45 elapsedMs=22.133881
[15:30:01] [lodekeeper-planner/INFO] (lodekeeper) [Lodekeeper] PROJECT_MATERIALS project=gear_diamond before=[gather:minecraft:birch_log:1, gather:minecraft:birch_log:1, gather:minecraft:birch_log:1, gather:minecraft:stone:3, gather:minecraft:iron_ore:3, gather:minecraft:stone:8, gather:minecraft:birch_log:1, gather:minecraft:diamond_ore:3, gather:minecraft:diamond_ore:3, gather:minecraft:diamond_ore:4, gather:minecraft:diamond_ore:8, gather:minecraft:diamond_ore:5, gather:minecraft:diamond_ore:2, gather:minecraft:diamond_ore:7, gather:minecraft:diamond_ore:1, gather:minecraft:acacia_log:1, gather:minecraft:diamond_ore:2] after=[gather:minecraft:birch_log:1, gather:minecraft:birch_log:1, gather:minecraft:birch_log:1, gather:minecraft:stone:3, gather:minecraft:iron_ore:3, gather:minecraft:stone:8, gather:minecraft:birch_log:1, gather:minecraft:diamond_ore:3, gather:minecraft:diamond_ore:3, gather:minecraft:diamond_ore:4, gather:minecraft:diamond_ore:8, gather:minecraft:diamond_ore:5, gather:minecraft:diamond_ore:2, gather:minecraft:diamond_ore:7, gather:minecraft:diamond_ore:1, gather:minecraft:birch_log:1, gather:minecraft:diamond_ore:2]
[15:30:01] [lodekeeper-planner/INFO] (lodekeeper) [Lodekeeper] PLAN project=gear_diamond success=true steps=43 branches=424 elapsedMs=33.885053
[15:30:01] [Render thread/INFO] (lodekeeper) [Lodekeeper] STEP kind=GATHER source=gather:minecraft:birch_log output=minecraft:birch_log count=5 operations=5 auxiliary=false
[15:30:01] [Render thread/INFO] (lodekeeper) [Lodekeeper] MINING_DEPTH policy=NEAREST desiredY=-2147483648 ceiling=2031 deficit=5 phase=MINE blocks=[Block{minecraft:birch_log}]
[15:30:02] [Render thread/INFO] (lodekeeper) [Lodekeeper] NAV scan=native-mine durationNanos=454004607 hits=-1 requestTicks=0
[15:30:02] [Render thread/INFO] (lodekeeper) [Lodekeeper] NAV backend=baritone mode=MINE event=CALC_STARTED elapsedMs=467
[15:30:02] [Render thread/INFO] (lodekeeper) [Lodekeeper] NAV calcTool=minecraft:air slot=0
[15:30:02] [Render thread/INFO] (lodekeeper) [Lodekeeper] ROUTE_SEARCH kind=unknown anchor=unknown feet_y16=0 candidates=0 target=none elapsed_ms=816
[15:30:02] [Render thread/INFO] (lodekeeper) [Lodekeeper] NAV backend=baritone mode=MINE event=CALC_FINISHED_NOW_EXECUTING elapsedMs=668
[15:30:02] [Render thread/INFO] (lodekeeper) [Lodekeeper] BREAK target=Mutable{x=-8, y=75, z=38} block=Block{minecraft:birch_leaves} tool=minecraft:air slot=0 remaining=-1 required=route
[15:30:02] [Render thread/INFO] (lodekeeper) [Lodekeeper] TARGET target=-7,73,38 block=minecraft:birch_log
[15:30:02] [Render thread/INFO] (lodekeeper) [Lodekeeper] ROUTE_TRAVEL path_index=0 path_length=4 target=-7,73,38 block=minecraft:birch_log elapsed_ms=1097
[15:30:03] [Render thread/INFO] (lodekeeper) [Lodekeeper] BREAK target=Mutable{x=-7, y=75, z=38} block=Block{minecraft:birch_leaves} tool=minecraft:air slot=0 remaining=-1 required=route
[15:30:03] [Render thread/INFO] (lodekeeper) [Lodekeeper] PROGRESS elapsed_ms=2018 phase=traveling backend=baritone target=-7,73,38 block=minecraft:birch_log navigation_elapsed_ms=1588 navigation_ticks=32 searching=false path_index=0 path_length=3 retries=0 pending_route_events=0 dropped_route_events=0 status=mining_and_collecting_minecraft:birch_log___0/5
[15:30:03] [Render thread/INFO] (lodekeeper) [Lodekeeper] BREAK target=Mutable{x=-7, y=74, z=38} block=Block{minecraft:birch_log} tool=minecraft:air slot=0 remaining=-1 required=route
[15:30:05] [Render thread/INFO] (lodekeeper) [Lodekeeper] PROGRESS elapsed_ms=4022 phase=traveling backend=baritone target=-7,73,38 block=minecraft:birch_log navigation_elapsed_ms=3594 navigation_ticks=72 searching=false path_index=0 path_length=3 retries=0 pending_route_events=0 dropped_route_events=0 status=mining_and_collecting_minecraft:birch_log___0/5
[15:30:07] [Render thread/INFO] (lodekeeper) [Lodekeeper] BREAK target=Mutable{x=-7, y=73, z=38} block=Block{minecraft:birch_log} tool=minecraft:birch_log slot=0 remaining=-1 required=route
[15:30:07] [Render thread/INFO] (lodekeeper) [Lodekeeper] PROGRESS elapsed_ms=6046 phase=traveling backend=baritone target=-7,73,38 block=minecraft:birch_log navigation_elapsed_ms=5580 navigation_ticks=112 searching=false path_index=0 path_length=3 retries=0 pending_route_events=0 dropped_route_events=0 status=mining_and_collecting_minecraft:birch_log___1/5
[15:30:09] [Render thread/INFO] (lodekeeper) [Lodekeeper] PROGRESS elapsed_ms=8060 phase=traveling backend=baritone target=-7,73,38 block=minecraft:birch_log navigation_elapsed_ms=7595 navigation_ticks=152 searching=false path_index=0 path_length=2 retries=0 pending_route_events=0 dropped_route_events=0 status=mining_and_collecting_minecraft:birch_log___1/5
[15:30:10] [Render thread/INFO] (lodekeeper) [Lodekeeper] TARGET target=-7,72,38 block=minecraft:birch_log
[15:30:10] [Render thread/INFO] (lodekeeper) [Lodekeeper] NAV backend=baritone mode=MINE event=CALC_STARTED elapsedMs=8819
[15:30:10] [Render thread/INFO] (lodekeeper) [Lodekeeper] NAV calcTool=minecraft:birch_log slot=0
[15:30:10] [Render thread/INFO] (lodekeeper) [Lodekeeper] NAV backend=baritone mode=MINE event=CALC_FINISHED_NOW_EXECUTING elapsedMs=8819
[15:30:10] [Render thread/INFO] (lodekeeper) [Lodekeeper] BREAK target=Mutable{x=-7, y=72, z=38} block=Block{minecraft:birch_log} tool=minecraft:birch_log slot=0 remaining=-1 required=route
[15:30:11] [Render thread/INFO] (lodekeeper) [Lodekeeper] PROGRESS elapsed_ms=10125 phase=traveling backend=baritone target=-7,72,38 block=minecraft:birch_log navigation_elapsed_ms=9798 navigation_ticks=196 searching=false path_index=0 path_length=2 retries=0 pending_route_events=0 dropped_route_events=0 status=mining_and_collecting_minecraft:birch_log___2/5
[15:30:13] [Render thread/INFO] (lodekeeper) [Lodekeeper] PROGRESS elapsed_ms=12174 phase=traveling backend=baritone target=-7,72,38 block=minecraft:birch_log navigation_elapsed_ms=11776 navigation_ticks=236 searching=false path_index=0 path_length=2 retries=0 pending_route_events=0 dropped_route_events=0 status=mining_and_collecting_minecraft:birch_log___2/5
[15:30:14] [Render thread/INFO] (lodekeeper) [Lodekeeper] TARGET target=-7,71,38 block=minecraft:birch_log
[15:30:14] [Render thread/INFO] (lodekeeper) [Lodekeeper] NAV backend=baritone mode=MINE event=CALC_STARTED elapsedMs=12189
[15:30:14] [Render thread/INFO] (lodekeeper) [Lodekeeper] NAV calcTool=minecraft:birch_log slot=0
[15:30:14] [Render thread/INFO] (lodekeeper) [Lodekeeper] NAV backend=baritone mode=MINE event=CALC_FINISHED_NOW_EXECUTING elapsedMs=12189
[15:30:14] [Render thread/INFO] (lodekeeper) [Lodekeeper] BREAK target=Mutable{x=-7, y=71, z=38} block=Block{minecraft:birch_log} tool=minecraft:birch_log slot=0 remaining=-1 required=route
[15:30:15] [Render thread/INFO] (lodekeeper) [Lodekeeper] PROGRESS elapsed_ms=14182 phase=traveling backend=baritone target=-7,71,38 block=minecraft:birch_log navigation_elapsed_ms=13776 navigation_ticks=276 searching=false path_index=0 path_length=2 retries=0 pending_route_events=0 dropped_route_events=0 status=mining_and_collecting_minecraft:birch_log___3/5
[15:30:17] [Render thread/INFO] (lodekeeper) [Lodekeeper] NAV backend=baritone mode=MINE event=CALC_STARTED elapsedMs=15548
[15:30:17] [Render thread/INFO] (lodekeeper) [Lodekeeper] NAV calcTool=minecraft:birch_log slot=0
[15:30:17] [Render thread/INFO] (lodekeeper) [Lodekeeper] NAV backend=baritone mode=MINE event=CALC_FINISHED_NOW_EXECUTING elapsedMs=15549
[15:30:17] [Render thread/INFO] (lodekeeper) [Lodekeeper] TARGET target=-7,70,38 block=minecraft:birch_log
[15:30:17] [Render thread/INFO] (lodekeeper) [Lodekeeper] BREAK target=Mutable{x=-7, y=70, z=38} block=Block{minecraft:birch_log} tool=minecraft:birch_log slot=0 remaining=-1 required=route
[15:30:17] [Render thread/INFO] (lodekeeper) [Lodekeeper] PROGRESS elapsed_ms=16219 phase=traveling backend=baritone target=-7,70,38 block=minecraft:birch_log navigation_elapsed_ms=15789 navigation_ticks=316 searching=false path_index=0 path_length=2 retries=0 pending_route_events=0 dropped_route_events=0 status=mining_and_collecting_minecraft:birch_log___3/5
[15:30:19] [Render thread/INFO] (lodekeeper) [Lodekeeper] PROGRESS elapsed_ms=18269 phase=traveling backend=baritone target=-7,70,38 block=minecraft:birch_log navigation_elapsed_ms=17768 navigation_ticks=356 searching=false path_index=0 path_length=2 retries=0 pending_route_events=0 dropped_route_events=0 status=mining_and_collecting_minecraft:birch_log___4/5
[15:30:20] [Render thread/INFO] (lodekeeper) [Lodekeeper] NAV backend=baritone mode=MINE event=CALC_STARTED elapsedMs=18870
[15:30:20] [Render thread/INFO] (lodekeeper) [Lodekeeper] NAV calcTool=minecraft:birch_log slot=0
[15:30:20] [Render thread/INFO] (lodekeeper) [Lodekeeper] NAV backend=baritone mode=MINE event=CALC_FINISHED_NOW_EXECUTING elapsedMs=18870
[15:30:20] [Render thread/INFO] (lodekeeper) [Lodekeeper] TARGET target=-7,69,38 block=minecraft:birch_log
[15:30:20] [Render thread/INFO] (lodekeeper) [Lodekeeper] BREAK target=Mutable{x=-7, y=69, z=38} block=Block{minecraft:birch_log} tool=minecraft:birch_log slot=0 remaining=-1 required=route
[15:30:21] [Render thread/INFO] (lodekeeper) [Lodekeeper] TARGET target=none
[15:30:21] [lodekeeper-planner/INFO] (lodekeeper) [Lodekeeper] PROJECT_MATERIALS project=gear_diamond before=[gather:minecraft:stone:3, gather:minecraft:iron_ore:3, gather:minecraft:stone:8, gather:minecraft:diamond_ore:3, gather:minecraft:diamond_ore:3, gather:minecraft:birch_log:1, gather:minecraft:diamond_ore:4, gather:minecraft:diamond_ore:8, gather:minecraft:diamond_ore:5, gather:minecraft:diamond_ore:2, gather:minecraft:diamond_ore:7, gather:minecraft:diamond_ore:1, gather:minecraft:diamond_ore:2] after=[gather:minecraft:stone:3, gather:minecraft:iron_ore:3, gather:minecraft:stone:8, gather:minecraft:diamond_ore:3, gather:minecraft:diamond_ore:3, gather:minecraft:birch_log:1, gather:minecraft:diamond_ore:4, gather:minecraft:diamond_ore:8, gather:minecraft:diamond_ore:5, gather:minecraft:diamond_ore:2, gather:minecraft:diamond_ore:7, gather:minecraft:diamond_ore:1, gather:minecraft:diamond_ore:2]
[15:30:21] [lodekeeper-planner/INFO] (lodekeeper) [Lodekeeper] PLAN project=gear_diamond success=true steps=38 branches=176 elapsedMs=12.023774
[15:30:21] [Render thread/INFO] (lodekeeper) [Lodekeeper] STEP kind=CRAFT source=minecraft:birch_planks output=minecraft:birch_planks count=4 operations=1 auxiliary=false
[15:30:21] [Render thread/INFO] (lodekeeper) [Lodekeeper] PROGRESS elapsed_ms=20270 phase=crafting backend=baritone target=none navigation_elapsed_ms=0 navigation_ticks=0 searching=false path_index=0 path_length=0 retries=0 pending_route_events=0 dropped_route_events=0 status=CRAFT_minecraft:birch_planks
[15:30:22] [lodekeeper-planner/INFO] (lodekeeper) [Lodekeeper] PROJECT_MATERIALS project=gear_diamond before=[gather:minecraft:stone:3, gather:minecraft:iron_ore:3, gather:minecraft:stone:8, gather:minecraft:diamond_ore:3, gather:minecraft:diamond_ore:3, gather:minecraft:birch_log:1, gather:minecraft:diamond_ore:4, gather:minecraft:diamond_ore:8, gather:minecraft:diamond_ore:5, gather:minecraft:diamond_ore:2, gather:minecraft:diamond_ore:7, gather:minecraft:diamond_ore:1, gather:minecraft:diamond_ore:2] after=[gather:minecraft:stone:3, gather:minecraft:iron_ore:3, gather:minecraft:stone:8, gather:minecraft:diamond_ore:3, gather:minecraft:diamond_ore:3, gather:minecraft:birch_log:1, gather:minecraft:diamond_ore:4, gather:minecraft:diamond_ore:8, gather:minecraft:diamond_ore:5, gather:minecraft:diamond_ore:2, gather:minecraft:diamond_ore:7, gather:minecraft:diamond_ore:1, gather:minecraft:diamond_ore:2]
[15:30:22] [lodekeeper-planner/INFO] (lodekeeper) [Lodekeeper] PLAN project=gear_diamond success=true steps=37 branches=172 elapsedMs=6.546075
[15:30:22] [Render thread/INFO] (lodekeeper) [Lodekeeper] STEP kind=CRAFT source=minecraft:stick output=minecraft:stick count=4 operations=1 auxiliary=false
[15:30:23] [Render thread/INFO] (lodekeeper) [Lodekeeper] PROGRESS elapsed_ms=22299 phase=crafting backend=baritone target=none navigation_elapsed_ms=0 navigation_ticks=0 searching=false path_index=0 path_length=0 retries=0 pending_route_events=0 dropped_route_events=0 status=CRAFT_minecraft:stick
[15:30:24] [lodekeeper-planner/INFO] (lodekeeper) [Lodekeeper] PROJECT_MATERIALS project=gear_diamond before=[gather:minecraft:stone:3, gather:minecraft:iron_ore:3, gather:minecraft:stone:8, gather:minecraft:diamond_ore:3, gather:minecraft:diamond_ore:3, gather:minecraft:birch_log:1, gather:minecraft:diamond_ore:4, gather:minecraft:diamond_ore:8, gather:minecraft:diamond_ore:5, gather:minecraft:diamond_ore:2, gather:minecraft:diamond_ore:7, gather:minecraft:diamond_ore:1, gather:minecraft:diamond_ore:2] after=[gather:minecraft:stone:3, gather:minecraft:iron_ore:3, gather:minecraft:stone:8, gather:minecraft:diamond_ore:3, gather:minecraft:diamond_ore:3, gather:minecraft:birch_log:1, gather:minecraft:diamond_ore:4, gather:minecraft:diamond_ore:8, gather:minecraft:diamond_ore:5, gather:minecraft:diamond_ore:2, gather:minecraft:diamond_ore:7, gather:minecraft:diamond_ore:1, gather:minecraft:diamond_ore:2]
[15:30:24] [lodekeeper-planner/INFO] (lodekeeper) [Lodekeeper] PLAN project=gear_diamond success=true steps=36 branches=168 elapsedMs=6.208504
[15:30:24] [Render thread/INFO] (lodekeeper) [Lodekeeper] STEP kind=CRAFT source=minecraft:birch_planks output=minecraft:birch_planks count=4 operations=1 auxiliary=false
[15:30:25] [lodekeeper-planner/INFO] (lodekeeper) [Lodekeeper] PROJECT_MATERIALS project=gear_diamond before=[gather:minecraft:stone:3, gather:minecraft:iron_ore:3, gather:minecraft:stone:8, gather:minecraft:diamond_ore:3, gather:minecraft:diamond_ore:3, gather:minecraft:birch_log:1, gather:minecraft:diamond_ore:4, gather:minecraft:diamond_ore:8, gather:minecraft:diamond_ore:5, gather:minecraft:diamond_ore:2, gather:minecraft:diamond_ore:7, gather:minecraft:diamond_ore:1, gather:minecraft:diamond_ore:2] after=[gather:minecraft:stone:3, gather:minecraft:iron_ore:3, gather:minecraft:stone:8, gather:minecraft:diamond_ore:3, gather:minecraft:diamond_ore:3, gather:minecraft:birch_log:1, gather:minecraft:diamond_ore:4, gather:minecraft:diamond_ore:8, gather:minecraft:diamond_ore:5, gather:minecraft:diamond_ore:2, gather:minecraft:diamond_ore:7, gather:minecraft:diamond_ore:1, gather:minecraft:diamond_ore:2]
[15:30:25] [lodekeeper-planner/INFO] (lodekeeper) [Lodekeeper] PLAN project=gear_diamond success=true steps=35 branches=163 elapsedMs=6.149539
[15:30:25] [Render thread/INFO] (lodekeeper) [Lodekeeper] STEP kind=CRAFT source=minecraft:birch_planks output=minecraft:birch_planks count=4 operations=1 auxiliary=false
[15:30:25] [Render thread/INFO] (lodekeeper) [Lodekeeper] PROGRESS elapsed_ms=24319 phase=crafting backend=baritone target=none navigation_elapsed_ms=0 navigation_ticks=0 searching=false path_index=0 path_length=0 retries=0 pending_route_events=0 dropped_route_events=0 status=CRAFT_minecraft:birch_planks
[15:30:26] [lodekeeper-planner/INFO] (lodekeeper) [Lodekeeper] PROJECT_MATERIALS project=gear_diamond before=[gather:minecraft:stone:3, gather:minecraft:iron_ore:3, gather:minecraft:stone:8, gather:minecraft:diamond_ore:3, gather:minecraft:diamond_ore:3, gather:minecraft:birch_log:1, gather:minecraft:diamond_ore:4, gather:minecraft:diamond_ore:8, gather:minecraft:diamond_ore:5, gather:minecraft:diamond_ore:2, gather:minecraft:diamond_ore:7, gather:minecraft:diamond_ore:1, gather:minecraft:diamond_ore:2] after=[gather:minecraft:stone:3, gather:minecraft:iron_ore:3, gather:minecraft:stone:8, gather:minecraft:diamond_ore:3, gather:minecraft:diamond_ore:3, gather:minecraft:birch_log:1, gather:minecraft:diamond_ore:4, gather:minecraft:diamond_ore:8, gather:minecraft:diamond_ore:5, gather:minecraft:diamond_ore:2, gather:minecraft:diamond_ore:7, gather:minecraft:diamond_ore:1, gather:minecraft:diamond_ore:2]
[15:30:26] [lodekeeper-planner/INFO] (lodekeeper) [Lodekeeper] PLAN project=gear_diamond success=true steps=34 branches=158 elapsedMs=6.625634
[15:30:26] [Render thread/INFO] (lodekeeper) [Lodekeeper] STEP kind=CRAFT source=minecraft:crafting_table output=minecraft:crafting_table count=1 operations=1 auxiliary=false
[15:30:27] [Render thread/INFO] (lodekeeper) [Lodekeeper] PROGRESS elapsed_ms=26350 phase=crafting backend=baritone target=none navigation_elapsed_ms=0 navigation_ticks=0 searching=false path_index=0 path_length=0 retries=0 pending_route_events=0 dropped_route_events=0 status=CRAFT_minecraft:crafting_table
[15:30:29] [Render thread/INFO] (lodekeeper) [Lodekeeper] PROGRESS elapsed_ms=28371 phase=crafting backend=baritone target=none navigation_elapsed_ms=0 navigation_ticks=0 searching=false path_index=0 path_length=0 retries=0 pending_route_events=0 dropped_route_events=0 status=CRAFT_minecraft:crafting_table
[15:30:30] [lodekeeper-planner/INFO] (lodekeeper) [Lodekeeper] PROJECT_MATERIALS project=gear_diamond before=[gather:minecraft:stone:3, gather:minecraft:iron_ore:3, gather:minecraft:stone:8, gather:minecraft:diamond_ore:3, gather:minecraft:diamond_ore:3, gather:minecraft:birch_log:1, gather:minecraft:diamond_ore:4, gather:minecraft:diamond_ore:8, gather:minecraft:diamond_ore:5, gather:minecraft:diamond_ore:2, gather:minecraft:diamond_ore:7, gather:minecraft:diamond_ore:1, gather:minecraft:diamond_ore:2] after=[gather:minecraft:stone:3, gather:minecraft:iron_ore:3, gather:minecraft:stone:8, gather:minecraft:diamond_ore:3, gather:minecraft:diamond_ore:3, gather:minecraft:birch_log:1, gather:minecraft:diamond_ore:4, gather:minecraft:diamond_ore:8, gather:minecraft:diamond_ore:5, gather:minecraft:diamond_ore:2, gather:minecraft:diamond_ore:7, gather:minecraft:diamond_ore:1, gather:minecraft:diamond_ore:2]
[15:30:30] [lodekeeper-planner/INFO] (lodekeeper) [Lodekeeper] PLAN project=gear_diamond success=true steps=33 branches=155 elapsedMs=5.103348
[15:30:30] [Render thread/INFO] (lodekeeper) [Lodekeeper] STEP kind=PLACE_STATION source=place:minecraft:crafting_table output=null count=0 operations=1 auxiliary=false
[15:30:30] [Render thread/INFO] (lodekeeper) [Lodekeeper] TARGET target=-6,68,38 block=minecraft:crafting_table
[15:30:30] [Render thread/INFO] (lodekeeper) [Lodekeeper] TARGET target=none
[15:30:30] [lodekeeper-planner/INFO] (lodekeeper) [Lodekeeper] PROJECT_MATERIALS project=gear_diamond before=[gather:minecraft:stone:3, gather:minecraft:iron_ore:3, gather:minecraft:stone:8, gather:minecraft:diamond_ore:3, gather:minecraft:diamond_ore:3, gather:minecraft:birch_log:1, gather:minecraft:diamond_ore:4, gather:minecraft:diamond_ore:8, gather:minecraft:diamond_ore:5, gather:minecraft:diamond_ore:2, gather:minecraft:diamond_ore:7, gather:minecraft:diamond_ore:1, gather:minecraft:diamond_ore:2] after=[gather:minecraft:stone:3, gather:minecraft:iron_ore:3, gather:minecraft:stone:8, gather:minecraft:diamond_ore:3, gather:minecraft:diamond_ore:3, gather:minecraft:birch_log:1, gather:minecraft:diamond_ore:4, gather:minecraft:diamond_ore:8, gather:minecraft:diamond_ore:5, gather:minecraft:diamond_ore:2, gather:minecraft:diamond_ore:7, gather:minecraft:diamond_ore:1, gather:minecraft:diamond_ore:2]
[15:30:30] [lodekeeper-planner/INFO] (lodekeeper) [Lodekeeper] PLAN project=gear_diamond success=true steps=32 branches=154 elapsedMs=5.425491
[15:30:30] [Render thread/INFO] (lodekeeper) [Lodekeeper] STEP kind=CRAFT source=minecraft:wooden_pickaxe output=minecraft:wooden_pickaxe count=1 operations=1 auxiliary=false
[15:30:31] [Render thread/INFO] (lodekeeper) [Lodekeeper] PROGRESS elapsed_ms=30420 phase=crafting backend=baritone target=none navigation_elapsed_ms=0 navigation_ticks=0 searching=false path_index=0 path_length=0 retries=0 pending_route_events=0 dropped_route_events=0 status=CRAFT_minecraft:wooden_pickaxe
[15:30:34] [Render thread/INFO] (lodekeeper) [Lodekeeper] PROGRESS elapsed_ms=32467 phase=crafting backend=baritone target=none navigation_elapsed_ms=0 navigation_ticks=0 searching=false path_index=0 path_length=0 retries=0 pending_route_events=0 dropped_route_events=0 status=CRAFT_minecraft:wooden_pickaxe
[15:30:34] [lodekeeper-planner/INFO] (lodekeeper) [Lodekeeper] PROJECT_MATERIALS project=gear_diamond before=[gather:minecraft:stone:3, gather:minecraft:iron_ore:3, gather:minecraft:stone:8, gather:minecraft:diamond_ore:3, gather:minecraft:diamond_ore:3, gather:minecraft:birch_log:1, gather:minecraft:diamond_ore:4, gather:minecraft:diamond_ore:8, gather:minecraft:diamond_ore:5, gather:minecraft:diamond_ore:2, gather:minecraft:diamond_ore:7, gather:minecraft:diamond_ore:1, gather:minecraft:diamond_ore:2] after=[gather:minecraft:stone:3, gather:minecraft:iron_ore:3, gather:minecraft:stone:8, gather:minecraft:diamond_ore:3, gather:minecraft:diamond_ore:3, gather:minecraft:birch_log:1, gather:minecraft:diamond_ore:4, gather:minecraft:diamond_ore:8, gather:minecraft:diamond_ore:5, gather:minecraft:diamond_ore:2, gather:minecraft:diamond_ore:7, gather:minecraft:diamond_ore:1, gather:minecraft:diamond_ore:2]
[15:30:34] [lodekeeper-planner/INFO] (lodekeeper) [Lodekeeper] PLAN project=gear_diamond success=true steps=31 branches=149 elapsedMs=5.239786
[15:30:34] [Render thread/INFO] (lodekeeper) [Lodekeeper] STEP kind=GATHER source=gather:minecraft:stone output=minecraft:cobblestone count=3 operations=3 auxiliary=false
[15:30:36] [Render thread/INFO] (lodekeeper) [Lodekeeper] PROGRESS elapsed_ms=34494 phase=gathering backend=baritone target=none navigation_elapsed_ms=0 navigation_ticks=0 searching=false path_index=0 path_length=0 retries=0 pending_route_events=0 dropped_route_events=0 status=mining_the_recorded_owned_crafting_table
[15:30:38] [Render thread/INFO] (lodekeeper) [Lodekeeper] PROGRESS elapsed_ms=36515 phase=working backend=baritone target=none navigation_elapsed_ms=0 navigation_ticks=0 searching=false path_index=0 path_length=0 retries=0 pending_route_events=0 dropped_route_events=0 status=checking_for_the_owned_crafting-table_drop
[15:30:38] [Render thread/INFO] (lodekeeper) [Lodekeeper] NAV backend=baritone mode=PICKUP event=CALC_STARTED elapsedMs=5
[15:30:38] [Render thread/INFO] (lodekeeper) [Lodekeeper] NAV calcTool=minecraft:birch_log slot=0
[15:30:38] [Render thread/INFO] (lodekeeper) [Lodekeeper] NAV backend=baritone mode=PICKUP event=CALC_FINISHED_NOW_EXECUTING elapsedMs=34
[15:30:38] [Render thread/INFO] (lodekeeper) [Lodekeeper] NAV backend=baritone mode=PICKUP event=NEXT_SEGMENT_CALC_STARTED elapsedMs=412
[15:30:38] [Render thread/INFO] (lodekeeper) [Lodekeeper] NAV backend=baritone mode=PICKUP event=NEXT_SEGMENT_CALC_FINISHED elapsedMs=445
[15:30:38] [Render thread/INFO] (lodekeeper) [Lodekeeper] NAV backend=baritone mode=IDLE event=CANCELED elapsedMs=686
[15:30:38] [Render thread/INFO] (lodekeeper) [Lodekeeper] NAV backend=baritone mode=IDLE event=CANCELED elapsedMs=687
[15:30:38] [Render thread/INFO] (lodekeeper) [Lodekeeper] NAV backend=baritone mode=IDLE event=CANCELED elapsedMs=756
[15:30:38] [lodekeeper-planner/INFO] (lodekeeper) [Lodekeeper] PROJECT_MATERIALS project=gear_diamond before=[gather:minecraft:stone:3, gather:minecraft:iron_ore:3, gather:minecraft:stone:8, gather:minecraft:diamond_ore:3, gather:minecraft:diamond_ore:3, gather:minecraft:birch_log:1, gather:minecraft:diamond_ore:4, gather:minecraft:diamond_ore:8, gather:minecraft:diamond_ore:5, gather:minecraft:diamond_ore:2, gather:minecraft:diamond_ore:7, gather:minecraft:diamond_ore:1, gather:minecraft:diamond_ore:2] after=[gather:minecraft:stone:3, gather:minecraft:iron_ore:3, gather:minecraft:stone:8, gather:minecraft:diamond_ore:3, gather:minecraft:diamond_ore:3, gather:minecraft:birch_log:1, gather:minecraft:diamond_ore:4, gather:minecraft:diamond_ore:8, gather:minecraft:diamond_ore:5, gather:minecraft:diamond_ore:2, gather:minecraft:diamond_ore:7, gather:minecraft:diamond_ore:1, gather:minecraft:diamond_ore:2]
[15:30:38] [lodekeeper-planner/INFO] (lodekeeper) [Lodekeeper] PLAN project=gear_diamond success=true steps=32 branches=150 elapsedMs=4.368656
[15:30:38] [Render thread/INFO] (lodekeeper) [Lodekeeper] STEP kind=GATHER source=gather:minecraft:stone output=minecraft:cobblestone count=3 operations=3 auxiliary=false
[15:30:38] [Render thread/INFO] (lodekeeper) [Lodekeeper] MINING_DEPTH policy=NEAREST desiredY=-2147483648 ceiling=2031 deficit=3 phase=MINE blocks=[Block{minecraft:stone}]
[15:30:38] [Render thread/INFO] (lodekeeper) [Lodekeeper] NAV scan=native-mine durationNanos=3411555 hits=-1 requestTicks=0
[15:30:38] [Render thread/INFO] (lodekeeper) [Lodekeeper] NAV backend=baritone mode=MINE event=CALC_STARTED elapsedMs=5
[15:30:38] [Render thread/INFO] (lodekeeper) [Lodekeeper] NAV calcTool=minecraft:wooden_pickaxe slot=6
[15:30:39] [Render thread/INFO] (lodekeeper) [Lodekeeper] NAV backend=baritone mode=MINE event=CALC_FINISHED_NOW_EXECUTING elapsedMs=101
[15:30:39] [Render thread/INFO] (lodekeeper) [Lodekeeper] BREAK target=Mutable{x=-6, y=67, z=38} block=Block{minecraft:grass_block} tool=minecraft:birch_log slot=0 remaining=-1 required=route
[15:30:39] [Render thread/INFO] (lodekeeper) [Lodekeeper] TARGET target=-6,63,38 block=minecraft:stone
[15:30:40] [Render thread/INFO] (lodekeeper) [Lodekeeper] PROGRESS elapsed_ms=38563 phase=traveling backend=baritone target=-6,63,38 block=minecraft:stone navigation_elapsed_ms=1187 navigation_ticks=24 searching=false path_index=0 path_length=6 retries=0 pending_route_events=0 dropped_route_events=0 status=mining_and_collecting_minecraft:cobblestone___0/3
[15:30:40] [Render thread/INFO] (lodekeeper) [Lodekeeper] BREAK target=Mutable{x=-6, y=66, z=38} block=Block{minecraft:dirt} tool=minecraft:birch_log slot=0 remaining=-1 required=route
[15:30:41] [Render thread/INFO] (lodekeeper) [Lodekeeper] BREAK target=Mutable{x=-6, y=65, z=38} block=Block{minecraft:dirt} tool=minecraft:birch_log slot=0 remaining=-1 required=route
[15:30:42] [Render thread/INFO] (lodekeeper) [Lodekeeper] PROGRESS elapsed_ms=40623 phase=traveling backend=baritone target=-6,63,38 block=minecraft:stone navigation_elapsed_ms=3179 navigation_ticks=64 searching=false path_index=0 path_length=4 retries=0 pending_route_events=0 dropped_route_events=0 status=mining_and_collecting_minecraft:cobblestone___0/3
[15:30:42] [Render thread/INFO] (lodekeeper) [Lodekeeper] BREAK target=Mutable{x=-6, y=64, z=38} block=Block{minecraft:stone} tool=minecraft:wooden_pickaxe slot=6 remaining=59 required=minecraft:wooden_pickaxe
[15:30:43] [Render thread/INFO] (lodekeeper) [Lodekeeper] NAV backend=baritone mode=MINE event=CALC_STARTED elapsedMs=4931
[15:30:43] [Render thread/INFO] (lodekeeper) [Lodekeeper] NAV calcTool=minecraft:wooden_pickaxe slot=6
[15:30:43] [Render thread/INFO] (lodekeeper) [Lodekeeper] NAV backend=baritone mode=MINE event=CALC_FINISHED_NOW_EXECUTING elapsedMs=4931
[15:30:43] [Render thread/INFO] (lodekeeper) [Lodekeeper] TARGET target=-6,63,39 block=minecraft:stone
[15:30:44] [Render thread/INFO] (lodekeeper) [Lodekeeper] BREAK target=Mutable{x=-6, y=65, z=39} block=Block{minecraft:dirt} tool=minecraft:birch_log slot=0 remaining=-1 required=route
[15:30:44] [Render thread/INFO] (lodekeeper) [Lodekeeper] PROGRESS elapsed_ms=42647 phase=traveling backend=baritone target=-6,63,39 block=minecraft:stone navigation_elapsed_ms=5170 navigation_ticks=104 searching=false path_index=0 path_length=2 retries=0 pending_route_events=0 dropped_route_events=0 status=mining_and_collecting_minecraft:cobblestone___0/3
[15:30:45] [Render thread/INFO] (lodekeeper) [Lodekeeper] BREAK target=Mutable{x=-6, y=64, z=39} block=Block{minecraft:stone} tool=minecraft:wooden_pickaxe slot=6 remaining=58 required=minecraft:wooden_pickaxe
[15:30:46] [Render thread/INFO] (lodekeeper) [Lodekeeper] PROGRESS elapsed_ms=44672 phase=traveling backend=baritone target=-6,63,39 block=minecraft:stone navigation_elapsed_ms=7195 navigation_ticks=144 searching=false path_index=0 path_length=2 retries=0 pending_route_events=0 dropped_route_events=0 status=mining_and_collecting_minecraft:cobblestone___1/3
[15:30:46] [Render thread/INFO] (lodekeeper) [Lodekeeper] NAV backend=baritone mode=MINE event=CALC_STARTED elapsedMs=7435
[15:30:46] [Render thread/INFO] (lodekeeper) [Lodekeeper] NAV calcTool=minecraft:wooden_pickaxe slot=6
[15:30:46] [Render thread/INFO] (lodekeeper) [Lodekeeper] NAV backend=baritone mode=MINE event=CALC_FINISHED_NOW_EXECUTING elapsedMs=7435
[15:30:46] [Render thread/INFO] (lodekeeper) [Lodekeeper] TARGET target=-5,63,38 block=minecraft:stone
[15:30:46] [Render thread/INFO] (lodekeeper) [Lodekeeper] BREAK target=Mutable{x=-5, y=65, z=38} block=Block{minecraft:dirt} tool=minecraft:birch_log slot=0 remaining=-1 required=route
[15:30:47] [Render thread/INFO] (lodekeeper) [Lodekeeper] BREAK target=Mutable{x=-5, y=64, z=38} block=Block{minecraft:stone} tool=minecraft:wooden_pickaxe slot=6 remaining=57 required=minecraft:wooden_pickaxe
[15:30:48] [Render thread/INFO] (lodekeeper) [Lodekeeper] PROGRESS elapsed_ms=46673 phase=traveling backend=baritone target=-5,63,38 block=minecraft:stone navigation_elapsed_ms=9195 navigation_ticks=184 searching=false path_index=0 path_length=2 retries=0 pending_route_events=0 dropped_route_events=0 status=mining_and_collecting_minecraft:cobblestone___2/3
[15:30:48] [Render thread/INFO] (lodekeeper) [Lodekeeper] NAV backend=baritone mode=MINE event=CALC_STARTED elapsedMs=9948
[15:30:48] [Render thread/INFO] (lodekeeper) [Lodekeeper] NAV calcTool=minecraft:wooden_pickaxe slot=6
[15:30:48] [Render thread/INFO] (lodekeeper) [Lodekeeper] NAV backend=baritone mode=MINE event=CALC_FINISHED_NOW_EXECUTING elapsedMs=9949
[15:30:48] [Render thread/INFO] (lodekeeper) [Lodekeeper] TARGET target=-7,63,38 block=minecraft:stone
[15:30:49] [Render thread/INFO] (lodekeeper) [Lodekeeper] BREAK target=Mutable{x=-7, y=65, z=38} block=Block{minecraft:dirt} tool=minecraft:birch_log slot=0 remaining=-1 required=route
[15:30:49] [Render thread/INFO] (lodekeeper) [Lodekeeper] TARGET target=none
[15:30:49] [lodekeeper-planner/INFO] (lodekeeper) [Lodekeeper] PROJECT_MATERIALS project=gear_diamond before=[gather:minecraft:iron_ore:3, gather:minecraft:stone:8, gather:minecraft:diamond_ore:3, gather:minecraft:diamond_ore:3, gather:minecraft:birch_log:1, gather:minecraft:diamond_ore:4, gather:minecraft:diamond_ore:8, gather:minecraft:diamond_ore:5, gather:minecraft:diamond_ore:2, gather:minecraft:diamond_ore:7, gather:minecraft:diamond_ore:1, gather:minecraft:diamond_ore:2] after=[gather:minecraft:iron_ore:3, gather:minecraft:stone:8, gather:minecraft:diamond_ore:3, gather:minecraft:diamond_ore:3, gather:minecraft:birch_log:1, gather:minecraft:diamond_ore:4, gather:minecraft:diamond_ore:8, gather:minecraft:diamond_ore:5, gather:minecraft:diamond_ore:2, gather:minecraft:diamond_ore:7, gather:minecraft:diamond_ore:1, gather:minecraft:diamond_ore:2]
[15:30:49] [lodekeeper-planner/INFO] (lodekeeper) [Lodekeeper] PLAN project=gear_diamond success=true steps=31 branches=145 elapsedMs=4.938803
[15:30:49] [Render thread/INFO] (lodekeeper) [Lodekeeper] STEP kind=PLACE_STATION source=place:minecraft:crafting_table output=null count=0 operations=1 auxiliary=false
[15:30:49] [Render thread/INFO] (lodekeeper) [Lodekeeper] TARGET target=-6,64,39 block=minecraft:crafting_table
[15:30:49] [Render thread/INFO] (lodekeeper) [Lodekeeper] TARGET target=none
[15:30:49] [lodekeeper-planner/INFO] (lodekeeper) [Lodekeeper] PROJECT_MATERIALS project=gear_diamond before=[gather:minecraft:iron_ore:3, gather:minecraft:stone:8, gather:minecraft:diamond_ore:3, gather:minecraft:diamond_ore:3, gather:minecraft:birch_log:1, gather:minecraft:diamond_ore:4, gather:minecraft:diamond_ore:8, gather:minecraft:diamond_ore:5, gather:minecraft:diamond_ore:2, gather:minecraft:diamond_ore:7, gather:minecraft:diamond_ore:1, gather:minecraft:diamond_ore:2] after=[gather:minecraft:iron_ore:3, gather:minecraft:stone:8, gather:minecraft:diamond_ore:3, gather:minecraft:diamond_ore:3, gather:minecraft:birch_log:1, gather:minecraft:diamond_ore:4, gather:minecraft:diamond_ore:8, gather:minecraft:diamond_ore:5, gather:minecraft:diamond_ore:2, gather:minecraft:diamond_ore:7, gather:minecraft:diamond_ore:1, gather:minecraft:diamond_ore:2]
[15:30:49] [lodekeeper-planner/INFO] (lodekeeper) [Lodekeeper] PLAN project=gear_diamond success=true steps=30 branches=144 elapsedMs=4.161622
[15:30:49] [Render thread/INFO] (lodekeeper) [Lodekeeper] STEP kind=CRAFT source=minecraft:stone_pickaxe output=minecraft:stone_pickaxe count=1 operations=1 auxiliary=false
[15:30:50] [Render thread/INFO] (lodekeeper) [Lodekeeper] PROGRESS elapsed_ms=48693 phase=crafting backend=baritone target=none navigation_elapsed_ms=0 navigation_ticks=0 searching=false path_index=0 path_length=0 retries=0 pending_route_events=0 dropped_route_events=0 status=CRAFT_minecraft:stone_pickaxe
[15:30:52] [Render thread/INFO] (lodekeeper) [Lodekeeper] PROGRESS elapsed_ms=50721 phase=crafting backend=baritone target=none navigation_elapsed_ms=0 navigation_ticks=0 searching=false path_index=0 path_length=0 retries=0 pending_route_events=0 dropped_route_events=0 status=CRAFT_minecraft:stone_pickaxe
[15:30:53] [lodekeeper-planner/INFO] (lodekeeper) [Lodekeeper] PROJECT_MATERIALS project=gear_diamond before=[gather:minecraft:iron_ore:3, gather:minecraft:stone:8, gather:minecraft:diamond_ore:3, gather:minecraft:diamond_ore:3, gather:minecraft:birch_log:1, gather:minecraft:diamond_ore:4, gather:minecraft:diamond_ore:8, gather:minecraft:diamond_ore:5, gather:minecraft:diamond_ore:2, gather:minecraft:diamond_ore:7, gather:minecraft:diamond_ore:1, gather:minecraft:diamond_ore:2] after=[gather:minecraft:iron_ore:3, gather:minecraft:stone:8, gather:minecraft:diamond_ore:3, gather:minecraft:diamond_ore:3, gather:minecraft:birch_log:1, gather:minecraft:diamond_ore:4, gather:minecraft:diamond_ore:8, gather:minecraft:diamond_ore:5, gather:minecraft:diamond_ore:2, gather:minecraft:diamond_ore:7, gather:minecraft:diamond_ore:1, gather:minecraft:diamond_ore:2]
[15:30:53] [lodekeeper-planner/INFO] (lodekeeper) [Lodekeeper] PLAN project=gear_diamond success=true steps=29 branches=139 elapsedMs=4.237153
[15:30:53] [Render thread/INFO] (lodekeeper) [Lodekeeper] STEP kind=GATHER source=gather:minecraft:iron_ore output=minecraft:raw_iron count=3 operations=3 auxiliary=false
[15:30:54] [Render thread/INFO] (lodekeeper) [Lodekeeper] PROGRESS elapsed_ms=52775 phase=gathering backend=baritone target=none navigation_elapsed_ms=0 navigation_ticks=0 searching=false path_index=0 path_length=0 retries=0 pending_route_events=0 dropped_route_events=0 status=mining_the_recorded_owned_crafting_table
[15:30:56] [Render thread/INFO] (lodekeeper) [Lodekeeper] PROGRESS elapsed_ms=54824 phase=gathering backend=baritone target=none navigation_elapsed_ms=0 navigation_ticks=0 searching=false path_index=0 path_length=0 retries=0 pending_route_events=0 dropped_route_events=0 status=mining_the_recorded_owned_crafting_table
[15:30:57] [Render thread/INFO] (lodekeeper) [Lodekeeper] NAV backend=baritone mode=PICKUP event=CALC_STARTED elapsedMs=0
[15:30:57] [Render thread/INFO] (lodekeeper) [Lodekeeper] NAV calcTool=minecraft:birch_log slot=0
[15:30:57] [Render thread/INFO] (lodekeeper) [Lodekeeper] NAV backend=baritone mode=PICKUP event=CALC_FINISHED_NOW_EXECUTING elapsedMs=69
[15:30:57] [Render thread/INFO] (lodekeeper) [Lodekeeper] NAV backend=baritone mode=PICKUP event=AT_GOAL elapsedMs=206
[15:30:58] [lodekeeper-planner/INFO] (lodekeeper) [Lodekeeper] PROJECT_MATERIALS project=gear_diamond before=[gather:minecraft:iron_ore:3, gather:minecraft:stone:8, gather:minecraft:diamond_ore:3, gather:minecraft:diamond_ore:3, gather:minecraft:birch_log:1, gather:minecraft:diamond_ore:4, gather:minecraft:diamond_ore:8, gather:minecraft:diamond_ore:5, gather:minecraft:diamond_ore:2, gather:minecraft:diamond_ore:7, gather:minecraft:diamond_ore:1, gather:minecraft:diamond_ore:2] after=[gather:minecraft:iron_ore:3, gather:minecraft:stone:8, gather:minecraft:diamond_ore:3, gather:minecraft:diamond_ore:3, gather:minecraft:birch_log:1, gather:minecraft:diamond_ore:4, gather:minecraft:diamond_ore:8, gather:minecraft:diamond_ore:5, gather:minecraft:diamond_ore:2, gather:minecraft:diamond_ore:7, gather:minecraft:diamond_ore:1, gather:minecraft:diamond_ore:2]
[15:30:58] [lodekeeper-planner/INFO] (lodekeeper) [Lodekeeper] PLAN project=gear_diamond success=true steps=30 branches=140 elapsedMs=3.844946
[15:30:58] [Render thread/INFO] (lodekeeper) [Lodekeeper] FOOD_PURSUIT event=start target=a8cdf7ea-48ca-44eb-92f4-83628be956b0 routes=1 failedRoutes=0 attacks=0 health=10.0 closestBoxDistance=13.14 elapsedMs=0
[15:30:58] [Render thread/INFO] (lodekeeper) [Lodekeeper] NAV backend=baritone mode=FOLLOW event=CALC_STARTED elapsedMs=3
[15:30:58] [Render thread/INFO] (lodekeeper) [Lodekeeper] NAV calcTool=minecraft:stone_pickaxe slot=7
[15:30:58] [Render thread/INFO] (lodekeeper) [Lodekeeper] NAV backend=baritone mode=FOLLOW event=CALC_FINISHED_NOW_EXECUTING elapsedMs=24
[15:30:58] [Render thread/INFO] (lodekeeper) [Lodekeeper] PROGRESS elapsed_ms=56850 phase=traveling backend=baritone target=none navigation_elapsed_ms=194 navigation_ticks=4 searching=false path_index=0 path_length=23 retries=0 pending_route_events=0 dropped_route_events=0 status=pursuing_cow__1_
[15:30:59] [Render thread/INFO] (lodekeeper) [Lodekeeper] BREAK target=Mutable{x=-6, y=67, z=39} block=Block{minecraft:grass_block} tool=minecraft:birch_log slot=0 remaining=-1 required=route
[15:31:00] [Render thread/INFO] (lodekeeper) [Lodekeeper] PROGRESS elapsed_ms=58918 phase=traveling backend=baritone target=none navigation_elapsed_ms=2195 navigation_ticks=44 searching=false path_index=0 path_length=20 retries=0 pending_route_events=0 dropped_route_events=0 status=pursuing_cow__1_
[15:31:00] [Render thread/INFO] (lodekeeper) [Lodekeeper] NAV backend=baritone mode=FOLLOW event=CALC_STARTED elapsedMs=2745
[15:31:00] [Render thread/INFO] (lodekeeper) [Lodekeeper] NAV calcTool=minecraft:birch_log slot=0
[15:31:00] [Render thread/INFO] (lodekeeper) [Lodekeeper] NAV backend=baritone mode=FOLLOW event=CALC_FINISHED_NOW_EXECUTING elapsedMs=2745
[15:31:01] [Render thread/INFO] (lodekeeper) [Lodekeeper] NAV backend=baritone mode=FOLLOW event=CALC_STARTED elapsedMs=3228
[15:31:01] [Render thread/INFO] (lodekeeper) [Lodekeeper] NAV calcTool=minecraft:birch_log slot=0
[15:31:01] [Render thread/INFO] (lodekeeper) [Lodekeeper] NAV backend=baritone mode=FOLLOW event=CALC_FINISHED_NOW_EXECUTING elapsedMs=3229
[15:31:02] [Render thread/INFO] (lodekeeper) [Lodekeeper] PROGRESS elapsed_ms=60921 phase=traveling backend=baritone target=none navigation_elapsed_ms=4199 navigation_ticks=84 searching=false path_index=0 path_length=13 retries=0 pending_route_events=0 dropped_route_events=0 status=pursuing_cow__1_
[15:31:02] [Render thread/INFO] (lodekeeper) [Lodekeeper] NAV backend=baritone mode=FOLLOW event=CALC_STARTED elapsedMs=4575
[15:31:02] [Render thread/INFO] (lodekeeper) [Lodekeeper] NAV calcTool=minecraft:birch_log slot=0
[15:31:02] [Render thread/INFO] (lodekeeper) [Lodekeeper] NAV backend=baritone mode=FOLLOW event=CALC_FINISHED_NOW_EXECUTING elapsedMs=4575
[15:31:03] [Render thread/INFO] (lodekeeper) [Lodekeeper] FOOD_PURSUIT event=in-reach target=a8cdf7ea-48ca-44eb-92f4-83628be956b0 routes=1 failedRoutes=0 attacks=0 health=10.0 closestBoxDistance=2.85 elapsedMs=5431
[15:31:03] [Render thread/INFO] (lodekeeper) [Lodekeeper] NAV backend=baritone mode=IDLE event=CANCELED elapsedMs=5440
[15:31:03] [Render thread/INFO] (lodekeeper) [Lodekeeper] NAV backend=baritone mode=IDLE event=CANCELED elapsedMs=5461
[15:31:03] [Render thread/INFO] (lodekeeper) [Lodekeeper] NAV backend=baritone mode=IDLE event=CANCELED elapsedMs=5505
[15:31:03] [Render thread/INFO] (lodekeeper) [Lodekeeper] NAV backend=baritone mode=IDLE event=CANCELED elapsedMs=5539
[15:31:03] [Render thread/INFO] (lodekeeper) [Lodekeeper] NAV backend=baritone mode=IDLE event=CANCELED elapsedMs=5574
[15:31:04] [Render thread/INFO] (lodekeeper) [Lodekeeper] PROGRESS elapsed_ms=62948 phase=waiting backend=baritone target=none navigation_elapsed_ms=0 navigation_ticks=0 searching=false path_index=0 path_length=0 retries=0 pending_route_events=0 dropped_route_events=0 status=waiting_for_native_attack_cooldown
[15:31:04] [Render thread/INFO] (lodekeeper) [Lodekeeper] FOOD_PURSUIT event=start target=a8cdf7ea-48ca-44eb-92f4-83628be956b0 routes=2 failedRoutes=0 attacks=0 health=10.0 closestBoxDistance=3.01 elapsedMs=6396
[15:31:04] [Render thread/INFO] (lodekeeper) [Lodekeeper] NAV backend=baritone mode=FOLLOW event=CALC_STARTED elapsedMs=0
[15:31:04] [Render thread/INFO] (lodekeeper) [Lodekeeper] NAV calcTool=minecraft:stone_pickaxe slot=7
[15:31:04] [Render thread/INFO] (lodekeeper) [Lodekeeper] NAV backend=baritone mode=FOLLOW event=CALC_FINISHED_NOW_EXECUTING elapsedMs=36
[15:31:04] [Render thread/INFO] (lodekeeper) [Lodekeeper] FOOD_PURSUIT event=in-reach target=a8cdf7ea-48ca-44eb-92f4-83628be956b0 routes=2 failedRoutes=0 attacks=0 health=10.0 closestBoxDistance=2.94 elapsedMs=6534
[15:31:04] [Render thread/INFO] (lodekeeper) [Lodekeeper] NAV backend=baritone mode=IDLE event=CANCELED elapsedMs=139
[15:31:04] [Render thread/INFO] (lodekeeper) [Lodekeeper] NAV backend=baritone mode=IDLE event=CANCELED elapsedMs=139
[15:31:04] [Render thread/INFO] (lodekeeper) [Lodekeeper] NAV backend=baritone mode=IDLE event=CANCELED elapsedMs=208
[15:31:04] [Render thread/INFO] (lodekeeper) [Lodekeeper] NAV backend=baritone mode=IDLE event=CANCELED elapsedMs=242
[15:31:04] [Render thread/INFO] (lodekeeper) [Lodekeeper] FOOD_PURSUIT event=start target=a8cdf7ea-48ca-44eb-92f4-83628be956b0 routes=3 failedRoutes=0 attacks=0 health=10.0 closestBoxDistance=3.05 elapsedMs=6742
[15:31:04] [Render thread/INFO] (lodekeeper) [Lodekeeper] NAV backend=baritone mode=FOLLOW event=CALC_STARTED elapsedMs=1
[15:31:04] [Render thread/INFO] (lodekeeper) [Lodekeeper] NAV calcTool=minecraft:stone_pickaxe slot=7
[15:31:04] [Render thread/INFO] (lodekeeper) [Lodekeeper] NAV backend=baritone mode=FOLLOW event=CALC_FINISHED_NOW_EXECUTING elapsedMs=34
[15:31:05] [Render thread/INFO] (lodekeeper) [Lodekeeper] FOOD_PURSUIT event=in-reach target=a8cdf7ea-48ca-44eb-92f4-83628be956b0 routes=3 failedRoutes=0 attacks=0 health=10.0 closestBoxDistance=2.91 elapsedMs=6950
[15:31:05] [Render thread/INFO] (lodekeeper) [Lodekeeper] NAV backend=baritone mode=IDLE event=CANCELED elapsedMs=208
[15:31:05] [Render thread/INFO] (lodekeeper) [Lodekeeper] NAV backend=baritone mode=IDLE event=CANCELED elapsedMs=208
[15:31:05] [Render thread/INFO] (lodekeeper) [Lodekeeper] NAV backend=baritone mode=IDLE event=CANCELED elapsedMs=243
[15:31:05] [Render thread/INFO] (lodekeeper) [Lodekeeper] NAV backend=baritone mode=IDLE event=CANCELED elapsedMs=311
[15:31:05] [Render thread/INFO] (lodekeeper) [Lodekeeper] FOOD_PURSUIT event=start target=a8cdf7ea-48ca-44eb-92f4-83628be956b0 routes=4 failedRoutes=0 attacks=0 health=10.0 closestBoxDistance=3.04 elapsedMs=7122
[15:31:05] [Render thread/INFO] (lodekeeper) [Lodekeeper] NAV backend=baritone mode=FOLLOW event=CALC_STARTED elapsedMs=1
[15:31:05] [Render thread/INFO] (lodekeeper) [Lodekeeper] NAV calcTool=minecraft:stone_pickaxe slot=7
[15:31:05] [Render thread/INFO] (lodekeeper) [Lodekeeper] NAV backend=baritone mode=FOLLOW event=CALC_FINISHED_NOW_EXECUTING elapsedMs=69
[15:31:05] [Render thread/INFO] (lodekeeper) [Lodekeeper] NAV backend=baritone mode=FOLLOW event=CALC_STARTED elapsedMs=272
[15:31:05] [Render thread/INFO] (lodekeeper) [Lodekeeper] NAV calcTool=minecraft:stone_pickaxe slot=7
[15:31:05] [Render thread/INFO] (lodekeeper) [Lodekeeper] NAV backend=baritone mode=FOLLOW event=CALC_FINISHED_NOW_EXECUTING elapsedMs=272
[15:31:05] [Render thread/INFO] (lodekeeper) [Lodekeeper] FOOD_PURSUIT event=in-reach target=a8cdf7ea-48ca-44eb-92f4-83628be956b0 routes=4 failedRoutes=0 attacks=0 health=10.0 closestBoxDistance=2.94 elapsedMs=7531
[15:31:05] [Render thread/INFO] (lodekeeper) [Lodekeeper] NAV backend=baritone mode=IDLE event=CANCELED elapsedMs=478
[15:31:05] [Render thread/INFO] (lodekeeper) [Lodekeeper] NAV backend=baritone mode=IDLE event=CANCELED elapsedMs=478
[15:31:05] [Render thread/INFO] (lodekeeper) [Lodekeeper] NAV backend=baritone mode=IDLE event=CANCELED elapsedMs=512
[15:31:05] [Render thread/INFO] (lodekeeper) [Lodekeeper] NAV backend=baritone mode=IDLE event=CANCELED elapsedMs=580
[15:31:05] [Render thread/INFO] (lodekeeper) [Lodekeeper] FOOD_TOOL slot=7 item=minecraft:stone_pickaxe damage=3.0 wear=2 remainingDurability=131
[15:31:05] [Render thread/INFO] (lodekeeper) [Lodekeeper] FOOD_PURSUIT event=native-attack target=a8cdf7ea-48ca-44eb-92f4-83628be956b0 routes=4 failedRoutes=0 attacks=1 health=10.0 closestBoxDistance=2.71 elapsedMs=7806
[15:31:06] [Render thread/INFO] (lodekeeper) [Lodekeeper] FOOD_PURSUIT event=health-progress target=a8cdf7ea-48ca-44eb-92f4-83628be956b0 routes=4 failedRoutes=0 attacks=1 health=7.0 closestBoxDistance=2.75 elapsedMs=7873
[15:31:06] [Render thread/INFO] (lodekeeper) [Lodekeeper] FOOD_PURSUIT event=start target=a8cdf7ea-48ca-44eb-92f4-83628be956b0 routes=5 failedRoutes=0 attacks=1 health=7.0 closestBoxDistance=3.08 elapsedMs=8079
[15:31:06] [Render thread/INFO] (lodekeeper) [Lodekeeper] NAV backend=baritone mode=FOLLOW event=CALC_STARTED elapsedMs=1
[15:31:06] [Render thread/INFO] (lodekeeper) [Lodekeeper] NAV calcTool=minecraft:stone_pickaxe slot=7
[15:31:06] [Render thread/INFO] (lodekeeper) [Lodekeeper] NAV backend=baritone mode=FOLLOW event=CALC_FINISHED_NOW_EXECUTING elapsedMs=69
[15:31:06] [Render thread/INFO] (lodekeeper) [Lodekeeper] NAV backend=baritone mode=FOLLOW event=CALC_STARTED elapsedMs=102
[15:31:06] [Render thread/INFO] (lodekeeper) [Lodekeeper] NAV calcTool=minecraft:stone_pickaxe slot=7
[15:31:06] [Render thread/INFO] (lodekeeper) [Lodekeeper] NAV backend=baritone mode=FOLLOW event=CALC_FINISHED_NOW_EXECUTING elapsedMs=103
[15:31:06] [Render thread/INFO] (lodekeeper) [Lodekeeper] PROGRESS elapsed_ms=64976 phase=traveling backend=baritone target=none navigation_elapsed_ms=206 navigation_ticks=4 searching=false path_index=0 path_length=6 retries=0 pending_route_events=0 dropped_route_events=0 status=pursuing_cow__5_
[15:31:06] [Render thread/INFO] (lodekeeper) [Lodekeeper] FOOD_PURSUIT event=in-reach target=a8cdf7ea-48ca-44eb-92f4-83628be956b0 routes=5 failedRoutes=0 attacks=1 health=7.0 closestBoxDistance=2.9 elapsedMs=8494
[15:31:06] [Render thread/INFO] (lodekeeper) [Lodekeeper] NAV backend=baritone mode=IDLE event=CANCELED elapsedMs=416
[15:31:06] [Render thread/INFO] (lodekeeper) [Lodekeeper] NAV backend=baritone mode=IDLE event=CANCELED elapsedMs=416
[15:31:06] [Render thread/INFO] (lodekeeper) [Lodekeeper] NAV backend=baritone mode=IDLE event=CANCELED elapsedMs=450
[15:31:06] [Render thread/INFO] (lodekeeper) [Lodekeeper] NAV backend=baritone mode=IDLE event=CANCELED elapsedMs=518
[15:31:06] [Render thread/INFO] (lodekeeper) [Lodekeeper] NAV backend=baritone mode=IDLE event=CANCELED elapsedMs=554
[15:31:06] [Render thread/INFO] (lodekeeper) [Lodekeeper] FOOD_TOOL slot=7 item=minecraft:stone_pickaxe damage=3.0 wear=2 remainingDurability=129
[15:31:06] [Render thread/INFO] (lodekeeper) [Lodekeeper] FOOD_PURSUIT event=native-attack target=a8cdf7ea-48ca-44eb-92f4-83628be956b0 routes=5 failedRoutes=0 attacks=2 health=7.0 closestBoxDistance=2.69 elapsedMs=8734
[15:31:06] [Render thread/INFO] (lodekeeper) [Lodekeeper] FOOD_PURSUIT event=health-progress target=a8cdf7ea-48ca-44eb-92f4-83628be956b0 routes=5 failedRoutes=0 attacks=2 health=4.0 closestBoxDistance=2.68 elapsedMs=8801
[15:31:07] [Render thread/INFO] (lodekeeper) [Lodekeeper] FOOD_PURSUIT event=start target=a8cdf7ea-48ca-44eb-92f4-83628be956b0 routes=6 failedRoutes=0 attacks=2 health=4.0 closestBoxDistance=3.07 elapsedMs=8974
[15:31:07] [Render thread/INFO] (lodekeeper) [Lodekeeper] NAV backend=baritone mode=FOLLOW event=CALC_STARTED elapsedMs=1
[15:31:07] [Render thread/INFO] (lodekeeper) [Lodekeeper] NAV calcTool=minecraft:stone_pickaxe slot=7
[15:31:07] [Render thread/INFO] (lodekeeper) [Lodekeeper] NAV backend=baritone mode=FOLLOW event=CALC_FINISHED_NOW_EXECUTING elapsedMs=68
[15:31:07] [Render thread/INFO] (lodekeeper) [Lodekeeper] NAV backend=baritone mode=FOLLOW event=CALC_STARTED elapsedMs=102
[15:31:07] [Render thread/INFO] (lodekeeper) [Lodekeeper] NAV calcTool=minecraft:stone_pickaxe slot=7
[15:31:07] [Render thread/INFO] (lodekeeper) [Lodekeeper] NAV backend=baritone mode=FOLLOW event=CALC_FINISHED_NOW_EXECUTING elapsedMs=102
[15:31:07] [Render thread/INFO] (lodekeeper) [Lodekeeper] FOOD_PURSUIT event=in-reach target=a8cdf7ea-48ca-44eb-92f4-83628be956b0 routes=6 failedRoutes=0 attacks=2 health=4.0 closestBoxDistance=2.95 elapsedMs=9349
[15:31:07] [Render thread/INFO] (lodekeeper) [Lodekeeper] NAV backend=baritone mode=IDLE event=CANCELED elapsedMs=376
[15:31:07] [Render thread/INFO] (lodekeeper) [Lodekeeper] NAV backend=baritone mode=IDLE event=CANCELED elapsedMs=376
[15:31:07] [Render thread/INFO] (lodekeeper) [Lodekeeper] NAV backend=baritone mode=IDLE event=CANCELED elapsedMs=409
[15:31:07] [Render thread/INFO] (lodekeeper) [Lodekeeper] NAV backend=baritone mode=IDLE event=CANCELED elapsedMs=477
[15:31:07] [Render thread/INFO] (lodekeeper) [Lodekeeper] NAV backend=baritone mode=IDLE event=CANCELED elapsedMs=513
[15:31:07] [Render thread/INFO] (lodekeeper) [Lodekeeper] FOOD_PURSUIT event=start target=a8cdf7ea-48ca-44eb-92f4-83628be956b0 routes=7 failedRoutes=0 attacks=2 health=4.0 closestBoxDistance=3.02 elapsedMs=9554
[15:31:07] [Render thread/INFO] (lodekeeper) [Lodekeeper] NAV backend=baritone mode=FOLLOW event=CALC_STARTED elapsedMs=1
[15:31:07] [Render thread/INFO] (lodekeeper) [Lodekeeper] NAV calcTool=minecraft:stone_pickaxe slot=7
[15:31:07] [Render thread/INFO] (lodekeeper) [Lodekeeper] NAV backend=baritone mode=FOLLOW event=CALC_FINISHED_NOW_EXECUTING elapsedMs=34
[15:31:07] [Render thread/INFO] (lodekeeper) [Lodekeeper] FOOD_PURSUIT event=in-reach target=a8cdf7ea-48ca-44eb-92f4-83628be956b0 routes=7 failedRoutes=0 attacks=2 health=4.0 closestBoxDistance=2.51 elapsedMs=9621
[15:31:07] [Render thread/INFO] (lodekeeper) [Lodekeeper] NAV backend=baritone mode=IDLE event=CANCELED elapsedMs=68
[15:31:07] [Render thread/INFO] (lodekeeper) [Lodekeeper] NAV backend=baritone mode=IDLE event=CANCELED elapsedMs=68
[15:31:07] [Render thread/INFO] (lodekeeper) [Lodekeeper] NAV backend=baritone mode=IDLE event=CANCELED elapsedMs=138
[15:31:07] [Render thread/INFO] (lodekeeper) [Lodekeeper] NAV backend=baritone mode=IDLE event=CANCELED elapsedMs=172
[15:31:07] [Render thread/INFO] (lodekeeper) [Lodekeeper] NAV backend=baritone mode=IDLE event=CANCELED elapsedMs=241
[15:31:08] [Render thread/INFO] (lodekeeper) [Lodekeeper] NAV backend=baritone mode=IDLE event=CANCELED elapsedMs=275
[15:31:08] [Render thread/INFO] (lodekeeper) [Lodekeeper] NAV backend=baritone mode=IDLE event=CANCELED elapsedMs=346
[15:31:08] [Render thread/INFO] (lodekeeper) [Lodekeeper] NAV backend=baritone mode=IDLE event=CANCELED elapsedMs=380
[15:31:08] [Render thread/INFO] (lodekeeper) [Lodekeeper] NAV backend=baritone mode=IDLE event=CANCELED elapsedMs=449
[15:31:08] [Render thread/INFO] (lodekeeper) [Lodekeeper] NAV backend=baritone mode=IDLE event=CANCELED elapsedMs=484
[15:31:08] [Render thread/INFO] (lodekeeper) [Lodekeeper] NAV backend=baritone mode=IDLE event=CANCELED elapsedMs=518
[15:31:08] [Render thread/INFO] (lodekeeper) [Lodekeeper] NAV backend=baritone mode=IDLE event=CANCELED elapsedMs=588
[15:31:08] [Render thread/INFO] (lodekeeper) [Lodekeeper] FOOD_TOOL slot=7 item=minecraft:stone_pickaxe damage=3.0 wear=2 remainingDurability=127
[15:31:08] [Render thread/INFO] (lodekeeper) [Lodekeeper] FOOD_PURSUIT event=native-attack target=a8cdf7ea-48ca-44eb-92f4-83628be956b0 routes=7 failedRoutes=0 attacks=3 health=4.0 closestBoxDistance=2.49 elapsedMs=10245
[15:31:08] [Render thread/INFO] (lodekeeper) [Lodekeeper] FOOD_PURSUIT event=health-progress target=a8cdf7ea-48ca-44eb-92f4-83628be956b0 routes=7 failedRoutes=0 attacks=3 health=1.0 closestBoxDistance=2.46 elapsedMs=10279
[15:31:08] [Render thread/INFO] (lodekeeper) [Lodekeeper] PROGRESS elapsed_ms=67001 phase=waiting backend=baritone target=none navigation_elapsed_ms=0 navigation_ticks=0 searching=false path_index=0 path_length=0 retries=0 pending_route_events=0 dropped_route_events=0 status=waiting_for_native_attack_cooldown
[15:31:08] [Render thread/INFO] (lodekeeper) [Lodekeeper] FOOD_PURSUIT event=start target=a8cdf7ea-48ca-44eb-92f4-83628be956b0 routes=8 failedRoutes=0 attacks=3 health=1.0 closestBoxDistance=3.39 elapsedMs=10482
[15:31:08] [Render thread/INFO] (lodekeeper) [Lodekeeper] NAV backend=baritone mode=FOLLOW event=CALC_STARTED elapsedMs=1
[15:31:08] [Render thread/INFO] (lodekeeper) [Lodekeeper] NAV calcTool=minecraft:stone_pickaxe slot=7
[15:31:08] [Render thread/INFO] (lodekeeper) [Lodekeeper] NAV backend=baritone mode=FOLLOW event=CALC_FINISHED_NOW_EXECUTING elapsedMs=69
[15:31:08] [Render thread/INFO] (lodekeeper) [Lodekeeper] NAV backend=baritone mode=FOLLOW event=CALC_STARTED elapsedMs=272
[15:31:08] [Render thread/INFO] (lodekeeper) [Lodekeeper] NAV calcTool=minecraft:stone_pickaxe slot=7
[15:31:08] [Render thread/INFO] (lodekeeper) [Lodekeeper] NAV backend=baritone mode=FOLLOW event=CALC_FINISHED_NOW_EXECUTING elapsedMs=273
[15:31:09] [Render thread/INFO] (lodekeeper) [Lodekeeper] NAV backend=baritone mode=FOLLOW event=CALC_STARTED elapsedMs=617
[15:31:09] [Render thread/INFO] (lodekeeper) [Lodekeeper] NAV calcTool=minecraft:stone_pickaxe slot=7
[15:31:09] [Render thread/INFO] (lodekeeper) [Lodekeeper] NAV backend=baritone mode=FOLLOW event=CALC_FINISHED_NOW_EXECUTING elapsedMs=617
[15:31:10] [Render thread/INFO] (lodekeeper) [Lodekeeper] FOOD_PURSUIT event=in-reach target=a8cdf7ea-48ca-44eb-92f4-83628be956b0 routes=8 failedRoutes=0 attacks=3 health=1.0 closestBoxDistance=2.97 elapsedMs=11855
[15:31:10] [Render thread/INFO] (lodekeeper) [Lodekeeper] NAV backend=baritone mode=IDLE event=CALC_STARTED elapsedMs=1373
[15:31:10] [Render thread/INFO] (lodekeeper) [Lodekeeper] NAV calcTool=minecraft:stone_pickaxe slot=7
[15:31:10] [Render thread/INFO] (lodekeeper) [Lodekeeper] NAV backend=baritone mode=IDLE event=CALC_FINISHED_NOW_EXECUTING elapsedMs=1373
[15:31:10] [Render thread/INFO] (lodekeeper) [Lodekeeper] NAV backend=baritone mode=IDLE event=CANCELED elapsedMs=1373
[15:31:10] [Render thread/INFO] (lodekeeper) [Lodekeeper] NAV backend=baritone mode=IDLE event=CANCELED elapsedMs=1373
[15:31:10] [Render thread/INFO] (lodekeeper) [Lodekeeper] NAV backend=baritone mode=IDLE event=CANCELED elapsedMs=1407
[15:31:10] [Render thread/INFO] (lodekeeper) [Lodekeeper] NAV backend=baritone mode=IDLE event=CANCELED elapsedMs=1441
[15:31:10] [Render thread/INFO] (lodekeeper) [Lodekeeper] NAV backend=baritone mode=IDLE event=CANCELED elapsedMs=1510
[15:31:10] [Render thread/INFO] (lodekeeper) [Lodekeeper] NAV backend=baritone mode=IDLE event=CANCELED elapsedMs=1545
[15:31:10] [Render thread/INFO] (lodekeeper) [Lodekeeper] FOOD_TOOL slot=7 item=minecraft:stone_pickaxe damage=3.0 wear=2 remainingDurability=125
[15:31:10] [Render thread/INFO] (lodekeeper) [Lodekeeper] FOOD_PURSUIT event=native-attack target=a8cdf7ea-48ca-44eb-92f4-83628be956b0 routes=8 failedRoutes=0 attacks=4 health=1.0 closestBoxDistance=2.61 elapsedMs=12129
[15:31:10] [Render thread/INFO] (lodekeeper) [Lodekeeper] FOOD_PURSUIT event=health-progress target=a8cdf7ea-48ca-44eb-92f4-83628be956b0 routes=8 failedRoutes=0 attacks=4 health=0.0 closestBoxDistance=2.58 elapsedMs=12197
[15:31:10] [Render thread/INFO] (lodekeeper) [Lodekeeper] NAV backend=baritone mode=PICKUP event=CALC_STARTED elapsedMs=1
[15:31:10] [Render thread/INFO] (lodekeeper) [Lodekeeper] NAV calcTool=minecraft:stone_pickaxe slot=7
[15:31:10] [Render thread/INFO] (lodekeeper) [Lodekeeper] NAV backend=baritone mode=PICKUP event=CALC_FINISHED_NOW_EXECUTING elapsedMs=69
[15:31:10] [Render thread/INFO] (lodekeeper) [Lodekeeper] PROGRESS elapsed_ms=69026 phase=working backend=baritone target=none navigation_elapsed_ms=0 navigation_ticks=0 searching=false path_index=0 path_length=0 retries=0 pending_route_events=0 dropped_route_events=0 status=collecting_minecraft:beef
[15:31:10] [Render thread/INFO] (lodekeeper) [Lodekeeper] NAV backend=baritone mode=PICKUP event=CALC_STARTED elapsedMs=208
[15:31:10] [Render thread/INFO] (lodekeeper) [Lodekeeper] NAV calcTool=minecraft:stone_pickaxe slot=7
[15:31:10] [Render thread/INFO] (lodekeeper) [Lodekeeper] NAV backend=baritone mode=PICKUP event=CALC_FINISHED_NOW_EXECUTING elapsedMs=209
[15:31:10] [Render thread/INFO] (lodekeeper) [Lodekeeper] NAV backend=baritone mode=IDLE event=CANCELED elapsedMs=414
[15:31:10] [Render thread/INFO] (lodekeeper) [Lodekeeper] NAV backend=baritone mode=IDLE event=CANCELED elapsedMs=415
[15:31:10] [Render thread/INFO] (lodekeeper) [Lodekeeper] NAV backend=baritone mode=IDLE event=CANCELED elapsedMs=448
[15:31:10] [Render thread/INFO] (lodekeeper) [Lodekeeper] NAV backend=baritone mode=IDLE event=CANCELED elapsedMs=516
[15:31:10] [Render thread/INFO] (lodekeeper) [Lodekeeper] NAV backend=baritone mode=IDLE event=CANCELED elapsedMs=551
[15:31:11] [Render thread/INFO] (lodekeeper) [Lodekeeper] NAV backend=baritone mode=IDLE event=CANCELED elapsedMs=619
[15:31:11] [Render thread/INFO] (lodekeeper) [Lodekeeper] NAV backend=baritone mode=IDLE event=CANCELED elapsedMs=653
[15:31:11] [Render thread/INFO] (lodekeeper) [Lodekeeper] NAV backend=baritone mode=IDLE event=CANCELED elapsedMs=722
[15:31:11] [Render thread/INFO] (lodekeeper) [Lodekeeper] NAV backend=baritone mode=IDLE event=CANCELED elapsedMs=756
[15:31:11] [Render thread/INFO] (lodekeeper) [Lodekeeper] NAV backend=baritone mode=IDLE event=CANCELED elapsedMs=791
[15:31:11] [Render thread/INFO] (lodekeeper) [Lodekeeper] NAV backend=baritone mode=IDLE event=CANCELED elapsedMs=858
[15:31:11] [Render thread/INFO] (lodekeeper) [Lodekeeper] FOOD_PREPARATION decision=batch_raw_food nutrition=3 cooked_potential=8 target=36
[15:31:11] [lodekeeper-planner/INFO] (lodekeeper) [Lodekeeper] PROJECT_MATERIALS project=gear_diamond before=[gather:minecraft:iron_ore:3, gather:minecraft:stone:8, gather:minecraft:diamond_ore:3, gather:minecraft:diamond_ore:3, gather:minecraft:birch_log:1, gather:minecraft:diamond_ore:4, gather:minecraft:diamond_ore:8, gather:minecraft:diamond_ore:5, gather:minecraft:diamond_ore:2, gather:minecraft:diamond_ore:7, gather:minecraft:diamond_ore:1, gather:minecraft:diamond_ore:2] after=[gather:minecraft:iron_ore:3, gather:minecraft:stone:8, gather:minecraft:diamond_ore:3, gather:minecraft:diamond_ore:3, gather:minecraft:birch_log:1, gather:minecraft:diamond_ore:4, gather:minecraft:diamond_ore:8, gather:minecraft:diamond_ore:5, gather:minecraft:diamond_ore:2, gather:minecraft:diamond_ore:7, gather:minecraft:diamond_ore:1, gather:minecraft:diamond_ore:2]
[15:31:11] [lodekeeper-planner/INFO] (lodekeeper) [Lodekeeper] PLAN project=gear_diamond success=true steps=30 branches=140 elapsedMs=3.982751
[15:31:11] [Render thread/INFO] (lodekeeper) [Lodekeeper] STEP kind=GATHER source=gather:minecraft:iron_ore output=minecraft:raw_iron count=3 operations=3 auxiliary=false
[15:31:11] [Render thread/INFO] (lodekeeper) [Lodekeeper] MINING_DEPTH policy=NEAREST desiredY=16 ceiling=2031 deficit=3 phase=MINE blocks=[Block{minecraft:iron_ore}, Block{minecraft:deepslate_iron_ore}]
[15:31:11] [Render thread/INFO] (lodekeeper) [Lodekeeper] NAV scan=native-mine durationNanos=2602709 hits=-1 requestTicks=0
[15:31:11] [Render thread/INFO] (lodekeeper) [Lodekeeper] NAV backend=baritone mode=MINE event=CALC_STARTED elapsedMs=3
[15:31:11] [Render thread/INFO] (lodekeeper) [Lodekeeper] NAV calcTool=minecraft:stone_pickaxe slot=7
[15:31:11] [Render thread/INFO] (lodekeeper) [Lodekeeper] NAV discovered=3 retained=64 rejected=0 requestTicks=3 phase=MINE
[15:31:11] [Render thread/INFO] (lodekeeper) [Lodekeeper] ROUTE_SEARCH kind=unknown anchor=unknown feet_y16=0 candidates=0 target=none elapsed_ms=69998
[15:31:11] [Render thread/INFO] (lodekeeper) [Lodekeeper] NAV discovered=3 retained=64 rejected=0 requestTicks=7 phase=MINE
[15:31:11] [Render thread/INFO] (lodekeeper) [Lodekeeper] NAV backend=baritone mode=MINE event=CALC_FINISHED_NOW_EXECUTING elapsedMs=528
[15:31:11] [Render thread/INFO] (lodekeeper) [Lodekeeper] NAV backend=baritone mode=MINE event=NEXT_SEGMENT_CALC_STARTED elapsedMs=528
[15:31:12] [Render thread/INFO] (lodekeeper) [Lodekeeper] NAV backend=baritone mode=IDLE event=CANCELED elapsedMs=947
[15:31:12] [Render thread/INFO] (lodekeeper) [Lodekeeper] NAV backend=baritone mode=IDLE event=CANCELED elapsedMs=947
[15:31:12] [Render thread/INFO] (lodekeeper) [Lodekeeper] NAV backend=baritone mode=IDLE event=CANCELED elapsedMs=981
[15:31:12] [Render thread/INFO] (lodekeeper) [Lodekeeper] NAV backend=baritone mode=IDLE event=CANCELED elapsedMs=1049
[15:31:12] [Render thread/INFO] (lodekeeper) [Lodekeeper] NAV backend=baritone mode=IDLE event=CANCELED elapsedMs=1083
[15:31:12] [Render thread/INFO] (lodekeeper) [Lodekeeper] FOOD_PURSUIT event=start target=839fc2ed-0342-4dc0-8df8-7e9aa838a64f routes=1 failedRoutes=0 attacks=0 health=10.0 closestBoxDistance=2.21 elapsedMs=0
[15:31:12] [Render thread/INFO] (lodekeeper) [Lodekeeper] NAV backend=baritone mode=FOLLOW event=CALC_STARTED elapsedMs=1
[15:31:12] [Render thread/INFO] (lodekeeper) [Lodekeeper] NAV calcTool=minecraft:stone_pickaxe slot=7
[15:31:12] [Render thread/INFO] (lodekeeper) [Lodekeeper] FOOD_PURSUIT event=in-reach target=839fc2ed-0342-4dc0-8df8-7e9aa838a64f routes=1 failedRoutes=0 attacks=0 health=10.0 closestBoxDistance=2.26 elapsedMs=34
[15:31:12] [Render thread/INFO] (lodekeeper) [Lodekeeper] NAV backend=baritone mode=IDLE event=CALC_FINISHED_NOW_EXECUTING elapsedMs=35
[15:31:12] [Render thread/INFO] (lodekeeper) [Lodekeeper] NAV backend=baritone mode=IDLE event=CANCELED elapsedMs=35
[15:31:12] [Render thread/INFO] (lodekeeper) [Lodekeeper] NAV backend=baritone mode=IDLE event=CANCELED elapsedMs=35
[15:31:12] [Render thread/INFO] (lodekeeper) [Lodekeeper] PROGRESS elapsed_ms=71070 phase=working backend=baritone target=none navigation_elapsed_ms=0 navigation_ticks=0 searching=false path_index=0 path_length=0 retries=0 pending_route_events=0 dropped_route_events=0 status=stopping_movement_before_attack
[15:31:12] [Render thread/INFO] (lodekeeper) [Lodekeeper] FOOD_TOOL slot=7 item=minecraft:stone_pickaxe damage=3.0 wear=2 remainingDurability=123
[15:31:12] [Render thread/INFO] (lodekeeper) [Lodekeeper] FOOD_PURSUIT event=native-attack target=839fc2ed-0342-4dc0-8df8-7e9aa838a64f routes=1 failedRoutes=0 attacks=1 health=10.0 closestBoxDistance=2.37 elapsedMs=138
[15:31:12] [Render thread/INFO] (lodekeeper) [Lodekeeper] FOOD_PURSUIT event=health-progress target=839fc2ed-0342-4dc0-8df8-7e9aa838a64f routes=1 failedRoutes=0 attacks=1 health=7.0 closestBoxDistance=2.43 elapsedMs=206
[15:31:13] [Render thread/INFO] (lodekeeper) [Lodekeeper] FOOD_TOOL slot=7 item=minecraft:stone_pickaxe damage=3.0 wear=2 remainingDurability=121
[15:31:13] [Render thread/INFO] (lodekeeper) [Lodekeeper] FOOD_PURSUIT event=native-attack target=839fc2ed-0342-4dc0-8df8-7e9aa838a64f routes=1 failedRoutes=0 attacks=2 health=7.0 closestBoxDistance=2.95 elapsedMs=993
[15:31:13] [Render thread/INFO] (lodekeeper) [Lodekeeper] FOOD_PURSUIT event=health-progress target=839fc2ed-0342-4dc0-8df8-7e9aa838a64f routes=1 failedRoutes=0 attacks=2 health=4.0 closestBoxDistance=3.07 elapsedMs=1028
[15:31:13] [Render thread/INFO] (lodekeeper) [Lodekeeper] FOOD_PURSUIT event=start target=839fc2ed-0342-4dc0-8df8-7e9aa838a64f routes=2 failedRoutes=0 attacks=2 health=4.0 closestBoxDistance=3.07 elapsedMs=1028
[15:31:13] [Render thread/INFO] (lodekeeper) [Lodekeeper] NAV backend=baritone mode=FOLLOW event=CALC_STARTED elapsedMs=0
[15:31:13] [Render thread/INFO] (lodekeeper) [Lodekeeper] NAV calcTool=minecraft:stone_pickaxe slot=7
[15:31:13] [Render thread/INFO] (lodekeeper) [Lodekeeper] NAV backend=baritone mode=FOLLOW event=CALC_FINISHED_NOW_EXECUTING elapsedMs=68
[15:31:13] [Render thread/INFO] (lodekeeper) [Lodekeeper] NAV backend=baritone mode=FOLLOW event=CALC_STARTED elapsedMs=103
[15:31:13] [Render thread/INFO] (lodekeeper) [Lodekeeper] NAV calcTool=minecraft:stone_pickaxe slot=7
[15:31:13] [Render thread/INFO] (lodekeeper) [Lodekeeper] NAV backend=baritone mode=FOLLOW event=CALC_FINISHED_NOW_EXECUTING elapsedMs=106
[15:31:14] [Render thread/INFO] (lodekeeper) [Lodekeeper] FOOD_PURSUIT event=in-reach target=839fc2ed-0342-4dc0-8df8-7e9aa838a64f routes=2 failedRoutes=0 attacks=2 health=4.0 closestBoxDistance=2.76 elapsedMs=1978
[15:31:14] [Render thread/INFO] (lodekeeper) [Lodekeeper] NAV backend=baritone mode=IDLE event=CALC_STARTED elapsedMs=950
[15:31:14] [Render thread/INFO] (lodekeeper) [Lodekeeper] NAV calcTool=minecraft:stone_pickaxe slot=7
[15:31:14] [Render thread/INFO] (lodekeeper) [Lodekeeper] NAV backend=baritone mode=IDLE event=CALC_FINISHED_NOW_EXECUTING elapsedMs=950
[15:31:14] [Render thread/INFO] (lodekeeper) [Lodekeeper] NAV backend=baritone mode=IDLE event=CANCELED elapsedMs=950
[15:31:14] [Render thread/INFO] (lodekeeper) [Lodekeeper] NAV backend=baritone mode=IDLE event=CANCELED elapsedMs=950
[15:31:14] [Render thread/INFO] (lodekeeper) [Lodekeeper] NAV backend=baritone mode=IDLE event=CANCELED elapsedMs=1018
[15:31:14] [Render thread/INFO] (lodekeeper) [Lodekeeper] NAV backend=baritone mode=IDLE event=CANCELED elapsedMs=1052
[15:31:14] [Render thread/INFO] (lodekeeper) [Lodekeeper] PROGRESS elapsed_ms=73117 phase=working backend=baritone target=none navigation_elapsed_ms=0 navigation_ticks=0 searching=false path_index=0 path_length=0 retries=0 pending_route_events=0 dropped_route_events=0 status=finishing_movement_before_inventory_actions
[15:31:14] [Render thread/INFO] (lodekeeper) [Lodekeeper] NAV backend=baritone mode=IDLE event=CANCELED elapsedMs=1122
[15:31:14] [Render thread/INFO] (lodekeeper) [Lodekeeper] FOOD_TOOL slot=7 item=minecraft:stone_pickaxe damage=3.0 wear=2 remainingDurability=119
[15:31:14] [Render thread/INFO] (lodekeeper) [Lodekeeper] FOOD_PURSUIT event=native-attack target=839fc2ed-0342-4dc0-8df8-7e9aa838a64f routes=2 failedRoutes=0 attacks=3 health=4.0 closestBoxDistance=2.29 elapsedMs=2256
[15:31:14] [Render thread/INFO] (lodekeeper) [Lodekeeper] FOOD_PURSUIT event=health-progress target=839fc2ed-0342-4dc0-8df8-7e9aa838a64f routes=2 failedRoutes=0 attacks=3 health=1.0 closestBoxDistance=2.11 elapsedMs=2324
[15:31:15] [Render thread/INFO] (lodekeeper) [Lodekeeper] FOOD_PURSUIT event=start target=839fc2ed-0342-4dc0-8df8-7e9aa838a64f routes=3 failedRoutes=0 attacks=3 health=1.0 closestBoxDistance=3.06 elapsedMs=2632
[15:31:15] [Render thread/INFO] (lodekeeper) [Lodekeeper] NAV backend=baritone mode=FOLLOW event=CALC_STARTED elapsedMs=1
[15:31:15] [Render thread/INFO] (lodekeeper) [Lodekeeper] NAV calcTool=minecraft:stone_pickaxe slot=7
[15:31:15] [Render thread/INFO] (lodekeeper) [Lodekeeper] NAV backend=baritone mode=FOLLOW event=CALC_FINISHED_NOW_EXECUTING elapsedMs=69
[15:31:15] [Render thread/INFO] (lodekeeper) [Lodekeeper] NAV backend=baritone mode=FOLLOW event=CALC_STARTED elapsedMs=171
[15:31:15] [Render thread/INFO] (lodekeeper) [Lodekeeper] NAV calcTool=minecraft:stone_pickaxe slot=7
[15:31:15] [Render thread/INFO] (lodekeeper) [Lodekeeper] NAV backend=baritone mode=FOLLOW event=CALC_FINISHED_NOW_EXECUTING elapsedMs=171
[15:31:15] [Render thread/INFO] (lodekeeper) [Lodekeeper] NAV backend=baritone mode=FOLLOW event=CALC_STARTED elapsedMs=204
[15:31:15] [Render thread/INFO] (lodekeeper) [Lodekeeper] NAV calcTool=minecraft:stone_pickaxe slot=7
[15:31:15] [Render thread/INFO] (lodekeeper) [Lodekeeper] NAV backend=baritone mode=FOLLOW event=CALC_FINISHED_NOW_EXECUTING elapsedMs=205
[15:31:15] [Render thread/INFO] (lodekeeper) [Lodekeeper] NAV backend=baritone mode=FOLLOW event=CALC_STARTED elapsedMs=309
[15:31:15] [Render thread/INFO] (lodekeeper) [Lodekeeper] NAV calcTool=minecraft:stone_pickaxe slot=7
[15:31:15] [Render thread/INFO] (lodekeeper) [Lodekeeper] NAV backend=baritone mode=FOLLOW event=CALC_FINISHED_NOW_EXECUTING elapsedMs=309
[15:31:15] [Render thread/INFO] (lodekeeper) [Lodekeeper] FOOD_PURSUIT event=in-reach target=839fc2ed-0342-4dc0-8df8-7e9aa838a64f routes=3 failedRoutes=0 attacks=3 health=1.0 closestBoxDistance=2.87 elapsedMs=2977
[15:31:15] [Render thread/INFO] (lodekeeper) [Lodekeeper] NAV backend=baritone mode=IDLE event=CANCELED elapsedMs=345
[15:31:15] [Render thread/INFO] (lodekeeper) [Lodekeeper] NAV backend=baritone mode=IDLE event=CANCELED elapsedMs=345
[15:31:15] [Render thread/INFO] (lodekeeper) [Lodekeeper] NAV backend=baritone mode=IDLE event=CANCELED elapsedMs=413
[15:31:15] [Render thread/INFO] (lodekeeper) [Lodekeeper] NAV backend=baritone mode=IDLE event=CANCELED elapsedMs=447
[15:31:15] [Render thread/INFO] (lodekeeper) [Lodekeeper] FOOD_TOOL slot=7 item=minecraft:stone_pickaxe damage=3.0 wear=2 remainingDurability=117
[15:31:15] [Render thread/INFO] (lodekeeper) [Lodekeeper] FOOD_PURSUIT event=native-attack target=839fc2ed-0342-4dc0-8df8-7e9aa838a64f routes=3 failedRoutes=0 attacks=4 health=1.0 closestBoxDistance=1.61 elapsedMs=3182
[15:31:15] [Render thread/INFO] (lodekeeper) [Lodekeeper] FOOD_PURSUIT event=health-progress target=839fc2ed-0342-4dc0-8df8-7e9aa838a64f routes=3 failedRoutes=0 attacks=4 health=0.0 closestBoxDistance=1.31 elapsedMs=3249
[15:31:15] [Render thread/INFO] (lodekeeper) [Lodekeeper] NAV backend=baritone mode=PICKUP event=CALC_STARTED elapsedMs=0
[15:31:15] [Render thread/INFO] (lodekeeper) [Lodekeeper] NAV calcTool=minecraft:stone_pickaxe slot=7
[15:31:15] [Render thread/INFO] (lodekeeper) [Lodekeeper] NAV backend=baritone mode=PICKUP event=CALC_FINISHED_NOW_EXECUTING elapsedMs=70
[15:31:16] [Render thread/INFO] (lodekeeper) [Lodekeeper] NAV backend=baritone mode=IDLE event=CANCELED elapsedMs=417
[15:31:16] [Render thread/INFO] (lodekeeper) [Lodekeeper] NAV backend=baritone mode=IDLE event=CANCELED elapsedMs=428
[15:31:16] [Render thread/INFO] (lodekeeper) [Lodekeeper] NAV backend=baritone mode=IDLE event=CANCELED elapsedMs=449
[15:31:16] [Render thread/INFO] (lodekeeper) [Lodekeeper] NAV backend=baritone mode=IDLE event=CANCELED elapsedMs=518
[15:31:16] [Render thread/INFO] (lodekeeper) [Lodekeeper] NAV backend=baritone mode=IDLE event=CANCELED elapsedMs=552
[15:31:16] [lodekeeper-planner/INFO] (lodekeeper) [Lodekeeper] PROJECT_MATERIALS project=gear_diamond before=[gather:minecraft:iron_ore:3, gather:minecraft:stone:8, gather:minecraft:diamond_ore:3, gather:minecraft:diamond_ore:3, gather:minecraft:birch_log:1, gather:minecraft:diamond_ore:4, gather:minecraft:diamond_ore:8, gather:minecraft:diamond_ore:5, gather:minecraft:diamond_ore:2, gather:minecraft:diamond_ore:7, gather:minecraft:diamond_ore:1, gather:minecraft:diamond_ore:2] after=[gather:minecraft:iron_ore:3, gather:minecraft:stone:8, gather:minecraft:diamond_ore:3, gather:minecraft:diamond_ore:3, gather:minecraft:birch_log:1, gather:minecraft:diamond_ore:4, gather:minecraft:diamond_ore:8, gather:minecraft:diamond_ore:5, gather:minecraft:diamond_ore:2, gather:minecraft:diamond_ore:7, gather:minecraft:diamond_ore:1, gather:minecraft:diamond_ore:2]
[15:31:16] [lodekeeper-planner/INFO] (lodekeeper) [Lodekeeper] PLAN project=gear_diamond success=true steps=30 branches=140 elapsedMs=3.898197
[15:31:16] [Render thread/INFO] (lodekeeper) [Lodekeeper] STEP kind=GATHER source=gather:minecraft:iron_ore output=minecraft:raw_iron count=3 operations=3 auxiliary=false
[15:31:16] [Render thread/INFO] (lodekeeper) [Lodekeeper] MINING_DEPTH policy=NEAREST desiredY=16 ceiling=2031 deficit=3 phase=MINE blocks=[Block{minecraft:iron_ore}, Block{minecraft:deepslate_iron_ore}]
[15:31:16] [Render thread/INFO] (lodekeeper) [Lodekeeper] NAV backend=baritone mode=MINE event=CALC_STARTED elapsedMs=2
[15:31:16] [Render thread/INFO] (lodekeeper) [Lodekeeper] NAV calcTool=minecraft:stone_pickaxe slot=7
[15:31:16] [Render thread/INFO] (lodekeeper) [Lodekeeper] NAV discovered=1 retained=64 rejected=0 requestTicks=3 phase=MINE
[15:31:16] [Render thread/INFO] (lodekeeper) [Lodekeeper] ROUTE_SEARCH kind=unknown anchor=unknown feet_y16=0 candidates=0 target=none elapsed_ms=75112
[15:31:16] [Render thread/INFO] (lodekeeper) [Lodekeeper] PROGRESS elapsed_ms=75146 phase=searching backend=baritone target=none navigation_elapsed_ms=205 navigation_ticks=4 searching=true path_index=0 path_length=0 retries=0 pending_route_events=0 dropped_route_events=0 status=mining_and_collecting_minecraft:raw_iron___0/3___planning_next_route
[15:31:16] [Render thread/INFO] (lodekeeper) [Lodekeeper] NAV backend=baritone mode=MINE event=CALC_FINISHED_NOW_EXECUTING elapsedMs=240
[15:31:16] [Render thread/INFO] (lodekeeper) [Lodekeeper] NAV discovered=1 retained=64 rejected=0 requestTicks=7 phase=MINE
[15:31:16] [Render thread/INFO] (lodekeeper) [Lodekeeper] TARGET target=-4,61,64 block=minecraft:iron_ore
[15:31:16] [Render thread/INFO] (lodekeeper) [Lodekeeper] ROUTE_TRAVEL path_index=0 path_length=25 target=-4,61,64 block=minecraft:iron_ore elapsed_ms=75315
[15:31:17] [Render thread/INFO] (lodekeeper) [Lodekeeper] TARGET target=none
[15:31:17] [Render thread/INFO] (lodekeeper) [Lodekeeper] NAV backend=baritone mode=IDLE event=CANCELED elapsedMs=959
[15:31:17] [Render thread/INFO] (lodekeeper) [Lodekeeper] NAV backend=baritone mode=IDLE event=CANCELED elapsedMs=959
[15:31:17] [Render thread/INFO] (lodekeeper) [Lodekeeper] NAV backend=baritone mode=IDLE event=CANCELED elapsedMs=989
[15:31:17] [Render thread/INFO] (lodekeeper) [Lodekeeper] FOOD_PURSUIT event=start target=3cdb2442-8785-4452-9a0c-39dbb97db311 routes=1 failedRoutes=0 attacks=0 health=10.0 closestBoxDistance=17.59 elapsedMs=0
[15:31:17] [Render thread/INFO] (lodekeeper) [Lodekeeper] NAV backend=baritone mode=FOLLOW event=CALC_STARTED elapsedMs=1
[15:31:17] [Render thread/INFO] (lodekeeper) [Lodekeeper] NAV calcTool=minecraft:stone_pickaxe slot=7
[15:31:17] [Render thread/INFO] (lodekeeper) [Lodekeeper] NAV backend=baritone mode=FOLLOW event=CALC_FINISHED_NOW_EXECUTING elapsedMs=34
[15:31:18] [Render thread/INFO] (lodekeeper) [Lodekeeper] PROGRESS elapsed_ms=77165 phase=traveling backend=baritone target=none navigation_elapsed_ms=1200 navigation_ticks=24 searching=false path_index=0 path_length=15 retries=0 pending_route_events=0 dropped_route_events=0 status=pursuing_cow__1_
[15:31:20] [Render thread/INFO] (lodekeeper) [Lodekeeper] FOOD_PURSUIT event=in-reach target=3cdb2442-8785-4452-9a0c-39dbb97db311 routes=1 failedRoutes=0 attacks=0 health=10.0 closestBoxDistance=2.86 elapsedMs=3060
[15:31:20] [Render thread/INFO] (lodekeeper) [Lodekeeper] NAV backend=baritone mode=IDLE event=CANCELED elapsedMs=3061
[15:31:20] [Render thread/INFO] (lodekeeper) [Lodekeeper] NAV backend=baritone mode=IDLE event=CANCELED elapsedMs=3061
[15:31:20] [Render thread/INFO] (lodekeeper) [Lodekeeper] NAV backend=baritone mode=IDLE event=CANCELED elapsedMs=3096
[15:31:20] [Render thread/INFO] (lodekeeper) [Lodekeeper] NAV backend=baritone mode=IDLE event=CANCELED elapsedMs=3129
[15:31:20] [Render thread/INFO] (lodekeeper) [Lodekeeper] NAV backend=baritone mode=IDLE event=CANCELED elapsedMs=3196
[15:31:20] [Render thread/INFO] (lodekeeper) [Lodekeeper] PROGRESS elapsed_ms=79194 phase=working backend=baritone target=none navigation_elapsed_ms=0 navigation_ticks=0 searching=false path_index=0 path_length=0 retries=0 pending_route_events=0 dropped_route_events=0 status=stopping_movement_before_attack
[15:31:20] [Render thread/INFO] (lodekeeper) [Lodekeeper] FOOD_TOOL slot=7 item=minecraft:stone_pickaxe damage=3.0 wear=2 remainingDurability=115
[15:31:20] [Render thread/INFO] (lodekeeper) [Lodekeeper] FOOD_PURSUIT event=native-attack target=3cdb2442-8785-4452-9a0c-39dbb97db311 routes=1 failedRoutes=0 attacks=1 health=10.0 closestBoxDistance=2.54 elapsedMs=3297
[15:31:20] [Render thread/INFO] (lodekeeper) [Lodekeeper] FOOD_PURSUIT event=health-progress target=3cdb2442-8785-4452-9a0c-39dbb97db311 routes=1 failedRoutes=0 attacks=1 health=7.0 closestBoxDistance=2.54 elapsedMs=3330
[15:31:21] [Render thread/INFO] (lodekeeper) [Lodekeeper] FOOD_PURSUIT event=start target=3cdb2442-8785-4452-9a0c-39dbb97db311 routes=2 failedRoutes=0 attacks=1 health=7.0 closestBoxDistance=3.12 elapsedMs=3602
[15:31:21] [Render thread/INFO] (lodekeeper) [Lodekeeper] NAV backend=baritone mode=FOLLOW event=CALC_STARTED elapsedMs=1
[15:31:21] [Render thread/INFO] (lodekeeper) [Lodekeeper] NAV calcTool=minecraft:stone_pickaxe slot=7
[15:31:21] [Render thread/INFO] (lodekeeper) [Lodekeeper] NAV backend=baritone mode=FOLLOW event=CALC_FINISHED_NOW_EXECUTING elapsedMs=34
[15:31:21] [Render thread/INFO] (lodekeeper) [Lodekeeper] FOOD_PURSUIT event=in-reach target=3cdb2442-8785-4452-9a0c-39dbb97db311 routes=2 failedRoutes=0 attacks=1 health=7.0 closestBoxDistance=2.84 elapsedMs=3879
[15:31:21] [Render thread/INFO] (lodekeeper) [Lodekeeper] NAV backend=baritone mode=IDLE event=CANCELED elapsedMs=277
[15:31:21] [Render thread/INFO] (lodekeeper) [Lodekeeper] NAV backend=baritone mode=IDLE event=CANCELED elapsedMs=277
[15:31:21] [Render thread/INFO] (lodekeeper) [Lodekeeper] NAV backend=baritone mode=IDLE event=CANCELED elapsedMs=345
[15:31:21] [Render thread/INFO] (lodekeeper) [Lodekeeper] NAV backend=baritone mode=IDLE event=CANCELED elapsedMs=379
[15:31:21] [Render thread/INFO] (lodekeeper) [Lodekeeper] NAV backend=baritone mode=IDLE event=CANCELED elapsedMs=448
[15:31:21] [Render thread/INFO] (lodekeeper) [Lodekeeper] FOOD_TOOL slot=7 item=minecraft:stone_pickaxe damage=3.0 wear=2 remainingDurability=113
[15:31:21] [Render thread/INFO] (lodekeeper) [Lodekeeper] FOOD_PURSUIT event=native-attack target=3cdb2442-8785-4452-9a0c-39dbb97db311 routes=2 failedRoutes=0 attacks=2 health=7.0 closestBoxDistance=2.4 elapsedMs=4151
[15:31:21] [Render thread/INFO] (lodekeeper) [Lodekeeper] FOOD_PURSUIT event=health-progress target=3cdb2442-8785-4452-9a0c-39dbb97db311 routes=2 failedRoutes=0 attacks=2 health=4.0 closestBoxDistance=2.11 elapsedMs=4186
[15:31:22] [Render thread/INFO] (lodekeeper) [Lodekeeper] FOOD_TOOL slot=7 item=minecraft:stone_pickaxe damage=3.0 wear=2 remainingDurability=111
[15:31:22] [Render thread/INFO] (lodekeeper) [Lodekeeper] FOOD_PURSUIT event=native-attack target=3cdb2442-8785-4452-9a0c-39dbb97db311 routes=2 failedRoutes=0 attacks=3 health=4.0 closestBoxDistance=0.88 elapsedMs=5006
[15:31:22] [Render thread/INFO] (lodekeeper) [Lodekeeper] FOOD_PURSUIT event=health-progress target=3cdb2442-8785-4452-9a0c-39dbb97db311 routes=2 failedRoutes=0 attacks=3 health=1.0 closestBoxDistance=0.6 elapsedMs=5040
[15:31:22] [Render thread/INFO] (lodekeeper) [Lodekeeper] PROGRESS elapsed_ms=81208 phase=waiting backend=baritone target=none navigation_elapsed_ms=0 navigation_ticks=0 searching=false path_index=0 path_length=0 retries=0 pending_route_events=0 dropped_route_events=0 status=waiting_for_native_attack_cooldown
[15:31:23] [Render thread/INFO] (lodekeeper) [Lodekeeper] FOOD_TOOL slot=7 item=minecraft:stone_pickaxe damage=3.0 wear=2 remainingDurability=109
[15:31:23] [Render thread/INFO] (lodekeeper) [Lodekeeper] FOOD_PURSUIT event=native-attack target=3cdb2442-8785-4452-9a0c-39dbb97db311 routes=2 failedRoutes=0 attacks=4 health=1.0 closestBoxDistance=1.0 elapsedMs=5852
[15:31:23] [Render thread/INFO] (lodekeeper) [Lodekeeper] FOOD_PURSUIT event=health-progress target=3cdb2442-8785-4452-9a0c-39dbb97db311 routes=2 failedRoutes=0 attacks=4 health=0.0 closestBoxDistance=0.73 elapsedMs=5886
[15:31:23] [lodekeeper-planner/INFO] (lodekeeper) [Lodekeeper] PROJECT_MATERIALS project=gear_diamond before=[gather:minecraft:iron_ore:3, gather:minecraft:stone:8, gather:minecraft:diamond_ore:3, gather:minecraft:diamond_ore:3, gather:minecraft:birch_log:1, gather:minecraft:diamond_ore:4, gather:minecraft:diamond_ore:8, gather:minecraft:diamond_ore:5, gather:minecraft:diamond_ore:2, gather:minecraft:diamond_ore:7, gather:minecraft:diamond_ore:1, gather:minecraft:diamond_ore:2] after=[gather:minecraft:iron_ore:3, gather:minecraft:stone:8, gather:minecraft:diamond_ore:3, gather:minecraft:diamond_ore:3, gather:minecraft:birch_log:1, gather:minecraft:diamond_ore:4, gather:minecraft:diamond_ore:8, gather:minecraft:diamond_ore:5, gather:minecraft:diamond_ore:2, gather:minecraft:diamond_ore:7, gather:minecraft:diamond_ore:1, gather:minecraft:diamond_ore:2]
[15:31:23] [lodekeeper-planner/INFO] (lodekeeper) [Lodekeeper] PLAN project=gear_diamond success=true steps=30 branches=140 elapsedMs=4.377579
[15:31:23] [Render thread/INFO] (lodekeeper) [Lodekeeper] STEP kind=GATHER source=gather:minecraft:iron_ore output=minecraft:raw_iron count=3 operations=3 auxiliary=false
[15:31:23] [Render thread/INFO] (lodekeeper) [Lodekeeper] MINING_DEPTH policy=NEAREST desiredY=16 ceiling=2031 deficit=3 phase=MINE blocks=[Block{minecraft:iron_ore}, Block{minecraft:deepslate_iron_ore}]
[15:31:23] [Render thread/INFO] (lodekeeper) [Lodekeeper] NAV backend=baritone mode=MINE event=CALC_STARTED elapsedMs=3
[15:31:23] [Render thread/INFO] (lodekeeper) [Lodekeeper] NAV calcTool=minecraft:stone_pickaxe slot=7
[15:31:24] [Render thread/INFO] (lodekeeper) [Lodekeeper] NAV discovered=1 retained=64 rejected=0 requestTicks=3 phase=MINE
[15:31:24] [Render thread/INFO] (lodekeeper) [Lodekeeper] ROUTE_SEARCH kind=unknown anchor=unknown feet_y16=0 candidates=0 target=none elapsed_ms=82569
[15:31:24] [Render thread/INFO] (lodekeeper) [Lodekeeper] NAV discovered=1 retained=64 rejected=0 requestTicks=7 phase=MINE
[15:31:24] [Render thread/INFO] (lodekeeper) [Lodekeeper] NAV backend=baritone mode=MINE event=CALC_FINISHED_NOW_EXECUTING elapsedMs=444
[15:31:24] [Render thread/INFO] (lodekeeper) [Lodekeeper] TARGET target=-4,61,64 block=minecraft:iron_ore
[15:31:24] [Render thread/INFO] (lodekeeper) [Lodekeeper] ROUTE_TRAVEL path_index=0 path_length=38 target=-4,61,64 block=minecraft:iron_ore elapsed_ms=82948
[15:31:24] [Render thread/INFO] (lodekeeper) [Lodekeeper] PROGRESS elapsed_ms=83220 phase=traveling backend=baritone target=-4,61,64 block=minecraft:iron_ore navigation_elapsed_ms=784 navigation_ticks=16 searching=false path_index=0 path_length=37 retries=0 pending_route_events=0 dropped_route_events=0 status=mining_and_collecting_minecraft:raw_iron___0/3
[15:31:24] [Render thread/INFO] (lodekeeper) [Lodekeeper] TARGET target=none
[15:31:24] [Render thread/INFO] (lodekeeper) [Lodekeeper] NAV backend=baritone mode=IDLE event=CANCELED elapsedMs=955
[15:31:24] [Render thread/INFO] (lodekeeper) [Lodekeeper] NAV backend=baritone mode=IDLE event=CANCELED elapsedMs=956
[15:31:24] [Render thread/INFO] (lodekeeper) [Lodekeeper] NAV backend=baritone mode=IDLE event=CANCELED elapsedMs=990
[15:31:24] [Render thread/INFO] (lodekeeper) [Lodekeeper] NAV backend=baritone mode=IDLE event=CANCELED elapsedMs=1026
[15:31:25] [Render thread/INFO] (lodekeeper) [Lodekeeper] NAV backend=baritone mode=IDLE event=CANCELED elapsedMs=1093
[15:31:25] [Render thread/INFO] (lodekeeper) [Lodekeeper] FOOD_PURSUIT event=start target=2a99702c-430f-4247-a443-a4eafe90bdf8 routes=1 failedRoutes=0 attacks=0 health=10.0 closestBoxDistance=14.96 elapsedMs=0
[15:31:25] [Render thread/INFO] (lodekeeper) [Lodekeeper] NAV backend=baritone mode=FOLLOW event=CALC_STARTED elapsedMs=11
[15:31:25] [Render thread/INFO] (lodekeeper) [Lodekeeper] NAV calcTool=minecraft:stone_pickaxe slot=7
[15:31:25] [Render thread/INFO] (lodekeeper) [Lodekeeper] NAV backend=baritone mode=FOLLOW event=CALC_FINISHED_NOW_EXECUTING elapsedMs=73
[15:31:26] [Render thread/INFO] (lodekeeper) [Lodekeeper] NAV backend=baritone mode=FOLLOW event=CALC_STARTED elapsedMs=1000
[15:31:26] [Render thread/INFO] (lodekeeper) [Lodekeeper] NAV calcTool=minecraft:stone_pickaxe slot=7
[15:31:26] [Render thread/INFO] (lodekeeper) [Lodekeeper] NAV backend=baritone mode=FOLLOW event=CALC_FINISHED_NOW_EXECUTING elapsedMs=1001
[15:31:26] [Render thread/INFO] (lodekeeper) [Lodekeeper] PROGRESS elapsed_ms=85262 phase=traveling backend=baritone target=none navigation_elapsed_ms=1614 navigation_ticks=32 searching=false path_index=0 path_length=11 retries=0 pending_route_events=0 dropped_route_events=0 status=pursuing_cow__1_
[15:31:27] [Render thread/INFO] (lodekeeper) [Lodekeeper] NAV backend=baritone mode=FOLLOW event=CALC_STARTED elapsedMs=2009
[15:31:27] [Render thread/INFO] (lodekeeper) [Lodekeeper] NAV calcTool=minecraft:stone_pickaxe slot=7
[15:31:27] [Render thread/INFO] (lodekeeper) [Lodekeeper] NAV backend=baritone mode=FOLLOW event=CALC_FINISHED_NOW_EXECUTING elapsedMs=2009
[15:31:27] [Render thread/INFO] (lodekeeper) [Lodekeeper] FOOD_PURSUIT event=in-reach target=2a99702c-430f-4247-a443-a4eafe90bdf8 routes=1 failedRoutes=0 attacks=0 health=10.0 closestBoxDistance=2.76 elapsedMs=2521
[15:31:27] [Render thread/INFO] (lodekeeper) [Lodekeeper] NAV backend=baritone mode=IDLE event=CALC_STARTED elapsedMs=2522
[15:31:27] [Render thread/INFO] (lodekeeper) [Lodekeeper] NAV calcTool=minecraft:stone_pickaxe slot=7
[15:31:27] [Render thread/INFO] (lodekeeper) [Lodekeeper] NAV backend=baritone mode=IDLE event=CALC_FINISHED_NOW_EXECUTING elapsedMs=2522
[15:31:27] [Render thread/INFO] (lodekeeper) [Lodekeeper] NAV backend=baritone mode=IDLE event=CANCELED elapsedMs=2522
[15:31:27] [Render thread/INFO] (lodekeeper) [Lodekeeper] NAV backend=baritone mode=IDLE event=CANCELED elapsedMs=2523
[15:31:27] [Render thread/INFO] (lodekeeper) [Lodekeeper] NAV backend=baritone mode=IDLE event=CANCELED elapsedMs=2555
[15:31:27] [Render thread/INFO] (lodekeeper) [Lodekeeper] NAV backend=baritone mode=IDLE event=CANCELED elapsedMs=2625
[15:31:27] [Render thread/INFO] (lodekeeper) [Lodekeeper] NAV backend=baritone mode=IDLE event=CANCELED elapsedMs=2659
[15:31:27] [Render thread/INFO] (lodekeeper) [Lodekeeper] FOOD_TOOL slot=7 item=minecraft:stone_pickaxe damage=3.0 wear=2 remainingDurability=107
[15:31:27] [Render thread/INFO] (lodekeeper) [Lodekeeper] FOOD_PURSUIT event=native-attack target=2a99702c-430f-4247-a443-a4eafe90bdf8 routes=1 failedRoutes=0 attacks=1 health=10.0 closestBoxDistance=2.43 elapsedMs=2763
[15:31:27] [Render thread/INFO] (lodekeeper) [Lodekeeper] FOOD_PURSUIT event=health-progress target=2a99702c-430f-4247-a443-a4eafe90bdf8 routes=1 failedRoutes=0 attacks=1 health=7.0 closestBoxDistance=2.38 elapsedMs=2829
[15:31:28] [Render thread/INFO] (lodekeeper) [Lodekeeper] FOOD_PURSUIT event=start target=2a99702c-430f-4247-a443-a4eafe90bdf8 routes=2 failedRoutes=0 attacks=1 health=7.0 closestBoxDistance=3.0 elapsedMs=3170
[15:31:28] [Render thread/INFO] (lodekeeper) [Lodekeeper] NAV backend=baritone mode=FOLLOW event=CALC_STARTED elapsedMs=1
[15:31:28] [Render thread/INFO] (lodekeeper) [Lodekeeper] NAV calcTool=minecraft:stone_pickaxe slot=7
[15:31:28] [Render thread/INFO] (lodekeeper) [Lodekeeper] NAV backend=baritone mode=FOLLOW event=CALC_FINISHED_NOW_EXECUTING elapsedMs=35
[15:31:28] [Render thread/INFO] (lodekeeper) [Lodekeeper] FOOD_PURSUIT event=in-reach target=2a99702c-430f-4247-a443-a4eafe90bdf8 routes=2 failedRoutes=0 attacks=1 health=7.0 closestBoxDistance=2.98 elapsedMs=3307
[15:31:28] [Render thread/INFO] (lodekeeper) [Lodekeeper] NAV backend=baritone mode=IDLE event=CANCELED elapsedMs=137
[15:31:28] [Render thread/INFO] (lodekeeper) [Lodekeeper] NAV backend=baritone mode=IDLE event=CANCELED elapsedMs=137
[15:31:28] [Render thread/INFO] (lodekeeper) [Lodekeeper] NAV backend=baritone mode=IDLE event=CANCELED elapsedMs=205
[15:31:28] [Render thread/INFO] (lodekeeper) [Lodekeeper] NAV backend=baritone mode=IDLE event=CANCELED elapsedMs=239
[15:31:28] [Render thread/INFO] (lodekeeper) [Lodekeeper] FOOD_TOOL slot=7 item=minecraft:stone_pickaxe damage=3.0 wear=2 remainingDurability=105
[15:31:28] [Render thread/INFO] (lodekeeper) [Lodekeeper] FOOD_PURSUIT event=native-attack target=2a99702c-430f-4247-a443-a4eafe90bdf8 routes=2 failedRoutes=0 attacks=2 health=7.0 closestBoxDistance=2.28 elapsedMs=3615
[15:31:28] [Render thread/INFO] (lodekeeper) [Lodekeeper] FOOD_PURSUIT event=health-progress target=2a99702c-430f-4247-a443-a4eafe90bdf8 routes=2 failedRoutes=0 attacks=2 health=4.0 closestBoxDistance=2.01 elapsedMs=3650
[15:31:28] [Render thread/INFO] (lodekeeper) [Lodekeeper] PROGRESS elapsed_ms=87315 phase=waiting backend=baritone target=none navigation_elapsed_ms=0 navigation_ticks=0 searching=false path_index=0 path_length=0 retries=0 pending_route_events=0 dropped_route_events=0 status=waiting_for_native_attack_cooldown
[15:31:29] [Render thread/INFO] (lodekeeper) [Lodekeeper] FOOD_TOOL slot=7 item=minecraft:stone_pickaxe damage=3.0 wear=2 remainingDurability=103
[15:31:29] [Render thread/INFO] (lodekeeper) [Lodekeeper] FOOD_PURSUIT event=native-attack target=2a99702c-430f-4247-a443-a4eafe90bdf8 routes=2 failedRoutes=0 attacks=3 health=4.0 closestBoxDistance=1.06 elapsedMs=4471
[15:31:29] [Render thread/INFO] (lodekeeper) [Lodekeeper] FOOD_PURSUIT event=health-progress target=2a99702c-430f-4247-a443-a4eafe90bdf8 routes=2 failedRoutes=0 attacks=3 health=1.0 closestBoxDistance=0.75 elapsedMs=4505
[15:31:30] [Render thread/INFO] (lodekeeper) [Lodekeeper] FOOD_TOOL slot=7 item=minecraft:stone_pickaxe damage=3.0 wear=2 remainingDurability=101
[15:31:30] [Render thread/INFO] (lodekeeper) [Lodekeeper] FOOD_PURSUIT event=native-attack target=2a99702c-430f-4247-a443-a4eafe90bdf8 routes=2 failedRoutes=0 attacks=4 health=1.0 closestBoxDistance=0.39 elapsedMs=5324
[15:31:30] [Render thread/INFO] (lodekeeper) [Lodekeeper] FOOD_PURSUIT event=health-progress target=2a99702c-430f-4247-a443-a4eafe90bdf8 routes=2 failedRoutes=0 attacks=4 health=0.0 closestBoxDistance=0.34 elapsedMs=5359
[15:31:30] [Render thread/INFO] (lodekeeper) [Lodekeeper] FOOD_PREPARATION decision=cook_stored_food nutrition=18 cooked_potential=48 target=36
[15:31:30] [lodekeeper-planner/INFO] (lodekeeper) [Lodekeeper] PROJECT_MATERIALS project=gear_diamond before=[gather:minecraft:iron_ore:3, gather:minecraft:stone:8, gather:minecraft:diamond_ore:3, gather:minecraft:diamond_ore:3, gather:minecraft:birch_log:1, gather:minecraft:diamond_ore:4, gather:minecraft:diamond_ore:8, gather:minecraft:diamond_ore:5, gather:minecraft:diamond_ore:2, gather:minecraft:diamond_ore:7, gather:minecraft:diamond_ore:1, gather:minecraft:diamond_ore:2] after=[gather:minecraft:iron_ore:3, gather:minecraft:stone:8, gather:minecraft:diamond_ore:3, gather:minecraft:diamond_ore:3, gather:minecraft:birch_log:1, gather:minecraft:diamond_ore:4, gather:minecraft:diamond_ore:8, gather:minecraft:diamond_ore:5, gather:minecraft:diamond_ore:2, gather:minecraft:diamond_ore:7, gather:minecraft:diamond_ore:1, gather:minecraft:diamond_ore:2]
[15:31:30] [lodekeeper-planner/INFO] (lodekeeper) [Lodekeeper] PLAN project=gear_diamond success=true steps=30 branches=140 elapsedMs=3.560455
[15:31:30] [Render thread/INFO] (lodekeeper) [Lodekeeper] STEP kind=GATHER source=gather:minecraft:iron_ore output=minecraft:raw_iron count=3 operations=3 auxiliary=false
[15:31:30] [Render thread/INFO] (lodekeeper) [Lodekeeper] MINING_DEPTH policy=NEAREST desiredY=16 ceiling=2031 deficit=3 phase=MINE blocks=[Block{minecraft:iron_ore}, Block{minecraft:deepslate_iron_ore}]
[15:31:30] [Render thread/INFO] (lodekeeper) [Lodekeeper] PROGRESS elapsed_ms=89367 phase=gathering backend=baritone target=none navigation_elapsed_ms=0 navigation_ticks=0 searching=false path_index=0 path_length=0 retries=0 pending_route_events=0 dropped_route_events=0 status=mining_and_collecting_minecraft:raw_iron___0/3
[15:31:30] [Render thread/INFO] (lodekeeper) [Lodekeeper] NAV backend=baritone mode=MINE event=CALC_STARTED elapsedMs=2
[15:31:30] [Render thread/INFO] (lodekeeper) [Lodekeeper] NAV calcTool=minecraft:stone_pickaxe slot=7
[15:31:31] [Render thread/INFO] (lodekeeper) [Lodekeeper] NAV discovered=1 retained=61 rejected=0 requestTicks=3 phase=MINE
[15:31:31] [Render thread/INFO] (lodekeeper) [Lodekeeper] ROUTE_SEARCH kind=unknown anchor=unknown feet_y16=0 candidates=0 target=none elapsed_ms=89572
[15:31:31] [Render thread/INFO] (lodekeeper) [Lodekeeper] NAV discovered=4 retained=64 rejected=0 requestTicks=7 phase=MINE
[15:31:31] [Render thread/INFO] (lodekeeper) [Lodekeeper] NAV backend=baritone mode=MINE event=CALC_FINISHED_NOW_EXECUTING elapsedMs=480
[15:31:31] [Render thread/INFO] (lodekeeper) [Lodekeeper] NAV discovered=3 retained=64 rejected=0 requestTicks=11 phase=MINE
[15:31:31] [Render thread/INFO] (lodekeeper) [Lodekeeper] TARGET target=-25,54,90 block=minecraft:iron_ore
[15:31:31] [Render thread/INFO] (lodekeeper) [Lodekeeper] ROUTE_TRAVEL path_index=0 path_length=24 target=-25,54,90 block=minecraft:iron_ore elapsed_ms=89950
[15:31:32] [Render thread/INFO] (lodekeeper) [Lodekeeper] PROGRESS elapsed_ms=91392 phase=traveling backend=baritone target=-25,54,90 block=minecraft:iron_ore navigation_elapsed_ms=1992 navigation_ticks=40 searching=false path_index=0 path_length=19 retries=0 pending_route_events=0 dropped_route_events=0 status=mining_and_collecting_minecraft:raw_iron___0/3
[15:31:33] [Render thread/INFO] (lodekeeper) [Lodekeeper] BREAK target=Mutable{x=-25, y=69, z=90} block=Block{minecraft:grass_block} tool=minecraft:birch_log slot=0 remaining=-1 required=route
[15:31:34] [Render thread/INFO] (lodekeeper) [Lodekeeper] BREAK target=Mutable{x=-25, y=68, z=90} block=Block{minecraft:dirt} tool=minecraft:birch_log slot=0 remaining=-1 required=route
[15:31:34] [Render thread/INFO] (lodekeeper) [Lodekeeper] PROGRESS elapsed_ms=93400 phase=traveling backend=baritone target=-25,54,90 block=minecraft:iron_ore navigation_elapsed_ms=4000 navigation_ticks=80 searching=false path_index=0 path_length=16 retries=0 pending_route_events=0 dropped_route_events=0 status=mining_and_collecting_minecraft:raw_iron___0/3
[15:31:35] [Render thread/INFO] (lodekeeper) [Lodekeeper] BREAK target=Mutable{x=-25, y=67, z=90} block=Block{minecraft:dirt} tool=minecraft:birch_log slot=0 remaining=-1 required=route
[15:31:36] [Render thread/INFO] (lodekeeper) [Lodekeeper] BREAK target=Mutable{x=-25, y=66, z=90} block=Block{minecraft:dirt} tool=minecraft:birch_log slot=0 remaining=-1 required=route
[15:31:36] [Render thread/INFO] (lodekeeper) [Lodekeeper] PROGRESS elapsed_ms=95415 phase=traveling backend=baritone target=-25,54,90 block=minecraft:iron_ore navigation_elapsed_ms=5982 navigation_ticks=120 searching=false path_index=0 path_length=14 retries=0 pending_route_events=0 dropped_route_events=0 status=mining_and_collecting_minecraft:raw_iron___0/3
[15:31:37] [Render thread/INFO] (lodekeeper) [Lodekeeper] BREAK target=Mutable{x=-25, y=65, z=90} block=Block{minecraft:stone} tool=minecraft:stone_pickaxe slot=7 remaining=99 required=route
[15:31:38] [Render thread/INFO] (lodekeeper) [Lodekeeper] BREAK target=Mutable{x=-25, y=64, z=90} block=Block{minecraft:stone} tool=minecraft:stone_pickaxe slot=7 remaining=98 required=route
[15:31:39] [Render thread/INFO] (lodekeeper) [Lodekeeper] PROGRESS elapsed_ms=97465 phase=traveling backend=baritone target=-25,54,90 block=minecraft:iron_ore navigation_elapsed_ms=7995 navigation_ticks=160 searching=false path_index=0 path_length=12 retries=0 pending_route_events=0 dropped_route_events=0 status=mining_and_collecting_minecraft:raw_iron___0/3
[15:31:39] [Render thread/INFO] (lodekeeper) [Lodekeeper] BREAK target=Mutable{x=-25, y=63, z=90} block=Block{minecraft:stone} tool=minecraft:stone_pickaxe slot=7 remaining=97 required=route
[15:31:40] [Render thread/INFO] (lodekeeper) [Lodekeeper] BREAK target=Mutable{x=-25, y=62, z=90} block=Block{minecraft:stone} tool=minecraft:stone_pickaxe slot=7 remaining=96 required=route
[15:31:41] [Render thread/INFO] (lodekeeper) [Lodekeeper] PROGRESS elapsed_ms=99509 phase=traveling backend=baritone target=-25,54,90 block=minecraft:iron_ore navigation_elapsed_ms=10008 navigation_ticks=200 searching=false path_index=0 path_length=10 retries=0 pending_route_events=0 dropped_route_events=0 status=mining_and_collecting_minecraft:raw_iron___0/3
[15:31:41] [Render thread/INFO] (lodekeeper) [Lodekeeper] BREAK target=Mutable{x=-25, y=61, z=90} block=Block{minecraft:stone} tool=minecraft:stone_pickaxe slot=7 remaining=95 required=route
[15:31:42] [Render thread/INFO] (lodekeeper) [Lodekeeper] BREAK target=Mutable{x=-25, y=60, z=90} block=Block{minecraft:stone} tool=minecraft:stone_pickaxe slot=7 remaining=94 required=route
[15:31:43] [Render thread/INFO] (lodekeeper) [Lodekeeper] PROGRESS elapsed_ms=101562 phase=traveling backend=baritone target=-25,54,90 block=minecraft:iron_ore navigation_elapsed_ms=12196 navigation_ticks=244 searching=false path_index=0 path_length=7 retries=0 pending_route_events=0 dropped_route_events=0 status=mining_and_collecting_minecraft:raw_iron___0/3
[15:31:43] [Render thread/INFO] (lodekeeper) [Lodekeeper] BREAK target=Mutable{x=-25, y=59, z=90} block=Block{minecraft:stone} tool=minecraft:stone_pickaxe slot=7 remaining=93 required=route
[15:31:44] [Render thread/INFO] (lodekeeper) [Lodekeeper] BREAK target=Mutable{x=-25, y=58, z=90} block=Block{minecraft:stone} tool=minecraft:stone_pickaxe slot=7 remaining=92 required=route
[15:31:44] [Render thread/INFO] (lodekeeper) [Lodekeeper] BREAK target=Mutable{x=-25, y=57, z=90} block=Block{minecraft:stone} tool=minecraft:stone_pickaxe slot=7 remaining=91 required=route
[15:31:45] [Render thread/INFO] (lodekeeper) [Lodekeeper] PROGRESS elapsed_ms=103570 phase=traveling backend=baritone target=-25,54,90 block=minecraft:iron_ore navigation_elapsed_ms=14203 navigation_ticks=284 searching=false path_index=0 path_length=5 retries=0 pending_route_events=0 dropped_route_events=0 status=mining_and_collecting_minecraft:raw_iron___0/3
[15:31:45] [Render thread/INFO] (lodekeeper) [Lodekeeper] BREAK target=Mutable{x=-25, y=56, z=90} block=Block{minecraft:stone} tool=minecraft:stone_pickaxe slot=7 remaining=90 required=route
[15:31:46] [Render thread/INFO] (lodekeeper) [Lodekeeper] BREAK target=Mutable{x=-25, y=55, z=90} block=Block{minecraft:stone} tool=minecraft:stone_pickaxe slot=7 remaining=89 required=route
[15:31:47] [Render thread/INFO] (lodekeeper) [Lodekeeper] PROGRESS elapsed_ms=105620 phase=traveling backend=baritone target=-25,54,90 block=minecraft:iron_ore navigation_elapsed_ms=16186 navigation_ticks=324 searching=false path_index=0 path_length=3 retries=0 pending_route_events=0 dropped_route_events=0 status=mining_and_collecting_minecraft:raw_iron___0/3
[15:31:47] [Render thread/INFO] (lodekeeper) [Lodekeeper] BREAK target=Mutable{x=-25, y=54, z=90} block=Block{minecraft:iron_ore} tool=minecraft:stone_pickaxe slot=7 remaining=88 required=minecraft:stone_pickaxe
[15:31:48] [Render thread/INFO] (lodekeeper) [Lodekeeper] NAV discovered=1 retained=64 rejected=0 requestTicks=359 phase=MINE
[15:31:48] [Render thread/INFO] (lodekeeper) [Lodekeeper] NAV backend=baritone mode=MINE event=CALC_STARTED elapsedMs=17933
[15:31:48] [Render thread/INFO] (lodekeeper) [Lodekeeper] NAV calcTool=minecraft:stone_pickaxe slot=7
[15:31:48] [Render thread/INFO] (lodekeeper) [Lodekeeper] NAV backend=baritone mode=MINE event=CALC_FINISHED_NOW_EXECUTING elapsedMs=17933
[15:31:48] [Render thread/INFO] (lodekeeper) [Lodekeeper] TARGET target=-24,54,89 block=minecraft:iron_ore
[15:31:49] [Render thread/INFO] (lodekeeper) [Lodekeeper] BREAK target=Mutable{x=-24, y=55, z=90} block=Block{minecraft:stone} tool=minecraft:stone_pickaxe slot=7 remaining=87 required=route
[15:31:49] [Render thread/INFO] (lodekeeper) [Lodekeeper] PROGRESS elapsed_ms=107674 phase=traveling backend=baritone target=-24,54,89 block=minecraft:iron_ore navigation_elapsed_ms=18207 navigation_ticks=364 searching=false path_index=0 path_length=3 retries=0 pending_route_events=0 dropped_route_events=0 status=mining_and_collecting_minecraft:raw_iron___0/3
[15:31:49] [Render thread/INFO] (lodekeeper) [Lodekeeper] BREAK target=Mutable{x=-24, y=54, z=90} block=Block{minecraft:stone} tool=minecraft:stone_pickaxe slot=7 remaining=86 required=route
[15:31:50] [Render thread/INFO] (lodekeeper) [Lodekeeper] BREAK target=Mutable{x=-24, y=55, z=89} block=Block{minecraft:iron_ore} tool=minecraft:stone_pickaxe slot=7 remaining=85 required=minecraft:stone_pickaxe
[15:31:51] [Render thread/INFO] (lodekeeper) [Lodekeeper] PROGRESS elapsed_ms=109725 phase=traveling backend=baritone target=-24,54,89 block=minecraft:iron_ore navigation_elapsed_ms=20189 navigation_ticks=404 searching=false path_index=0 path_length=2 retries=0 pending_route_events=0 dropped_route_events=0 status=mining_and_collecting_minecraft:raw_iron___1/3
[15:31:52] [Render thread/INFO] (lodekeeper) [Lodekeeper] NAV discovered=1 retained=64 rejected=0 requestTicks=424 phase=MINE
[15:31:52] [Render thread/INFO] (lodekeeper) [Lodekeeper] BREAK target=Mutable{x=-24, y=54, z=89} block=Block{minecraft:iron_ore} tool=minecraft:stone_pickaxe slot=7 remaining=84 required=minecraft:stone_pickaxe
[15:31:53] [Render thread/INFO] (lodekeeper) [Lodekeeper] PROGRESS elapsed_ms=111771 phase=traveling backend=baritone target=-24,54,89 block=minecraft:iron_ore navigation_elapsed_ms=22405 navigation_ticks=448 searching=false path_index=0 path_length=2 retries=0 pending_route_events=0 dropped_route_events=0 status=mining_and_collecting_minecraft:raw_iron___2/3
[15:31:53] [Render thread/INFO] (lodekeeper) [Lodekeeper] TARGET target=none
[15:31:53] [Render thread/INFO] (lodekeeper) [Lodekeeper] NAV backend=baritone mode=MINE event=AT_GOAL elapsedMs=22677
[15:31:54] [lodekeeper-planner/INFO] (lodekeeper) [Lodekeeper] PROJECT_MATERIALS project=gear_diamond before=[gather:minecraft:diamond_ore:3, gather:minecraft:diamond_ore:3, gather:minecraft:birch_log:1, gather:minecraft:diamond_ore:4, gather:minecraft:diamond_ore:8, gather:minecraft:diamond_ore:5, gather:minecraft:diamond_ore:2, gather:minecraft:diamond_ore:7, gather:minecraft:diamond_ore:1, gather:minecraft:diamond_ore:2] after=[gather:minecraft:diamond_ore:3, gather:minecraft:diamond_ore:3, gather:minecraft:birch_log:1, gather:minecraft:diamond_ore:4, gather:minecraft:diamond_ore:8, gather:minecraft:diamond_ore:5, gather:minecraft:diamond_ore:2, gather:minecraft:diamond_ore:7, gather:minecraft:diamond_ore:1, gather:minecraft:diamond_ore:2]
[15:31:54] [lodekeeper-planner/INFO] (lodekeeper) [Lodekeeper] PLAN project=gear_diamond success=true steps=28 branches=131 elapsedMs=3.816432
[15:31:54] [Render thread/INFO] (lodekeeper) [Lodekeeper] STEP kind=PLACE_STATION source=place:minecraft:crafting_table output=null count=0 operations=1 auxiliary=false
[15:31:54] [Render thread/INFO] (lodekeeper) [Lodekeeper] TARGET target=-25,54,90 block=minecraft:crafting_table
[15:31:54] [Render thread/INFO] (lodekeeper) [Lodekeeper] TARGET target=none
[15:31:54] [lodekeeper-planner/INFO] (lodekeeper) [Lodekeeper] PROJECT_MATERIALS project=gear_diamond before=[gather:minecraft:diamond_ore:3, gather:minecraft:diamond_ore:3, gather:minecraft:birch_log:1, gather:minecraft:diamond_ore:4, gather:minecraft:diamond_ore:8, gather:minecraft:diamond_ore:5, gather:minecraft:diamond_ore:2, gather:minecraft:diamond_ore:7, gather:minecraft:diamond_ore:1, gather:minecraft:diamond_ore:2] after=[gather:minecraft:diamond_ore:3, gather:minecraft:diamond_ore:3, gather:minecraft:birch_log:1, gather:minecraft:diamond_ore:4, gather:minecraft:diamond_ore:8, gather:minecraft:diamond_ore:5, gather:minecraft:diamond_ore:2, gather:minecraft:diamond_ore:7, gather:minecraft:diamond_ore:1, gather:minecraft:diamond_ore:2]
[15:31:54] [lodekeeper-planner/INFO] (lodekeeper) [Lodekeeper] PLAN project=gear_diamond success=true steps=27 branches=130 elapsedMs=3.86806
[15:31:54] [Render thread/INFO] (lodekeeper) [Lodekeeper] STEP kind=CRAFT source=minecraft:furnace output=minecraft:furnace count=1 operations=1 auxiliary=false
[15:31:55] [Render thread/INFO] (lodekeeper) [Lodekeeper] PROGRESS elapsed_ms=113792 phase=crafting backend=baritone target=none navigation_elapsed_ms=0 navigation_ticks=0 searching=false path_index=0 path_length=0 retries=0 pending_route_events=0 dropped_route_events=0 status=CRAFT_minecraft:furnace
[15:31:57] [Render thread/INFO] (lodekeeper) [Lodekeeper] PROGRESS elapsed_ms=115814 phase=crafting backend=baritone target=none navigation_elapsed_ms=0 navigation_ticks=0 searching=false path_index=0 path_length=0 retries=0 pending_route_events=0 dropped_route_events=0 status=CRAFT_minecraft:furnace
[15:31:59] [Render thread/INFO] (lodekeeper) [Lodekeeper] PROGRESS elapsed_ms=117859 phase=crafting backend=baritone target=none navigation_elapsed_ms=0 navigation_ticks=0 searching=false path_index=0 path_length=0 retries=0 pending_route_events=0 dropped_route_events=0 status=CRAFT_minecraft:furnace
[15:32:00] [lodekeeper-planner/INFO] (lodekeeper) [Lodekeeper] PROJECT_MATERIALS project=gear_diamond before=[gather:minecraft:diamond_ore:3, gather:minecraft:diamond_ore:3, gather:minecraft:birch_log:1, gather:minecraft:diamond_ore:4, gather:minecraft:diamond_ore:8, gather:minecraft:diamond_ore:5, gather:minecraft:diamond_ore:2, gather:minecraft:diamond_ore:7, gather:minecraft:diamond_ore:1, gather:minecraft:diamond_ore:2] after=[gather:minecraft:diamond_ore:3, gather:minecraft:diamond_ore:3, gather:minecraft:birch_log:1, gather:minecraft:diamond_ore:4, gather:minecraft:diamond_ore:8, gather:minecraft:diamond_ore:5, gather:minecraft:diamond_ore:2, gather:minecraft:diamond_ore:7, gather:minecraft:diamond_ore:1, gather:minecraft:diamond_ore:2]
[15:32:00] [lodekeeper-planner/INFO] (lodekeeper) [Lodekeeper] PLAN project=gear_diamond success=true steps=26 branches=127 elapsedMs=3.757228
[15:32:00] [Render thread/INFO] (lodekeeper) [Lodekeeper] STEP kind=PLACE_STATION source=place:minecraft:furnace output=null count=0 operations=1 auxiliary=false
[15:32:00] [Render thread/INFO] (lodekeeper) [Lodekeeper] TARGET target=-25,54,89 block=minecraft:stone
[15:32:01] [Render thread/INFO] (lodekeeper) [Lodekeeper] PROGRESS elapsed_ms=119916 phase=gathering backend=baritone target=-25,54,89 block=minecraft:stone navigation_elapsed_ms=0 navigation_ticks=0 searching=false path_index=0 path_length=0 retries=0 pending_route_events=0 dropped_route_events=0 status=mining_station_feet_space
[15:32:02] [Render thread/INFO] (lodekeeper) [Lodekeeper] TARGET target=none
[15:32:02] [lodekeeper-planner/INFO] (lodekeeper) [Lodekeeper] PROJECT_MATERIALS project=gear_diamond before=[gather:minecraft:diamond_ore:3, gather:minecraft:diamond_ore:3, gather:minecraft:birch_log:1, gather:minecraft:diamond_ore:4, gather:minecraft:diamond_ore:8, gather:minecraft:diamond_ore:5, gather:minecraft:diamond_ore:2, gather:minecraft:diamond_ore:7, gather:minecraft:diamond_ore:1, gather:minecraft:diamond_ore:2] after=[gather:minecraft:diamond_ore:3, gather:minecraft:diamond_ore:3, gather:minecraft:birch_log:1, gather:minecraft:diamond_ore:4, gather:minecraft:diamond_ore:8, gather:minecraft:diamond_ore:5, gather:minecraft:diamond_ore:2, gather:minecraft:diamond_ore:7, gather:minecraft:diamond_ore:1, gather:minecraft:diamond_ore:2]
[15:32:02] [lodekeeper-planner/INFO] (lodekeeper) [Lodekeeper] PLAN project=gear_diamond success=true steps=25 branches=126 elapsedMs=3.242243
[15:32:02] [Render thread/INFO] (lodekeeper) [Lodekeeper] SMELT_REQUIREMENTS source=minecraft:iron_ingot_from_smelting_raw_iron selected=[SelectedItemRequirement[item=minecraft:raw_iron, count=3, consumed=true, purpose=smelting input, recipeSlot=-1], SelectedItemRequirement[item=minecraft:birch_log, count=2, consumed=true, purpose=smelting fuel, recipeSlot=-1], SelectedStationRequirement[station=minecraft:furnace, purpose=use station]]
[15:32:02] [Render thread/INFO] (lodekeeper) [Lodekeeper] STEP kind=SMELT source=minecraft:iron_ingot_from_smelting_raw_iron output=minecraft:iron_ingot count=3 operations=3 auxiliary=false
[15:32:03] [Render thread/INFO] (lodekeeper) [Lodekeeper] PROGRESS elapsed_ms=121962 phase=smelting backend=baritone target=none navigation_elapsed_ms=0 navigation_ticks=0 searching=false path_index=0 path_length=0 retries=0 pending_route_events=0 dropped_route_events=0 status=SMELT_minecraft:iron_ingot_from_smelting_raw_iron
[15:32:05] [Render thread/INFO] (lodekeeper) [Lodekeeper] PROGRESS elapsed_ms=123973 phase=smelting backend=baritone target=none navigation_elapsed_ms=0 navigation_ticks=0 searching=false path_index=0 path_length=0 retries=0 pending_route_events=0 dropped_route_events=0 status=SMELT_minecraft:iron_ingot_from_smelting_raw_iron
[15:32:07] [Render thread/INFO] (lodekeeper) [Lodekeeper] PROGRESS elapsed_ms=126016 phase=smelting backend=baritone target=none navigation_elapsed_ms=0 navigation_ticks=0 searching=false path_index=0 path_length=0 retries=0 pending_route_events=0 dropped_route_events=0 status=SMELT_minecraft:iron_ingot_from_smelting_raw_iron
[15:32:09] [Render thread/INFO] (lodekeeper) [Lodekeeper] PROGRESS elapsed_ms=128064 phase=smelting backend=baritone target=none navigation_elapsed_ms=0 navigation_ticks=0 searching=false path_index=0 path_length=0 retries=0 pending_route_events=0 dropped_route_events=0 status=SMELT_minecraft:iron_ingot_from_smelting_raw_iron
[15:32:11] [Render thread/INFO] (lodekeeper) [Lodekeeper] PROGRESS elapsed_ms=130121 phase=smelting backend=baritone target=none navigation_elapsed_ms=0 navigation_ticks=0 searching=false path_index=0 path_length=0 retries=0 pending_route_events=0 dropped_route_events=0 status=SMELT_minecraft:iron_ingot_from_smelting_raw_iron
[15:32:13] [Render thread/INFO] (lodekeeper) [Lodekeeper] PROGRESS elapsed_ms=132173 phase=smelting backend=baritone target=none navigation_elapsed_ms=0 navigation_ticks=0 searching=false path_index=0 path_length=0 retries=0 pending_route_events=0 dropped_route_events=0 status=SMELT_minecraft:iron_ingot_from_smelting_raw_iron
[15:32:15] [Render thread/INFO] (lodekeeper) [Lodekeeper] PROGRESS elapsed_ms=134196 phase=smelting backend=baritone target=none navigation_elapsed_ms=0 navigation_ticks=0 searching=false path_index=0 path_length=0 retries=0 pending_route_events=0 dropped_route_events=0 status=SMELT_minecraft:iron_ingot_from_smelting_raw_iron
[15:32:17] [Render thread/INFO] (lodekeeper) [Lodekeeper] PROGRESS elapsed_ms=136206 phase=smelting backend=baritone target=none navigation_elapsed_ms=0 navigation_ticks=0 searching=false path_index=0 path_length=0 retries=0 pending_route_events=0 dropped_route_events=0 status=SMELT_minecraft:iron_ingot_from_smelting_raw_iron
[15:32:19] [Render thread/INFO] (lodekeeper) [Lodekeeper] PROGRESS elapsed_ms=138221 phase=smelting backend=baritone target=none navigation_elapsed_ms=0 navigation_ticks=0 searching=false path_index=0 path_length=0 retries=0 pending_route_events=0 dropped_route_events=0 status=SMELT_minecraft:iron_ingot_from_smelting_raw_iron
[15:32:21] [Render thread/INFO] (lodekeeper) [Lodekeeper] PROGRESS elapsed_ms=140264 phase=smelting backend=baritone target=none navigation_elapsed_ms=0 navigation_ticks=0 searching=false path_index=0 path_length=0 retries=0 pending_route_events=0 dropped_route_events=0 status=SMELT_minecraft:iron_ingot_from_smelting_raw_iron
[15:32:23] [Render thread/INFO] (lodekeeper) [Lodekeeper] PROGRESS elapsed_ms=142275 phase=smelting backend=baritone target=none navigation_elapsed_ms=0 navigation_ticks=0 searching=false path_index=0 path_length=0 retries=0 pending_route_events=0 dropped_route_events=0 status=SMELT_minecraft:iron_ingot_from_smelting_raw_iron
[15:32:25] [Render thread/INFO] (lodekeeper) [Lodekeeper] PROGRESS elapsed_ms=144302 phase=smelting backend=baritone target=none navigation_elapsed_ms=0 navigation_ticks=0 searching=false path_index=0 path_length=0 retries=0 pending_route_events=0 dropped_route_events=0 status=SMELT_minecraft:iron_ingot_from_smelting_raw_iron
[15:32:27] [Render thread/INFO] (lodekeeper) [Lodekeeper] PROGRESS elapsed_ms=146324 phase=smelting backend=baritone target=none navigation_elapsed_ms=0 navigation_ticks=0 searching=false path_index=0 path_length=0 retries=0 pending_route_events=0 dropped_route_events=0 status=SMELT_minecraft:iron_ingot_from_smelting_raw_iron
[15:32:29] [Render thread/INFO] (lodekeeper) [Lodekeeper] PROGRESS elapsed_ms=148368 phase=smelting backend=baritone target=none navigation_elapsed_ms=0 navigation_ticks=0 searching=false path_index=0 path_length=0 retries=0 pending_route_events=0 dropped_route_events=0 status=SMELT_minecraft:iron_ingot_from_smelting_raw_iron
[15:32:31] [Render thread/INFO] (lodekeeper) [Lodekeeper] PROGRESS elapsed_ms=150417 phase=smelting backend=baritone target=none navigation_elapsed_ms=0 navigation_ticks=0 searching=false path_index=0 path_length=0 retries=0 pending_route_events=0 dropped_route_events=0 status=SMELT_minecraft:iron_ingot_from_smelting_raw_iron
[15:32:33] [lodekeeper-planner/INFO] (lodekeeper) [Lodekeeper] PROJECT_MATERIALS project=gear_diamond before=[gather:minecraft:diamond_ore:3, gather:minecraft:diamond_ore:3, gather:minecraft:birch_log:1, gather:minecraft:diamond_ore:4, gather:minecraft:diamond_ore:8, gather:minecraft:diamond_ore:5, gather:minecraft:diamond_ore:2, gather:minecraft:diamond_ore:7, gather:minecraft:diamond_ore:1, gather:minecraft:diamond_ore:2] after=[gather:minecraft:diamond_ore:3, gather:minecraft:diamond_ore:3, gather:minecraft:birch_log:1, gather:minecraft:diamond_ore:4, gather:minecraft:diamond_ore:8, gather:minecraft:diamond_ore:5, gather:minecraft:diamond_ore:2, gather:minecraft:diamond_ore:7, gather:minecraft:diamond_ore:1, gather:minecraft:diamond_ore:2]
[15:32:33] [lodekeeper-planner/INFO] (lodekeeper) [Lodekeeper] PLAN project=gear_diamond success=true steps=24 branches=111 elapsedMs=2.008934
[15:32:33] [Render thread/INFO] (lodekeeper) [Lodekeeper] STEP kind=CRAFT source=minecraft:stick output=minecraft:stick count=4 operations=1 auxiliary=false
[15:32:33] [Render thread/INFO] (lodekeeper) [Lodekeeper] PROGRESS elapsed_ms=152426 phase=crafting backend=baritone target=none navigation_elapsed_ms=0 navigation_ticks=0 searching=false path_index=0 path_length=0 retries=0 pending_route_events=0 dropped_route_events=0 status=CRAFT_minecraft:stick
[15:32:35] [lodekeeper-planner/INFO] (lodekeeper) [Lodekeeper] PROJECT_MATERIALS project=gear_diamond before=[gather:minecraft:diamond_ore:3, gather:minecraft:diamond_ore:3, gather:minecraft:birch_log:1, gather:minecraft:diamond_ore:4, gather:minecraft:diamond_ore:8, gather:minecraft:diamond_ore:5, gather:minecraft:diamond_ore:2, gather:minecraft:diamond_ore:7, gather:minecraft:diamond_ore:1, gather:minecraft:diamond_ore:2] after=[gather:minecraft:diamond_ore:3, gather:minecraft:diamond_ore:3, gather:minecraft:birch_log:1, gather:minecraft:diamond_ore:4, gather:minecraft:diamond_ore:8, gather:minecraft:diamond_ore:5, gather:minecraft:diamond_ore:2, gather:minecraft:diamond_ore:7, gather:minecraft:diamond_ore:1, gather:minecraft:diamond_ore:2]
[15:32:35] [lodekeeper-planner/INFO] (lodekeeper) [Lodekeeper] PLAN project=gear_diamond success=true steps=23 branches=107 elapsedMs=1.840498
[15:32:35] [Render thread/INFO] (lodekeeper) [Lodekeeper] STEP kind=CRAFT source=minecraft:iron_pickaxe output=minecraft:iron_pickaxe count=1 operations=1 auxiliary=false
[15:32:36] [Render thread/INFO] (lodekeeper) [Lodekeeper] PROGRESS elapsed_ms=154445 phase=crafting backend=baritone target=none navigation_elapsed_ms=0 navigation_ticks=0 searching=false path_index=0 path_length=0 retries=0 pending_route_events=0 dropped_route_events=0 status=CRAFT_minecraft:iron_pickaxe
[15:32:38] [Render thread/INFO] (lodekeeper) [Lodekeeper] PROGRESS elapsed_ms=156447 phase=crafting backend=baritone target=none navigation_elapsed_ms=0 navigation_ticks=0 searching=false path_index=0 path_length=0 retries=0 pending_route_events=0 dropped_route_events=0 status=CRAFT_minecraft:iron_pickaxe
[15:32:39] [lodekeeper-planner/INFO] (lodekeeper) [Lodekeeper] PROJECT_MATERIALS project=gear_diamond before=[gather:minecraft:diamond_ore:3, gather:minecraft:diamond_ore:3, gather:minecraft:birch_log:1, gather:minecraft:diamond_ore:4, gather:minecraft:diamond_ore:8, gather:minecraft:diamond_ore:5, gather:minecraft:diamond_ore:2, gather:minecraft:diamond_ore:7, gather:minecraft:diamond_ore:1, gather:minecraft:diamond_ore:2] after=[gather:minecraft:diamond_ore:3, gather:minecraft:diamond_ore:3, gather:minecraft:birch_log:1, gather:minecraft:diamond_ore:4, gather:minecraft:diamond_ore:8, gather:minecraft:diamond_ore:5, gather:minecraft:diamond_ore:2, gather:minecraft:diamond_ore:7, gather:minecraft:diamond_ore:1, gather:minecraft:diamond_ore:2]
[15:32:39] [lodekeeper-planner/INFO] (lodekeeper) [Lodekeeper] PLAN project=gear_diamond success=true steps=22 branches=102 elapsedMs=1.417535
[15:32:39] [Render thread/INFO] (lodekeeper) [Lodekeeper] STEP kind=GATHER source=gather:minecraft:diamond_ore output=minecraft:diamond count=3 operations=3 auxiliary=false
[15:32:40] [Render thread/INFO] (lodekeeper) [Lodekeeper] PROGRESS elapsed_ms=158461 phase=gathering backend=baritone target=none navigation_elapsed_ms=0 navigation_ticks=0 searching=false path_index=0 path_length=0 retries=0 pending_route_events=0 dropped_route_events=0 status=mining_the_recorded_owned_crafting_table
[15:32:42] [Render thread/INFO] (lodekeeper) [Lodekeeper] PROGRESS elapsed_ms=160476 phase=gathering backend=baritone target=none navigation_elapsed_ms=0 navigation_ticks=0 searching=false path_index=0 path_length=0 retries=0 pending_route_events=0 dropped_route_events=0 status=mining_the_recorded_owned_crafting_table
[15:32:43] [Render thread/INFO] (lodekeeper) [Lodekeeper] NAV backend=baritone mode=PICKUP event=CALC_STARTED elapsedMs=1
[15:32:43] [Render thread/INFO] (lodekeeper) [Lodekeeper] NAV calcTool=minecraft:stick slot=0
[15:32:43] [Render thread/INFO] (lodekeeper) [Lodekeeper] NAV backend=baritone mode=PICKUP event=CALC_FINISHED_NOW_EXECUTING elapsedMs=35
[15:32:43] [Render thread/INFO] (lodekeeper) [Lodekeeper] NAV backend=baritone mode=IDLE event=CANCELED elapsedMs=380
[15:32:43] [Render thread/INFO] (lodekeeper) [Lodekeeper] NAV backend=baritone mode=IDLE event=CANCELED elapsedMs=380
[15:32:43] [Render thread/INFO] (lodekeeper) [Lodekeeper] NAV backend=baritone mode=IDLE event=CANCELED elapsedMs=447
[15:32:43] [Render thread/INFO] (lodekeeper) [Lodekeeper] NAV backend=baritone mode=IDLE event=CANCELED elapsedMs=481
[15:32:44] [Render thread/INFO] (lodekeeper) [Lodekeeper] NAV backend=baritone mode=IDLE event=CANCELED elapsedMs=549
[15:32:44] [Render thread/INFO] (lodekeeper) [Lodekeeper] PROGRESS elapsed_ms=162501 phase=planning backend=baritone target=none navigation_elapsed_ms=0 navigation_ticks=0 searching=false path_index=0 path_length=0 retries=0 pending_route_events=0 dropped_route_events=0 status=planning
[15:32:44] [lodekeeper-planner/INFO] (lodekeeper) [Lodekeeper] PROJECT_MATERIALS project=gear_diamond before=[gather:minecraft:diamond_ore:3, gather:minecraft:diamond_ore:3, gather:minecraft:birch_log:1, gather:minecraft:diamond_ore:4, gather:minecraft:diamond_ore:8, gather:minecraft:diamond_ore:5, gather:minecraft:diamond_ore:2, gather:minecraft:diamond_ore:7, gather:minecraft:diamond_ore:1, gather:minecraft:diamond_ore:2] after=[gather:minecraft:diamond_ore:3, gather:minecraft:diamond_ore:3, gather:minecraft:birch_log:1, gather:minecraft:diamond_ore:4, gather:minecraft:diamond_ore:8, gather:minecraft:diamond_ore:5, gather:minecraft:diamond_ore:2, gather:minecraft:diamond_ore:7, gather:minecraft:diamond_ore:1, gather:minecraft:diamond_ore:2]
[15:32:44] [lodekeeper-planner/INFO] (lodekeeper) [Lodekeeper] PLAN project=gear_diamond success=true steps=23 branches=103 elapsedMs=1.413355
[15:32:44] [Render thread/INFO] (lodekeeper) [Lodekeeper] STEP kind=GATHER source=gather:minecraft:diamond_ore output=minecraft:diamond count=3 operations=3 auxiliary=false
[15:32:44] [Render thread/INFO] (lodekeeper) [Lodekeeper] MINING_DEPTH policy=NEAREST desiredY=-55 ceiling=2031 deficit=3 phase=MINE blocks=[Block{minecraft:diamond_ore}, Block{minecraft:deepslate_diamond_ore}]
[15:32:44] [Render thread/INFO] (lodekeeper) [Lodekeeper] NAV backend=baritone mode=MINE event=CALC_STARTED elapsedMs=3
[15:32:44] [Render thread/INFO] (lodekeeper) [Lodekeeper] NAV calcTool=minecraft:iron_pickaxe slot=1
[15:32:44] [Render thread/INFO] (lodekeeper) [Lodekeeper] ROUTE_SEARCH kind=unknown anchor=unknown feet_y16=0 candidates=0 target=none elapsed_ms=162775
[15:32:44] [Render thread/INFO] (lodekeeper) [Lodekeeper] NAV backend=baritone mode=MINE event=CALC_FINISHED_NOW_EXECUTING elapsedMs=549
[15:32:44] [Render thread/INFO] (lodekeeper) [Lodekeeper] ROUTE_TRAVEL path_index=0 path_length=47 target=none elapsed_ms=163153
[15:32:44] [Render thread/INFO] (lodekeeper) [Lodekeeper] BREAK target=Mutable{x=-25, y=53, z=90} block=Block{minecraft:stone} tool=minecraft:iron_pickaxe slot=1 remaining=250 required=route
[15:32:45] [Render thread/INFO] (lodekeeper) [Lodekeeper] BREAK target=Mutable{x=-25, y=52, z=90} block=Block{minecraft:stone} tool=minecraft:iron_pickaxe slot=1 remaining=249 required=route
[15:32:46] [Render thread/INFO] (lodekeeper) [Lodekeeper] PROGRESS elapsed_ms=164563 phase=traveling backend=baritone target=none navigation_elapsed_ms=1992 navigation_ticks=40 searching=false path_index=0 path_length=46 retries=0 pending_route_events=0 dropped_route_events=0 status=mining_and_collecting_minecraft:diamond___0/3
[15:32:46] [Render thread/INFO] (lodekeeper) [Lodekeeper] BREAK target=Mutable{x=-25, y=51, z=90} block=Block{minecraft:stone} tool=minecraft:iron_pickaxe slot=1 remaining=248 required=route
[15:32:47] [Render thread/INFO] (lodekeeper) [Lodekeeper] BREAK target=Mutable{x=-25, y=50, z=90} block=Block{minecraft:stone} tool=minecraft:iron_pickaxe slot=1 remaining=247 required=route
[15:32:47] [Render thread/INFO] (lodekeeper) [Lodekeeper] BREAK target=Mutable{x=-25, y=49, z=90} block=Block{minecraft:stone} tool=minecraft:iron_pickaxe slot=1 remaining=246 required=route
[15:32:48] [Render thread/INFO] (lodekeeper) [Lodekeeper] PROGRESS elapsed_ms=166574 phase=traveling backend=baritone target=none navigation_elapsed_ms=4003 navigation_ticks=80 searching=false path_index=0 path_length=43 retries=0 pending_route_events=0 dropped_route_events=0 status=mining_and_collecting_minecraft:diamond___0/3
[15:32:48] [Render thread/INFO] (lodekeeper) [Lodekeeper] BREAK target=Mutable{x=-25, y=48, z=90} block=Block{minecraft:stone} tool=minecraft:iron_pickaxe slot=1 remaining=245 required=route
[15:32:49] [Render thread/INFO] (lodekeeper) [Lodekeeper] BREAK target=Mutable{x=-25, y=49, z=91} block=Block{minecraft:stone} tool=minecraft:iron_pickaxe slot=1 remaining=244 required=route
[15:32:49] [Render thread/INFO] (lodekeeper) [Lodekeeper] BREAK target=Mutable{x=-25, y=48, z=91} block=Block{minecraft:stone} tool=minecraft:iron_pickaxe slot=1 remaining=243 required=route
[15:32:50] [Render thread/INFO] (lodekeeper) [Lodekeeper] PROGRESS elapsed_ms=168615 phase=traveling backend=baritone target=none navigation_elapsed_ms=5978 navigation_ticks=120 searching=false path_index=0 path_length=41 retries=0 pending_route_events=0 dropped_route_events=0 status=mining_and_collecting_minecraft:diamond___0/3
[15:32:50] [Render thread/INFO] (lodekeeper) [Lodekeeper] BREAK target=Mutable{x=-25, y=47, z=91} block=Block{minecraft:stone} tool=minecraft:iron_pickaxe slot=1 remaining=242 required=route
[15:32:51] [Render thread/INFO] (lodekeeper) [Lodekeeper] BREAK target=Mutable{x=-25, y=46, z=91} block=Block{minecraft:stone} tool=minecraft:iron_pickaxe slot=1 remaining=241 required=route
[15:32:52] [Render thread/INFO] (lodekeeper) [Lodekeeper] PROGRESS elapsed_ms=170671 phase=traveling backend=baritone target=none navigation_elapsed_ms=7999 navigation_ticks=160 searching=false path_index=0 path_length=39 retries=0 pending_route_events=0 dropped_route_events=0 status=mining_and_collecting_minecraft:diamond___0/3
[15:32:52] [Render thread/INFO] (lodekeeper) [Lodekeeper] BREAK target=Mutable{x=-25, y=45, z=91} block=Block{minecraft:stone} tool=minecraft:iron_pickaxe slot=1 remaining=240 required=route
[15:32:52] [Render thread/INFO] (lodekeeper) [Lodekeeper] BREAK target=Mutable{x=-25, y=44, z=91} block=Block{minecraft:stone} tool=minecraft:iron_pickaxe slot=1 remaining=239 required=route
[15:32:53] [Render thread/INFO] (lodekeeper) [Lodekeeper] BREAK target=Mutable{x=-25, y=43, z=91} block=Block{minecraft:stone} tool=minecraft:iron_pickaxe slot=1 remaining=238 required=route
[15:32:54] [Render thread/INFO] (lodekeeper) [Lodekeeper] PROGRESS elapsed_ms=172724 phase=traveling backend=baritone target=none navigation_elapsed_ms=9980 navigation_ticks=200 searching=false path_index=0 path_length=37 retries=0 pending_route_events=0 dropped_route_events=0 status=mining_and_collecting_minecraft:diamond___0/3
[15:32:54] [Render thread/INFO] (lodekeeper) [Lodekeeper] BREAK target=Mutable{x=-25, y=42, z=91} block=Block{minecraft:stone} tool=minecraft:iron_pickaxe slot=1 remaining=237 required=route
[15:32:55] [Render thread/INFO] (lodekeeper) [Lodekeeper] BREAK target=Mutable{x=-25, y=41, z=91} block=Block{minecraft:stone} tool=minecraft:iron_pickaxe slot=1 remaining=236 required=route
[15:32:55] [Render thread/INFO] (lodekeeper) [Lodekeeper] BREAK target=Mutable{x=-25, y=40, z=91} block=Block{minecraft:stone} tool=minecraft:iron_pickaxe slot=1 remaining=235 required=route
[15:32:56] [Render thread/INFO] (lodekeeper) [Lodekeeper] PROGRESS elapsed_ms=174777 phase=traveling backend=baritone target=none navigation_elapsed_ms=12207 navigation_ticks=244 searching=false path_index=0 path_length=33 retries=0 pending_route_events=0 dropped_route_events=0 status=mining_and_collecting_minecraft:diamond___0/3
[15:32:56] [Render thread/INFO] (lodekeeper) [Lodekeeper] BREAK target=Mutable{x=-25, y=39, z=91} block=Block{minecraft:stone} tool=minecraft:iron_pickaxe slot=1 remaining=234 required=route
[15:32:57] [Render thread/INFO] (lodekeeper) [Lodekeeper] BREAK target=Mutable{x=-25, y=38, z=91} block=Block{minecraft:stone} tool=minecraft:iron_pickaxe slot=1 remaining=233 required=route
[15:32:57] [Render thread/INFO] (lodekeeper) [Lodekeeper] BREAK target=Mutable{x=-25, y=37, z=91} block=Block{minecraft:stone} tool=minecraft:iron_pickaxe slot=1 remaining=232 required=route
[15:32:58] [Render thread/INFO] (lodekeeper) [Lodekeeper] PROGRESS elapsed_ms=176795 phase=traveling backend=baritone target=none navigation_elapsed_ms=14190 navigation_ticks=284 searching=false path_index=0 path_length=31 retries=0 pending_route_events=0 dropped_route_events=0 status=mining_and_collecting_minecraft:diamond___0/3
[15:32:58] [Render thread/INFO] (lodekeeper) [Lodekeeper] BREAK target=Mutable{x=-25, y=36, z=91} block=Block{minecraft:stone} tool=minecraft:iron_pickaxe slot=1 remaining=231 required=route
[15:32:59] [Render thread/INFO] (lodekeeper) [Lodekeeper] BREAK target=Mutable{x=-25, y=35, z=91} block=Block{minecraft:stone} tool=minecraft:iron_pickaxe slot=1 remaining=230 required=route
[15:32:59] [Render thread/INFO] (lodekeeper) [Lodekeeper] BREAK target=Mutable{x=-25, y=34, z=91} block=Block{minecraft:stone} tool=minecraft:iron_pickaxe slot=1 remaining=229 required=route
[15:33:00] [Render thread/INFO] (lodekeeper) [Lodekeeper] PROGRESS elapsed_ms=178808 phase=traveling backend=baritone target=none navigation_elapsed_ms=16204 navigation_ticks=324 searching=false path_index=0 path_length=28 retries=0 pending_route_events=0 dropped_route_events=0 status=mining_and_collecting_minecraft:diamond___0/3
[15:33:00] [Render thread/INFO] (lodekeeper) [Lodekeeper] BREAK target=Mutable{x=-25, y=33, z=91} block=Block{minecraft:stone} tool=minecraft:iron_pickaxe slot=1 remaining=228 required=route
[15:33:01] [Render thread/INFO] (lodekeeper) [Lodekeeper] BREAK target=Mutable{x=-25, y=32, z=91} block=Block{minecraft:stone} tool=minecraft:iron_pickaxe slot=1 remaining=227 required=route
[15:33:02] [Render thread/INFO] (lodekeeper) [Lodekeeper] BREAK target=Mutable{x=-25, y=31, z=91} block=Block{minecraft:stone} tool=minecraft:iron_pickaxe slot=1 remaining=226 required=route
[15:33:02] [Render thread/INFO] (lodekeeper) [Lodekeeper] PROGRESS elapsed_ms=180821 phase=traveling backend=baritone target=none navigation_elapsed_ms=18182 navigation_ticks=364 searching=false path_index=0 path_length=25 retries=0 pending_route_events=0 dropped_route_events=0 status=mining_and_collecting_minecraft:diamond___0/3
[15:33:02] [Render thread/INFO] (lodekeeper) [Lodekeeper] BREAK target=Mutable{x=-25, y=30, z=91} block=Block{minecraft:stone} tool=minecraft:iron_pickaxe slot=1 remaining=225 required=route
[15:33:03] [Render thread/INFO] (lodekeeper) [Lodekeeper] BREAK target=Mutable{x=-25, y=29, z=91} block=Block{minecraft:stone} tool=minecraft:iron_pickaxe slot=1 remaining=224 required=route
[15:33:04] [Render thread/INFO] (lodekeeper) [Lodekeeper] BREAK target=Mutable{x=-25, y=28, z=91} block=Block{minecraft:stone} tool=minecraft:iron_pickaxe slot=1 remaining=223 required=route
[15:33:04] [Render thread/INFO] (lodekeeper) [Lodekeeper] PROGRESS elapsed_ms=182844 phase=traveling backend=baritone target=none navigation_elapsed_ms=20206 navigation_ticks=404 searching=false path_index=0 path_length=22 retries=0 pending_route_events=0 dropped_route_events=0 status=mining_and_collecting_minecraft:diamond___0/3
[15:33:04] [Render thread/INFO] (lodekeeper) [Lodekeeper] BREAK target=Mutable{x=-25, y=27, z=91} block=Block{minecraft:stone} tool=minecraft:iron_pickaxe slot=1 remaining=222 required=route
[15:33:05] [Render thread/INFO] (lodekeeper) [Lodekeeper] BREAK target=Mutable{x=-25, y=26, z=91} block=Block{minecraft:stone} tool=minecraft:iron_pickaxe slot=1 remaining=221 required=route
[15:33:06] [Render thread/INFO] (lodekeeper) [Lodekeeper] BREAK target=Mutable{x=-25, y=25, z=91} block=Block{minecraft:stone} tool=minecraft:iron_pickaxe slot=1 remaining=220 required=route
[15:33:06] [Render thread/INFO] (lodekeeper) [Lodekeeper] PROGRESS elapsed_ms=184863 phase=traveling backend=baritone target=none navigation_elapsed_ms=22188 navigation_ticks=444 searching=false path_index=0 path_length=19 retries=0 pending_route_events=0 dropped_route_events=0 status=mining_and_collecting_minecraft:diamond___0/3
[15:33:06] [Render thread/INFO] (lodekeeper) [Lodekeeper] BREAK target=Mutable{x=-25, y=24, z=91} block=Block{minecraft:stone} tool=minecraft:iron_pickaxe slot=1 remaining=219 required=route
[15:33:07] [Render thread/INFO] (lodekeeper) [Lodekeeper] BREAK target=Mutable{x=-25, y=23, z=91} block=Block{minecraft:stone} tool=minecraft:iron_pickaxe slot=1 remaining=218 required=route
[15:33:08] [Render thread/INFO] (lodekeeper) [Lodekeeper] BREAK target=Mutable{x=-25, y=22, z=91} block=Block{minecraft:stone} tool=minecraft:iron_pickaxe slot=1 remaining=217 required=route
[15:33:08] [Render thread/INFO] (lodekeeper) [Lodekeeper] PROGRESS elapsed_ms=186913 phase=traveling backend=baritone target=none navigation_elapsed_ms=24204 navigation_ticks=484 searching=false path_index=0 path_length=16 retries=0 pending_route_events=0 dropped_route_events=0 status=mining_and_collecting_minecraft:diamond___0/3
[15:33:09] [Render thread/INFO] (lodekeeper) [Lodekeeper] BREAK target=Mutable{x=-25, y=21, z=91} block=Block{minecraft:stone} tool=minecraft:iron_pickaxe slot=1 remaining=216 required=route
[15:33:09] [Render thread/INFO] (lodekeeper) [Lodekeeper] BREAK target=Mutable{x=-25, y=20, z=91} block=Block{minecraft:stone} tool=minecraft:iron_pickaxe slot=1 remaining=215 required=route
[15:33:10] [Render thread/INFO] (lodekeeper) [Lodekeeper] BREAK target=Mutable{x=-25, y=19, z=91} block=Block{minecraft:stone} tool=minecraft:iron_pickaxe slot=1 remaining=214 required=route
[15:33:10] [Render thread/INFO] (lodekeeper) [Lodekeeper] PROGRESS elapsed_ms=188969 phase=traveling backend=baritone target=none navigation_elapsed_ms=26398 navigation_ticks=528 searching=false path_index=0 path_length=13 retries=0 pending_route_events=0 dropped_route_events=0 status=mining_and_collecting_minecraft:diamond___0/3
[15:33:11] [Render thread/INFO] (lodekeeper) [Lodekeeper] BREAK target=Mutable{x=-25, y=18, z=91} block=Block{minecraft:stone} tool=minecraft:iron_pickaxe slot=1 remaining=213 required=route
[15:33:11] [Render thread/INFO] (lodekeeper) [Lodekeeper] NAV backend=baritone mode=MINE event=NEXT_SEGMENT_CALC_STARTED elapsedMs=27493
[15:33:11] [Render thread/INFO] (lodekeeper) [Lodekeeper] NAV backend=baritone mode=MINE event=NEXT_SEGMENT_CALC_FINISHED elapsedMs=27596
[15:33:11] [Render thread/INFO] (lodekeeper) [Lodekeeper] BREAK target=Mutable{x=-25, y=17, z=91} block=Block{minecraft:stone} tool=minecraft:iron_pickaxe slot=1 remaining=212 required=route
[15:33:11] [Render thread/INFO] (lodekeeper) [Lodekeeper] TARGET target=-29,-6,95 block=minecraft:deepslate_diamond_ore
[15:33:12] [Render thread/INFO] (lodekeeper) [Lodekeeper] BREAK target=Mutable{x=-25, y=16, z=91} block=Block{minecraft:stone} tool=minecraft:iron_pickaxe slot=1 remaining=211 required=route
[15:33:12] [Render thread/INFO] (lodekeeper) [Lodekeeper] PROGRESS elapsed_ms=191021 phase=traveling backend=baritone target=-29,-6,95 block=minecraft:deepslate_diamond_ore navigation_elapsed_ms=28381 navigation_ticks=568 searching=false path_index=0 path_length=25 retries=0 pending_route_events=0 dropped_route_events=0 status=mining_and_collecting_minecraft:diamond___0/3
[15:33:13] [Render thread/INFO] (lodekeeper) [Lodekeeper] BREAK target=Mutable{x=-25, y=15, z=91} block=Block{minecraft:stone} tool=minecraft:iron_pickaxe slot=1 remaining=210 required=route
[15:33:13] [Render thread/INFO] (lodekeeper) [Lodekeeper] BREAK target=Mutable{x=-25, y=14, z=91} block=Block{minecraft:stone} tool=minecraft:iron_pickaxe slot=1 remaining=209 required=route
[15:33:14] [Render thread/INFO] (lodekeeper) [Lodekeeper] PROGRESS elapsed_ms=193066 phase=traveling backend=baritone target=-29,-6,95 block=minecraft:deepslate_diamond_ore navigation_elapsed_ms=30394 navigation_ticks=608 searching=false path_index=0 path_length=22 retries=0 pending_route_events=0 dropped_route_events=0 status=mining_and_collecting_minecraft:diamond___0/3
[15:33:14] [Render thread/INFO] (lodekeeper) [Lodekeeper] BREAK target=Mutable{x=-25, y=13, z=91} block=Block{minecraft:stone} tool=minecraft:iron_pickaxe slot=1 remaining=208 required=route
[15:33:15] [Render thread/INFO] (lodekeeper) [Lodekeeper] BREAK target=Mutable{x=-25, y=12, z=91} block=Block{minecraft:stone} tool=minecraft:iron_pickaxe slot=1 remaining=207 required=route
[15:33:16] [Render thread/INFO] (lodekeeper) [Lodekeeper] BREAK target=Mutable{x=-25, y=11, z=91} block=Block{minecraft:stone} tool=minecraft:iron_pickaxe slot=1 remaining=206 required=route
[15:33:16] [Render thread/INFO] (lodekeeper) [Lodekeeper] PROGRESS elapsed_ms=195116 phase=traveling backend=baritone target=-29,-6,95 block=minecraft:deepslate_diamond_ore navigation_elapsed_ms=32376 navigation_ticks=648 searching=false path_index=0 path_length=20 retries=0 pending_route_events=0 dropped_route_events=0 status=mining_and_collecting_minecraft:diamond___0/3
[15:33:16] [Render thread/INFO] (lodekeeper) [Lodekeeper] BREAK target=Mutable{x=-25, y=10, z=91} block=Block{minecraft:stone} tool=minecraft:iron_pickaxe slot=1 remaining=205 required=route
[15:33:17] [Render thread/INFO] (lodekeeper) [Lodekeeper] BREAK target=Mutable{x=-25, y=9, z=91} block=Block{minecraft:stone} tool=minecraft:iron_pickaxe slot=1 remaining=204 required=route
[15:33:18] [Render thread/INFO] (lodekeeper) [Lodekeeper] BREAK target=Mutable{x=-25, y=8, z=91} block=Block{minecraft:stone} tool=minecraft:iron_pickaxe slot=1 remaining=203 required=route
[15:33:18] [Render thread/INFO] (lodekeeper) [Lodekeeper] PROGRESS elapsed_ms=197124 phase=traveling backend=baritone target=-29,-6,95 block=minecraft:deepslate_diamond_ore navigation_elapsed_ms=34385 navigation_ticks=688 searching=false path_index=0 path_length=17 retries=0 pending_route_events=0 dropped_route_events=0 status=mining_and_collecting_minecraft:diamond___0/3
[15:33:18] [Render thread/INFO] (lodekeeper) [Lodekeeper] BREAK target=Mutable{x=-25, y=9, z=92} block=Block{minecraft:stone} tool=minecraft:iron_pickaxe slot=1 remaining=202 required=route
[15:33:19] [Render thread/INFO] (lodekeeper) [Lodekeeper] BREAK target=Mutable{x=-25, y=8, z=92} block=Block{minecraft:stone} tool=minecraft:iron_pickaxe slot=1 remaining=201 required=route
[15:33:20] [Render thread/INFO] (lodekeeper) [Lodekeeper] BREAK target=Mutable{x=-25, y=9, z=93} block=Block{minecraft:stone} tool=minecraft:iron_pickaxe slot=1 remaining=200 required=route
[15:33:20] [Render thread/INFO] (lodekeeper) [Lodekeeper] PROGRESS elapsed_ms=199172 phase=traveling backend=baritone target=-29,-6,95 block=minecraft:deepslate_diamond_ore navigation_elapsed_ms=36602 navigation_ticks=732 searching=false path_index=0 path_length=15 retries=0 pending_route_events=0 dropped_route_events=0 status=mining_and_collecting_minecraft:diamond___0/3
[15:33:20] [Render thread/INFO] (lodekeeper) [Lodekeeper] BREAK target=Mutable{x=-25, y=8, z=93} block=Block{minecraft:granite} tool=minecraft:iron_pickaxe slot=1 remaining=199 required=route
[15:33:21] [Render thread/INFO] (lodekeeper) [Lodekeeper] BREAK target=Mutable{x=-25, y=7, z=93} block=Block{minecraft:granite} tool=minecraft:iron_pickaxe slot=1 remaining=198 required=route
[15:33:22] [Render thread/INFO] (lodekeeper) [Lodekeeper] BREAK target=Mutable{x=-25, y=8, z=94} block=Block{minecraft:granite} tool=minecraft:iron_pickaxe slot=1 remaining=197 required=route
[15:33:22] [Render thread/INFO] (lodekeeper) [Lodekeeper] PROGRESS elapsed_ms=201224 phase=traveling backend=baritone target=-29,-6,95 block=minecraft:deepslate_diamond_ore navigation_elapsed_ms=38585 navigation_ticks=772 searching=false path_index=0 path_length=14 retries=0 pending_route_events=0 dropped_route_events=0 status=mining_and_collecting_minecraft:diamond___0/3
[15:33:23] [Render thread/INFO] (lodekeeper) [Lodekeeper] BREAK target=Mutable{x=-25, y=7, z=94} block=Block{minecraft:granite} tool=minecraft:iron_pickaxe slot=1 remaining=196 required=route
[15:33:23] [Render thread/INFO] (lodekeeper) [Lodekeeper] BREAK target=Mutable{x=-25, y=6, z=94} block=Block{minecraft:granite} tool=minecraft:iron_pickaxe slot=1 remaining=195 required=route
[15:33:24] [Render thread/INFO] (lodekeeper) [Lodekeeper] BREAK target=Mutable{x=-25, y=7, z=95} block=Block{minecraft:granite} tool=minecraft:iron_pickaxe slot=1 remaining=194 required=route
[15:33:24] [Render thread/INFO] (lodekeeper) [Lodekeeper] PROGRESS elapsed_ms=203275 phase=traveling backend=baritone target=-29,-6,95 block=minecraft:deepslate_diamond_ore navigation_elapsed_ms=40601 navigation_ticks=812 searching=false path_index=0 path_length=13 retries=0 pending_route_events=0 dropped_route_events=0 status=mining_and_collecting_minecraft:diamond___0/3
[15:33:25] [Render thread/INFO] (lodekeeper) [Lodekeeper] BREAK target=Mutable{x=-25, y=6, z=95} block=Block{minecraft:granite} tool=minecraft:iron_pickaxe slot=1 remaining=193 required=route
[15:33:26] [Render thread/INFO] (lodekeeper) [Lodekeeper] BREAK target=Mutable{x=-25, y=5, z=95} block=Block{minecraft:granite} tool=minecraft:iron_pickaxe slot=1 remaining=192 required=route
[15:33:26] [Render thread/INFO] (lodekeeper) [Lodekeeper] PROGRESS elapsed_ms=205319 phase=traveling backend=baritone target=-29,-6,95 block=minecraft:deepslate_diamond_ore navigation_elapsed_ms=42580 navigation_ticks=852 searching=false path_index=0 path_length=13 retries=0 pending_route_events=0 dropped_route_events=0 status=mining_and_collecting_minecraft:diamond___0/3
[15:33:27] [Render thread/INFO] (lodekeeper) [Lodekeeper] BREAK target=Mutable{x=-25, y=4, z=95} block=Block{minecraft:andesite} tool=minecraft:iron_pickaxe slot=1 remaining=191 required=route
[15:33:27] [Render thread/INFO] (lodekeeper) [Lodekeeper] BREAK target=Mutable{x=-25, y=3, z=95} block=Block{minecraft:andesite} tool=minecraft:iron_pickaxe slot=1 remaining=190 required=route
[15:33:28] [Render thread/INFO] (lodekeeper) [Lodekeeper] BREAK target=Mutable{x=-25, y=2, z=95} block=Block{minecraft:andesite} tool=minecraft:iron_pickaxe slot=1 remaining=189 required=route
[15:33:28] [Render thread/INFO] (lodekeeper) [Lodekeeper] PROGRESS elapsed_ms=207362 phase=traveling backend=baritone target=-29,-6,95 block=minecraft:deepslate_diamond_ore navigation_elapsed_ms=44792 navigation_ticks=896 searching=false path_index=0 path_length=10 retries=0 pending_route_events=0 dropped_route_events=0 status=mining_and_collecting_minecraft:diamond___0/3
[15:33:29] [Render thread/INFO] (lodekeeper) [Lodekeeper] BREAK target=Mutable{x=-25, y=1, z=95} block=Block{minecraft:andesite} tool=minecraft:iron_pickaxe slot=1 remaining=188 required=route
[15:33:29] [Render thread/INFO] (lodekeeper) [Lodekeeper] BREAK target=Mutable{x=-26, y=2, z=95} block=Block{minecraft:andesite} tool=minecraft:iron_pickaxe slot=1 remaining=187 required=route
[15:33:30] [Render thread/INFO] (lodekeeper) [Lodekeeper] BREAK target=Mutable{x=-26, y=1, z=95} block=Block{minecraft:andesite} tool=minecraft:iron_pickaxe slot=1 remaining=186 required=route
[15:33:30] [Render thread/INFO] (lodekeeper) [Lodekeeper] PROGRESS elapsed_ms=209414 phase=traveling backend=baritone target=-29,-6,95 block=minecraft:deepslate_diamond_ore navigation_elapsed_ms=46775 navigation_ticks=936 searching=false path_index=0 path_length=8 retries=0 pending_route_events=0 dropped_route_events=0 status=mining_and_collecting_minecraft:diamond___0/3
[15:33:31] [Render thread/INFO] (lodekeeper) [Lodekeeper] BREAK target=Mutable{x=-26, y=0, z=95} block=Block{minecraft:andesite} tool=minecraft:iron_pickaxe slot=1 remaining=185 required=route
[15:33:32] [Render thread/INFO] (lodekeeper) [Lodekeeper] BREAK target=Mutable{x=-27, y=1, z=95} block=Block{minecraft:andesite} tool=minecraft:iron_pickaxe slot=1 remaining=184 required=route
[15:33:32] [Render thread/INFO] (lodekeeper) [Lodekeeper] BREAK target=Mutable{x=-27, y=0, z=95} block=Block{minecraft:andesite} tool=minecraft:iron_pickaxe slot=1 remaining=183 required=route
[15:33:33] [Render thread/INFO] (lodekeeper) [Lodekeeper] PROGRESS elapsed_ms=211470 phase=traveling backend=baritone target=-29,-6,95 block=minecraft:deepslate_diamond_ore navigation_elapsed_ms=48796 navigation_ticks=976 searching=false path_index=0 path_length=7 retries=0 pending_route_events=0 dropped_route_events=0 status=mining_and_collecting_minecraft:diamond___0/3
[15:33:33] [Render thread/INFO] (lodekeeper) [Lodekeeper] BREAK target=Mutable{x=-27, y=-1, z=95} block=Block{minecraft:andesite} tool=minecraft:iron_pickaxe slot=1 remaining=182 required=route
[15:33:34] [Render thread/INFO] (lodekeeper) [Lodekeeper] BREAK target=Mutable{x=-28, y=0, z=95} block=Block{minecraft:andesite} tool=minecraft:iron_pickaxe slot=1 remaining=181 required=route
[15:33:35] [Render thread/INFO] (lodekeeper) [Lodekeeper] PROGRESS elapsed_ms=213519 phase=traveling backend=baritone target=-29,-6,95 block=minecraft:deepslate_diamond_ore navigation_elapsed_ms=50778 navigation_ticks=1016 searching=false path_index=0 path_length=6 retries=0 pending_route_events=0 dropped_route_events=0 status=mining_and_collecting_minecraft:diamond___0/3
[15:33:35] [Render thread/INFO] (lodekeeper) [Lodekeeper] BREAK target=Mutable{x=-28, y=-1, z=95} block=Block{minecraft:deepslate} tool=minecraft:iron_pickaxe slot=1 remaining=180 required=route
[15:33:36] [Render thread/INFO] (lodekeeper) [Lodekeeper] BREAK target=Mutable{x=-28, y=-2, z=95} block=Block{minecraft:deepslate} tool=minecraft:iron_pickaxe slot=1 remaining=179 required=route
[15:33:37] [Render thread/INFO] (lodekeeper) [Lodekeeper] PROGRESS elapsed_ms=215573 phase=traveling backend=baritone target=-29,-6,95 block=minecraft:deepslate_diamond_ore navigation_elapsed_ms=53003 navigation_ticks=1060 searching=false path_index=0 path_length=6 retries=0 pending_route_events=0 dropped_route_events=0 status=mining_and_collecting_minecraft:diamond___0/3
[15:33:37] [Render thread/INFO] (lodekeeper) [Lodekeeper] BREAK target=Mutable{x=-28, y=-3, z=95} block=Block{minecraft:deepslate} tool=minecraft:iron_pickaxe slot=1 remaining=178 required=route
[15:33:38] [Render thread/INFO] (lodekeeper) [Lodekeeper] BREAK target=Mutable{x=-28, y=-4, z=95} block=Block{minecraft:deepslate} tool=minecraft:iron_pickaxe slot=1 remaining=177 required=route
[15:33:39] [Render thread/INFO] (lodekeeper) [Lodekeeper] PROGRESS elapsed_ms=217624 phase=traveling backend=baritone target=-29,-6,95 block=minecraft:deepslate_diamond_ore navigation_elapsed_ms=54985 navigation_ticks=1100 searching=false path_index=0 path_length=4 retries=0 pending_route_events=0 dropped_route_events=0 status=mining_and_collecting_minecraft:diamond___0/3
[15:33:39] [Render thread/INFO] (lodekeeper) [Lodekeeper] BREAK target=Mutable{x=-28, y=-5, z=95} block=Block{minecraft:deepslate} tool=minecraft:iron_pickaxe slot=1 remaining=176 required=route
[15:33:40] [Render thread/INFO] (lodekeeper) [Lodekeeper] BREAK target=Mutable{x=-29, y=-4, z=95} block=Block{minecraft:deepslate} tool=minecraft:iron_pickaxe slot=1 remaining=175 required=route
[15:33:41] [Render thread/INFO] (lodekeeper) [Lodekeeper] PROGRESS elapsed_ms=219675 phase=traveling backend=baritone target=-29,-6,95 block=minecraft:deepslate_diamond_ore navigation_elapsed_ms=57002 navigation_ticks=1140 searching=false path_index=0 path_length=2 retries=0 pending_route_events=0 dropped_route_events=0 status=mining_and_collecting_minecraft:diamond___0/3
[15:33:41] [Render thread/INFO] (lodekeeper) [Lodekeeper] BREAK target=Mutable{x=-29, y=-5, z=95} block=Block{minecraft:deepslate} tool=minecraft:iron_pickaxe slot=1 remaining=174 required=route
[15:33:42] [Render thread/INFO] (lodekeeper) [Lodekeeper] BREAK target=Mutable{x=-29, y=-6, z=95} block=Block{minecraft:deepslate_diamond_ore} tool=minecraft:iron_pickaxe slot=1 remaining=173 required=minecraft:iron_pickaxe
[15:33:43] [Render thread/INFO] (lodekeeper) [Lodekeeper] PROGRESS elapsed_ms=221721 phase=traveling backend=baritone target=-29,-6,95 block=minecraft:deepslate_diamond_ore navigation_elapsed_ms=58982 navigation_ticks=1180 searching=false path_index=0 path_length=2 retries=0 pending_route_events=0 dropped_route_events=0 status=mining_and_collecting_minecraft:diamond___0/3
[15:33:43] [Render thread/INFO] (lodekeeper) [Lodekeeper] TARGET target=none
[15:33:44] [Render thread/INFO] (lodekeeper) [Lodekeeper] NAV backend=baritone mode=MINE event=AT_GOAL elapsedMs=60138
[15:33:44] [Render thread/INFO] (lodekeeper) [Lodekeeper] NAV discovered=1 retained=64 rejected=0 requestTicks=1204 phase=MINE
[15:33:44] [Render thread/INFO] (lodekeeper) [Lodekeeper] TARGET target=-28,-17,101 block=minecraft:deepslate_diamond_ore
[15:33:44] [Render thread/INFO] (lodekeeper) [Lodekeeper] NAV backend=baritone mode=MINE event=CALC_STARTED elapsedMs=60205
[15:33:44] [Render thread/INFO] (lodekeeper) [Lodekeeper] NAV calcTool=minecraft:iron_pickaxe slot=1
[15:33:44] [Render thread/INFO] (lodekeeper) [Lodekeeper] NAV backend=baritone mode=MINE event=CALC_FINISHED_NOW_EXECUTING elapsedMs=60205
[15:33:44] [Render thread/INFO] (lodekeeper) [Lodekeeper] BREAK target=Mutable{x=-29, y=-7, z=95} block=Block{minecraft:deepslate} tool=minecraft:iron_pickaxe slot=1 remaining=172 required=route
[15:33:45] [Render thread/INFO] (lodekeeper) [Lodekeeper] PROGRESS elapsed_ms=223766 phase=traveling backend=baritone target=-28,-17,101 block=minecraft:deepslate_diamond_ore navigation_elapsed_ms=61196 navigation_ticks=1224 searching=false path_index=0 path_length=11 retries=0 pending_route_events=0 dropped_route_events=0 status=mining_and_collecting_minecraft:diamond___1/3
[15:33:45] [Render thread/INFO] (lodekeeper) [Lodekeeper] BREAK target=Mutable{x=-29, y=-8, z=95} block=Block{minecraft:deepslate} tool=minecraft:iron_pickaxe slot=1 remaining=171 required=route
[15:33:46] [Render thread/INFO] (lodekeeper) [Lodekeeper] BREAK target=Mutable{x=-29, y=-9, z=95} block=Block{minecraft:deepslate} tool=minecraft:iron_pickaxe slot=1 remaining=170 required=route
[15:33:47] [Render thread/INFO] (lodekeeper) [Lodekeeper] PROGRESS elapsed_ms=225815 phase=traveling backend=baritone target=-28,-17,101 block=minecraft:deepslate_diamond_ore navigation_elapsed_ms=63176 navigation_ticks=1264 searching=false path_index=0 path_length=10 retries=0 pending_route_events=0 dropped_route_events=0 status=mining_and_collecting_minecraft:diamond___1/3
[15:33:47] [Render thread/INFO] (lodekeeper) [Lodekeeper] BREAK target=Mutable{x=-29, y=-10, z=95} block=Block{minecraft:deepslate} tool=minecraft:iron_pickaxe slot=1 remaining=169 required=route
[15:33:48] [Render thread/INFO] (lodekeeper) [Lodekeeper] BREAK target=Mutable{x=-29, y=-9, z=96} block=Block{minecraft:deepslate} tool=minecraft:iron_pickaxe slot=1 remaining=168 required=route
[15:33:49] [Render thread/INFO] (lodekeeper) [Lodekeeper] PROGRESS elapsed_ms=227868 phase=traveling backend=baritone target=-28,-17,101 block=minecraft:deepslate_diamond_ore navigation_elapsed_ms=65195 navigation_ticks=1304 searching=false path_index=0 path_length=8 retries=0 pending_route_events=0 dropped_route_events=0 status=mining_and_collecting_minecraft:diamond___1/3
[15:33:49] [Render thread/INFO] (lodekeeper) [Lodekeeper] BREAK target=Mutable{x=-29, y=-10, z=96} block=Block{minecraft:deepslate} tool=minecraft:iron_pickaxe slot=1 remaining=167 required=route
[15:33:50] [Render thread/INFO] (lodekeeper) [Lodekeeper] BREAK target=Mutable{x=-29, y=-11, z=96} block=Block{minecraft:deepslate} tool=minecraft:iron_pickaxe slot=1 remaining=166 required=route
[15:33:51] [Render thread/INFO] (lodekeeper) [Lodekeeper] PROGRESS elapsed_ms=229923 phase=traveling backend=baritone target=-28,-17,101 block=minecraft:deepslate_diamond_ore navigation_elapsed_ms=67179 navigation_ticks=1344 searching=false path_index=0 path_length=8 retries=0 pending_route_events=0 dropped_route_events=0 status=mining_and_collecting_minecraft:diamond___1/3
[15:33:51] [Render thread/INFO] (lodekeeper) [Lodekeeper] BREAK target=Mutable{x=-29, y=-10, z=97} block=Block{minecraft:deepslate} tool=minecraft:iron_pickaxe slot=1 remaining=165 required=route
[15:33:52] [Render thread/INFO] (lodekeeper) [Lodekeeper] BREAK target=Mutable{x=-29, y=-11, z=97} block=Block{minecraft:tuff} tool=minecraft:iron_pickaxe slot=1 remaining=164 required=route
[15:33:53] [Render thread/INFO] (lodekeeper) [Lodekeeper] PROGRESS elapsed_ms=231944 phase=traveling backend=baritone target=-28,-17,101 block=minecraft:deepslate_diamond_ore navigation_elapsed_ms=69374 navigation_ticks=1388 searching=false path_index=0 path_length=7 retries=0 pending_route_events=0 dropped_route_events=0 status=mining_and_collecting_minecraft:diamond___1/3
[15:33:53] [Render thread/INFO] (lodekeeper) [Lodekeeper] BREAK target=Mutable{x=-29, y=-12, z=97} block=Block{minecraft:tuff} tool=minecraft:iron_pickaxe slot=1 remaining=163 required=route
[15:33:54] [Render thread/INFO] (lodekeeper) [Lodekeeper] BREAK target=Mutable{x=-29, y=-11, z=98} block=Block{minecraft:tuff} tool=minecraft:iron_pickaxe slot=1 remaining=162 required=route
[15:33:55] [Render thread/INFO] (lodekeeper) [Lodekeeper] BREAK target=Mutable{x=-29, y=-12, z=98} block=Block{minecraft:tuff} tool=minecraft:iron_pickaxe slot=1 remaining=161 required=route
[15:33:55] [Render thread/INFO] (lodekeeper) [Lodekeeper] PROGRESS elapsed_ms=233963 phase=traveling backend=baritone target=-28,-17,101 block=minecraft:deepslate_diamond_ore navigation_elapsed_ms=71392 navigation_ticks=1428 searching=false path_index=0 path_length=6 retries=0 pending_route_events=0 dropped_route_events=0 status=mining_and_collecting_minecraft:diamond___1/3
[15:33:55] [Render thread/INFO] (lodekeeper) [Lodekeeper] BREAK target=Mutable{x=-29, y=-13, z=98} block=Block{minecraft:tuff} tool=minecraft:iron_pickaxe slot=1 remaining=160 required=route
[15:33:56] [Render thread/INFO] (lodekeeper) [Lodekeeper] BREAK target=Mutable{x=-29, y=-12, z=99} block=Block{minecraft:tuff} tool=minecraft:iron_pickaxe slot=1 remaining=159 required=route
[15:33:57] [Render thread/INFO] (lodekeeper) [Lodekeeper] BREAK target=Mutable{x=-29, y=-13, z=99} block=Block{minecraft:tuff} tool=minecraft:iron_pickaxe slot=1 remaining=158 required=route
[15:33:57] [Render thread/INFO] (lodekeeper) [Lodekeeper] PROGRESS elapsed_ms=236014 phase=traveling backend=baritone target=-28,-17,101 block=minecraft:deepslate_diamond_ore navigation_elapsed_ms=73376 navigation_ticks=1468 searching=false path_index=0 path_length=5 retries=0 pending_route_events=0 dropped_route_events=0 status=mining_and_collecting_minecraft:diamond___1/3
[15:33:58] [Render thread/INFO] (lodekeeper) [Lodekeeper] BREAK target=Mutable{x=-29, y=-14, z=99} block=Block{minecraft:tuff} tool=minecraft:iron_pickaxe slot=1 remaining=157 required=route
[15:33:58] [Render thread/INFO] (lodekeeper) [Lodekeeper] BREAK target=Mutable{x=-29, y=-13, z=100} block=Block{minecraft:tuff} tool=minecraft:iron_pickaxe slot=1 remaining=156 required=route
[15:33:59] [Render thread/INFO] (lodekeeper) [Lodekeeper] PROGRESS elapsed_ms=238026 phase=traveling backend=baritone target=-28,-17,101 block=minecraft:deepslate_diamond_ore navigation_elapsed_ms=75386 navigation_ticks=1508 searching=false path_index=0 path_length=4 retries=0 pending_route_events=0 dropped_route_events=0 status=mining_and_collecting_minecraft:diamond___1/3
[15:33:59] [Render thread/INFO] (lodekeeper) [Lodekeeper] BREAK target=Mutable{x=-29, y=-14, z=100} block=Block{minecraft:tuff} tool=minecraft:iron_pickaxe slot=1 remaining=155 required=route
[15:34:00] [Render thread/INFO] (lodekeeper) [Lodekeeper] BREAK target=Mutable{x=-29, y=-15, z=100} block=Block{minecraft:tuff} tool=minecraft:iron_pickaxe slot=1 remaining=154 required=route
[15:34:01] [Render thread/INFO] (lodekeeper) [Lodekeeper] BREAK target=Mutable{x=-28, y=-14, z=100} block=Block{minecraft:tuff} tool=minecraft:iron_pickaxe slot=1 remaining=153 required=route
[15:34:01] [Render thread/INFO] (lodekeeper) [Lodekeeper] PROGRESS elapsed_ms=240050 phase=traveling backend=baritone target=-28,-17,101 block=minecraft:deepslate_diamond_ore navigation_elapsed_ms=77377 navigation_ticks=1548 searching=false path_index=0 path_length=3 retries=0 pending_route_events=0 dropped_route_events=0 status=mining_and_collecting_minecraft:diamond___1/3
[15:34:01] [Render thread/INFO] (lodekeeper) [Lodekeeper] BREAK target=Mutable{x=-28, y=-15, z=100} block=Block{minecraft:tuff} tool=minecraft:iron_pickaxe slot=1 remaining=152 required=route
[15:34:02] [Render thread/INFO] (lodekeeper) [Lodekeeper] BREAK target=Mutable{x=-28, y=-16, z=100} block=Block{minecraft:tuff} tool=minecraft:iron_pickaxe slot=1 remaining=151 required=route
[15:34:03] [Render thread/INFO] (lodekeeper) [Lodekeeper] PROGRESS elapsed_ms=242066 phase=traveling backend=baritone target=-28,-17,101 block=minecraft:deepslate_diamond_ore navigation_elapsed_ms=79392 navigation_ticks=1588 searching=false path_index=0 path_length=3 retries=0 pending_route_events=0 dropped_route_events=0 status=mining_and_collecting_minecraft:diamond___1/3
[15:34:03] [Render thread/INFO] (lodekeeper) [Lodekeeper] BREAK target=Mutable{x=-28, y=-15, z=101} block=Block{minecraft:tuff} tool=minecraft:iron_pickaxe slot=1 remaining=150 required=route
[15:34:04] [Render thread/INFO] (lodekeeper) [Lodekeeper] BREAK target=Mutable{x=-28, y=-16, z=101} block=Block{minecraft:tuff} tool=minecraft:iron_pickaxe slot=1 remaining=149 required=route
[15:34:05] [Render thread/INFO] (lodekeeper) [Lodekeeper] BREAK target=Mutable{x=-28, y=-17, z=101} block=Block{minecraft:deepslate_diamond_ore} tool=minecraft:iron_pickaxe slot=1 remaining=148 required=minecraft:iron_pickaxe
[15:34:05] [Render thread/INFO] (lodekeeper) [Lodekeeper] PROGRESS elapsed_ms=244124 phase=traveling backend=baritone target=-28,-17,101 block=minecraft:deepslate_diamond_ore navigation_elapsed_ms=81382 navigation_ticks=1628 searching=false path_index=0 path_length=2 retries=0 pending_route_events=0 dropped_route_events=0 status=mining_and_collecting_minecraft:diamond___1/3
[15:34:06] [Render thread/INFO] (lodekeeper) [Lodekeeper] NAV discovered=1 retained=64 rejected=0 requestTicks=1643 phase=MINE
[15:34:06] [Render thread/INFO] (lodekeeper) [Lodekeeper] NAV backend=baritone mode=MINE event=CALC_STARTED elapsedMs=82143
[15:34:06] [Render thread/INFO] (lodekeeper) [Lodekeeper] NAV calcTool=minecraft:iron_pickaxe slot=1
[15:34:06] [Render thread/INFO] (lodekeeper) [Lodekeeper] NAV backend=baritone mode=MINE event=CALC_FINISHED_NOW_EXECUTING elapsedMs=82143
[15:34:06] [Render thread/INFO] (lodekeeper) [Lodekeeper] TARGET target=-27,-17,101 block=minecraft:deepslate_diamond_ore
[15:34:06] [Render thread/INFO] (lodekeeper) [Lodekeeper] BREAK target=Mutable{x=-27, y=-16, z=101} block=Block{minecraft:tuff} tool=minecraft:iron_pickaxe slot=1 remaining=147 required=route
[15:34:07] [Render thread/INFO] (lodekeeper) [Lodekeeper] BREAK target=Mutable{x=-27, y=-17, z=101} block=Block{minecraft:deepslate_diamond_ore} tool=minecraft:iron_pickaxe slot=1 remaining=146 required=minecraft:iron_pickaxe
[15:34:07] [Render thread/INFO] (lodekeeper) [Lodekeeper] PROGRESS elapsed_ms=246155 phase=traveling backend=baritone target=-27,-17,101 block=minecraft:deepslate_diamond_ore navigation_elapsed_ms=83585 navigation_ticks=1672 searching=false path_index=0 path_length=2 retries=0 pending_route_events=0 dropped_route_events=0 status=mining_and_collecting_minecraft:diamond___2/3
[15:34:08] [Render thread/INFO] (lodekeeper) [Lodekeeper] NAV discovered=1 retained=64 rejected=0 requestTicks=1691 phase=MINE
[15:34:08] [Render thread/INFO] (lodekeeper) [Lodekeeper] NAV backend=baritone mode=MINE event=CALC_STARTED elapsedMs=84540
[15:34:08] [Render thread/INFO] (lodekeeper) [Lodekeeper] NAV calcTool=minecraft:iron_pickaxe slot=1
[15:34:08] [Render thread/INFO] (lodekeeper) [Lodekeeper] NAV backend=baritone mode=MINE event=CALC_FINISHED_NOW_EXECUTING elapsedMs=84540
[15:34:08] [Render thread/INFO] (lodekeeper) [Lodekeeper] TARGET target=-28,-17,102 block=minecraft:deepslate_diamond_ore
[15:34:08] [Render thread/INFO] (lodekeeper) [Lodekeeper] BREAK target=Mutable{x=-28, y=-16, z=102} block=Block{minecraft:tuff} tool=minecraft:iron_pickaxe slot=1 remaining=145 required=route
[15:34:09] [Render thread/INFO] (lodekeeper) [Lodekeeper] TARGET target=none
[15:34:09] [Render thread/INFO] (lodekeeper) [Lodekeeper] STATION_POLICY decision=replace_distant station=minecraft:furnace position=BlockPos{x=-25, y=54, z=89}
[15:34:09] [lodekeeper-planner/INFO] (lodekeeper) [Lodekeeper] PROJECT_MATERIALS project=gear_diamond before=[gather:minecraft:diamond_ore:3, gather:minecraft:birch_log:1, gather:minecraft:diamond_ore:4, gather:minecraft:diamond_ore:8, gather:minecraft:diamond_ore:5, gather:minecraft:diamond_ore:2, gather:minecraft:diamond_ore:7, gather:minecraft:diamond_ore:1, gather:minecraft:diamond_ore:2] after=[gather:minecraft:diamond_ore:3, gather:minecraft:birch_log:1, gather:minecraft:diamond_ore:4, gather:minecraft:diamond_ore:8, gather:minecraft:diamond_ore:5, gather:minecraft:diamond_ore:2, gather:minecraft:diamond_ore:7, gather:minecraft:diamond_ore:1, gather:minecraft:diamond_ore:2]
[15:34:09] [lodekeeper-planner/INFO] (lodekeeper) [Lodekeeper] PLAN project=gear_diamond success=true steps=22 branches=98 elapsedMs=1.782631
[15:34:09] [Render thread/INFO] (lodekeeper) [Lodekeeper] STEP kind=PLACE_STATION source=place:minecraft:crafting_table output=null count=0 operations=1 auxiliary=false
[15:34:09] [Render thread/INFO] (lodekeeper) [Lodekeeper] TARGET target=-28,-16,100 block=minecraft:crafting_table
[15:34:09] [Render thread/INFO] (lodekeeper) [Lodekeeper] STATION_POLICY decision=replace_distant station=minecraft:furnace position=BlockPos{x=-25, y=54, z=89}
[15:34:09] [Render thread/INFO] (lodekeeper) [Lodekeeper] TARGET target=none
[15:34:09] [lodekeeper-planner/INFO] (lodekeeper) [Lodekeeper] PROJECT_MATERIALS project=gear_diamond before=[gather:minecraft:deepslate_diamond_ore:3, gather:minecraft:birch_log:1, gather:minecraft:deepslate_diamond_ore:4, gather:minecraft:deepslate_diamond_ore:8, gather:minecraft:deepslate_diamond_ore:5, gather:minecraft:deepslate_diamond_ore:2, gather:minecraft:deepslate_diamond_ore:7, gather:minecraft:deepslate_diamond_ore:1, gather:minecraft:deepslate_diamond_ore:2] after=[gather:minecraft:deepslate_diamond_ore:3, gather:minecraft:birch_log:1, gather:minecraft:deepslate_diamond_ore:4, gather:minecraft:deepslate_diamond_ore:8, gather:minecraft:deepslate_diamond_ore:5, gather:minecraft:deepslate_diamond_ore:2, gather:minecraft:deepslate_diamond_ore:7, gather:minecraft:deepslate_diamond_ore:1, gather:minecraft:deepslate_diamond_ore:2]
[15:34:09] [lodekeeper-planner/INFO] (lodekeeper) [Lodekeeper] PLAN project=gear_diamond success=true steps=21 branches=97 elapsedMs=1.337244
[15:34:09] [Render thread/INFO] (lodekeeper) [Lodekeeper] STEP kind=CRAFT source=minecraft:diamond_pickaxe output=minecraft:diamond_pickaxe count=1 operations=1 auxiliary=false
[15:34:09] [Render thread/INFO] (lodekeeper) [Lodekeeper] PROGRESS elapsed_ms=248171 phase=crafting backend=baritone target=none navigation_elapsed_ms=0 navigation_ticks=0 searching=false path_index=0 path_length=0 retries=0 pending_route_events=0 dropped_route_events=0 status=CRAFT_minecraft:diamond_pickaxe
[15:34:11] [Render thread/INFO] (lodekeeper) [Lodekeeper] PROGRESS elapsed_ms=250226 phase=crafting backend=baritone target=none navigation_elapsed_ms=0 navigation_ticks=0 searching=false path_index=0 path_length=0 retries=0 pending_route_events=0 dropped_route_events=0 status=CRAFT_minecraft:diamond_pickaxe
[15:34:13] [Render thread/INFO] (lodekeeper) [Lodekeeper] STATION_POLICY decision=replace_distant station=minecraft:furnace position=BlockPos{x=-25, y=54, z=89}
[15:34:13] [lodekeeper-planner/INFO] (lodekeeper) [Lodekeeper] PROJECT_MATERIALS project=gear_diamond before=[gather:minecraft:deepslate_diamond_ore:3, gather:minecraft:birch_log:1, gather:minecraft:deepslate_diamond_ore:4, gather:minecraft:deepslate_diamond_ore:8, gather:minecraft:deepslate_diamond_ore:5, gather:minecraft:deepslate_diamond_ore:2, gather:minecraft:deepslate_diamond_ore:7, gather:minecraft:deepslate_diamond_ore:1, gather:minecraft:deepslate_diamond_ore:2] after=[gather:minecraft:deepslate_diamond_ore:3, gather:minecraft:birch_log:1, gather:minecraft:deepslate_diamond_ore:4, gather:minecraft:deepslate_diamond_ore:8, gather:minecraft:deepslate_diamond_ore:5, gather:minecraft:deepslate_diamond_ore:2, gather:minecraft:deepslate_diamond_ore:7, gather:minecraft:deepslate_diamond_ore:1, gather:minecraft:deepslate_diamond_ore:2]
[15:34:13] [lodekeeper-planner/INFO] (lodekeeper) [Lodekeeper] PLAN project=gear_diamond success=true steps=20 branches=92 elapsedMs=1.430778
[15:34:13] [Render thread/INFO] (lodekeeper) [Lodekeeper] STEP kind=GATHER source=gather:minecraft:deepslate_diamond_ore output=minecraft:diamond count=32 operations=32 auxiliary=false
[15:34:13] [Render thread/INFO] (lodekeeper) [Lodekeeper] PROGRESS elapsed_ms=252260 phase=gathering backend=baritone target=none navigation_elapsed_ms=0 navigation_ticks=0 searching=false path_index=0 path_length=0 retries=0 pending_route_events=0 dropped_route_events=0 status=mining_the_recorded_owned_crafting_table
[15:34:15] [Render thread/INFO] (lodekeeper) [Lodekeeper] PROGRESS elapsed_ms=254316 phase=gathering backend=baritone target=none navigation_elapsed_ms=0 navigation_ticks=0 searching=false path_index=0 path_length=0 retries=0 pending_route_events=0 dropped_route_events=0 status=mining_the_recorded_owned_crafting_table
[15:34:17] [Render thread/INFO] (lodekeeper) [Lodekeeper] NAV backend=baritone mode=PICKUP event=CALC_STARTED elapsedMs=0
[15:34:17] [Render thread/INFO] (lodekeeper) [Lodekeeper] NAV calcTool=minecraft:air slot=0
[15:34:17] [Render thread/INFO] (lodekeeper) [Lodekeeper] NAV backend=baritone mode=PICKUP event=CALC_FINISHED_NOW_EXECUTING elapsedMs=34
[15:34:17] [Render thread/INFO] (lodekeeper) [Lodekeeper] PROGRESS elapsed_ms=256320 phase=traveling backend=baritone target=none navigation_elapsed_ms=204 navigation_ticks=4 searching=false path_index=0 path_length=2 retries=0 pending_route_events=0 dropped_route_events=0 status=collecting_the_crafting-table_drop_at_the_owned_position
[15:34:17] [Render thread/INFO] (lodekeeper) [Lodekeeper] NAV backend=baritone mode=PICKUP event=CALC_STARTED elapsedMs=339
[15:34:17] [Render thread/INFO] (lodekeeper) [Lodekeeper] NAV calcTool=minecraft:air slot=0
[15:34:17] [Render thread/INFO] (lodekeeper) [Lodekeeper] NAV backend=baritone mode=PICKUP event=CALC_FINISHED_NOW_EXECUTING elapsedMs=340
[15:34:17] [Render thread/INFO] (lodekeeper) [Lodekeeper] NAV backend=baritone mode=IDLE event=CANCELED elapsedMs=407
[15:34:17] [Render thread/INFO] (lodekeeper) [Lodekeeper] NAV backend=baritone mode=IDLE event=CANCELED elapsedMs=407
[15:34:18] [Render thread/INFO] (lodekeeper) [Lodekeeper] NAV backend=baritone mode=IDLE event=CANCELED elapsedMs=442
[15:34:18] [Render thread/INFO] (lodekeeper) [Lodekeeper] NAV backend=baritone mode=IDLE event=CANCELED elapsedMs=509
[15:34:18] [Render thread/INFO] (lodekeeper) [Lodekeeper] NAV backend=baritone mode=IDLE event=CANCELED elapsedMs=543
[15:34:18] [Render thread/INFO] (lodekeeper) [Lodekeeper] NAV backend=baritone mode=IDLE event=CANCELED elapsedMs=612
[15:34:18] [Render thread/INFO] (lodekeeper) [Lodekeeper] NAV backend=baritone mode=IDLE event=CANCELED elapsedMs=647
[15:34:18] [Render thread/INFO] (lodekeeper) [Lodekeeper] NAV backend=baritone mode=IDLE event=CANCELED elapsedMs=681
[15:34:18] [Render thread/INFO] (lodekeeper) [Lodekeeper] NAV backend=baritone mode=IDLE event=CANCELED elapsedMs=749
[15:34:18] [Render thread/INFO] (lodekeeper) [Lodekeeper] NAV backend=baritone mode=IDLE event=CANCELED elapsedMs=783
[15:34:18] [Render thread/INFO] (lodekeeper) [Lodekeeper] STATION_POLICY decision=replace_distant station=minecraft:furnace position=BlockPos{x=-25, y=54, z=89}
[15:34:18] [lodekeeper-planner/INFO] (lodekeeper) [Lodekeeper] PROJECT_MATERIALS project=gear_diamond before=[gather:minecraft:deepslate_diamond_ore:3, gather:minecraft:birch_log:1, gather:minecraft:deepslate_diamond_ore:4, gather:minecraft:deepslate_diamond_ore:8, gather:minecraft:deepslate_diamond_ore:5, gather:minecraft:deepslate_diamond_ore:2, gather:minecraft:deepslate_diamond_ore:7, gather:minecraft:deepslate_diamond_ore:1, gather:minecraft:deepslate_diamond_ore:2] after=[gather:minecraft:deepslate_diamond_ore:3, gather:minecraft:birch_log:1, gather:minecraft:deepslate_diamond_ore:4, gather:minecraft:deepslate_diamond_ore:8, gather:minecraft:deepslate_diamond_ore:5, gather:minecraft:deepslate_diamond_ore:2, gather:minecraft:deepslate_diamond_ore:7, gather:minecraft:deepslate_diamond_ore:1, gather:minecraft:deepslate_diamond_ore:2]
[15:34:18] [lodekeeper-planner/INFO] (lodekeeper) [Lodekeeper] PLAN project=gear_diamond success=true steps=21 branches=93 elapsedMs=1.803099
[15:34:18] [Render thread/INFO] (lodekeeper) [Lodekeeper] STEP kind=GATHER source=gather:minecraft:deepslate_diamond_ore output=minecraft:diamond count=32 operations=32 auxiliary=false
[15:34:18] [Render thread/INFO] (lodekeeper) [Lodekeeper] MINING_DEPTH policy=BULK_DIAMOND desiredY=-55 ceiling=-40 deficit=32 phase=DESCEND blocks=[Block{minecraft:deepslate_diamond_ore}, Block{minecraft:diamond_ore}]
[15:34:18] [Render thread/INFO] (lodekeeper) [Lodekeeper] NAV backend=baritone mode=DESCEND event=CALC_STARTED elapsedMs=0
[15:34:18] [Render thread/INFO] (lodekeeper) [Lodekeeper] NAV calcTool=minecraft:diamond_pickaxe slot=1
[15:34:18] [Render thread/INFO] (lodekeeper) [Lodekeeper] ROUTE_SEARCH kind=unknown anchor=unknown feet_y16=0 candidates=0 target=none elapsed_ms=257109
[15:34:18] [Render thread/INFO] (lodekeeper) [Lodekeeper] NAV backend=baritone mode=DESCEND event=CALC_FINISHED_NOW_EXECUTING elapsedMs=516
[15:34:19] [Render thread/INFO] (lodekeeper) [Lodekeeper] ROUTE_TRAVEL path_index=0 path_length=35 target=none elapsed_ms=257523
[15:34:19] [Render thread/INFO] (lodekeeper) [Lodekeeper] BREAK target=Mutable{x=-27, y=-18, z=101} block=Block{minecraft:deepslate} tool=minecraft:diamond_pickaxe slot=1 remaining=1561 required=route
[15:34:19] [Render thread/INFO] (lodekeeper) [Lodekeeper] PROGRESS elapsed_ms=258372 phase=traveling backend=baritone target=none navigation_elapsed_ms=1403 navigation_ticks=28 searching=false path_index=0 path_length=34 retries=0 pending_route_events=0 dropped_route_events=0 status=seeking_mining_depth_-55_for_minecraft:diamond___0/32
[15:34:20] [Render thread/INFO] (lodekeeper) [Lodekeeper] BREAK target=Mutable{x=-27, y=-19, z=101} block=Block{minecraft:deepslate} tool=minecraft:diamond_pickaxe slot=1 remaining=1560 required=route
[15:34:21] [Render thread/INFO] (lodekeeper) [Lodekeeper] BREAK target=Mutable{x=-27, y=-20, z=101} block=Block{minecraft:deepslate} tool=minecraft:diamond_pickaxe slot=1 remaining=1559 required=route
[15:34:21] [Render thread/INFO] (lodekeeper) [Lodekeeper] PROGRESS elapsed_ms=260427 phase=traveling backend=baritone target=none navigation_elapsed_ms=3421 navigation_ticks=68 searching=false path_index=0 path_length=32 retries=0 pending_route_events=0 dropped_route_events=0 status=seeking_mining_depth_-55_for_minecraft:diamond___0/32
[15:34:22] [Render thread/INFO] (lodekeeper) [Lodekeeper] BREAK target=Mutable{x=-27, y=-21, z=101} block=Block{minecraft:deepslate} tool=minecraft:diamond_pickaxe slot=1 remaining=1558 required=route
[15:34:22] [Render thread/INFO] (lodekeeper) [Lodekeeper] BREAK target=Mutable{x=-27, y=-22, z=101} block=Block{minecraft:deepslate} tool=minecraft:diamond_pickaxe slot=1 remaining=1557 required=route
[15:34:23] [Render thread/INFO] (lodekeeper) [Lodekeeper] BREAK target=Mutable{x=-27, y=-23, z=101} block=Block{minecraft:deepslate} tool=minecraft:diamond_pickaxe slot=1 remaining=1556 required=route
[15:34:24] [Render thread/INFO] (lodekeeper) [Lodekeeper] PROGRESS elapsed_ms=262454 phase=traveling backend=baritone target=none navigation_elapsed_ms=5413 navigation_ticks=108 searching=false path_index=0 path_length=29 retries=0 pending_route_events=0 dropped_route_events=0 status=seeking_mining_depth_-55_for_minecraft:diamond___0/32
[15:34:24] [Render thread/INFO] (lodekeeper) [Lodekeeper] BREAK target=Mutable{x=-27, y=-24, z=101} block=Block{minecraft:deepslate} tool=minecraft:diamond_pickaxe slot=1 remaining=1555 required=route
[15:34:25] [Render thread/INFO] (lodekeeper) [Lodekeeper] BREAK target=Mutable{x=-27, y=-25, z=101} block=Block{minecraft:deepslate} tool=minecraft:diamond_pickaxe slot=1 remaining=1554 required=route
[15:34:26] [Render thread/INFO] (lodekeeper) [Lodekeeper] PROGRESS elapsed_ms=264475 phase=traveling backend=baritone target=none navigation_elapsed_ms=7400 navigation_ticks=148 searching=false path_index=0 path_length=27 retries=0 pending_route_events=0 dropped_route_events=0 status=seeking_mining_depth_-55_for_minecraft:diamond___0/32
[15:34:26] [Render thread/INFO] (lodekeeper) [Lodekeeper] BREAK target=Mutable{x=-27, y=-26, z=101} block=Block{minecraft:deepslate} tool=minecraft:diamond_pickaxe slot=1 remaining=1553 required=route
[15:34:27] [Render thread/INFO] (lodekeeper) [Lodekeeper] BREAK target=Mutable{x=-27, y=-27, z=101} block=Block{minecraft:tuff} tool=minecraft:diamond_pickaxe slot=1 remaining=1552 required=route
[15:34:28] [Render thread/INFO] (lodekeeper) [Lodekeeper] PROGRESS elapsed_ms=266527 phase=traveling backend=baritone target=none navigation_elapsed_ms=9625 navigation_ticks=192 searching=false path_index=0 path_length=24 retries=0 pending_route_events=0 dropped_route_events=0 status=seeking_mining_depth_-55_for_minecraft:diamond___0/32
[15:34:28] [Render thread/INFO] (lodekeeper) [Lodekeeper] BREAK target=Mutable{x=-27, y=-28, z=101} block=Block{minecraft:tuff} tool=minecraft:diamond_pickaxe slot=1 remaining=1551 required=route
[15:34:28] [Render thread/INFO] (lodekeeper) [Lodekeeper] BREAK target=Mutable{x=-27, y=-29, z=101} block=Block{minecraft:tuff} tool=minecraft:diamond_pickaxe slot=1 remaining=1550 required=route
[15:34:29] [Render thread/INFO] (lodekeeper) [Lodekeeper] BREAK target=Mutable{x=-27, y=-30, z=101} block=Block{minecraft:tuff} tool=minecraft:diamond_pickaxe slot=1 remaining=1549 required=route
[15:34:29] [Render thread/INFO] (lodekeeper) [Lodekeeper] BREAK target=Mutable{x=-27, y=-31, z=101} block=Block{minecraft:deepslate} tool=minecraft:diamond_pickaxe slot=1 remaining=1548 required=route
[15:34:30] [Render thread/INFO] (lodekeeper) [Lodekeeper] PROGRESS elapsed_ms=268551 phase=traveling backend=baritone target=none navigation_elapsed_ms=11615 navigation_ticks=232 searching=false path_index=0 path_length=21 retries=0 pending_route_events=0 dropped_route_events=0 status=seeking_mining_depth_-55_for_minecraft:diamond___0/32
[15:34:30] [Render thread/INFO] (lodekeeper) [Lodekeeper] BREAK target=Mutable{x=-27, y=-32, z=101} block=Block{minecraft:deepslate} tool=minecraft:diamond_pickaxe slot=1 remaining=1547 required=route
[15:34:31] [Render thread/INFO] (lodekeeper) [Lodekeeper] BREAK target=Mutable{x=-27, y=-33, z=101} block=Block{minecraft:deepslate} tool=minecraft:diamond_pickaxe slot=1 remaining=1546 required=route
[15:34:32] [Render thread/INFO] (lodekeeper) [Lodekeeper] PROGRESS elapsed_ms=270556 phase=traveling backend=baritone target=none navigation_elapsed_ms=13620 navigation_ticks=272 searching=false path_index=0 path_length=19 retries=0 pending_route_events=0 dropped_route_events=0 status=seeking_mining_depth_-55_for_minecraft:diamond___0/32
[15:34:32] [Render thread/INFO] (lodekeeper) [Lodekeeper] BREAK target=Mutable{x=-27, y=-34, z=101} block=Block{minecraft:deepslate} tool=minecraft:diamond_pickaxe slot=1 remaining=1545 required=route
[15:34:33] [Render thread/INFO] (lodekeeper) [Lodekeeper] BREAK target=Mutable{x=-27, y=-35, z=101} block=Block{minecraft:deepslate} tool=minecraft:diamond_pickaxe slot=1 remaining=1544 required=route
[15:34:34] [Render thread/INFO] (lodekeeper) [Lodekeeper] PROGRESS elapsed_ms=272574 phase=traveling backend=baritone target=none navigation_elapsed_ms=15602 navigation_ticks=312 searching=false path_index=0 path_length=17 retries=0 pending_route_events=0 dropped_route_events=0 status=seeking_mining_depth_-55_for_minecraft:diamond___0/32
[15:34:34] [Render thread/INFO] (lodekeeper) [Lodekeeper] BREAK target=Mutable{x=-27, y=-36, z=101} block=Block{minecraft:deepslate} tool=minecraft:diamond_pickaxe slot=1 remaining=1543 required=route
[15:34:35] [Render thread/INFO] (lodekeeper) [Lodekeeper] BREAK target=Mutable{x=-27, y=-37, z=101} block=Block{minecraft:deepslate} tool=minecraft:diamond_pickaxe slot=1 remaining=1542 required=route
[15:34:36] [Render thread/INFO] (lodekeeper) [Lodekeeper] PROGRESS elapsed_ms=274617 phase=traveling backend=baritone target=none navigation_elapsed_ms=17614 navigation_ticks=352 searching=false path_index=0 path_length=14 retries=0 pending_route_events=0 dropped_route_events=0 status=seeking_mining_depth_-55_for_minecraft:diamond___0/32
[15:34:36] [Render thread/INFO] (lodekeeper) [Lodekeeper] BREAK target=Mutable{x=-27, y=-38, z=101} block=Block{minecraft:deepslate} tool=minecraft:diamond_pickaxe slot=1 remaining=1541 required=route
[15:34:37] [Render thread/INFO] (lodekeeper) [Lodekeeper] BREAK target=Mutable{x=-27, y=-39, z=101} block=Block{minecraft:deepslate} tool=minecraft:diamond_pickaxe slot=1 remaining=1540 required=route
[15:34:37] [Render thread/INFO] (lodekeeper) [Lodekeeper] BREAK target=Mutable{x=-27, y=-40, z=101} block=Block{minecraft:deepslate} tool=minecraft:diamond_pickaxe slot=1 remaining=1539 required=route
[15:34:38] [Render thread/INFO] (lodekeeper) [Lodekeeper] PROGRESS elapsed_ms=276663 phase=traveling backend=baritone target=none navigation_elapsed_ms=19591 navigation_ticks=392 searching=false path_index=0 path_length=12 retries=0 pending_route_events=0 dropped_route_events=0 status=seeking_mining_depth_-55_for_minecraft:diamond___0/32
[15:34:38] [Render thread/INFO] (lodekeeper) [Lodekeeper] BREAK target=Mutable{x=-27, y=-41, z=101} block=Block{minecraft:deepslate} tool=minecraft:diamond_pickaxe slot=1 remaining=1538 required=route
[15:34:39] [Render thread/INFO] (lodekeeper) [Lodekeeper] BREAK target=Mutable{x=-27, y=-42, z=101} block=Block{minecraft:deepslate} tool=minecraft:diamond_pickaxe slot=1 remaining=1537 required=route
[15:34:40] [Render thread/INFO] (lodekeeper) [Lodekeeper] PROGRESS elapsed_ms=278673 phase=traveling backend=baritone target=none navigation_elapsed_ms=21600 navigation_ticks=432 searching=false path_index=0 path_length=10 retries=0 pending_route_events=0 dropped_route_events=0 status=seeking_mining_depth_-55_for_minecraft:diamond___0/32
[15:34:40] [Render thread/INFO] (lodekeeper) [Lodekeeper] NAV backend=baritone mode=DESCEND event=NEXT_SEGMENT_CALC_STARTED elapsedMs=22014
[15:34:40] [Render thread/INFO] (lodekeeper) [Lodekeeper] NAV backend=baritone mode=DESCEND event=NEXT_SEGMENT_CALC_FINISHED elapsedMs=22047
[15:34:40] [Render thread/INFO] (lodekeeper) [Lodekeeper] BREAK target=Mutable{x=-27, y=-43, z=101} block=Block{minecraft:deepslate} tool=minecraft:diamond_pickaxe slot=1 remaining=1536 required=route
[15:34:41] [Render thread/INFO] (lodekeeper) [Lodekeeper] BREAK target=Mutable{x=-27, y=-44, z=101} block=Block{minecraft:deepslate} tool=minecraft:diamond_pickaxe slot=1 remaining=1535 required=route
[15:34:42] [Render thread/INFO] (lodekeeper) [Lodekeeper] PROGRESS elapsed_ms=280716 phase=traveling backend=baritone target=none navigation_elapsed_ms=23814 navigation_ticks=476 searching=false path_index=0 path_length=13 retries=0 pending_route_events=0 dropped_route_events=0 status=seeking_mining_depth_-55_for_minecraft:diamond___0/32
[15:34:42] [Render thread/INFO] (lodekeeper) [Lodekeeper] BREAK target=Mutable{x=-27, y=-45, z=101} block=Block{minecraft:deepslate} tool=minecraft:diamond_pickaxe slot=1 remaining=1534 required=route
[15:34:43] [Render thread/INFO] (lodekeeper) [Lodekeeper] BREAK target=Mutable{x=-27, y=-46, z=101} block=Block{minecraft:deepslate} tool=minecraft:diamond_pickaxe slot=1 remaining=1533 required=route
[15:34:44] [Render thread/INFO] (lodekeeper) [Lodekeeper] BREAK target=Mutable{x=-27, y=-47, z=101} block=Block{minecraft:deepslate} tool=minecraft:diamond_pickaxe slot=1 remaining=1532 required=route
[15:34:44] [Render thread/INFO] (lodekeeper) [Lodekeeper] PROGRESS elapsed_ms=282768 phase=traveling backend=baritone target=none navigation_elapsed_ms=25800 navigation_ticks=516 searching=false path_index=0 path_length=10 retries=0 pending_route_events=0 dropped_route_events=0 status=seeking_mining_depth_-55_for_minecraft:diamond___0/32
[15:34:45] [Render thread/INFO] (lodekeeper) [Lodekeeper] BREAK target=Mutable{x=-27, y=-48, z=101} block=Block{minecraft:deepslate} tool=minecraft:diamond_pickaxe slot=1 remaining=1531 required=route
[15:34:46] [Render thread/INFO] (lodekeeper) [Lodekeeper] BREAK target=Mutable{x=-27, y=-49, z=101} block=Block{minecraft:deepslate} tool=minecraft:diamond_pickaxe slot=1 remaining=1530 required=route
[15:34:46] [Render thread/INFO] (lodekeeper) [Lodekeeper] PROGRESS elapsed_ms=284795 phase=traveling backend=baritone target=none navigation_elapsed_ms=27824 navigation_ticks=556 searching=false path_index=0 path_length=8 retries=0 pending_route_events=0 dropped_route_events=0 status=seeking_mining_depth_-55_for_minecraft:diamond___0/32
[15:34:46] [Render thread/INFO] (lodekeeper) [Lodekeeper] BREAK target=Mutable{x=-27, y=-50, z=101} block=Block{minecraft:deepslate} tool=minecraft:diamond_pickaxe slot=1 remaining=1529 required=route
[15:34:47] [Render thread/INFO] (lodekeeper) [Lodekeeper] BREAK target=Mutable{x=-27, y=-51, z=101} block=Block{minecraft:deepslate} tool=minecraft:diamond_pickaxe slot=1 remaining=1528 required=route
[15:34:48] [Render thread/INFO] (lodekeeper) [Lodekeeper] PROGRESS elapsed_ms=286812 phase=traveling backend=baritone target=none navigation_elapsed_ms=29807 navigation_ticks=596 searching=false path_index=0 path_length=6 retries=0 pending_route_events=0 dropped_route_events=0 status=seeking_mining_depth_-55_for_minecraft:diamond___0/32
[15:34:48] [Render thread/INFO] (lodekeeper) [Lodekeeper] BREAK target=Mutable{x=-27, y=-52, z=101} block=Block{minecraft:gravel} tool=minecraft:crafting_table slot=0 remaining=-1 required=route
[15:34:49] [Render thread/INFO] (lodekeeper) [Lodekeeper] BREAK target=Mutable{x=-27, y=-53, z=101} block=Block{minecraft:gravel} tool=minecraft:crafting_table slot=0 remaining=-1 required=route
[15:34:50] [Render thread/INFO] (lodekeeper) [Lodekeeper] PROGRESS elapsed_ms=288870 phase=traveling backend=baritone target=none navigation_elapsed_ms=31797 navigation_ticks=636 searching=false path_index=0 path_length=4 retries=0 pending_route_events=0 dropped_route_events=0 status=seeking_mining_depth_-55_for_minecraft:diamond___0/32
[15:34:51] [Render thread/INFO] (lodekeeper) [Lodekeeper] BREAK target=Mutable{x=-27, y=-54, z=101} block=Block{minecraft:gravel} tool=minecraft:crafting_table slot=0 remaining=-1 required=route
[15:34:52] [Render thread/INFO] (lodekeeper) [Lodekeeper] BREAK target=Mutable{x=-27, y=-55, z=101} block=Block{minecraft:gravel} tool=minecraft:crafting_table slot=0 remaining=-1 required=route
[15:34:52] [Render thread/INFO] (lodekeeper) [Lodekeeper] PROGRESS elapsed_ms=290925 phase=traveling backend=baritone target=none navigation_elapsed_ms=34023 navigation_ticks=680 searching=false path_index=0 path_length=2 retries=0 pending_route_events=0 dropped_route_events=0 status=seeking_mining_depth_-55_for_minecraft:diamond___0/32
[15:34:53] [Render thread/INFO] (lodekeeper) [Lodekeeper] NAV phase=DESCEND -> MINE targetY=-55 requestTicks=697
[15:34:53] [Render thread/INFO] (lodekeeper) [Lodekeeper] NAV backend=baritone mode=SUSPENDED event=CANCELED elapsedMs=34846
[15:34:53] [Render thread/INFO] (lodekeeper) [Lodekeeper] NAV backend=baritone mode=SUSPENDED event=CANCELED elapsedMs=34846
[15:34:53] [Render thread/INFO] (lodekeeper) [Lodekeeper] NAV backend=baritone mode=SUSPENDED event=CANCELED elapsedMs=34913
[15:34:53] [Render thread/INFO] (lodekeeper) [Lodekeeper] NAV backend=baritone mode=SUSPENDED event=CANCELED elapsedMs=34947
[15:34:53] [Render thread/INFO] (lodekeeper) [Lodekeeper] NAV backend=baritone mode=SUSPENDED event=CANCELED elapsedMs=35014
[15:34:53] [Render thread/INFO] (lodekeeper) [Lodekeeper] NAV discovered=50 retained=64 rejected=0 requestTicks=698 phase=MINE
[15:34:53] [Render thread/INFO] (lodekeeper) [Lodekeeper] NAV backend=baritone mode=MINE event=CALC_STARTED elapsedMs=35051
[15:34:53] [Render thread/INFO] (lodekeeper) [Lodekeeper] NAV calcTool=minecraft:crafting_table slot=0
[15:34:53] [Render thread/INFO] (lodekeeper) [Lodekeeper] NAV backend=baritone mode=MINE event=CALC_FINISHED_NOW_EXECUTING elapsedMs=35118
[15:34:53] [Render thread/INFO] (lodekeeper) [Lodekeeper] TARGET target=-29,-46,105 block=minecraft:deepslate_diamond_ore
[15:34:53] [Render thread/INFO] (lodekeeper) [Lodekeeper] BREAK target=Mutable{x=-28, y=-53, z=101} block=Block{minecraft:gravel} tool=minecraft:crafting_table slot=0 remaining=-1 required=route
[15:34:54] [Render thread/INFO] (lodekeeper) [Lodekeeper] PROGRESS elapsed_ms=292976 phase=traveling backend=baritone target=-29,-46,105 block=minecraft:deepslate_diamond_ore navigation_elapsed_ms=35972 navigation_ticks=716 searching=false path_index=0 path_length=9 retries=0 pending_route_events=0 dropped_route_events=0 status=mining_and_collecting_minecraft:diamond___0/32
[15:34:56] [Render thread/INFO] (lodekeeper) [Lodekeeper] PROGRESS elapsed_ms=294997 phase=traveling backend=baritone target=-29,-46,105 block=minecraft:deepslate_diamond_ore navigation_elapsed_ms=37959 navigation_ticks=756 searching=false path_index=0 path_length=9 retries=0 pending_route_events=0 dropped_route_events=0 status=mining_and_collecting_minecraft:diamond___0/32
[15:34:56] [Render thread/INFO] (lodekeeper) [Lodekeeper] BREAK target=Mutable{x=-29, y=-52, z=101} block=Block{minecraft:deepslate} tool=minecraft:diamond_pickaxe slot=1 remaining=1527 required=route
[15:34:57] [Render thread/INFO] (lodekeeper) [Lodekeeper] BREAK target=Mutable{x=-28, y=-51, z=101} block=Block{minecraft:deepslate} tool=minecraft:diamond_pickaxe slot=1 remaining=1526 required=route
[15:34:58] [Render thread/INFO] (lodekeeper) [Lodekeeper] BREAK target=Mutable{x=-29, y=-51, z=101} block=Block{minecraft:deepslate} tool=minecraft:diamond_pickaxe slot=1 remaining=1525 required=route
[15:34:58] [Render thread/INFO] (lodekeeper) [Lodekeeper] PROGRESS elapsed_ms=297011 phase=traveling backend=baritone target=-29,-46,105 block=minecraft:deepslate_diamond_ore navigation_elapsed_ms=39972 navigation_ticks=796 searching=false path_index=0 path_length=8 retries=0 pending_route_events=0 dropped_route_events=0 status=mining_and_collecting_minecraft:diamond___0/32
[15:34:59] [Render thread/INFO] (lodekeeper) [Lodekeeper] BREAK target=Mutable{x=-29, y=-50, z=101} block=Block{minecraft:deepslate} tool=minecraft:diamond_pickaxe slot=1 remaining=1524 required=route
[15:35:00] [Render thread/INFO] (lodekeeper) [Lodekeeper] PROGRESS elapsed_ms=299022 phase=traveling backend=baritone target=-29,-46,105 block=minecraft:deepslate_diamond_ore navigation_elapsed_ms=41949 navigation_ticks=836 searching=false path_index=0 path_length=7 retries=0 pending_route_events=0 dropped_route_events=0 status=mining_and_collecting_minecraft:diamond___0/32
[15:35:02] [Render thread/INFO] (lodekeeper) [Lodekeeper] BREAK target=Mutable{x=-29, y=-46, z=105} block=Block{minecraft:deepslate_diamond_ore} tool=minecraft:diamond_pickaxe slot=1 remaining=1523 required=minecraft:diamond_pickaxe
[15:35:02] [Render thread/INFO] (lodekeeper) [Lodekeeper] PROGRESS elapsed_ms=301044 phase=traveling backend=baritone target=-29,-46,105 block=minecraft:deepslate_diamond_ore navigation_elapsed_ms=44142 navigation_ticks=880 searching=false path_index=0 path_length=2 retries=0 pending_route_events=0 dropped_route_events=0 status=mining_and_collecting_minecraft:diamond___0/32
[15:35:02] [Render thread/INFO] (lodekeeper) [Lodekeeper] THREAT_RESPONSE outcome=started attacks=0 retreats=0 ticks=0 status=stopping movement before defense
[15:35:02] [Render thread/INFO] (lodekeeper) [Lodekeeper] TARGET target=none
[15:35:02] [Render thread/INFO] (lodekeeper) [Lodekeeper] NAV backend=baritone mode=IDLE event=CANCELED elapsedMs=44313
[15:35:02] [Render thread/INFO] (lodekeeper) [Lodekeeper] NAV backend=baritone mode=IDLE event=CANCELED elapsedMs=44314
[15:35:02] [Render thread/INFO] (lodekeeper) [Lodekeeper] THREAT_RETREAT threats=[entity.minecraft.skeleton@BlockPos{x=-31, y=-46, z=109}] dryGoals=[BlockPos{x=-29, y=-48, z=93}, BlockPos{x=-29, y=-47, z=93}, BlockPos{x=-29, y=-49, z=93}, BlockPos{x=-29, y=-46, z=93}, BlockPos{x=-29, y=-50, z=93}, BlockPos{x=-25, y=-48, z=94}, BlockPos{x=-25, y=-47, z=94}, BlockPos{x=-25, y=-49, z=94}, BlockPos{x=-25, y=-46, z=94}, BlockPos{x=-25, y=-50, z=94}, BlockPos{x=-23, y=-48, z=95}, BlockPos{x=-23, y=-47, z=95}, BlockPos{x=-23, y=-49, z=95}, BlockPos{x=-23, y=-46, z=95}, BlockPos{x=-23, y=-50, z=95}, BlockPos{x=-26, y=-48, z=94}] rejected=[]
[15:35:02] [Render thread/INFO] (lodekeeper) [Lodekeeper] THREAT_RESPONSE outcome=retreat attacks=0 retreats=1 ticks=1 status=retreating from live threats 1
[15:35:02] [Render thread/INFO] (lodekeeper) [Lodekeeper] NAV backend=baritone mode=MOVE event=CALC_STARTED elapsedMs=8
[15:35:02] [Render thread/INFO] (lodekeeper) [Lodekeeper] NAV calcTool=minecraft:diamond_pickaxe slot=1
[15:35:02] [Render thread/INFO] (lodekeeper) [Lodekeeper] NAV backend=baritone mode=MOVE event=CALC_FINISHED_NOW_EXECUTING elapsedMs=68
[15:35:04] [Render thread/INFO] (lodekeeper) [Lodekeeper] PROGRESS elapsed_ms=303064 phase=traveling backend=baritone target=none navigation_elapsed_ms=1813 navigation_ticks=36 searching=false path_index=0 path_length=11 retries=0 pending_route_events=0 dropped_route_events=0 status=retreating_from_live_threats_1
[15:35:05] [Render thread/INFO] (lodekeeper) [Lodekeeper] NAV backend=baritone mode=IDLE event=CANCELED elapsedMs=2770
[15:35:05] [Render thread/INFO] (lodekeeper) [Lodekeeper] NAV backend=baritone mode=IDLE event=CANCELED elapsedMs=2770
[15:35:05] [Render thread/INFO] (lodekeeper) [Lodekeeper] NAV backend=baritone mode=IDLE event=CANCELED elapsedMs=2805
[15:35:05] [Render thread/INFO] (lodekeeper) [Lodekeeper] NAV backend=baritone mode=IDLE event=CANCELED elapsedMs=2872
[15:35:05] [Render thread/INFO] (lodekeeper) [Lodekeeper] NAV backend=baritone mode=IDLE event=CANCELED elapsedMs=2907
[15:35:05] [Render thread/INFO] (lodekeeper) [Lodekeeper] THREAT_RETREAT threats=[entity.minecraft.skeleton@BlockPos{x=-30, y=-48, z=106}] dryGoals=[BlockPos{x=-26, y=-54, z=86}, BlockPos{x=-27, y=-54, z=86}, BlockPos{x=-27, y=-54, z=87}, BlockPos{x=-28, y=-54, z=87}, BlockPos{x=-27, y=-54, z=88}, BlockPos{x=-28, y=-54, z=88}, BlockPos{x=-27, y=-54, z=89}, BlockPos{x=-28, y=-54, z=89}, BlockPos{x=-29, y=-54, z=89}, BlockPos{x=-28, y=-54, z=90}, BlockPos{x=-29, y=-54, z=90}, BlockPos{x=-29, y=-54, z=91}, BlockPos{x=-29, y=-54, z=92}, BlockPos{x=-30, y=-54, z=93}] rejected=[]
[15:35:05] [Render thread/INFO] (lodekeeper) [Lodekeeper] THREAT_RESPONSE outcome=retreat attacks=0 retreats=2 ticks=60 status=retreating from live threats 2
[15:35:05] [Render thread/INFO] (lodekeeper) [Lodekeeper] NAV backend=baritone mode=MOVE event=CALC_STARTED elapsedMs=4
[15:35:05] [Render thread/INFO] (lodekeeper) [Lodekeeper] NAV calcTool=minecraft:diamond_pickaxe slot=1
[15:35:05] [Render thread/INFO] (lodekeeper) [Lodekeeper] NAV backend=baritone mode=MOVE event=CALC_FINISHED_NOW_EXECUTING elapsedMs=67
[15:35:06] [Render thread/INFO] (lodekeeper) [Lodekeeper] NAV backend=baritone mode=IDLE event=CANCELED elapsedMs=553
[15:35:06] [Render thread/INFO] (lodekeeper) [Lodekeeper] NAV backend=baritone mode=IDLE event=CANCELED elapsedMs=553
[15:35:06] [Render thread/INFO] (lodekeeper) [Lodekeeper] NAV backend=baritone mode=IDLE event=CANCELED elapsedMs=619
[15:35:06] [Render thread/INFO] (lodekeeper) [Lodekeeper] NAV backend=baritone mode=IDLE event=CANCELED elapsedMs=652
[15:35:06] [Render thread/INFO] (lodekeeper) [Lodekeeper] THREAT_RESPONSE outcome=cleared attacks=0 retreats=2 ticks=74 status=live threats cleared
[15:35:06] [Render thread/INFO] (lodekeeper) [Lodekeeper] STATION_POLICY decision=replace_distant station=minecraft:furnace position=BlockPos{x=-25, y=54, z=89}
[15:35:06] [lodekeeper-planner/INFO] (lodekeeper) [Lodekeeper] PROJECT_MATERIALS project=gear_diamond before=[gather:minecraft:diamond_ore:3, gather:minecraft:birch_log:1, gather:minecraft:diamond_ore:4, gather:minecraft:diamond_ore:8, gather:minecraft:diamond_ore:5, gather:minecraft:diamond_ore:2, gather:minecraft:diamond_ore:7, gather:minecraft:diamond_ore:1, gather:minecraft:diamond_ore:2] after=[gather:minecraft:diamond_ore:3, gather:minecraft:birch_log:1, gather:minecraft:diamond_ore:4, gather:minecraft:diamond_ore:8, gather:minecraft:diamond_ore:5, gather:minecraft:diamond_ore:2, gather:minecraft:diamond_ore:7, gather:minecraft:diamond_ore:1, gather:minecraft:diamond_ore:2]
[15:35:06] [lodekeeper-planner/INFO] (lodekeeper) [Lodekeeper] PLAN project=gear_diamond success=true steps=21 branches=93 elapsedMs=2.044756
[15:35:06] [Render thread/INFO] (lodekeeper) [Lodekeeper] STEP kind=GATHER source=gather:minecraft:diamond_ore output=minecraft:diamond count=32 operations=32 auxiliary=false
[15:35:06] [Render thread/INFO] (lodekeeper) [Lodekeeper] MINING_DEPTH policy=BULK_DIAMOND desiredY=-55 ceiling=-40 deficit=32 phase=MINE blocks=[Block{minecraft:diamond_ore}, Block{minecraft:deepslate_diamond_ore}]
[15:35:06] [Render thread/INFO] (lodekeeper) [Lodekeeper] NAV backend=baritone mode=MINE event=CALC_STARTED elapsedMs=1
[15:35:06] [Render thread/INFO] (lodekeeper) [Lodekeeper] NAV calcTool=minecraft:diamond_pickaxe slot=1
[15:35:06] [Render thread/INFO] (lodekeeper) [Lodekeeper] PROGRESS elapsed_ms=305118 phase=gathering backend=baritone target=none navigation_elapsed_ms=0 navigation_ticks=0 searching=false path_index=0 path_length=0 retries=0 pending_route_events=0 dropped_route_events=0 status=mining_and_collecting_minecraft:diamond___0/32
[15:35:06] [Render thread/INFO] (lodekeeper) [Lodekeeper] NAV backend=baritone mode=MINE event=CALC_FINISHED_NOW_EXECUTING elapsedMs=67
[15:35:06] [Render thread/INFO] (lodekeeper) [Lodekeeper] TARGET target=-29,-46,105 block=minecraft:deepslate_diamond_ore
[15:35:07] [Render thread/INFO] (lodekeeper) [Lodekeeper] NAV discovered=4 retained=19 rejected=0 requestTicks=10 phase=MINE
[15:35:07] [Render thread/INFO] (lodekeeper) [Lodekeeper] NAV discovered=7 retained=26 rejected=0 requestTicks=14 phase=MINE
[15:35:07] [Render thread/INFO] (lodekeeper) [Lodekeeper] THREAT_RESPONSE outcome=started attacks=0 retreats=0 ticks=0 status=stopping movement before defense
[15:35:07] [Render thread/INFO] (lodekeeper) [Lodekeeper] TARGET target=none
[15:35:07] [Render thread/INFO] (lodekeeper) [Lodekeeper] NAV backend=baritone mode=IDLE event=CANCELED elapsedMs=925
[15:35:07] [Render thread/INFO] (lodekeeper) [Lodekeeper] NAV backend=baritone mode=IDLE event=CANCELED elapsedMs=925
[15:35:07] [Render thread/INFO] (lodekeeper) [Lodekeeper] NAV backend=baritone mode=IDLE event=CANCELED elapsedMs=958
[15:35:07] [Render thread/INFO] (lodekeeper) [Lodekeeper] NAV backend=baritone mode=IDLE event=CANCELED elapsedMs=992
[15:35:07] [Render thread/INFO] (lodekeeper) [Lodekeeper] NAV backend=baritone mode=IDLE event=CANCELED elapsedMs=1060
[15:35:07] [Render thread/INFO] (lodekeeper) [Lodekeeper] THREAT_RESPONSE outcome=melee attacks=0 retreats=0 ticks=4 status=native melee defense
[15:35:08] [Render thread/INFO] (lodekeeper) [Lodekeeper] THREAT_RETREAT threats=[entity.minecraft.skeleton@BlockPos{x=-30, y=-51, z=99}] dryGoals=[BlockPos{x=-27, y=-54, z=87}, BlockPos{x=-28, y=-54, z=87}, BlockPos{x=-27, y=-54, z=88}, BlockPos{x=-28, y=-54, z=88}] rejected=[]
[15:35:08] [Render thread/INFO] (lodekeeper) [Lodekeeper] THREAT_RESPONSE outcome=retreat attacks=0 retreats=1 ticks=13 status=retreating from live threats 1
[15:35:08] [Render thread/INFO] (lodekeeper) [Lodekeeper] NAV backend=baritone mode=MOVE event=CALC_STARTED elapsedMs=1
[15:35:08] [Render thread/INFO] (lodekeeper) [Lodekeeper] NAV calcTool=minecraft:diamond_pickaxe slot=1
[15:35:08] [Render thread/INFO] (lodekeeper) [Lodekeeper] NAV backend=baritone mode=MOVE event=CALC_FINISHED_NOW_EXECUTING elapsedMs=34
[15:35:08] [Render thread/INFO] (lodekeeper) [Lodekeeper] PROGRESS elapsed_ms=307167 phase=traveling backend=baritone target=none navigation_elapsed_ms=373 navigation_ticks=8 searching=false path_index=0 path_length=11 retries=0 pending_route_events=0 dropped_route_events=0 status=retreating_from_live_threats_1
[15:35:09] [Render thread/INFO] (lodekeeper) [Lodekeeper] BREAK target=Mutable{x=-30, y=-54, z=92} block=Block{minecraft:deepslate} tool=minecraft:diamond_pickaxe slot=1 remaining=1523 required=route
[15:35:10] [Render thread/INFO] (lodekeeper) [Lodekeeper] PROGRESS elapsed_ms=309221 phase=traveling backend=baritone target=none navigation_elapsed_ms=2599 navigation_ticks=52 searching=false path_index=0 path_length=5 retries=0 pending_route_events=0 dropped_route_events=0 status=retreating_from_live_threats_1
[15:35:11] [Render thread/INFO] (lodekeeper) [Lodekeeper] NAV backend=baritone mode=IDLE event=CANCELED elapsedMs=3281
[15:35:11] [Render thread/INFO] (lodekeeper) [Lodekeeper] NAV backend=baritone mode=IDLE event=CANCELED elapsedMs=3281
[15:35:11] [Render thread/INFO] (lodekeeper) [Lodekeeper] NAV backend=baritone mode=IDLE event=CANCELED elapsedMs=3349
[15:35:11] [Render thread/INFO] (lodekeeper) [Lodekeeper] NAV backend=baritone mode=IDLE event=CANCELED elapsedMs=3383
[15:35:11] [Render thread/INFO] (lodekeeper) [Lodekeeper] NAV backend=baritone mode=IDLE event=CANCELED elapsedMs=3451
[15:35:11] [Render thread/INFO] (lodekeeper) [Lodekeeper] THREAT_RETREAT threats=[entity.minecraft.skeleton@BlockPos{x=-30, y=-54, z=92}] dryGoals=[BlockPos{x=-23, y=-54, z=78}, BlockPos{x=-23, y=-54, z=79}, BlockPos{x=-24, y=-54, z=79}, BlockPos{x=-23, y=-54, z=80}, BlockPos{x=-24, y=-54, z=80}, BlockPos{x=-24, y=-54, z=81}, BlockPos{x=-25, y=-54, z=81}, BlockPos{x=-24, y=-54, z=82}, BlockPos{x=-25, y=-54, z=82}] rejected=[]
[15:35:11] [Render thread/INFO] (lodekeeper) [Lodekeeper] THREAT_RESPONSE outcome=retreat attacks=0 retreats=2 ticks=84 status=retreating from live threats 2
[15:35:11] [Render thread/INFO] (lodekeeper) [Lodekeeper] NAV backend=baritone mode=MOVE event=CALC_STARTED elapsedMs=2
[15:35:11] [Render thread/INFO] (lodekeeper) [Lodekeeper] NAV calcTool=minecraft:diamond_pickaxe slot=1
[15:35:11] [Render thread/INFO] (lodekeeper) [Lodekeeper] NAV backend=baritone mode=MOVE event=CALC_FINISHED_NOW_EXECUTING elapsedMs=34
[15:35:12] [Render thread/INFO] (lodekeeper) [Lodekeeper] NAV backend=baritone mode=IDLE event=CANCELED elapsedMs=1024
[15:35:12] [Render thread/INFO] (lodekeeper) [Lodekeeper] NAV backend=baritone mode=IDLE event=CANCELED elapsedMs=1024
[15:35:12] [Render thread/INFO] (lodekeeper) [Lodekeeper] PROGRESS elapsed_ms=311268 phase=working backend=baritone target=none navigation_elapsed_ms=0 navigation_ticks=0 searching=false path_index=0 path_length=0 retries=0 pending_route_events=0 dropped_route_events=0 status=verifying_current_threat_clearance
[15:35:12] [Render thread/INFO] (lodekeeper) [Lodekeeper] NAV backend=baritone mode=IDLE event=CANCELED elapsedMs=1093
[15:35:12] [Render thread/INFO] (lodekeeper) [Lodekeeper] NAV backend=baritone mode=IDLE event=CANCELED elapsedMs=1126
[15:35:12] [Render thread/INFO] (lodekeeper) [Lodekeeper] NAV backend=baritone mode=IDLE event=CANCELED elapsedMs=1194
[15:35:12] [Render thread/INFO] (lodekeeper) [Lodekeeper] THREAT_RESPONSE outcome=cleared attacks=0 retreats=2 ticks=109 status=live threats cleared
[15:35:13] [Render thread/INFO] (lodekeeper) [Lodekeeper] STATION_POLICY decision=replace_distant station=minecraft:furnace position=BlockPos{x=-25, y=54, z=89}
[15:35:13] [lodekeeper-planner/INFO] (lodekeeper) [Lodekeeper] PROJECT_MATERIALS project=gear_diamond before=[gather:minecraft:deepslate_diamond_ore:3, gather:minecraft:birch_log:1, gather:minecraft:deepslate_diamond_ore:4, gather:minecraft:deepslate_diamond_ore:8, gather:minecraft:deepslate_diamond_ore:5, gather:minecraft:deepslate_diamond_ore:2, gather:minecraft:deepslate_diamond_ore:7, gather:minecraft:deepslate_diamond_ore:1, gather:minecraft:deepslate_diamond_ore:2] after=[gather:minecraft:deepslate_diamond_ore:3, gather:minecraft:birch_log:1, gather:minecraft:deepslate_diamond_ore:4, gather:minecraft:deepslate_diamond_ore:8, gather:minecraft:deepslate_diamond_ore:5, gather:minecraft:deepslate_diamond_ore:2, gather:minecraft:deepslate_diamond_ore:7, gather:minecraft:deepslate_diamond_ore:1, gather:minecraft:deepslate_diamond_ore:2]
[15:35:13] [lodekeeper-planner/INFO] (lodekeeper) [Lodekeeper] PLAN project=gear_diamond success=true steps=21 branches=93 elapsedMs=1.495762
[15:35:13] [Render thread/INFO] (lodekeeper) [Lodekeeper] STEP kind=GATHER source=gather:minecraft:deepslate_diamond_ore output=minecraft:diamond count=32 operations=32 auxiliary=false
[15:35:13] [Render thread/INFO] (lodekeeper) [Lodekeeper] MINING_DEPTH policy=BULK_DIAMOND desiredY=-55 ceiling=-40 deficit=32 phase=MINE blocks=[Block{minecraft:deepslate_diamond_ore}, Block{minecraft:diamond_ore}]
[15:35:13] [Render thread/INFO] (lodekeeper) [Lodekeeper] NAV backend=baritone mode=MINE event=CALC_STARTED elapsedMs=1
[15:35:13] [Render thread/INFO] (lodekeeper) [Lodekeeper] NAV calcTool=minecraft:diamond_pickaxe slot=1
[15:35:13] [Render thread/INFO] (lodekeeper) [Lodekeeper] NAV backend=baritone mode=MINE event=CALC_FINISHED_NOW_EXECUTING elapsedMs=33
[15:35:13] [Render thread/INFO] (lodekeeper) [Lodekeeper] TARGET target=-27,-52,81 block=minecraft:deepslate_diamond_ore
[15:35:13] [Render thread/INFO] (lodekeeper) [Lodekeeper] NAV discovered=14 retained=29 rejected=0 requestTicks=9 phase=MINE
[15:35:13] [Render thread/INFO] (lodekeeper) [Lodekeeper] BREAK target=Mutable{x=-26, y=-53, z=81} block=Block{minecraft:deepslate} tool=minecraft:diamond_pickaxe slot=1 remaining=1522 required=route
[15:35:13] [Render thread/INFO] (lodekeeper) [Lodekeeper] NAV discovered=6 retained=35 rejected=0 requestTicks=13 phase=MINE
[15:35:13] [Render thread/INFO] (lodekeeper) [Lodekeeper] NAV discovered=7 retained=42 rejected=0 requestTicks=17 phase=MINE
[15:35:14] [Render thread/INFO] (lodekeeper) [Lodekeeper] NAV discovered=4 retained=46 rejected=0 requestTicks=21 phase=MINE
[15:35:14] [Render thread/INFO] (lodekeeper) [Lodekeeper] NAV discovered=4 retained=50 rejected=0 requestTicks=25 phase=MINE
[15:35:14] [Render thread/INFO] (lodekeeper) [Lodekeeper] BREAK target=Mutable{x=-26, y=-54, z=81} block=Block{minecraft:deepslate} tool=minecraft:diamond_pickaxe slot=1 remaining=1521 required=route
[15:35:14] [Render thread/INFO] (lodekeeper) [Lodekeeper] NAV discovered=14 retained=64 rejected=0 requestTicks=31 phase=MINE
[15:35:14] [Render thread/INFO] (lodekeeper) [Lodekeeper] PROGRESS elapsed_ms=313325 phase=traveling backend=baritone target=-27,-52,81 block=minecraft:deepslate_diamond_ore navigation_elapsed_ms=1576 navigation_ticks=32 searching=false path_index=0 path_length=3 retries=0 pending_route_events=0 dropped_route_events=0 status=mining_and_collecting_minecraft:diamond___0/32
[15:35:14] [Render thread/INFO] (lodekeeper) [Lodekeeper] TARGET target=none
[15:35:16] [Render thread/INFO] (lodekeeper) [Lodekeeper] STATION_POLICY decision=replace_distant station=minecraft:furnace position=BlockPos{x=-25, y=54, z=89}
[15:35:16] [lodekeeper-planner/INFO] (lodekeeper) [Lodekeeper] PROJECT_MATERIALS project=gear_diamond before=[gather:minecraft:deepslate_diamond_ore:3, gather:minecraft:birch_log:1, gather:minecraft:deepslate_diamond_ore:4, gather:minecraft:deepslate_diamond_ore:8, gather:minecraft:deepslate_diamond_ore:5, gather:minecraft:deepslate_diamond_ore:2, gather:minecraft:deepslate_diamond_ore:7, gather:minecraft:deepslate_diamond_ore:1, gather:minecraft:deepslate_diamond_ore:2] after=[gather:minecraft:deepslate_diamond_ore:3, gather:minecraft:birch_log:1, gather:minecraft:deepslate_diamond_ore:4, gather:minecraft:deepslate_diamond_ore:8, gather:minecraft:deepslate_diamond_ore:5, gather:minecraft:deepslate_diamond_ore:2, gather:minecraft:deepslate_diamond_ore:7, gather:minecraft:deepslate_diamond_ore:1, gather:minecraft:deepslate_diamond_ore:2]
[15:35:16] [lodekeeper-planner/INFO] (lodekeeper) [Lodekeeper] PLAN project=gear_diamond success=true steps=21 branches=93 elapsedMs=1.401779
[15:35:16] [Render thread/INFO] (lodekeeper) [Lodekeeper] STEP kind=GATHER source=gather:minecraft:deepslate_diamond_ore output=minecraft:diamond count=32 operations=32 auxiliary=false
[15:35:16] [Render thread/INFO] (lodekeeper) [Lodekeeper] MINING_DEPTH policy=BULK_DIAMOND desiredY=-55 ceiling=-40 deficit=32 phase=MINE blocks=[Block{minecraft:deepslate_diamond_ore}, Block{minecraft:diamond_ore}]
[15:35:16] [Render thread/INFO] (lodekeeper) [Lodekeeper] NAV backend=baritone mode=MINE event=CALC_STARTED elapsedMs=1
[15:35:16] [Render thread/INFO] (lodekeeper) [Lodekeeper] NAV calcTool=minecraft:diamond_pickaxe slot=1
[15:35:16] [Render thread/INFO] (lodekeeper) [Lodekeeper] NAV backend=baritone mode=MINE event=CALC_FINISHED_NOW_EXECUTING elapsedMs=67
[15:35:16] [Render thread/INFO] (lodekeeper) [Lodekeeper] BREAK target=Mutable{x=-26, y=-54, z=81} block=Block{minecraft:deepslate} tool=minecraft:diamond_pickaxe slot=1 remaining=1521 required=route
[15:35:16] [Render thread/INFO] (lodekeeper) [Lodekeeper] TARGET target=-27,-52,81 block=minecraft:deepslate_diamond_ore
[15:35:16] [Render thread/INFO] (lodekeeper) [Lodekeeper] PROGRESS elapsed_ms=315347 phase=traveling backend=baritone target=-27,-52,81 block=minecraft:deepslate_diamond_ore navigation_elapsed_ms=205 navigation_ticks=4 searching=false path_index=0 path_length=3 retries=0 pending_route_events=0 dropped_route_events=0 status=mining_and_collecting_minecraft:diamond___0/32
[15:35:17] [Render thread/INFO] (lodekeeper) [Lodekeeper] NAV discovered=14 retained=29 rejected=0 requestTicks=9 phase=MINE
[15:35:17] [Render thread/INFO] (lodekeeper) [Lodekeeper] NAV discovered=5 retained=34 rejected=0 requestTicks=13 phase=MINE
[15:35:17] [Render thread/INFO] (lodekeeper) [Lodekeeper] NAV discovered=4 retained=38 rejected=0 requestTicks=17 phase=MINE
[15:35:17] [Render thread/INFO] (lodekeeper) [Lodekeeper] BREAK target=Mutable{x=-27, y=-53, z=81} block=Block{minecraft:deepslate} tool=minecraft:diamond_pickaxe slot=1 remaining=1520 required=route
[15:35:17] [Render thread/INFO] (lodekeeper) [Lodekeeper] NAV discovered=8 retained=46 rejected=0 requestTicks=21 phase=MINE
[15:35:17] [Render thread/INFO] (lodekeeper) [Lodekeeper] NAV discovered=4 retained=50 rejected=0 requestTicks=25 phase=MINE
[15:35:18] [Render thread/INFO] (lodekeeper) [Lodekeeper] NAV discovered=14 retained=64 rejected=0 requestTicks=31 phase=MINE
[15:35:18] [Render thread/INFO] (lodekeeper) [Lodekeeper] BREAK target=Mutable{x=-26, y=-52, z=81} block=Block{minecraft:deepslate} tool=minecraft:diamond_pickaxe slot=1 remaining=1519 required=route
[15:35:18] [Render thread/INFO] (lodekeeper) [Lodekeeper] PROGRESS elapsed_ms=317358 phase=traveling backend=baritone target=-27,-52,81 block=minecraft:deepslate_diamond_ore navigation_elapsed_ms=2215 navigation_ticks=44 searching=false path_index=0 path_length=2 retries=0 pending_route_events=0 dropped_route_events=0 status=mining_and_collecting_minecraft:diamond___0/32
[15:35:19] [Render thread/INFO] (lodekeeper) [Lodekeeper] BREAK target=Mutable{x=-27, y=-52, z=81} block=Block{minecraft:deepslate_diamond_ore} tool=minecraft:diamond_pickaxe slot=1 remaining=1518 required=minecraft:diamond_pickaxe
[15:35:20] [Render thread/INFO] (lodekeeper) [Lodekeeper] TARGET target=none
[15:35:20] [Render thread/INFO] (lodekeeper) [Lodekeeper] NAV backend=baritone mode=MINE event=AT_GOAL elapsedMs=3996
[15:35:20] [Render thread/INFO] (lodekeeper) [Lodekeeper] NAV discovered=1 retained=64 rejected=0 requestTicks=81 phase=MINE
[15:35:20] [Render thread/INFO] (lodekeeper) [Lodekeeper] NAV backend=baritone mode=MINE event=CALC_STARTED elapsedMs=4065
[15:35:20] [Render thread/INFO] (lodekeeper) [Lodekeeper] NAV calcTool=minecraft:diamond_pickaxe slot=1
[15:35:20] [Render thread/INFO] (lodekeeper) [Lodekeeper] NAV backend=baritone mode=MINE event=CALC_FINISHED_NOW_EXECUTING elapsedMs=4065
[15:35:20] [Render thread/INFO] (lodekeeper) [Lodekeeper] TARGET target=-29,-46,105 block=minecraft:deepslate_diamond_ore
[15:35:20] [Render thread/INFO] (lodekeeper) [Lodekeeper] PROGRESS elapsed_ms=319413 phase=traveling backend=baritone target=-29,-46,105 block=minecraft:deepslate_diamond_ore navigation_elapsed_ms=4201 navigation_ticks=84 searching=false path_index=0 path_length=29 retries=0 pending_route_events=0 dropped_route_events=0 status=mining_and_collecting_minecraft:diamond___1/32
[15:35:21] [Render thread/INFO] (lodekeeper) [Lodekeeper] THREAT_RESPONSE outcome=started attacks=0 retreats=0 ticks=0 status=stopping movement before defense
[15:35:21] [Render thread/INFO] (lodekeeper) [Lodekeeper] TARGET target=none
[15:35:21] [Render thread/INFO] (lodekeeper) [Lodekeeper] NAV backend=baritone mode=IDLE event=CANCELED elapsedMs=4889
[15:35:21] [Render thread/INFO] (lodekeeper) [Lodekeeper] NAV backend=baritone mode=IDLE event=CANCELED elapsedMs=4889
[15:35:21] [Render thread/INFO] (lodekeeper) [Lodekeeper] NAV backend=baritone mode=IDLE event=CANCELED elapsedMs=4957
[15:35:21] [Render thread/INFO] (lodekeeper) [Lodekeeper] NAV backend=baritone mode=IDLE event=CANCELED elapsedMs=4991
[15:35:21] [Render thread/INFO] (lodekeeper) [Lodekeeper] NAV backend=baritone mode=IDLE event=CANCELED elapsedMs=5059
[15:35:21] [Render thread/INFO] (lodekeeper) [Lodekeeper] THREAT_RETREAT threats=[entity.minecraft.skeleton@BlockPos{x=-27, y=-54, z=87}] dryGoals=[BlockPos{x=-21, y=-54, z=75}, BlockPos{x=-22, y=-54, z=76}, BlockPos{x=-23, y=-53, z=76}] rejected=[]
[15:35:21] [Render thread/INFO] (lodekeeper) [Lodekeeper] THREAT_RESPONSE outcome=retreat attacks=0 retreats=1 ticks=4 status=retreating from live threats 1
[15:35:21] [Render thread/INFO] (lodekeeper) [Lodekeeper] NAV backend=baritone mode=MOVE event=CALC_STARTED elapsedMs=9
[15:35:21] [Render thread/INFO] (lodekeeper) [Lodekeeper] NAV calcTool=minecraft:diamond_pickaxe slot=1
[15:35:21] [Render thread/INFO] (lodekeeper) [Lodekeeper] NAV backend=baritone mode=MOVE event=CALC_FINISHED_NOW_EXECUTING elapsedMs=69
[15:35:23] [Render thread/INFO] (lodekeeper) [Lodekeeper] PROGRESS elapsed_ms=321472 phase=traveling backend=baritone target=none navigation_elapsed_ms=1201 navigation_ticks=24 searching=false path_index=0 path_length=3 retries=0 pending_route_events=0 dropped_route_events=0 status=retreating_from_live_threats_1
[15:35:23] [Render thread/INFO] (lodekeeper) [Lodekeeper] NAV backend=baritone mode=IDLE event=CANCELED elapsedMs=1472
[15:35:23] [Render thread/INFO] (lodekeeper) [Lodekeeper] NAV backend=baritone mode=IDLE event=CANCELED elapsedMs=1473
[15:35:23] [Render thread/INFO] (lodekeeper) [Lodekeeper] NAV backend=baritone mode=IDLE event=CANCELED elapsedMs=1506
[15:35:23] [Render thread/INFO] (lodekeeper) [Lodekeeper] NAV backend=baritone mode=IDLE event=CANCELED elapsedMs=1540
[15:35:23] [Render thread/INFO] (lodekeeper) [Lodekeeper] NAV backend=baritone mode=IDLE event=CANCELED elapsedMs=1608
[15:35:23] [Render thread/INFO] (lodekeeper) [Lodekeeper] THREAT_RETREAT threats=[entity.minecraft.skeleton@BlockPos{x=-26, y=-54, z=85}] dryGoals=[BlockPos{x=-18, y=-52, z=65}, BlockPos{x=-19, y=-52, z=65}, BlockPos{x=-17, y=-54, z=66}, BlockPos{x=-18, y=-53, z=66}, BlockPos{x=-17, y=-54, z=67}, BlockPos{x=-18, y=-54, z=67}, BlockPos{x=-18, y=-54, z=68}] rejected=[]
[15:35:23] [Render thread/INFO] (lodekeeper) [Lodekeeper] THREAT_RESPONSE outcome=retreat attacks=0 retreats=2 ticks=38 status=retreating from live threats 2
[15:35:23] [Render thread/INFO] (lodekeeper) [Lodekeeper] NAV backend=baritone mode=MOVE event=CALC_STARTED elapsedMs=3
[15:35:23] [Render thread/INFO] (lodekeeper) [Lodekeeper] NAV calcTool=minecraft:diamond_pickaxe slot=1
[15:35:23] [Render thread/INFO] (lodekeeper) [Lodekeeper] NAV backend=baritone mode=IDLE event=CALC_FINISHED_NOW_EXECUTING elapsedMs=33
[15:35:23] [Render thread/INFO] (lodekeeper) [Lodekeeper] NAV backend=baritone mode=IDLE event=CANCELED elapsedMs=33
[15:35:23] [Render thread/INFO] (lodekeeper) [Lodekeeper] NAV backend=baritone mode=IDLE event=CANCELED elapsedMs=34
[15:35:23] [Render thread/INFO] (lodekeeper) [Lodekeeper] THREAT_RESPONSE outcome=cleared attacks=0 retreats=2 ticks=40 status=live threats cleared
[15:35:25] [Render thread/INFO] (lodekeeper) [Lodekeeper] PROGRESS elapsed_ms=323510 phase=eating backend=baritone target=none navigation_elapsed_ms=0 navigation_ticks=0 searching=false path_index=0 path_length=0 retries=0 pending_route_events=0 dropped_route_events=0 status=eating_before_continuing_project_gear_diamond___minecraft:diamond_axe
[15:35:25] [Render thread/INFO] (lodekeeper) [Lodekeeper] STATION_POLICY decision=replace_distant station=minecraft:furnace position=BlockPos{x=-25, y=54, z=89}
[15:35:25] [lodekeeper-planner/INFO] (lodekeeper) [Lodekeeper] PROJECT_MATERIALS project=gear_diamond before=[gather:minecraft:deepslate_diamond_ore:2, gather:minecraft:birch_log:1, gather:minecraft:deepslate_diamond_ore:4, gather:minecraft:deepslate_diamond_ore:8, gather:minecraft:deepslate_diamond_ore:5, gather:minecraft:deepslate_diamond_ore:2, gather:minecraft:deepslate_diamond_ore:7, gather:minecraft:deepslate_diamond_ore:1, gather:minecraft:deepslate_diamond_ore:2] after=[gather:minecraft:deepslate_diamond_ore:2, gather:minecraft:birch_log:1, gather:minecraft:deepslate_diamond_ore:4, gather:minecraft:deepslate_diamond_ore:8, gather:minecraft:deepslate_diamond_ore:5, gather:minecraft:deepslate_diamond_ore:2, gather:minecraft:deepslate_diamond_ore:7, gather:minecraft:deepslate_diamond_ore:1, gather:minecraft:deepslate_diamond_ore:2]
[15:35:25] [lodekeeper-planner/INFO] (lodekeeper) [Lodekeeper] PLAN project=gear_diamond success=true steps=21 branches=94 elapsedMs=1.319006
[15:35:25] [Render thread/INFO] (lodekeeper) [Lodekeeper] STEP kind=GATHER source=gather:minecraft:deepslate_diamond_ore output=minecraft:diamond count=31 operations=31 auxiliary=false
[15:35:25] [Render thread/INFO] (lodekeeper) [Lodekeeper] MINING_DEPTH policy=BULK_DIAMOND desiredY=-55 ceiling=-40 deficit=31 phase=MINE blocks=[Block{minecraft:deepslate_diamond_ore}, Block{minecraft:diamond_ore}]
[15:35:25] [Render thread/INFO] (lodekeeper) [Lodekeeper] NAV backend=baritone mode=MINE event=CALC_STARTED elapsedMs=1
[15:35:25] [Render thread/INFO] (lodekeeper) [Lodekeeper] NAV calcTool=minecraft:diamond_pickaxe slot=1
[15:35:25] [Render thread/INFO] (lodekeeper) [Lodekeeper] NAV backend=baritone mode=MINE event=CALC_FINISHED_NOW_EXECUTING elapsedMs=102
[15:35:25] [Render thread/INFO] (lodekeeper) [Lodekeeper] BREAK target=Mutable{x=-22, y=-53, z=75} block=Block{minecraft:smooth_basalt} tool=minecraft:diamond_pickaxe slot=1 remaining=1517 required=route
[15:35:25] [Render thread/INFO] (lodekeeper) [Lodekeeper] TARGET target=-18,-45,57 block=minecraft:deepslate_diamond_ore
[15:35:25] [Render thread/INFO] (lodekeeper) [Lodekeeper] NAV discovered=4 retained=30 rejected=0 requestTicks=9 phase=MINE
[15:35:25] [Render thread/INFO] (lodekeeper) [Lodekeeper] NAV discovered=6 retained=36 rejected=0 requestTicks=13 phase=MINE
[15:35:25] [Render thread/INFO] (lodekeeper) [Lodekeeper] BREAK target=Mutable{x=-22, y=-53, z=74} block=Block{minecraft:smooth_basalt} tool=minecraft:diamond_pickaxe slot=1 remaining=1516 required=route
[15:35:26] [Render thread/INFO] (lodekeeper) [Lodekeeper] NAV discovered=6 retained=42 rejected=0 requestTicks=17 phase=MINE
[15:35:26] [Render thread/INFO] (lodekeeper) [Lodekeeper] NAV discovered=4 retained=46 rejected=0 requestTicks=21 phase=MINE
[15:35:26] [Render thread/INFO] (lodekeeper) [Lodekeeper] BREAK target=Mutable{x=-22, y=-52, z=75} block=Block{minecraft:smooth_basalt} tool=minecraft:diamond_pickaxe slot=1 remaining=1515 required=route
[15:35:26] [Render thread/INFO] (lodekeeper) [Lodekeeper] NAV discovered=18 retained=64 rejected=0 requestTicks=26 phase=MINE
[15:35:27] [Render thread/INFO] (lodekeeper) [Lodekeeper] BREAK target=Mutable{x=-22, y=-52, z=74} block=Block{minecraft:calcite} tool=minecraft:diamond_pickaxe slot=1 remaining=1514 required=route
[15:35:27] [Render thread/INFO] (lodekeeper) [Lodekeeper] PROGRESS elapsed_ms=325561 phase=traveling backend=baritone target=-18,-45,57 block=minecraft:deepslate_diamond_ore navigation_elapsed_ms=1777 navigation_ticks=36 searching=false path_index=0 path_length=19 retries=0 pending_route_events=0 dropped_route_events=0 status=mining_and_collecting_minecraft:diamond___1/32
[15:35:27] [Render thread/INFO] (lodekeeper) [Lodekeeper] BREAK target=Mutable{x=-22, y=-52, z=73} block=Block{minecraft:calcite} tool=minecraft:diamond_pickaxe slot=1 remaining=1513 required=route
[15:35:28] [Render thread/INFO] (lodekeeper) [Lodekeeper] BREAK target=Mutable{x=-22, y=-51, z=74} block=Block{minecraft:amethyst_block} tool=minecraft:diamond_pickaxe slot=1 remaining=1512 required=route
[15:35:28] [Render thread/INFO] (lodekeeper) [Lodekeeper] BREAK target=Mutable{x=-22, y=-51, z=73} block=Block{minecraft:amethyst_block} tool=minecraft:diamond_pickaxe slot=1 remaining=1511 required=route
[15:35:29] [Render thread/INFO] (lodekeeper) [Lodekeeper] PROGRESS elapsed_ms=327614 phase=traveling backend=baritone target=-18,-45,57 block=minecraft:deepslate_diamond_ore navigation_elapsed_ms=3796 navigation_ticks=76 searching=false path_index=0 path_length=18 retries=0 pending_route_events=0 dropped_route_events=0 status=mining_and_collecting_minecraft:diamond___1/32
[15:35:29] [Render thread/INFO] (lodekeeper) [Lodekeeper] BREAK target=Mutable{x=-22, y=-51, z=72} block=Block{minecraft:amethyst_block} tool=minecraft:diamond_pickaxe slot=1 remaining=1510 required=route
[15:35:31] [Render thread/INFO] (lodekeeper) [Lodekeeper] PROGRESS elapsed_ms=329672 phase=traveling backend=baritone target=-18,-45,57 block=minecraft:deepslate_diamond_ore navigation_elapsed_ms=5783 navigation_ticks=116 searching=false path_index=0 path_length=14 retries=0 pending_route_events=0 dropped_route_events=0 status=mining_and_collecting_minecraft:diamond___1/32
[15:35:31] [Render thread/INFO] (lodekeeper) [Lodekeeper] TARGET target=none
[15:35:31] [Render thread/INFO] (lodekeeper) [Lodekeeper] NAV backend=baritone mode=IDLE event=CANCELED elapsedMs=5990
[15:35:31] [Render thread/INFO] (lodekeeper) [Lodekeeper] NAV backend=baritone mode=IDLE event=CANCELED elapsedMs=5990
[15:35:31] [Render thread/INFO] (lodekeeper) [Lodekeeper] NAV backend=baritone mode=IDLE event=CANCELED elapsedMs=6058
[15:35:31] [Render thread/INFO] (lodekeeper) [Lodekeeper] NAV backend=baritone mode=IDLE event=CANCELED elapsedMs=6092
[15:35:31] [Render thread/INFO] (lodekeeper) [Lodekeeper] NAV backend=baritone mode=IDLE event=CANCELED elapsedMs=6161
[15:35:31] [Render thread/INFO] (lodekeeper) [Lodekeeper] STATION_POLICY decision=replace_distant station=minecraft:furnace position=BlockPos{x=-25, y=54, z=89}
[15:35:31] [lodekeeper-planner/INFO] (lodekeeper) [Lodekeeper] PROJECT_MATERIALS project=gear_diamond before=[gather:minecraft:diamond_ore:2, gather:minecraft:birch_log:1, gather:minecraft:diamond_ore:4, gather:minecraft:diamond_ore:8, gather:minecraft:diamond_ore:5, gather:minecraft:diamond_ore:2, gather:minecraft:diamond_ore:7, gather:minecraft:diamond_ore:1, gather:minecraft:diamond_ore:2] after=[gather:minecraft:diamond_ore:2, gather:minecraft:birch_log:1, gather:minecraft:diamond_ore:4, gather:minecraft:diamond_ore:8, gather:minecraft:diamond_ore:5, gather:minecraft:diamond_ore:2, gather:minecraft:diamond_ore:7, gather:minecraft:diamond_ore:1, gather:minecraft:diamond_ore:2]
[15:35:31] [lodekeeper-planner/INFO] (lodekeeper) [Lodekeeper] PLAN project=gear_diamond success=true steps=21 branches=94 elapsedMs=1.476278
[15:35:33] [Render thread/INFO] (lodekeeper) [Lodekeeper] STATION_POLICY decision=replace_distant station=minecraft:furnace position=BlockPos{x=-25, y=54, z=89}
[15:35:33] [lodekeeper-planner/INFO] (lodekeeper) [Lodekeeper] PROJECT_MATERIALS project=gear_diamond before=[gather:minecraft:diamond_ore:2, gather:minecraft:birch_log:1, gather:minecraft:diamond_ore:4, gather:minecraft:diamond_ore:8, gather:minecraft:diamond_ore:5, gather:minecraft:diamond_ore:2, gather:minecraft:diamond_ore:7, gather:minecraft:diamond_ore:1, gather:minecraft:diamond_ore:2] after=[gather:minecraft:diamond_ore:2, gather:minecraft:birch_log:1, gather:minecraft:diamond_ore:4, gather:minecraft:diamond_ore:8, gather:minecraft:diamond_ore:5, gather:minecraft:diamond_ore:2, gather:minecraft:diamond_ore:7, gather:minecraft:diamond_ore:1, gather:minecraft:diamond_ore:2]
[15:35:33] [lodekeeper-planner/INFO] (lodekeeper) [Lodekeeper] PLAN project=gear_diamond success=true steps=21 branches=94 elapsedMs=1.759488
[15:35:33] [Render thread/INFO] (lodekeeper) [Lodekeeper] STEP kind=GATHER source=gather:minecraft:diamond_ore output=minecraft:diamond count=31 operations=31 auxiliary=false
[15:35:33] [Render thread/INFO] (lodekeeper) [Lodekeeper] MINING_DEPTH policy=BULK_DIAMOND desiredY=-55 ceiling=-40 deficit=31 phase=MINE blocks=[Block{minecraft:diamond_ore}, Block{minecraft:deepslate_diamond_ore}]
[15:35:33] [Render thread/INFO] (lodekeeper) [Lodekeeper] NAV backend=baritone mode=MINE event=CALC_STARTED elapsedMs=1
[15:35:33] [Render thread/INFO] (lodekeeper) [Lodekeeper] NAV calcTool=minecraft:diamond_pickaxe slot=1
[15:35:33] [Render thread/INFO] (lodekeeper) [Lodekeeper] NAV backend=baritone mode=MINE event=CALC_FINISHED_NOW_EXECUTING elapsedMs=67
[15:35:33] [Render thread/INFO] (lodekeeper) [Lodekeeper] PROGRESS elapsed_ms=331698 phase=gathering backend=baritone target=none navigation_elapsed_ms=0 navigation_ticks=0 searching=false path_index=0 path_length=0 retries=0 pending_route_events=0 dropped_route_events=0 status=mining_and_collecting_minecraft:diamond___1/32
[15:35:33] [Render thread/INFO] (lodekeeper) [Lodekeeper] TARGET target=-18,-45,57 block=minecraft:deepslate_diamond_ore
[15:35:33] [Render thread/INFO] (lodekeeper) [Lodekeeper] NAV discovered=4 retained=30 rejected=0 requestTicks=5 phase=MINE
[15:35:33] [Render thread/INFO] (lodekeeper) [Lodekeeper] NAV discovered=14 retained=44 rejected=0 requestTicks=13 phase=MINE
[15:35:34] [Render thread/INFO] (lodekeeper) [Lodekeeper] NAV discovered=18 retained=62 rejected=0 requestTicks=17 phase=MINE
[15:35:34] [Render thread/INFO] (lodekeeper) [Lodekeeper] NAV discovered=2 retained=64 rejected=0 requestTicks=21 phase=MINE
[15:35:34] [Render thread/INFO] (lodekeeper) [Lodekeeper] NAV scan=loaded-chunk-budgeted durationNanos=14668326 hits=0 requestTicks=36
[15:35:35] [Render thread/INFO] (lodekeeper) [Lodekeeper] PROGRESS elapsed_ms=333727 phase=traveling backend=baritone target=-18,-45,57 block=minecraft:deepslate_diamond_ore navigation_elapsed_ms=2026 navigation_ticks=40 searching=false path_index=0 path_length=6 retries=0 pending_route_events=0 dropped_route_events=0 status=mining_and_collecting_minecraft:diamond___1/32
[15:35:35] [Render thread/INFO] (lodekeeper) [Lodekeeper] BREAK target=Mutable{x=-18, y=-48, z=60} block=Block{minecraft:deepslate} tool=minecraft:diamond_pickaxe slot=1 remaining=1509 required=route
[15:35:36] [Render thread/INFO] (lodekeeper) [Lodekeeper] BREAK target=Mutable{x=-18, y=-47, z=60} block=Block{minecraft:deepslate} tool=minecraft:diamond_pickaxe slot=1 remaining=1508 required=route
[15:35:37] [Render thread/INFO] (lodekeeper) [Lodekeeper] PROGRESS elapsed_ms=335775 phase=traveling backend=baritone target=-18,-45,57 block=minecraft:deepslate_diamond_ore navigation_elapsed_ms=4006 navigation_ticks=80 searching=false path_index=0 path_length=5 retries=0 pending_route_events=0 dropped_route_events=0 status=mining_and_collecting_minecraft:diamond___1/32
[15:35:37] [Render thread/INFO] (lodekeeper) [Lodekeeper] BREAK target=Mutable{x=-18, y=-47, z=59} block=Block{minecraft:deepslate} tool=minecraft:diamond_pickaxe slot=1 remaining=1507 required=route
[15:35:38] [Render thread/INFO] (lodekeeper) [Lodekeeper] BREAK target=Mutable{x=-18, y=-48, z=59} block=Block{minecraft:deepslate} tool=minecraft:diamond_pickaxe slot=1 remaining=1506 required=route
[15:35:39] [Render thread/INFO] (lodekeeper) [Lodekeeper] TARGET target=none
[15:35:39] [Render thread/INFO] (lodekeeper) [Lodekeeper] PROGRESS elapsed_ms=337798 phase=eating backend=baritone target=none navigation_elapsed_ms=0 navigation_ticks=0 searching=false path_index=0 path_length=0 retries=0 pending_route_events=0 dropped_route_events=0 status=eating_before_continuing_project_gear_diamond___minecraft:diamond_axe
[15:35:40] [Render thread/INFO] (lodekeeper) [Lodekeeper] STATION_POLICY decision=replace_distant station=minecraft:furnace position=BlockPos{x=-25, y=54, z=89}
[15:35:40] [lodekeeper-planner/INFO] (lodekeeper) [Lodekeeper] PROJECT_MATERIALS project=gear_diamond before=[gather:minecraft:deepslate_diamond_ore:2, gather:minecraft:birch_log:1, gather:minecraft:deepslate_diamond_ore:4, gather:minecraft:deepslate_diamond_ore:8, gather:minecraft:deepslate_diamond_ore:5, gather:minecraft:deepslate_diamond_ore:2, gather:minecraft:deepslate_diamond_ore:7, gather:minecraft:deepslate_diamond_ore:1, gather:minecraft:deepslate_diamond_ore:2] after=[gather:minecraft:deepslate_diamond_ore:2, gather:minecraft:birch_log:1, gather:minecraft:deepslate_diamond_ore:4, gather:minecraft:deepslate_diamond_ore:8, gather:minecraft:deepslate_diamond_ore:5, gather:minecraft:deepslate_diamond_ore:2, gather:minecraft:deepslate_diamond_ore:7, gather:minecraft:deepslate_diamond_ore:1, gather:minecraft:deepslate_diamond_ore:2]
[15:35:40] [lodekeeper-planner/INFO] (lodekeeper) [Lodekeeper] PLAN project=gear_diamond success=true steps=21 branches=94 elapsedMs=1.706841
[15:35:40] [Render thread/INFO] (lodekeeper) [Lodekeeper] STEP kind=GATHER source=gather:minecraft:deepslate_diamond_ore output=minecraft:diamond count=31 operations=31 auxiliary=false
[15:35:40] [Render thread/INFO] (lodekeeper) [Lodekeeper] MINING_DEPTH policy=BULK_DIAMOND desiredY=-55 ceiling=-40 deficit=31 phase=MINE blocks=[Block{minecraft:deepslate_diamond_ore}, Block{minecraft:diamond_ore}]
[15:35:40] [Render thread/INFO] (lodekeeper) [Lodekeeper] NAV backend=baritone mode=MINE event=CALC_STARTED elapsedMs=1
[15:35:40] [Render thread/INFO] (lodekeeper) [Lodekeeper] NAV calcTool=minecraft:diamond_pickaxe slot=1
[15:35:40] [Render thread/INFO] (lodekeeper) [Lodekeeper] NAV backend=baritone mode=MINE event=CALC_FINISHED_NOW_EXECUTING elapsedMs=67
[15:35:40] [Render thread/INFO] (lodekeeper) [Lodekeeper] BREAK target=Mutable{x=-18, y=-47, z=58} block=Block{minecraft:deepslate} tool=minecraft:diamond_pickaxe slot=1 remaining=1505 required=route
[15:35:41] [Render thread/INFO] (lodekeeper) [Lodekeeper] TARGET target=-18,-45,57 block=minecraft:deepslate_diamond_ore
[15:35:41] [Render thread/INFO] (lodekeeper) [Lodekeeper] NAV discovered=18 retained=57 rejected=0 requestTicks=5 phase=MINE
[15:35:41] [Render thread/INFO] (lodekeeper) [Lodekeeper] NAV discovered=7 retained=64 rejected=0 requestTicks=9 phase=MINE
[15:35:41] [Render thread/INFO] (lodekeeper) [Lodekeeper] PROGRESS elapsed_ms=339819 phase=traveling backend=baritone target=-18,-45,57 block=minecraft:deepslate_diamond_ore navigation_elapsed_ms=408 navigation_ticks=8 searching=false path_index=0 path_length=3 retries=0 pending_route_events=0 dropped_route_events=0 status=mining_and_collecting_minecraft:diamond___1/32
[15:35:41] [Render thread/INFO] (lodekeeper) [Lodekeeper] BREAK target=Mutable{x=-18, y=-46, z=59} block=Block{minecraft:deepslate} tool=minecraft:diamond_pickaxe slot=1 remaining=1504 required=route
[15:35:42] [Render thread/INFO] (lodekeeper) [Lodekeeper] BREAK target=Mutable{x=-18, y=-46, z=58} block=Block{minecraft:deepslate} tool=minecraft:diamond_pickaxe slot=1 remaining=1503 required=route
[15:35:43] [Render thread/INFO] (lodekeeper) [Lodekeeper] PROGRESS elapsed_ms=341872 phase=traveling backend=baritone target=-18,-45,57 block=minecraft:deepslate_diamond_ore navigation_elapsed_ms=2393 navigation_ticks=48 searching=false path_index=0 path_length=3 retries=0 pending_route_events=0 dropped_route_events=0 status=mining_and_collecting_minecraft:diamond___1/32
[15:35:43] [Render thread/INFO] (lodekeeper) [Lodekeeper] BREAK target=Mutable{x=-18, y=-46, z=57} block=Block{minecraft:deepslate} tool=minecraft:diamond_pickaxe slot=1 remaining=1502 required=route
[15:35:44] [Render thread/INFO] (lodekeeper) [Lodekeeper] BREAK target=Mutable{x=-18, y=-45, z=58} block=Block{minecraft:deepslate} tool=minecraft:diamond_pickaxe slot=1 remaining=1501 required=route
[15:35:45] [Render thread/INFO] (lodekeeper) [Lodekeeper] PROGRESS elapsed_ms=343912 phase=traveling backend=baritone target=-18,-45,57 block=minecraft:deepslate_diamond_ore navigation_elapsed_ms=4605 navigation_ticks=92 searching=false path_index=0 path_length=2 retries=0 pending_route_events=0 dropped_route_events=0 status=mining_and_collecting_minecraft:diamond___1/32
[15:35:45] [Render thread/INFO] (lodekeeper) [Lodekeeper] BREAK target=Mutable{x=-18, y=-45, z=57} block=Block{minecraft:deepslate_diamond_ore} tool=minecraft:diamond_pickaxe slot=1 remaining=1500 required=minecraft:diamond_pickaxe
[15:35:46] [Render thread/INFO] (lodekeeper) [Lodekeeper] TARGET target=none
[15:35:46] [Render thread/INFO] (lodekeeper) [Lodekeeper] NAV backend=baritone mode=MINE event=AT_GOAL elapsedMs=5911
[15:35:46] [Render thread/INFO] (lodekeeper) [Lodekeeper] NAV backend=baritone mode=MINE event=CALC_STARTED elapsedMs=6115
[15:35:46] [Render thread/INFO] (lodekeeper) [Lodekeeper] NAV calcTool=minecraft:diamond_pickaxe slot=1
[15:35:47] [Render thread/INFO] (lodekeeper) [Lodekeeper] NAV discovered=1 retained=64 rejected=0 requestTicks=123 phase=MINE
[15:35:47] [Render thread/INFO] (lodekeeper) [Lodekeeper] TARGET target=-19,-54,54 block=minecraft:deepslate_diamond_ore
[15:35:47] [Render thread/INFO] (lodekeeper) [Lodekeeper] NAV backend=baritone mode=MINE event=CALC_FINISHED_NOW_EXECUTING elapsedMs=6215
[15:35:47] [Render thread/INFO] (lodekeeper) [Lodekeeper] BREAK target=Mutable{x=-18, y=-47, z=57} block=Block{minecraft:deepslate} tool=minecraft:diamond_pickaxe slot=1 remaining=1499 required=route
[15:35:47] [Render thread/INFO] (lodekeeper) [Lodekeeper] TARGET target=none
[15:35:47] [Render thread/INFO] (lodekeeper) [Lodekeeper] PROGRESS elapsed_ms=345963 phase=eating backend=baritone target=none navigation_elapsed_ms=0 navigation_ticks=0 searching=false path_index=0 path_length=0 retries=0 pending_route_events=0 dropped_route_events=0 status=eating_before_continuing_project_gear_diamond___minecraft:diamond_axe
[15:35:48] [Render thread/INFO] (lodekeeper) [Lodekeeper] STATION_POLICY decision=replace_distant station=minecraft:furnace position=BlockPos{x=-25, y=54, z=89}
[15:35:48] [lodekeeper-planner/INFO] (lodekeeper) [Lodekeeper] PROJECT_MATERIALS project=gear_diamond before=[gather:minecraft:diamond_ore:1, gather:minecraft:birch_log:1, gather:minecraft:diamond_ore:4, gather:minecraft:diamond_ore:8, gather:minecraft:diamond_ore:5, gather:minecraft:diamond_ore:2, gather:minecraft:diamond_ore:7, gather:minecraft:diamond_ore:1, gather:minecraft:diamond_ore:2] after=[gather:minecraft:diamond_ore:1, gather:minecraft:birch_log:1, gather:minecraft:diamond_ore:4, gather:minecraft:diamond_ore:8, gather:minecraft:diamond_ore:5, gather:minecraft:diamond_ore:2, gather:minecraft:diamond_ore:7, gather:minecraft:diamond_ore:1, gather:minecraft:diamond_ore:2]
[15:35:48] [lodekeeper-planner/INFO] (lodekeeper) [Lodekeeper] PLAN project=gear_diamond success=true steps=21 branches=94 elapsedMs=1.16448
[15:35:49] [Render thread/INFO] (lodekeeper) [Lodekeeper] STEP kind=GATHER source=gather:minecraft:diamond_ore output=minecraft:diamond count=30 operations=30 auxiliary=false
[15:35:49] [Render thread/INFO] (lodekeeper) [Lodekeeper] MINING_DEPTH policy=BULK_DIAMOND desiredY=-55 ceiling=-40 deficit=30 phase=MINE blocks=[Block{minecraft:diamond_ore}, Block{minecraft:deepslate_diamond_ore}]
[15:35:49] [Render thread/INFO] (lodekeeper) [Lodekeeper] NAV backend=baritone mode=MINE event=CALC_STARTED elapsedMs=1
[15:35:49] [Render thread/INFO] (lodekeeper) [Lodekeeper] NAV calcTool=minecraft:diamond_pickaxe slot=1
[15:35:49] [Render thread/INFO] (lodekeeper) [Lodekeeper] NAV backend=baritone mode=MINE event=CALC_FINISHED_NOW_EXECUTING elapsedMs=91
[15:35:49] [Render thread/INFO] (lodekeeper) [Lodekeeper] BREAK target=Mutable{x=-18, y=-47, z=57} block=Block{minecraft:deepslate} tool=minecraft:diamond_pickaxe slot=1 remaining=1499 required=route
[15:35:49] [Render thread/INFO] (lodekeeper) [Lodekeeper] TARGET target=-19,-54,54 block=minecraft:deepslate_diamond_ore
[15:35:49] [Render thread/INFO] (lodekeeper) [Lodekeeper] NAV discovered=18 retained=56 rejected=0 requestTicks=5 phase=MINE
[15:35:49] [Render thread/INFO] (lodekeeper) [Lodekeeper] NAV discovered=8 retained=64 rejected=0 requestTicks=9 phase=MINE
[15:35:49] [Render thread/INFO] (lodekeeper) [Lodekeeper] PROGRESS elapsed_ms=348015 phase=traveling backend=baritone target=-19,-54,54 block=minecraft:deepslate_diamond_ore navigation_elapsed_ms=367 navigation_ticks=8 searching=false path_index=0 path_length=9 retries=0 pending_route_events=0 dropped_route_events=0 status=mining_and_collecting_minecraft:diamond___2/32
[15:35:50] [Render thread/INFO] (lodekeeper) [Lodekeeper] BREAK target=Mutable{x=-18, y=-48, z=57} block=Block{minecraft:deepslate} tool=minecraft:diamond_pickaxe slot=1 remaining=1498 required=route
[15:35:50] [Render thread/INFO] (lodekeeper) [Lodekeeper] BREAK target=Mutable{x=-18, y=-49, z=57} block=Block{minecraft:deepslate} tool=minecraft:diamond_pickaxe slot=1 remaining=1497 required=route
[15:35:51] [Render thread/INFO] (lodekeeper) [Lodekeeper] PROGRESS elapsed_ms=350025 phase=traveling backend=baritone target=-19,-54,54 block=minecraft:deepslate_diamond_ore navigation_elapsed_ms=2380 navigation_ticks=48 searching=false path_index=0 path_length=7 retries=0 pending_route_events=0 dropped_route_events=0 status=mining_and_collecting_minecraft:diamond___2/32
[15:35:51] [Render thread/INFO] (lodekeeper) [Lodekeeper] BREAK target=Mutable{x=-18, y=-50, z=57} block=Block{minecraft:deepslate} tool=minecraft:diamond_pickaxe slot=1 remaining=1496 required=route
[15:35:52] [Render thread/INFO] (lodekeeper) [Lodekeeper] BREAK target=Mutable{x=-18, y=-49, z=56} block=Block{minecraft:deepslate} tool=minecraft:diamond_pickaxe slot=1 remaining=1495 required=route
[15:35:53] [Render thread/INFO] (lodekeeper) [Lodekeeper] PROGRESS elapsed_ms=352074 phase=traveling backend=baritone target=-19,-54,54 block=minecraft:deepslate_diamond_ore navigation_elapsed_ms=4599 navigation_ticks=92 searching=false path_index=0 path_length=5 retries=0 pending_route_events=0 dropped_route_events=0 status=mining_and_collecting_minecraft:diamond___2/32
[15:35:53] [Render thread/INFO] (lodekeeper) [Lodekeeper] BREAK target=Mutable{x=-18, y=-50, z=56} block=Block{minecraft:deepslate} tool=minecraft:diamond_pickaxe slot=1 remaining=1494 required=route
[15:35:54] [Render thread/INFO] (lodekeeper) [Lodekeeper] BREAK target=Mutable{x=-18, y=-51, z=56} block=Block{minecraft:deepslate} tool=minecraft:diamond_pickaxe slot=1 remaining=1493 required=route
[15:35:55] [Render thread/INFO] (lodekeeper) [Lodekeeper] PROGRESS elapsed_ms=354099 phase=traveling backend=baritone target=-19,-54,54 block=minecraft:deepslate_diamond_ore navigation_elapsed_ms=6589 navigation_ticks=132 searching=false path_index=0 path_length=5 retries=0 pending_route_events=0 dropped_route_events=0 status=mining_and_collecting_minecraft:diamond___2/32
[15:35:55] [Render thread/INFO] (lodekeeper) [Lodekeeper] BREAK target=Mutable{x=-18, y=-50, z=55} block=Block{minecraft:deepslate} tool=minecraft:diamond_pickaxe slot=1 remaining=1492 required=route
[15:35:55] [Render thread/INFO] (lodekeeper) [Lodekeeper] TARGET target=none
[15:35:57] [Render thread/INFO] (lodekeeper) [Lodekeeper] STATION_POLICY decision=replace_distant station=minecraft:furnace position=BlockPos{x=-25, y=54, z=89}
[15:35:57] [lodekeeper-planner/INFO] (lodekeeper) [Lodekeeper] PROJECT_MATERIALS project=gear_diamond before=[gather:minecraft:deepslate_diamond_ore:1, gather:minecraft:birch_log:1, gather:minecraft:deepslate_diamond_ore:4, gather:minecraft:deepslate_diamond_ore:8, gather:minecraft:deepslate_diamond_ore:5, gather:minecraft:deepslate_diamond_ore:2, gather:minecraft:deepslate_diamond_ore:7, gather:minecraft:deepslate_diamond_ore:1, gather:minecraft:deepslate_diamond_ore:2] after=[gather:minecraft:deepslate_diamond_ore:1, gather:minecraft:birch_log:1, gather:minecraft:deepslate_diamond_ore:4, gather:minecraft:deepslate_diamond_ore:8, gather:minecraft:deepslate_diamond_ore:5, gather:minecraft:deepslate_diamond_ore:2, gather:minecraft:deepslate_diamond_ore:7, gather:minecraft:deepslate_diamond_ore:1, gather:minecraft:deepslate_diamond_ore:2]
[15:35:57] [lodekeeper-planner/INFO] (lodekeeper) [Lodekeeper] PLAN project=gear_diamond success=true steps=21 branches=94 elapsedMs=1.430533
[15:35:57] [Render thread/INFO] (lodekeeper) [Lodekeeper] STEP kind=GATHER source=gather:minecraft:deepslate_diamond_ore output=minecraft:diamond count=30 operations=30 auxiliary=false
[15:35:57] [Render thread/INFO] (lodekeeper) [Lodekeeper] MINING_DEPTH policy=BULK_DIAMOND desiredY=-55 ceiling=-40 deficit=30 phase=MINE blocks=[Block{minecraft:deepslate_diamond_ore}, Block{minecraft:diamond_ore}]
[15:35:57] [Render thread/INFO] (lodekeeper) [Lodekeeper] NAV backend=baritone mode=MINE event=CALC_STARTED elapsedMs=1
[15:35:57] [Render thread/INFO] (lodekeeper) [Lodekeeper] NAV calcTool=minecraft:diamond_pickaxe slot=1
[15:35:57] [Render thread/INFO] (lodekeeper) [Lodekeeper] NAV backend=baritone mode=MINE event=CALC_FINISHED_NOW_EXECUTING elapsedMs=34
[15:35:57] [Render thread/INFO] (lodekeeper) [Lodekeeper] BREAK target=Mutable{x=-18, y=-50, z=55} block=Block{minecraft:deepslate} tool=minecraft:diamond_pickaxe slot=1 remaining=1492 required=route
[15:35:57] [Render thread/INFO] (lodekeeper) [Lodekeeper] TARGET target=-19,-54,54 block=minecraft:deepslate_diamond_ore
[15:35:57] [Render thread/INFO] (lodekeeper) [Lodekeeper] NAV discovered=14 retained=52 rejected=0 requestTicks=5 phase=MINE
[15:35:57] [Render thread/INFO] (lodekeeper) [Lodekeeper] PROGRESS elapsed_ms=356118 phase=traveling backend=baritone target=-19,-54,54 block=minecraft:deepslate_diamond_ore navigation_elapsed_ms=203 navigation_ticks=4 searching=false path_index=0 path_length=4 retries=0 pending_route_events=0 dropped_route_events=0 status=mining_and_collecting_minecraft:diamond___2/32
[15:35:57] [Render thread/INFO] (lodekeeper) [Lodekeeper] NAV discovered=12 retained=64 rejected=0 requestTicks=9 phase=MINE
[15:35:58] [Render thread/INFO] (lodekeeper) [Lodekeeper] BREAK target=Mutable{x=-18, y=-51, z=55} block=Block{minecraft:deepslate} tool=minecraft:diamond_pickaxe slot=1 remaining=1491 required=route
[15:35:59] [Render thread/INFO] (lodekeeper) [Lodekeeper] BREAK target=Mutable{x=-18, y=-52, z=55} block=Block{minecraft:deepslate} tool=minecraft:diamond_pickaxe slot=1 remaining=1490 required=route
[15:35:59] [Render thread/INFO] (lodekeeper) [Lodekeeper] PROGRESS elapsed_ms=358167 phase=traveling backend=baritone target=-19,-54,54 block=minecraft:deepslate_diamond_ore navigation_elapsed_ms=2183 navigation_ticks=44 searching=false path_index=0 path_length=4 retries=0 pending_route_events=0 dropped_route_events=0 status=mining_and_collecting_minecraft:diamond___2/32
[15:36:00] [Render thread/INFO] (lodekeeper) [Lodekeeper] BREAK target=Mutable{x=-19, y=-51, z=55} block=Block{minecraft:deepslate} tool=minecraft:diamond_pickaxe slot=1 remaining=1489 required=route
[15:36:01] [Render thread/INFO] (lodekeeper) [Lodekeeper] BREAK target=Mutable{x=-19, y=-52, z=55} block=Block{minecraft:deepslate} tool=minecraft:diamond_pickaxe slot=1 remaining=1488 required=route
[15:36:01] [Render thread/INFO] (lodekeeper) [Lodekeeper] PROGRESS elapsed_ms=360219 phase=traveling backend=baritone target=-19,-54,54 block=minecraft:deepslate_diamond_ore navigation_elapsed_ms=4407 navigation_ticks=88 searching=false path_index=0 path_length=3 retries=0 pending_route_events=0 dropped_route_events=0 status=mining_and_collecting_minecraft:diamond___2/32
[15:36:02] [Render thread/INFO] (lodekeeper) [Lodekeeper] BREAK target=Mutable{x=-19, y=-53, z=55} block=Block{minecraft:deepslate} tool=minecraft:diamond_pickaxe slot=1 remaining=1487 required=route
[15:36:03] [Render thread/INFO] (lodekeeper) [Lodekeeper] BREAK target=Mutable{x=-19, y=-52, z=54} block=Block{minecraft:deepslate} tool=minecraft:diamond_pickaxe slot=1 remaining=1486 required=route
[15:36:03] [Render thread/INFO] (lodekeeper) [Lodekeeper] PROGRESS elapsed_ms=362276 phase=traveling backend=baritone target=-19,-54,54 block=minecraft:deepslate_diamond_ore navigation_elapsed_ms=6398 navigation_ticks=128 searching=false path_index=0 path_length=2 retries=0 pending_route_events=0 dropped_route_events=0 status=mining_and_collecting_minecraft:diamond___2/32
[15:36:04] [Render thread/INFO] (lodekeeper) [Lodekeeper] BREAK target=Mutable{x=-19, y=-53, z=54} block=Block{minecraft:deepslate_diamond_ore} tool=minecraft:diamond_pickaxe slot=1 remaining=1485 required=minecraft:diamond_pickaxe
[15:36:05] [Render thread/INFO] (lodekeeper) [Lodekeeper] NAV discovered=1 retained=64 rejected=0 requestTicks=155 phase=MINE
[15:36:05] [Render thread/INFO] (lodekeeper) [Lodekeeper] BREAK target=Mutable{x=-19, y=-54, z=54} block=Block{minecraft:deepslate_diamond_ore} tool=minecraft:diamond_pickaxe slot=1 remaining=1484 required=minecraft:diamond_pickaxe
[15:36:05] [Render thread/INFO] (lodekeeper) [Lodekeeper] PROGRESS elapsed_ms=364307 phase=traveling backend=baritone target=-19,-54,54 block=minecraft:deepslate_diamond_ore navigation_elapsed_ms=8390 navigation_ticks=168 searching=false path_index=0 path_length=2 retries=0 pending_route_events=0 dropped_route_events=0 status=mining_and_collecting_minecraft:diamond___3/32
[15:36:06] [Render thread/INFO] (lodekeeper) [Lodekeeper] NAV discovered=1 retained=64 rejected=0 requestTicks=178 phase=MINE
[15:36:06] [Render thread/INFO] (lodekeeper) [Lodekeeper] NAV backend=baritone mode=MINE event=CALC_STARTED elapsedMs=8909
[15:36:06] [Render thread/INFO] (lodekeeper) [Lodekeeper] NAV calcTool=minecraft:diamond_pickaxe slot=1
[15:36:06] [Render thread/INFO] (lodekeeper) [Lodekeeper] NAV backend=baritone mode=MINE event=CALC_FINISHED_NOW_EXECUTING elapsedMs=8909
[15:36:06] [Render thread/INFO] (lodekeeper) [Lodekeeper] TARGET target=-20,-54,54 block=minecraft:deepslate_diamond_ore
[15:36:06] [Render thread/INFO] (lodekeeper) [Lodekeeper] BREAK target=Mutable{x=-20, y=-53, z=54} block=Block{minecraft:deepslate} tool=minecraft:diamond_pickaxe slot=1 remaining=1483 required=route
[15:36:07] [Render thread/INFO] (lodekeeper) [Lodekeeper] BREAK target=Mutable{x=-20, y=-54, z=54} block=Block{minecraft:deepslate_diamond_ore} tool=minecraft:diamond_pickaxe slot=1 remaining=1482 required=minecraft:diamond_pickaxe
[15:36:07] [Render thread/INFO] (lodekeeper) [Lodekeeper] PROGRESS elapsed_ms=366364 phase=traveling backend=baritone target=-20,-54,54 block=minecraft:deepslate_diamond_ore navigation_elapsed_ms=10382 navigation_ticks=208 searching=false path_index=0 path_length=2 retries=0 pending_route_events=0 dropped_route_events=0 status=mining_and_collecting_minecraft:diamond___4/32
[15:36:08] [Render thread/INFO] (lodekeeper) [Lodekeeper] NAV discovered=1 retained=64 rejected=0 requestTicks=224 phase=MINE
[15:36:08] [Render thread/INFO] (lodekeeper) [Lodekeeper] TARGET target=-19,-54,53 block=minecraft:deepslate_diamond_ore
[15:36:08] [Render thread/INFO] (lodekeeper) [Lodekeeper] NAV backend=baritone mode=MINE event=CALC_STARTED elapsedMs=11204
[15:36:08] [Render thread/INFO] (lodekeeper) [Lodekeeper] NAV calcTool=minecraft:diamond_pickaxe slot=1
[15:36:08] [Render thread/INFO] (lodekeeper) [Lodekeeper] NAV backend=baritone mode=MINE event=CALC_FINISHED_NOW_EXECUTING elapsedMs=11204
[15:36:08] [Render thread/INFO] (lodekeeper) [Lodekeeper] BREAK target=Mutable{x=-19, y=-53, z=53} block=Block{minecraft:deepslate} tool=minecraft:diamond_pickaxe slot=1 remaining=1481 required=route
[15:36:09] [Render thread/INFO] (lodekeeper) [Lodekeeper] BREAK target=Mutable{x=-19, y=-54, z=53} block=Block{minecraft:deepslate_diamond_ore} tool=minecraft:diamond_pickaxe slot=1 remaining=1480 required=minecraft:diamond_pickaxe
[15:36:09] [Render thread/INFO] (lodekeeper) [Lodekeeper] PROGRESS elapsed_ms=368415 phase=traveling backend=baritone target=-19,-54,53 block=minecraft:deepslate_diamond_ore navigation_elapsed_ms=12604 navigation_ticks=252 searching=false path_index=0 path_length=2 retries=0 pending_route_events=0 dropped_route_events=0 status=mining_and_collecting_minecraft:diamond___5/32
[15:36:10] [Render thread/INFO] (lodekeeper) [Lodekeeper] TARGET target=none
[15:36:10] [Render thread/INFO] (lodekeeper) [Lodekeeper] NAV discovered=1 retained=64 rejected=0 requestTicks=265 phase=MINE
[15:36:10] [Render thread/INFO] (lodekeeper) [Lodekeeper] NAV backend=baritone mode=MINE event=CALC_STARTED elapsedMs=13259
[15:36:10] [Render thread/INFO] (lodekeeper) [Lodekeeper] NAV calcTool=minecraft:diamond_pickaxe slot=1
[15:36:10] [Render thread/INFO] (lodekeeper) [Lodekeeper] NAV backend=baritone mode=MINE event=CALC_FINISHED_NOW_EXECUTING elapsedMs=13259
[15:36:10] [Render thread/INFO] (lodekeeper) [Lodekeeper] TARGET target=-20,-55,53 block=minecraft:deepslate_diamond_ore
[15:36:10] [Render thread/INFO] (lodekeeper) [Lodekeeper] BREAK target=Mutable{x=-20, y=-53, z=53} block=Block{minecraft:deepslate} tool=minecraft:diamond_pickaxe slot=1 remaining=1479 required=route
[15:36:11] [Render thread/INFO] (lodekeeper) [Lodekeeper] BREAK target=Mutable{x=-20, y=-54, z=53} block=Block{minecraft:deepslate_diamond_ore} tool=minecraft:diamond_pickaxe slot=1 remaining=1478 required=minecraft:diamond_pickaxe
[15:36:12] [Render thread/INFO] (lodekeeper) [Lodekeeper] PROGRESS elapsed_ms=370469 phase=traveling backend=baritone target=-20,-55,53 block=minecraft:deepslate_diamond_ore navigation_elapsed_ms=14590 navigation_ticks=292 searching=false path_index=0 path_length=2 retries=0 pending_route_events=0 dropped_route_events=0 status=mining_and_collecting_minecraft:diamond___6/32
[15:36:12] [Render thread/INFO] (lodekeeper) [Lodekeeper] NAV discovered=1 retained=64 rejected=0 requestTicks=308 phase=MINE
[15:36:12] [Render thread/INFO] (lodekeeper) [Lodekeeper] BREAK target=Mutable{x=-20, y=-55, z=53} block=Block{minecraft:deepslate_diamond_ore} tool=minecraft:diamond_pickaxe slot=1 remaining=1477 required=minecraft:diamond_pickaxe
[15:36:13] [Render thread/INFO] (lodekeeper) [Lodekeeper] TARGET target=none
[15:36:14] [Render thread/INFO] (lodekeeper) [Lodekeeper] PROGRESS elapsed_ms=372500 phase=traveling backend=baritone target=none navigation_elapsed_ms=16585 navigation_ticks=332 searching=false path_index=0 path_length=2 retries=0 pending_route_events=0 dropped_route_events=0 status=mining_and_collecting_minecraft:diamond___7/32
[15:36:14] [Render thread/INFO] (lodekeeper) [Lodekeeper] NAV backend=baritone mode=MINE event=AT_GOAL elapsedMs=16961
[15:36:14] [Render thread/INFO] (lodekeeper) [Lodekeeper] NAV discovered=1 retained=64 rejected=0 requestTicks=340 phase=MINE
[15:36:14] [Render thread/INFO] (lodekeeper) [Lodekeeper] TARGET target=-21,-62,54 block=minecraft:deepslate_diamond_ore
[15:36:14] [Render thread/INFO] (lodekeeper) [Lodekeeper] NAV backend=baritone mode=MINE event=CALC_STARTED elapsedMs=16995
[15:36:14] [Render thread/INFO] (lodekeeper) [Lodekeeper] NAV calcTool=minecraft:diamond_pickaxe slot=1
[15:36:14] [Render thread/INFO] (lodekeeper) [Lodekeeper] NAV backend=baritone mode=MINE event=CALC_FINISHED_NOW_EXECUTING elapsedMs=16995
[15:36:14] [Render thread/INFO] (lodekeeper) [Lodekeeper] BREAK target=Mutable{x=-20, y=-55, z=54} block=Block{minecraft:deepslate} tool=minecraft:diamond_pickaxe slot=1 remaining=1476 required=route
[15:36:15] [Render thread/INFO] (lodekeeper) [Lodekeeper] BREAK target=Mutable{x=-20, y=-56, z=54} block=Block{minecraft:deepslate} tool=minecraft:diamond_pickaxe slot=1 remaining=1475 required=route
[15:36:16] [Render thread/INFO] (lodekeeper) [Lodekeeper] PROGRESS elapsed_ms=374509 phase=traveling backend=baritone target=-21,-62,54 block=minecraft:deepslate_diamond_ore navigation_elapsed_ms=18596 navigation_ticks=372 searching=false path_index=0 path_length=8 retries=0 pending_route_events=0 dropped_route_events=0 status=mining_and_collecting_minecraft:diamond___8/32
[15:36:16] [Render thread/INFO] (lodekeeper) [Lodekeeper] BREAK target=Mutable{x=-20, y=-57, z=54} block=Block{minecraft:deepslate} tool=minecraft:diamond_pickaxe slot=1 remaining=1474 required=route
[15:36:17] [Render thread/INFO] (lodekeeper) [Lodekeeper] BREAK target=Mutable{x=-20, y=-58, z=54} block=Block{minecraft:deepslate} tool=minecraft:diamond_pickaxe slot=1 remaining=1473 required=route
[15:36:18] [Render thread/INFO] (lodekeeper) [Lodekeeper] PROGRESS elapsed_ms=376524 phase=traveling backend=baritone target=-21,-62,54 block=minecraft:deepslate_diamond_ore navigation_elapsed_ms=20608 navigation_ticks=412 searching=false path_index=0 path_length=6 retries=0 pending_route_events=0 dropped_route_events=0 status=mining_and_collecting_minecraft:diamond___8/32
[15:36:18] [Render thread/INFO] (lodekeeper) [Lodekeeper] BREAK target=Mutable{x=-20, y=-59, z=54} block=Block{minecraft:deepslate} tool=minecraft:diamond_pickaxe slot=1 remaining=1472 required=route
[15:36:19] [Render thread/INFO] (lodekeeper) [Lodekeeper] BREAK target=Mutable{x=-21, y=-58, z=54} block=Block{minecraft:deepslate} tool=minecraft:diamond_pickaxe slot=1 remaining=1471 required=route
[15:36:20] [Render thread/INFO] (lodekeeper) [Lodekeeper] BREAK target=Mutable{x=-21, y=-59, z=54} block=Block{minecraft:deepslate} tool=minecraft:diamond_pickaxe slot=1 remaining=1470 required=route
[15:36:20] [Render thread/INFO] (lodekeeper) [Lodekeeper] PROGRESS elapsed_ms=378572 phase=traveling backend=baritone target=-21,-62,54 block=minecraft:deepslate_diamond_ore navigation_elapsed_ms=22591 navigation_ticks=452 searching=false path_index=0 path_length=4 retries=0 pending_route_events=0 dropped_route_events=0 status=mining_and_collecting_minecraft:diamond___8/32
[15:36:20] [Render thread/INFO] (lodekeeper) [Lodekeeper] BREAK target=Mutable{x=-21, y=-60, z=54} block=Block{minecraft:deepslate} tool=minecraft:diamond_pickaxe slot=1 remaining=1469 required=route
[15:36:22] [Render thread/INFO] (lodekeeper) [Lodekeeper] BREAK target=Mutable{x=-21, y=-61, z=54} block=Block{minecraft:deepslate_diamond_ore} tool=minecraft:diamond_pickaxe slot=1 remaining=1468 required=minecraft:diamond_pickaxe
[15:36:22] [Render thread/INFO] (lodekeeper) [Lodekeeper] PROGRESS elapsed_ms=380594 phase=traveling backend=baritone target=-21,-62,54 block=minecraft:deepslate_diamond_ore navigation_elapsed_ms=24782 navigation_ticks=496 searching=false path_index=0 path_length=3 retries=0 pending_route_events=0 dropped_route_events=0 status=mining_and_collecting_minecraft:diamond___8/32
[15:36:23] [Render thread/INFO] (lodekeeper) [Lodekeeper] NAV discovered=1 retained=64 rejected=0 requestTicks=514 phase=MINE
[15:36:23] [Render thread/INFO] (lodekeeper) [Lodekeeper] BREAK target=Mutable{x=-21, y=-62, z=54} block=Block{minecraft:deepslate_diamond_ore} tool=minecraft:diamond_pickaxe slot=1 remaining=1467 required=minecraft:diamond_pickaxe
[15:36:24] [Render thread/INFO] (lodekeeper) [Lodekeeper] TARGET target=none
[15:36:24] [Render thread/INFO] (lodekeeper) [Lodekeeper] PROGRESS elapsed_ms=382614 phase=traveling backend=baritone target=none navigation_elapsed_ms=26803 navigation_ticks=536 searching=false path_index=0 path_length=2 retries=0 pending_route_events=0 dropped_route_events=0 status=mining_and_collecting_minecraft:diamond___9/32
[15:36:24] [Render thread/INFO] (lodekeeper) [Lodekeeper] NAV discovered=1 retained=64 rejected=0 requestTicks=537 phase=MINE
[15:36:24] [Render thread/INFO] (lodekeeper) [Lodekeeper] NAV backend=baritone mode=MINE event=CALC_STARTED elapsedMs=26837
[15:36:24] [Render thread/INFO] (lodekeeper) [Lodekeeper] NAV calcTool=minecraft:diamond_pickaxe slot=1
[15:36:24] [Render thread/INFO] (lodekeeper) [Lodekeeper] NAV backend=baritone mode=MINE event=CALC_FINISHED_NOW_EXECUTING elapsedMs=26837
[15:36:24] [Render thread/INFO] (lodekeeper) [Lodekeeper] TARGET target=-22,-61,54 block=minecraft:deepslate_diamond_ore
[15:36:24] [Render thread/INFO] (lodekeeper) [Lodekeeper] BREAK target=Mutable{x=-22, y=-61, z=54} block=Block{minecraft:deepslate_diamond_ore} tool=minecraft:diamond_pickaxe slot=1 remaining=1466 required=minecraft:diamond_pickaxe
[15:36:25] [Render thread/INFO] (lodekeeper) [Lodekeeper] NAV discovered=1 retained=64 rejected=0 requestTicks=560 phase=MINE
[15:36:25] [Render thread/INFO] (lodekeeper) [Lodekeeper] TARGET target=-22,-61,55 block=minecraft:deepslate_diamond_ore
[15:36:25] [Render thread/INFO] (lodekeeper) [Lodekeeper] NAV backend=baritone mode=MINE event=CALC_STARTED elapsedMs=27996
[15:36:25] [Render thread/INFO] (lodekeeper) [Lodekeeper] NAV calcTool=minecraft:diamond_pickaxe slot=1
[15:36:25] [Render thread/INFO] (lodekeeper) [Lodekeeper] NAV backend=baritone mode=MINE event=CALC_FINISHED_NOW_EXECUTING elapsedMs=27996
[15:36:25] [Render thread/INFO] (lodekeeper) [Lodekeeper] BREAK target=Mutable{x=-22, y=-60, z=54} block=Block{minecraft:deepslate} tool=minecraft:diamond_pickaxe slot=1 remaining=1465 required=route
[15:36:26] [Render thread/INFO] (lodekeeper) [Lodekeeper] PROGRESS elapsed_ms=384625 phase=traveling backend=baritone target=-22,-61,55 block=minecraft:deepslate_diamond_ore navigation_elapsed_ms=28813 navigation_ticks=576 searching=false path_index=0 path_length=3 retries=0 pending_route_events=0 dropped_route_events=0 status=mining_and_collecting_minecraft:diamond___11/32
[15:36:26] [Render thread/INFO] (lodekeeper) [Lodekeeper] BREAK target=Mutable{x=-22, y=-60, z=55} block=Block{minecraft:deepslate_diamond_ore} tool=minecraft:diamond_pickaxe slot=1 remaining=1464 required=minecraft:diamond_pickaxe
[15:36:27] [Render thread/INFO] (lodekeeper) [Lodekeeper] NAV discovered=1 retained=64 rejected=0 requestTicks=605 phase=MINE
[15:36:27] [Render thread/INFO] (lodekeeper) [Lodekeeper] BREAK target=Mutable{x=-22, y=-61, z=55} block=Block{minecraft:deepslate_diamond_ore} tool=minecraft:diamond_pickaxe slot=1 remaining=1463 required=minecraft:diamond_pickaxe
[15:36:28] [Render thread/INFO] (lodekeeper) [Lodekeeper] PROGRESS elapsed_ms=386662 phase=traveling backend=baritone target=-22,-61,55 block=minecraft:deepslate_diamond_ore navigation_elapsed_ms=30782 navigation_ticks=616 searching=false path_index=0 path_length=2 retries=0 pending_route_events=0 dropped_route_events=0 status=mining_and_collecting_minecraft:diamond___12/32
[15:36:28] [Render thread/INFO] (lodekeeper) [Lodekeeper] TARGET target=none
[15:36:28] [Render thread/INFO] (lodekeeper) [Lodekeeper] NAV backend=baritone mode=MINE event=AT_GOAL elapsedMs=31465
[15:36:29] [Render thread/INFO] (lodekeeper) [Lodekeeper] NAV backend=baritone mode=MINE event=CALC_STARTED elapsedMs=31810
[15:36:29] [Render thread/INFO] (lodekeeper) [Lodekeeper] NAV calcTool=minecraft:diamond_pickaxe slot=1
[15:36:29] [Render thread/INFO] (lodekeeper) [Lodekeeper] NAV discovered=1 retained=64 rejected=0 requestTicks=637 phase=MINE
[15:36:29] [Render thread/INFO] (lodekeeper) [Lodekeeper] NAV backend=baritone mode=MINE event=CALC_FINISHED_NOW_EXECUTING elapsedMs=31843
[15:36:29] [Render thread/INFO] (lodekeeper) [Lodekeeper] BREAK target=Mutable{x=-23, y=-60, z=55} block=Block{minecraft:deepslate} tool=minecraft:diamond_pickaxe slot=1 remaining=1462 required=route
[15:36:29] [Render thread/INFO] (lodekeeper) [Lodekeeper] TARGET target=-31,-61,54 block=minecraft:deepslate_diamond_ore
[15:36:30] [Render thread/INFO] (lodekeeper) [Lodekeeper] BREAK target=Mutable{x=-22, y=-59, z=55} block=Block{minecraft:deepslate} tool=minecraft:diamond_pickaxe slot=1 remaining=1461 required=route
[15:36:30] [Render thread/INFO] (lodekeeper) [Lodekeeper] PROGRESS elapsed_ms=388675 phase=traveling backend=baritone target=-31,-61,54 block=minecraft:deepslate_diamond_ore navigation_elapsed_ms=32794 navigation_ticks=656 searching=false path_index=0 path_length=11 retries=0 pending_route_events=0 dropped_route_events=0 status=mining_and_collecting_minecraft:diamond___13/32
[15:36:31] [Render thread/INFO] (lodekeeper) [Lodekeeper] BREAK target=Mutable{x=-23, y=-59, z=55} block=Block{minecraft:deepslate} tool=minecraft:diamond_pickaxe slot=1 remaining=1460 required=route
[15:36:32] [Render thread/INFO] (lodekeeper) [Lodekeeper] PROGRESS elapsed_ms=390693 phase=traveling backend=baritone target=-31,-61,54 block=minecraft:deepslate_diamond_ore navigation_elapsed_ms=34813 navigation_ticks=696 searching=false path_index=0 path_length=11 retries=0 pending_route_events=0 dropped_route_events=0 status=mining_and_collecting_minecraft:diamond___13/32
[15:36:32] [Render thread/INFO] (lodekeeper) [Lodekeeper] BREAK target=Mutable{x=-24, y=-59, z=55} block=Block{minecraft:deepslate} tool=minecraft:diamond_pickaxe slot=1 remaining=1459 required=route
[15:36:33] [Render thread/INFO] (lodekeeper) [Lodekeeper] BREAK target=Mutable{x=-24, y=-60, z=55} block=Block{minecraft:deepslate} tool=minecraft:diamond_pickaxe slot=1 remaining=1458 required=route
[15:36:34] [Render thread/INFO] (lodekeeper) [Lodekeeper] BREAK target=Mutable{x=-25, y=-59, z=55} block=Block{minecraft:deepslate} tool=minecraft:diamond_pickaxe slot=1 remaining=1457 required=route
[15:36:34] [Render thread/INFO] (lodekeeper) [Lodekeeper] PROGRESS elapsed_ms=392702 phase=traveling backend=baritone target=-31,-61,54 block=minecraft:deepslate_diamond_ore navigation_elapsed_ms=36787 navigation_ticks=736 searching=false path_index=0 path_length=9 retries=0 pending_route_events=0 dropped_route_events=0 status=mining_and_collecting_minecraft:diamond___13/32
[15:36:35] [Render thread/INFO] (lodekeeper) [Lodekeeper] BREAK target=Mutable{x=-25, y=-60, z=55} block=Block{minecraft:deepslate} tool=minecraft:diamond_pickaxe slot=1 remaining=1456 required=route
[15:36:35] [Render thread/INFO] (lodekeeper) [Lodekeeper] BREAK target=Mutable{x=-26, y=-59, z=55} block=Block{minecraft:deepslate} tool=minecraft:diamond_pickaxe slot=1 remaining=1455 required=route
[15:36:36] [Render thread/INFO] (lodekeeper) [Lodekeeper] PROGRESS elapsed_ms=394718 phase=traveling backend=baritone target=-31,-61,54 block=minecraft:deepslate_diamond_ore navigation_elapsed_ms=38804 navigation_ticks=776 searching=false path_index=0 path_length=8 retries=0 pending_route_events=0 dropped_route_events=0 status=mining_and_collecting_minecraft:diamond___13/32
[15:36:36] [Render thread/INFO] (lodekeeper) [Lodekeeper] BREAK target=Mutable{x=-26, y=-60, z=55} block=Block{minecraft:deepslate} tool=minecraft:diamond_pickaxe slot=1 remaining=1454 required=route
[15:36:37] [Render thread/INFO] (lodekeeper) [Lodekeeper] BREAK target=Mutable{x=-27, y=-59, z=55} block=Block{minecraft:deepslate} tool=minecraft:diamond_pickaxe slot=1 remaining=1453 required=route
[15:36:38] [Render thread/INFO] (lodekeeper) [Lodekeeper] PROGRESS elapsed_ms=396725 phase=traveling backend=baritone target=-31,-61,54 block=minecraft:deepslate_diamond_ore navigation_elapsed_ms=40811 navigation_ticks=816 searching=false path_index=0 path_length=7 retries=0 pending_route_events=0 dropped_route_events=0 status=mining_and_collecting_minecraft:diamond___13/32
[15:36:38] [Render thread/INFO] (lodekeeper) [Lodekeeper] BREAK target=Mutable{x=-27, y=-60, z=55} block=Block{minecraft:deepslate} tool=minecraft:diamond_pickaxe slot=1 remaining=1452 required=route
[15:36:39] [Render thread/INFO] (lodekeeper) [Lodekeeper] BREAK target=Mutable{x=-28, y=-59, z=55} block=Block{minecraft:deepslate} tool=minecraft:diamond_pickaxe slot=1 remaining=1451 required=route
[15:36:40] [Render thread/INFO] (lodekeeper) [Lodekeeper] PROGRESS elapsed_ms=398767 phase=traveling backend=baritone target=-31,-61,54 block=minecraft:deepslate_diamond_ore navigation_elapsed_ms=42786 navigation_ticks=856 searching=false path_index=0 path_length=6 retries=0 pending_route_events=0 dropped_route_events=0 status=mining_and_collecting_minecraft:diamond___13/32
[15:36:40] [Render thread/INFO] (lodekeeper) [Lodekeeper] BREAK target=Mutable{x=-28, y=-60, z=55} block=Block{minecraft:deepslate} tool=minecraft:diamond_pickaxe slot=1 remaining=1450 required=route
[15:36:41] [Render thread/INFO] (lodekeeper) [Lodekeeper] BREAK target=Mutable{x=-29, y=-59, z=55} block=Block{minecraft:deepslate} tool=minecraft:diamond_pickaxe slot=1 remaining=1449 required=route
[15:36:42] [Render thread/INFO] (lodekeeper) [Lodekeeper] BREAK target=Mutable{x=-29, y=-60, z=55} block=Block{minecraft:deepslate} tool=minecraft:diamond_pickaxe slot=1 remaining=1448 required=route
[15:36:42] [Render thread/INFO] (lodekeeper) [Lodekeeper] PROGRESS elapsed_ms=400795 phase=traveling backend=baritone target=-31,-61,54 block=minecraft:deepslate_diamond_ore navigation_elapsed_ms=44984 navigation_ticks=900 searching=false path_index=0 path_length=5 retries=0 pending_route_events=0 dropped_route_events=0 status=mining_and_collecting_minecraft:diamond___13/32
[15:36:43] [Render thread/INFO] (lodekeeper) [Lodekeeper] BREAK target=Mutable{x=-30, y=-59, z=55} block=Block{minecraft:deepslate} tool=minecraft:diamond_pickaxe slot=1 remaining=1447 required=route
[15:36:43] [Render thread/INFO] (lodekeeper) [Lodekeeper] BREAK target=Mutable{x=-30, y=-60, z=55} block=Block{minecraft:deepslate} tool=minecraft:diamond_pickaxe slot=1 remaining=1446 required=route
[15:36:44] [Render thread/INFO] (lodekeeper) [Lodekeeper] PROGRESS elapsed_ms=402811 phase=traveling backend=baritone target=-31,-61,54 block=minecraft:deepslate_diamond_ore navigation_elapsed_ms=47000 navigation_ticks=940 searching=false path_index=0 path_length=4 retries=0 pending_route_events=0 dropped_route_events=0 status=mining_and_collecting_minecraft:diamond___13/32
[15:36:44] [Render thread/INFO] (lodekeeper) [Lodekeeper] BREAK target=Mutable{x=-31, y=-59, z=55} block=Block{minecraft:deepslate} tool=minecraft:diamond_pickaxe slot=1 remaining=1445 required=route
[15:36:45] [Render thread/INFO] (lodekeeper) [Lodekeeper] BREAK target=Mutable{x=-31, y=-60, z=55} block=Block{minecraft:deepslate} tool=minecraft:diamond_pickaxe slot=1 remaining=1444 required=route
[15:36:46] [Render thread/INFO] (lodekeeper) [Lodekeeper] PROGRESS elapsed_ms=404870 phase=traveling backend=baritone target=-31,-61,54 block=minecraft:deepslate_diamond_ore navigation_elapsed_ms=48989 navigation_ticks=980 searching=false path_index=0 path_length=3 retries=0 pending_route_events=0 dropped_route_events=0 status=mining_and_collecting_minecraft:diamond___13/32
[15:36:46] [Render thread/INFO] (lodekeeper) [Lodekeeper] BREAK target=Mutable{x=-31, y=-59, z=54} block=Block{minecraft:deepslate} tool=minecraft:diamond_pickaxe slot=1 remaining=1443 required=route
[15:36:47] [Render thread/INFO] (lodekeeper) [Lodekeeper] BREAK target=Mutable{x=-31, y=-60, z=54} block=Block{minecraft:deepslate_diamond_ore} tool=minecraft:diamond_pickaxe slot=1 remaining=1442 required=minecraft:diamond_pickaxe
[15:36:48] [Render thread/INFO] (lodekeeper) [Lodekeeper] PROGRESS elapsed_ms=406923 phase=traveling backend=baritone target=-31,-61,54 block=minecraft:deepslate_diamond_ore navigation_elapsed_ms=51006 navigation_ticks=1020 searching=false path_index=0 path_length=2 retries=0 pending_route_events=0 dropped_route_events=0 status=mining_and_collecting_minecraft:diamond___13/32
[15:36:48] [Render thread/INFO] (lodekeeper) [Lodekeeper] NAV discovered=1 retained=64 rejected=0 requestTicks=1023 phase=MINE
[15:36:48] [Render thread/INFO] (lodekeeper) [Lodekeeper] BREAK target=Mutable{x=-31, y=-61, z=54} block=Block{minecraft:deepslate_diamond_ore} tool=minecraft:diamond_pickaxe slot=1 remaining=1441 required=minecraft:diamond_pickaxe
[15:36:49] [Render thread/INFO] (lodekeeper) [Lodekeeper] NAV discovered=1 retained=64 rejected=0 requestTicks=1046 phase=MINE
[15:36:49] [Render thread/INFO] (lodekeeper) [Lodekeeper] NAV backend=baritone mode=MINE event=CALC_STARTED elapsedMs=52303
[15:36:49] [Render thread/INFO] (lodekeeper) [Lodekeeper] NAV calcTool=minecraft:diamond_pickaxe slot=1
[15:36:49] [Render thread/INFO] (lodekeeper) [Lodekeeper] NAV backend=baritone mode=MINE event=CALC_FINISHED_NOW_EXECUTING elapsedMs=52303
[15:36:49] [Render thread/INFO] (lodekeeper) [Lodekeeper] TARGET target=-31,-60,53 block=minecraft:deepslate_diamond_ore
[15:36:49] [Render thread/INFO] (lodekeeper) [Lodekeeper] BREAK target=Mutable{x=-31, y=-60, z=53} block=Block{minecraft:deepslate_diamond_ore} tool=minecraft:diamond_pickaxe slot=1 remaining=1440 required=minecraft:diamond_pickaxe
[15:36:50] [Render thread/INFO] (lodekeeper) [Lodekeeper] PROGRESS elapsed_ms=408973 phase=traveling backend=baritone target=-31,-60,53 block=minecraft:deepslate_diamond_ore navigation_elapsed_ms=52991 navigation_ticks=1060 searching=false path_index=0 path_length=2 retries=0 pending_route_events=0 dropped_route_events=0 status=mining_and_collecting_minecraft:diamond___15/32
[15:36:50] [Render thread/INFO] (lodekeeper) [Lodekeeper] TARGET target=none
[15:36:50] [Render thread/INFO] (lodekeeper) [Lodekeeper] NAV discovered=1 retained=64 rejected=0 requestTicks=1069 phase=MINE
[15:36:50] [Render thread/INFO] (lodekeeper) [Lodekeeper] NAV backend=baritone mode=MINE event=CALC_STARTED elapsedMs=53437
[15:36:50] [Render thread/INFO] (lodekeeper) [Lodekeeper] NAV calcTool=minecraft:diamond_pickaxe slot=1
[15:36:50] [Render thread/INFO] (lodekeeper) [Lodekeeper] NAV backend=baritone mode=MINE event=CALC_FINISHED_NOW_EXECUTING elapsedMs=53438
[15:36:51] [Render thread/INFO] (lodekeeper) [Lodekeeper] TARGET target=-32,-61,54 block=minecraft:deepslate_diamond_ore
[15:36:51] [Render thread/INFO] (lodekeeper) [Lodekeeper] BREAK target=Mutable{x=-32, y=-60, z=54} block=Block{minecraft:deepslate_diamond_ore} tool=minecraft:diamond_pickaxe slot=1 remaining=1439 required=minecraft:diamond_pickaxe
[15:36:52] [Render thread/INFO] (lodekeeper) [Lodekeeper] NAV discovered=1 retained=64 rejected=0 requestTicks=1099 phase=MINE
[15:36:52] [Render thread/INFO] (lodekeeper) [Lodekeeper] BREAK target=Mutable{x=-32, y=-61, z=54} block=Block{minecraft:deepslate_diamond_ore} tool=minecraft:diamond_pickaxe slot=1 remaining=1438 required=minecraft:diamond_pickaxe
[15:36:52] [Render thread/INFO] (lodekeeper) [Lodekeeper] PROGRESS elapsed_ms=411025 phase=traveling backend=baritone target=-32,-61,54 block=minecraft:deepslate_diamond_ore navigation_elapsed_ms=55214 navigation_ticks=1104 searching=false path_index=0 path_length=2 retries=0 pending_route_events=0 dropped_route_events=0 status=mining_and_collecting_minecraft:diamond___16/32
[15:36:53] [Render thread/INFO] (lodekeeper) [Lodekeeper] NAV discovered=1 retained=64 rejected=0 requestTicks=1122 phase=MINE
[15:36:53] [Render thread/INFO] (lodekeeper) [Lodekeeper] NAV backend=baritone mode=MINE event=CALC_STARTED elapsedMs=56103
[15:36:53] [Render thread/INFO] (lodekeeper) [Lodekeeper] NAV calcTool=minecraft:diamond_pickaxe slot=1
[15:36:53] [Render thread/INFO] (lodekeeper) [Lodekeeper] NAV backend=baritone mode=MINE event=CALC_FINISHED_NOW_EXECUTING elapsedMs=56103
[15:36:53] [Render thread/INFO] (lodekeeper) [Lodekeeper] TARGET target=-32,-61,53 block=minecraft:deepslate_diamond_ore
[15:36:53] [Render thread/INFO] (lodekeeper) [Lodekeeper] BREAK target=Mutable{x=-32, y=-60, z=53} block=Block{minecraft:deepslate_diamond_ore} tool=minecraft:diamond_pickaxe slot=1 remaining=1437 required=minecraft:diamond_pickaxe
[15:36:54] [Render thread/INFO] (lodekeeper) [Lodekeeper] NAV discovered=1 retained=64 rejected=0 requestTicks=1145 phase=MINE
[15:36:54] [Render thread/INFO] (lodekeeper) [Lodekeeper] PROGRESS elapsed_ms=413078 phase=traveling backend=baritone target=-32,-61,53 block=minecraft:deepslate_diamond_ore navigation_elapsed_ms=57196 navigation_ticks=1144 searching=false path_index=0 path_length=2 retries=0 pending_route_events=0 dropped_route_events=0 status=mining_and_collecting_minecraft:diamond___18/32
[15:36:54] [Render thread/INFO] (lodekeeper) [Lodekeeper] BREAK target=Mutable{x=-32, y=-61, z=53} block=Block{minecraft:deepslate_diamond_ore} tool=minecraft:diamond_pickaxe slot=1 remaining=1436 required=minecraft:diamond_pickaxe
[15:36:55] [Render thread/INFO] (lodekeeper) [Lodekeeper] TARGET target=none
[15:36:55] [Render thread/INFO] (lodekeeper) [Lodekeeper] NAV backend=baritone mode=MINE event=AT_GOAL elapsedMs=58466
[15:36:56] [Render thread/INFO] (lodekeeper) [Lodekeeper] NAV backend=baritone mode=MINE event=CALC_STARTED elapsedMs=58808
[15:36:56] [Render thread/INFO] (lodekeeper) [Lodekeeper] NAV calcTool=minecraft:diamond_pickaxe slot=1
[15:36:56] [Render thread/INFO] (lodekeeper) [Lodekeeper] NAV discovered=1 retained=64 rejected=0 requestTicks=1177 phase=MINE
[15:36:56] [Render thread/INFO] (lodekeeper) [Lodekeeper] NAV backend=baritone mode=MINE event=CALC_FINISHED_NOW_EXECUTING elapsedMs=58910
[15:36:56] [Render thread/INFO] (lodekeeper) [Lodekeeper] TARGET target=-28,-52,44 block=minecraft:deepslate_diamond_ore
[15:36:56] [Render thread/INFO] (lodekeeper) [Lodekeeper] PROGRESS elapsed_ms=415098 phase=traveling backend=baritone target=-28,-52,44 block=minecraft:deepslate_diamond_ore navigation_elapsed_ms=59183 navigation_ticks=1184 searching=false path_index=0 path_length=17 retries=0 pending_route_events=0 dropped_route_events=0 status=mining_and_collecting_minecraft:diamond___20/32
[15:36:57] [Render thread/INFO] (lodekeeper) [Lodekeeper] BREAK target=Mutable{x=-28, y=-59, z=54} block=Block{minecraft:deepslate} tool=minecraft:diamond_pickaxe slot=1 remaining=1435 required=route
[15:36:58] [Render thread/INFO] (lodekeeper) [Lodekeeper] BREAK target=Mutable{x=-28, y=-60, z=54} block=Block{minecraft:deepslate} tool=minecraft:diamond_pickaxe slot=1 remaining=1434 required=route
[15:36:58] [Render thread/INFO] (lodekeeper) [Lodekeeper] PROGRESS elapsed_ms=417118 phase=traveling backend=baritone target=-28,-52,44 block=minecraft:deepslate_diamond_ore navigation_elapsed_ms=61202 navigation_ticks=1224 searching=false path_index=0 path_length=12 retries=0 pending_route_events=0 dropped_route_events=0 status=mining_and_collecting_minecraft:diamond___20/32
[15:37:00] [Render thread/INFO] (lodekeeper) [Lodekeeper] BREAK target=Mutable{x=-28, y=-59, z=53} block=Block{minecraft:deepslate} tool=minecraft:diamond_pickaxe slot=1 remaining=1433 required=route
[15:37:00] [Render thread/INFO] (lodekeeper) [Lodekeeper] PROGRESS elapsed_ms=419166 phase=traveling backend=baritone target=-28,-52,44 block=minecraft:deepslate_diamond_ore navigation_elapsed_ms=63214 navigation_ticks=1264 searching=false path_index=0 path_length=11 retries=0 pending_route_events=0 dropped_route_events=0 status=mining_and_collecting_minecraft:diamond___20/32
[15:37:01] [Render thread/INFO] (lodekeeper) [Lodekeeper] BREAK target=Mutable{x=-28, y=-60, z=53} block=Block{minecraft:deepslate} tool=minecraft:diamond_pickaxe slot=1 remaining=1432 required=route
[15:37:01] [Render thread/INFO] (lodekeeper) [Lodekeeper] BREAK target=Mutable{x=-28, y=-59, z=52} block=Block{minecraft:deepslate} tool=minecraft:diamond_pickaxe slot=1 remaining=1431 required=route
[15:37:02] [Render thread/INFO] (lodekeeper) [Lodekeeper] PROGRESS elapsed_ms=421225 phase=traveling backend=baritone target=-28,-52,44 block=minecraft:deepslate_diamond_ore navigation_elapsed_ms=65414 navigation_ticks=1308 searching=false path_index=0 path_length=10 retries=0 pending_route_events=0 dropped_route_events=0 status=mining_and_collecting_minecraft:diamond___20/32
[15:37:02] [Render thread/INFO] (lodekeeper) [Lodekeeper] BREAK target=Mutable{x=-28, y=-60, z=52} block=Block{minecraft:deepslate} tool=minecraft:diamond_pickaxe slot=1 remaining=1430 required=route
[15:37:03] [Render thread/INFO] (lodekeeper) [Lodekeeper] BREAK target=Mutable{x=-28, y=-59, z=51} block=Block{minecraft:deepslate} tool=minecraft:diamond_pickaxe slot=1 remaining=1429 required=route
[15:37:04] [Render thread/INFO] (lodekeeper) [Lodekeeper] BREAK target=Mutable{x=-28, y=-60, z=51} block=Block{minecraft:deepslate} tool=minecraft:diamond_pickaxe slot=1 remaining=1428 required=route
[15:37:04] [Render thread/INFO] (lodekeeper) [Lodekeeper] PROGRESS elapsed_ms=423273 phase=traveling backend=baritone target=-28,-52,44 block=minecraft:deepslate_diamond_ore navigation_elapsed_ms=67393 navigation_ticks=1348 searching=false path_index=0 path_length=9 retries=0 pending_route_events=0 dropped_route_events=0 status=mining_and_collecting_minecraft:diamond___20/32
[15:37:05] [Render thread/INFO] (lodekeeper) [Lodekeeper] BREAK target=Mutable{x=-28, y=-59, z=50} block=Block{minecraft:deepslate} tool=minecraft:diamond_pickaxe slot=1 remaining=1427 required=route
[15:37:06] [Render thread/INFO] (lodekeeper) [Lodekeeper] BREAK target=Mutable{x=-28, y=-58, z=51} block=Block{minecraft:deepslate} tool=minecraft:diamond_pickaxe slot=1 remaining=1426 required=route
[15:37:06] [Render thread/INFO] (lodekeeper) [Lodekeeper] PROGRESS elapsed_ms=425326 phase=traveling backend=baritone target=-28,-52,44 block=minecraft:deepslate_diamond_ore navigation_elapsed_ms=69412 navigation_ticks=1388 searching=false path_index=0 path_length=8 retries=0 pending_route_events=0 dropped_route_events=0 status=mining_and_collecting_minecraft:diamond___20/32
[15:37:07] [Render thread/INFO] (lodekeeper) [Lodekeeper] BREAK target=Mutable{x=-28, y=-58, z=50} block=Block{minecraft:deepslate} tool=minecraft:diamond_pickaxe slot=1 remaining=1425 required=route
[15:37:08] [Render thread/INFO] (lodekeeper) [Lodekeeper] BREAK target=Mutable{x=-28, y=-58, z=49} block=Block{minecraft:deepslate} tool=minecraft:diamond_pickaxe slot=1 remaining=1424 required=route
[15:37:08] [Render thread/INFO] (lodekeeper) [Lodekeeper] PROGRESS elapsed_ms=427375 phase=traveling backend=baritone target=-28,-52,44 block=minecraft:deepslate_diamond_ore navigation_elapsed_ms=71394 navigation_ticks=1428 searching=false path_index=0 path_length=7 retries=0 pending_route_events=0 dropped_route_events=0 status=mining_and_collecting_minecraft:diamond___20/32
[15:37:09] [Render thread/INFO] (lodekeeper) [Lodekeeper] BREAK target=Mutable{x=-28, y=-57, z=50} block=Block{minecraft:deepslate} tool=minecraft:diamond_pickaxe slot=1 remaining=1423 required=route
[15:37:10] [Render thread/INFO] (lodekeeper) [Lodekeeper] BREAK target=Mutable{x=-28, y=-57, z=49} block=Block{minecraft:deepslate} tool=minecraft:diamond_pickaxe slot=1 remaining=1422 required=route
[15:37:11] [Render thread/INFO] (lodekeeper) [Lodekeeper] PROGRESS elapsed_ms=429425 phase=traveling backend=baritone target=-28,-52,44 block=minecraft:deepslate_diamond_ore navigation_elapsed_ms=73613 navigation_ticks=1472 searching=false path_index=0 path_length=7 retries=0 pending_route_events=0 dropped_route_events=0 status=mining_and_collecting_minecraft:diamond___20/32
[15:37:11] [Render thread/INFO] (lodekeeper) [Lodekeeper] BREAK target=Mutable{x=-28, y=-57, z=48} block=Block{minecraft:deepslate} tool=minecraft:diamond_pickaxe slot=1 remaining=1421 required=route
[15:37:12] [Render thread/INFO] (lodekeeper) [Lodekeeper] BREAK target=Mutable{x=-28, y=-56, z=49} block=Block{minecraft:deepslate} tool=minecraft:diamond_pickaxe slot=1 remaining=1420 required=route
[15:37:13] [Render thread/INFO] (lodekeeper) [Lodekeeper] BREAK target=Mutable{x=-28, y=-56, z=48} block=Block{minecraft:deepslate} tool=minecraft:diamond_pickaxe slot=1 remaining=1419 required=route
[15:37:13] [Render thread/INFO] (lodekeeper) [Lodekeeper] PROGRESS elapsed_ms=431450 phase=traveling backend=baritone target=-28,-52,44 block=minecraft:deepslate_diamond_ore navigation_elapsed_ms=75603 navigation_ticks=1512 searching=false path_index=0 path_length=6 retries=0 pending_route_events=0 dropped_route_events=0 status=mining_and_collecting_minecraft:diamond___20/32
[15:37:14] [Render thread/INFO] (lodekeeper) [Lodekeeper] BREAK target=Mutable{x=-28, y=-56, z=47} block=Block{minecraft:deepslate} tool=minecraft:diamond_pickaxe slot=1 remaining=1418 required=route
[15:37:14] [Render thread/INFO] (lodekeeper) [Lodekeeper] BREAK target=Mutable{x=-28, y=-55, z=48} block=Block{minecraft:deepslate} tool=minecraft:diamond_pickaxe slot=1 remaining=1417 required=route
[15:37:15] [Render thread/INFO] (lodekeeper) [Lodekeeper] PROGRESS elapsed_ms=433466 phase=traveling backend=baritone target=-28,-52,44 block=minecraft:deepslate_diamond_ore navigation_elapsed_ms=77586 navigation_ticks=1552 searching=false path_index=0 path_length=5 retries=0 pending_route_events=0 dropped_route_events=0 status=mining_and_collecting_minecraft:diamond___20/32
[15:37:15] [Render thread/INFO] (lodekeeper) [Lodekeeper] BREAK target=Mutable{x=-28, y=-55, z=47} block=Block{minecraft:deepslate} tool=minecraft:diamond_pickaxe slot=1 remaining=1416 required=route
[15:37:16] [Render thread/INFO] (lodekeeper) [Lodekeeper] BREAK target=Mutable{x=-28, y=-55, z=46} block=Block{minecraft:deepslate} tool=minecraft:diamond_pickaxe slot=1 remaining=1415 required=route
[15:37:17] [Render thread/INFO] (lodekeeper) [Lodekeeper] PROGRESS elapsed_ms=435522 phase=traveling backend=baritone target=-28,-52,44 block=minecraft:deepslate_diamond_ore navigation_elapsed_ms=79606 navigation_ticks=1592 searching=false path_index=0 path_length=4 retries=0 pending_route_events=0 dropped_route_events=0 status=mining_and_collecting_minecraft:diamond___20/32
[15:37:17] [Render thread/INFO] (lodekeeper) [Lodekeeper] BREAK target=Mutable{x=-28, y=-54, z=47} block=Block{minecraft:deepslate} tool=minecraft:diamond_pickaxe slot=1 remaining=1414 required=route
[15:37:18] [Render thread/INFO] (lodekeeper) [Lodekeeper] BREAK target=Mutable{x=-28, y=-54, z=46} block=Block{minecraft:deepslate} tool=minecraft:diamond_pickaxe slot=1 remaining=1413 required=route
[15:37:19] [Render thread/INFO] (lodekeeper) [Lodekeeper] PROGRESS elapsed_ms=437574 phase=traveling backend=baritone target=-28,-52,44 block=minecraft:deepslate_diamond_ore navigation_elapsed_ms=81592 navigation_ticks=1632 searching=false path_index=0 path_length=4 retries=0 pending_route_events=0 dropped_route_events=0 status=mining_and_collecting_minecraft:diamond___20/32
[15:37:19] [Render thread/INFO] (lodekeeper) [Lodekeeper] BREAK target=Mutable{x=-28, y=-54, z=45} block=Block{minecraft:deepslate} tool=minecraft:diamond_pickaxe slot=1 remaining=1412 required=route
[15:37:20] [Render thread/INFO] (lodekeeper) [Lodekeeper] BREAK target=Mutable{x=-28, y=-53, z=46} block=Block{minecraft:deepslate} tool=minecraft:diamond_pickaxe slot=1 remaining=1411 required=route
[15:37:21] [Render thread/INFO] (lodekeeper) [Lodekeeper] PROGRESS elapsed_ms=439594 phase=traveling backend=baritone target=-28,-52,44 block=minecraft:deepslate_diamond_ore navigation_elapsed_ms=83783 navigation_ticks=1676 searching=false path_index=0 path_length=3 retries=0 pending_route_events=0 dropped_route_events=0 status=mining_and_collecting_minecraft:diamond___20/32
[15:37:21] [Render thread/INFO] (lodekeeper) [Lodekeeper] BREAK target=Mutable{x=-28, y=-53, z=45} block=Block{minecraft:deepslate} tool=minecraft:diamond_pickaxe slot=1 remaining=1410 required=route
[15:37:22] [Render thread/INFO] (lodekeeper) [Lodekeeper] BREAK target=Mutable{x=-28, y=-53, z=44} block=Block{minecraft:deepslate} tool=minecraft:diamond_pickaxe slot=1 remaining=1409 required=route
[15:37:23] [Render thread/INFO] (lodekeeper) [Lodekeeper] PROGRESS elapsed_ms=441602 phase=traveling backend=baritone target=-28,-52,44 block=minecraft:deepslate_diamond_ore navigation_elapsed_ms=85791 navigation_ticks=1716 searching=false path_index=0 path_length=2 retries=0 pending_route_events=0 dropped_route_events=0 status=mining_and_collecting_minecraft:diamond___20/32
[15:37:23] [Render thread/INFO] (lodekeeper) [Lodekeeper] BREAK target=Mutable{x=-28, y=-52, z=45} block=Block{minecraft:deepslate} tool=minecraft:diamond_pickaxe slot=1 remaining=1408 required=route
[15:37:24] [Render thread/INFO] (lodekeeper) [Lodekeeper] BREAK target=Mutable{x=-28, y=-52, z=44} block=Block{minecraft:deepslate_diamond_ore} tool=minecraft:diamond_pickaxe slot=1 remaining=1407 required=minecraft:diamond_pickaxe
[15:37:25] [Render thread/INFO] (lodekeeper) [Lodekeeper] PROGRESS elapsed_ms=443616 phase=traveling backend=baritone target=-28,-52,44 block=minecraft:deepslate_diamond_ore navigation_elapsed_ms=87805 navigation_ticks=1756 searching=false path_index=0 path_length=2 retries=0 pending_route_events=0 dropped_route_events=0 status=mining_and_collecting_minecraft:diamond___20/32
[15:37:25] [Render thread/INFO] (lodekeeper) [Lodekeeper] NAV discovered=1 retained=64 rejected=0 requestTicks=1759 phase=MINE
[15:37:25] [Render thread/INFO] (lodekeeper) [Lodekeeper] NAV backend=baritone mode=MINE event=CALC_STARTED elapsedMs=87942
[15:37:25] [Render thread/INFO] (lodekeeper) [Lodekeeper] NAV calcTool=minecraft:diamond_pickaxe slot=1
[15:37:25] [Render thread/INFO] (lodekeeper) [Lodekeeper] NAV backend=baritone mode=MINE event=CALC_FINISHED_NOW_EXECUTING elapsedMs=87942
[15:37:25] [Render thread/INFO] (lodekeeper) [Lodekeeper] TARGET target=-27,-52,44 block=minecraft:deepslate_diamond_ore
[15:37:25] [Render thread/INFO] (lodekeeper) [Lodekeeper] BREAK target=Mutable{x=-27, y=-52, z=44} block=Block{minecraft:deepslate_diamond_ore} tool=minecraft:diamond_pickaxe slot=1 remaining=1406 required=minecraft:diamond_pickaxe
[15:37:26] [Render thread/INFO] (lodekeeper) [Lodekeeper] NAV discovered=1 retained=64 rejected=0 requestTicks=1784 phase=MINE
[15:37:26] [Render thread/INFO] (lodekeeper) [Lodekeeper] TARGET target=-28,-53,43 block=minecraft:deepslate_diamond_ore
[15:37:26] [Render thread/INFO] (lodekeeper) [Lodekeeper] NAV backend=baritone mode=MINE event=CALC_STARTED elapsedMs=89209
[15:37:26] [Render thread/INFO] (lodekeeper) [Lodekeeper] NAV calcTool=minecraft:diamond_pickaxe slot=1
[15:37:26] [Render thread/INFO] (lodekeeper) [Lodekeeper] NAV backend=baritone mode=MINE event=CALC_FINISHED_NOW_EXECUTING elapsedMs=89209
[15:37:26] [Render thread/INFO] (lodekeeper) [Lodekeeper] BREAK target=Mutable{x=-28, y=-52, z=43} block=Block{minecraft:deepslate} tool=minecraft:diamond_pickaxe slot=1 remaining=1405 required=route
[15:37:27] [Render thread/INFO] (lodekeeper) [Lodekeeper] PROGRESS elapsed_ms=445670 phase=traveling backend=baritone target=-28,-53,43 block=minecraft:deepslate_diamond_ore navigation_elapsed_ms=89790 navigation_ticks=1796 searching=false path_index=0 path_length=2 retries=0 pending_route_events=0 dropped_route_events=0 status=mining_and_collecting_minecraft:diamond___22/32
[15:37:27] [Render thread/INFO] (lodekeeper) [Lodekeeper] BREAK target=Mutable{x=-28, y=-53, z=43} block=Block{minecraft:deepslate_diamond_ore} tool=minecraft:diamond_pickaxe slot=1 remaining=1404 required=minecraft:diamond_pickaxe
[15:37:28] [Render thread/INFO] (lodekeeper) [Lodekeeper] TARGET target=none
[15:37:28] [Render thread/INFO] (lodekeeper) [Lodekeeper] NAV discovered=1 retained=64 rejected=0 requestTicks=1825 phase=MINE
[15:37:28] [Render thread/INFO] (lodekeeper) [Lodekeeper] NAV backend=baritone mode=MINE event=CALC_STARTED elapsedMs=91260
[15:37:28] [Render thread/INFO] (lodekeeper) [Lodekeeper] NAV calcTool=minecraft:diamond_pickaxe slot=1
[15:37:28] [Render thread/INFO] (lodekeeper) [Lodekeeper] NAV backend=baritone mode=MINE event=CALC_FINISHED_NOW_EXECUTING elapsedMs=91260
[15:37:28] [Render thread/INFO] (lodekeeper) [Lodekeeper] TARGET target=-27,-53,43 block=minecraft:deepslate_diamond_ore
[15:37:28] [Render thread/INFO] (lodekeeper) [Lodekeeper] BREAK target=Mutable{x=-27, y=-52, z=43} block=Block{minecraft:deepslate} tool=minecraft:diamond_pickaxe slot=1 remaining=1403 required=route
[15:37:29] [Render thread/INFO] (lodekeeper) [Lodekeeper] PROGRESS elapsed_ms=447720 phase=traveling backend=baritone target=-27,-53,43 block=minecraft:deepslate_diamond_ore navigation_elapsed_ms=91806 navigation_ticks=1836 searching=false path_index=0 path_length=2 retries=0 pending_route_events=0 dropped_route_events=0 status=mining_and_collecting_minecraft:diamond___23/32
[15:37:29] [Render thread/INFO] (lodekeeper) [Lodekeeper] BREAK target=Mutable{x=-27, y=-53, z=43} block=Block{minecraft:deepslate_diamond_ore} tool=minecraft:diamond_pickaxe slot=1 remaining=1402 required=minecraft:diamond_pickaxe
[15:37:30] [Render thread/INFO] (lodekeeper) [Lodekeeper] NAV backend=baritone mode=MINE event=AT_GOAL elapsedMs=93341
[15:37:30] [Render thread/INFO] (lodekeeper) [Lodekeeper] TARGET target=none
[15:37:31] [Render thread/INFO] (lodekeeper) [Lodekeeper] NAV backend=baritone mode=MINE event=CALC_STARTED elapsedMs=93683
[15:37:31] [Render thread/INFO] (lodekeeper) [Lodekeeper] NAV calcTool=minecraft:diamond_pickaxe slot=1
[15:37:31] [Render thread/INFO] (lodekeeper) [Lodekeeper] NAV discovered=1 retained=64 rejected=0 requestTicks=1875 phase=MINE
[15:37:31] [Render thread/INFO] (lodekeeper) [Lodekeeper] TARGET target=-23,-43,42 block=minecraft:deepslate_diamond_ore
[15:37:31] [Render thread/INFO] (lodekeeper) [Lodekeeper] NAV backend=baritone mode=MINE event=CALC_FINISHED_NOW_EXECUTING elapsedMs=93786
[15:37:31] [Render thread/INFO] (lodekeeper) [Lodekeeper] BREAK target=Mutable{x=-27, y=-51, z=43} block=Block{minecraft:deepslate} tool=minecraft:diamond_pickaxe slot=1 remaining=1401 required=route
[15:37:31] [Render thread/INFO] (lodekeeper) [Lodekeeper] PROGRESS elapsed_ms=449766 phase=traveling backend=baritone target=-23,-43,42 block=minecraft:deepslate_diamond_ore navigation_elapsed_ms=93785 navigation_ticks=1876 searching=false path_index=0 path_length=11 retries=0 pending_route_events=0 dropped_route_events=0 status=mining_and_collecting_minecraft:diamond___24/32
[15:37:32] [Render thread/INFO] (lodekeeper) [Lodekeeper] BREAK target=Mutable{x=-26, y=-51, z=43} block=Block{minecraft:deepslate} tool=minecraft:diamond_pickaxe slot=1 remaining=1400 required=route
[15:37:33] [Render thread/INFO] (lodekeeper) [Lodekeeper] BREAK target=Mutable{x=-27, y=-50, z=43} block=Block{minecraft:deepslate} tool=minecraft:diamond_pickaxe slot=1 remaining=1399 required=route
[15:37:33] [Render thread/INFO] (lodekeeper) [Lodekeeper] PROGRESS elapsed_ms=451813 phase=traveling backend=baritone target=-23,-43,42 block=minecraft:deepslate_diamond_ore navigation_elapsed_ms=96001 navigation_ticks=1920 searching=false path_index=0 path_length=10 retries=0 pending_route_events=0 dropped_route_events=0 status=mining_and_collecting_minecraft:diamond___24/32
[15:37:34] [Render thread/INFO] (lodekeeper) [Lodekeeper] BREAK target=Mutable{x=-26, y=-50, z=43} block=Block{minecraft:deepslate} tool=minecraft:diamond_pickaxe slot=1 remaining=1398 required=route
[15:37:35] [Render thread/INFO] (lodekeeper) [Lodekeeper] BREAK target=Mutable{x=-26, y=-49, z=43} block=Block{minecraft:deepslate} tool=minecraft:diamond_pickaxe slot=1 remaining=1397 required=route
[15:37:35] [Render thread/INFO] (lodekeeper) [Lodekeeper] PROGRESS elapsed_ms=453869 phase=traveling backend=baritone target=-23,-43,42 block=minecraft:deepslate_diamond_ore navigation_elapsed_ms=97989 navigation_ticks=1960 searching=false path_index=0 path_length=9 retries=0 pending_route_events=0 dropped_route_events=0 status=mining_and_collecting_minecraft:diamond___24/32
[15:37:36] [Render thread/INFO] (lodekeeper) [Lodekeeper] BREAK target=Mutable{x=-26, y=-48, z=43} block=Block{minecraft:deepslate} tool=minecraft:diamond_pickaxe slot=1 remaining=1396 required=route
[15:37:37] [Render thread/INFO] (lodekeeper) [Lodekeeper] BREAK target=Mutable{x=-26, y=-47, z=43} block=Block{minecraft:deepslate} tool=minecraft:diamond_pickaxe slot=1 remaining=1395 required=route
[15:37:37] [Render thread/INFO] (lodekeeper) [Lodekeeper] PROGRESS elapsed_ms=455923 phase=traveling backend=baritone target=-23,-43,42 block=minecraft:deepslate_diamond_ore navigation_elapsed_ms=100008 navigation_ticks=2000 searching=false path_index=0 path_length=7 retries=0 pending_route_events=0 dropped_route_events=0 status=mining_and_collecting_minecraft:diamond___24/32
[15:37:38] [Render thread/INFO] (lodekeeper) [Lodekeeper] BREAK target=Mutable{x=-26, y=-46, z=43} block=Block{minecraft:deepslate} tool=minecraft:diamond_pickaxe slot=1 remaining=1394 required=route
[15:37:39] [Render thread/INFO] (lodekeeper) [Lodekeeper] BREAK target=Mutable{x=-25, y=-46, z=43} block=Block{minecraft:deepslate} tool=minecraft:diamond_pickaxe slot=1 remaining=1393 required=route
[15:37:39] [Render thread/INFO] (lodekeeper) [Lodekeeper] PROGRESS elapsed_ms=457971 phase=traveling backend=baritone target=-23,-43,42 block=minecraft:deepslate_diamond_ore navigation_elapsed_ms=101989 navigation_ticks=2040 searching=false path_index=0 path_length=5 retries=0 pending_route_events=0 dropped_route_events=0 status=mining_and_collecting_minecraft:diamond___24/32
[15:37:40] [Render thread/INFO] (lodekeeper) [Lodekeeper] BREAK target=Mutable{x=-26, y=-45, z=43} block=Block{minecraft:deepslate} tool=minecraft:diamond_pickaxe slot=1 remaining=1392 required=route
[15:37:40] [Render thread/INFO] (lodekeeper) [Lodekeeper] BREAK target=Mutable{x=-25, y=-45, z=43} block=Block{minecraft:deepslate} tool=minecraft:diamond_pickaxe slot=1 remaining=1391 required=route
[15:37:41] [Render thread/INFO] (lodekeeper) [Lodekeeper] PROGRESS elapsed_ms=460001 phase=traveling backend=baritone target=-23,-43,42 block=minecraft:deepslate_diamond_ore navigation_elapsed_ms=104189 navigation_ticks=2084 searching=false path_index=0 path_length=5 retries=0 pending_route_events=0 dropped_route_events=0 status=mining_and_collecting_minecraft:diamond___24/32
[15:37:42] [Render thread/INFO] (lodekeeper) [Lodekeeper] BREAK target=Mutable{x=-24, y=-45, z=43} block=Block{minecraft:deepslate} tool=minecraft:diamond_pickaxe slot=1 remaining=1390 required=route
[15:37:42] [Render thread/INFO] (lodekeeper) [Lodekeeper] BREAK target=Mutable{x=-25, y=-44, z=43} block=Block{minecraft:deepslate} tool=minecraft:diamond_pickaxe slot=1 remaining=1389 required=route
[15:37:43] [Render thread/INFO] (lodekeeper) [Lodekeeper] PROGRESS elapsed_ms=462023 phase=traveling backend=baritone target=-23,-43,42 block=minecraft:deepslate_diamond_ore navigation_elapsed_ms=106212 navigation_ticks=2124 searching=false path_index=0 path_length=4 retries=0 pending_route_events=0 dropped_route_events=0 status=mining_and_collecting_minecraft:diamond___24/32
[15:37:43] [Render thread/INFO] (lodekeeper) [Lodekeeper] BREAK target=Mutable{x=-24, y=-44, z=43} block=Block{minecraft:deepslate} tool=minecraft:diamond_pickaxe slot=1 remaining=1388 required=route
[15:37:44] [Render thread/INFO] (lodekeeper) [Lodekeeper] BREAK target=Mutable{x=-23, y=-44, z=43} block=Block{minecraft:deepslate} tool=minecraft:diamond_pickaxe slot=1 remaining=1387 required=route
[15:37:45] [Render thread/INFO] (lodekeeper) [Lodekeeper] PROGRESS elapsed_ms=464044 phase=traveling backend=baritone target=-23,-43,42 block=minecraft:deepslate_diamond_ore navigation_elapsed_ms=108199 navigation_ticks=2164 searching=false path_index=0 path_length=3 retries=0 pending_route_events=0 dropped_route_events=0 status=mining_and_collecting_minecraft:diamond___24/32
[15:37:45] [Render thread/INFO] (lodekeeper) [Lodekeeper] BREAK target=Mutable{x=-24, y=-43, z=43} block=Block{minecraft:deepslate} tool=minecraft:diamond_pickaxe slot=1 remaining=1386 required=route
[15:37:46] [Render thread/INFO] (lodekeeper) [Lodekeeper] BREAK target=Mutable{x=-23, y=-43, z=43} block=Block{minecraft:deepslate} tool=minecraft:diamond_pickaxe slot=1 remaining=1385 required=route
[15:37:47] [Render thread/INFO] (lodekeeper) [Lodekeeper] PROGRESS elapsed_ms=466065 phase=traveling backend=baritone target=-23,-43,42 block=minecraft:deepslate_diamond_ore navigation_elapsed_ms=110187 navigation_ticks=2204 searching=false path_index=0 path_length=3 retries=0 pending_route_events=0 dropped_route_events=0 status=mining_and_collecting_minecraft:diamond___24/32
[15:37:47] [Render thread/INFO] (lodekeeper) [Lodekeeper] BREAK target=Mutable{x=-23, y=-43, z=42} block=Block{minecraft:deepslate_diamond_ore} tool=minecraft:diamond_pickaxe slot=1 remaining=1384 required=minecraft:diamond_pickaxe
[15:37:48] [Render thread/INFO] (lodekeeper) [Lodekeeper] TARGET target=-23,-42,42 block=minecraft:deepslate_diamond_ore
[15:37:48] [Render thread/INFO] (lodekeeper) [Lodekeeper] NAV discovered=1 retained=64 rejected=0 requestTicks=2225 phase=MINE
[15:37:48] [Render thread/INFO] (lodekeeper) [Lodekeeper] BREAK target=Mutable{x=-23, y=-42, z=43} block=Block{minecraft:deepslate} tool=minecraft:diamond_pickaxe slot=1 remaining=1383 required=route
[15:37:49] [Render thread/INFO] (lodekeeper) [Lodekeeper] PROGRESS elapsed_ms=468095 phase=traveling backend=baritone target=-23,-42,42 block=minecraft:deepslate_diamond_ore navigation_elapsed_ms=112215 navigation_ticks=2244 searching=false path_index=0 path_length=2 retries=0 pending_route_events=0 dropped_route_events=0 status=mining_and_collecting_minecraft:diamond___25/32
[15:37:49] [Render thread/INFO] (lodekeeper) [Lodekeeper] BREAK target=Mutable{x=-23, y=-42, z=42} block=Block{minecraft:deepslate_diamond_ore} tool=minecraft:diamond_pickaxe slot=1 remaining=1382 required=minecraft:diamond_pickaxe
[15:37:50] [Render thread/INFO] (lodekeeper) [Lodekeeper] NAV discovered=1 retained=64 rejected=0 requestTicks=2266 phase=MINE
[15:37:50] [Render thread/INFO] (lodekeeper) [Lodekeeper] NAV backend=baritone mode=MINE event=CALC_STARTED elapsedMs=113308
[15:37:50] [Render thread/INFO] (lodekeeper) [Lodekeeper] NAV calcTool=minecraft:diamond_pickaxe slot=1
[15:37:50] [Render thread/INFO] (lodekeeper) [Lodekeeper] NAV backend=baritone mode=MINE event=CALC_FINISHED_NOW_EXECUTING elapsedMs=113308
[15:37:50] [Render thread/INFO] (lodekeeper) [Lodekeeper] TARGET target=-22,-43,42 block=minecraft:deepslate_diamond_ore
[15:37:51] [Render thread/INFO] (lodekeeper) [Lodekeeper] BREAK target=Mutable{x=-22, y=-42, z=42} block=Block{minecraft:deepslate_diamond_ore} tool=minecraft:diamond_pickaxe slot=1 remaining=1381 required=minecraft:diamond_pickaxe
[15:37:51] [Render thread/INFO] (lodekeeper) [Lodekeeper] PROGRESS elapsed_ms=470106 phase=traveling backend=baritone target=-22,-43,42 block=minecraft:deepslate_diamond_ore navigation_elapsed_ms=114190 navigation_ticks=2284 searching=false path_index=0 path_length=2 retries=0 pending_route_events=0 dropped_route_events=0 status=mining_and_collecting_minecraft:diamond___26/32
[15:37:51] [Render thread/INFO] (lodekeeper) [Lodekeeper] NAV discovered=1 retained=64 rejected=0 requestTicks=2291 phase=MINE
[15:37:52] [Render thread/INFO] (lodekeeper) [Lodekeeper] BREAK target=Mutable{x=-22, y=-43, z=42} block=Block{minecraft:deepslate_diamond_ore} tool=minecraft:diamond_pickaxe slot=1 remaining=1380 required=minecraft:diamond_pickaxe
[15:37:53] [Render thread/INFO] (lodekeeper) [Lodekeeper] NAV discovered=1 retained=64 rejected=0 requestTicks=2314 phase=MINE
[15:37:53] [Render thread/INFO] (lodekeeper) [Lodekeeper] NAV backend=baritone mode=MINE event=CALC_STARTED elapsedMs=115699
[15:37:53] [Render thread/INFO] (lodekeeper) [Lodekeeper] NAV calcTool=minecraft:diamond_pickaxe slot=1
[15:37:53] [Render thread/INFO] (lodekeeper) [Lodekeeper] NAV backend=baritone mode=MINE event=CALC_FINISHED_NOW_EXECUTING elapsedMs=115699
[15:37:53] [Render thread/INFO] (lodekeeper) [Lodekeeper] TARGET target=-23,-43,41 block=minecraft:deepslate_diamond_ore
[15:37:53] [Render thread/INFO] (lodekeeper) [Lodekeeper] BREAK target=Mutable{x=-23, y=-42, z=41} block=Block{minecraft:deepslate_diamond_ore} tool=minecraft:diamond_pickaxe slot=1 remaining=1379 required=minecraft:diamond_pickaxe
[15:37:53] [Render thread/INFO] (lodekeeper) [Lodekeeper] PROGRESS elapsed_ms=472122 phase=traveling backend=baritone target=-23,-43,41 block=minecraft:deepslate_diamond_ore navigation_elapsed_ms=116209 navigation_ticks=2324 searching=false path_index=0 path_length=2 retries=0 pending_route_events=0 dropped_route_events=0 status=mining_and_collecting_minecraft:diamond___28/32
[15:37:54] [Render thread/INFO] (lodekeeper) [Lodekeeper] NAV discovered=1 retained=64 rejected=0 requestTicks=2337 phase=MINE
[15:37:54] [Render thread/INFO] (lodekeeper) [Lodekeeper] BREAK target=Mutable{x=-23, y=-43, z=41} block=Block{minecraft:deepslate_diamond_ore} tool=minecraft:diamond_pickaxe slot=1 remaining=1378 required=minecraft:diamond_pickaxe
[15:37:55] [Render thread/INFO] (lodekeeper) [Lodekeeper] NAV discovered=1 retained=64 rejected=0 requestTicks=2360 phase=MINE
[15:37:55] [Render thread/INFO] (lodekeeper) [Lodekeeper] TARGET target=-22,-43,41 block=minecraft:deepslate_diamond_ore
[15:37:55] [Render thread/INFO] (lodekeeper) [Lodekeeper] NAV backend=baritone mode=MINE event=CALC_STARTED elapsedMs=117983
[15:37:55] [Render thread/INFO] (lodekeeper) [Lodekeeper] NAV calcTool=minecraft:diamond_pickaxe slot=1
[15:37:55] [Render thread/INFO] (lodekeeper) [Lodekeeper] NAV backend=baritone mode=MINE event=CALC_FINISHED_NOW_EXECUTING elapsedMs=117983
[15:37:55] [Render thread/INFO] (lodekeeper) [Lodekeeper] BREAK target=Mutable{x=-22, y=-42, z=41} block=Block{minecraft:deepslate_diamond_ore} tool=minecraft:diamond_pickaxe slot=1 remaining=1377 required=minecraft:diamond_pickaxe
[15:37:55] [Render thread/INFO] (lodekeeper) [Lodekeeper] PROGRESS elapsed_ms=474168 phase=traveling backend=baritone target=-22,-43,41 block=minecraft:deepslate_diamond_ore navigation_elapsed_ms=118187 navigation_ticks=2364 searching=false path_index=0 path_length=3 retries=0 pending_route_events=0 dropped_route_events=0 status=mining_and_collecting_minecraft:diamond___29/32
[15:37:56] [Render thread/INFO] (lodekeeper) [Lodekeeper] NAV discovered=1 retained=64 rejected=0 requestTicks=2384 phase=MINE
[15:37:56] [Render thread/INFO] (lodekeeper) [Lodekeeper] BREAK target=Mutable{x=-22, y=-43, z=41} block=Block{minecraft:deepslate_diamond_ore} tool=minecraft:diamond_pickaxe slot=1 remaining=1376 required=minecraft:diamond_pickaxe
[15:37:57] [Render thread/INFO] (lodekeeper) [Lodekeeper] TARGET target=none
[15:37:57] [Render thread/INFO] (lodekeeper) [Lodekeeper] PROGRESS elapsed_ms=476219 phase=traveling backend=baritone target=none navigation_elapsed_ms=120408 navigation_ticks=2408 searching=false path_index=0 path_length=2 retries=0 pending_route_events=0 dropped_route_events=0 status=mining_and_collecting_minecraft:diamond___31/32
[15:37:57] [Render thread/INFO] (lodekeeper) [Lodekeeper] NAV backend=baritone mode=MINE event=AT_GOAL elapsedMs=120410
[15:37:57] [Render thread/INFO] (lodekeeper) [Lodekeeper] NAV backend=baritone mode=MINE event=CALC_STARTED elapsedMs=120545
[15:37:57] [Render thread/INFO] (lodekeeper) [Lodekeeper] NAV calcTool=minecraft:diamond_pickaxe slot=1
[15:37:58] [Render thread/INFO] (lodekeeper) [Lodekeeper] NAV discovered=1 retained=64 rejected=0 requestTicks=2412 phase=MINE
[15:37:58] [Render thread/INFO] (lodekeeper) [Lodekeeper] TARGET target=-25,-45,52 block=minecraft:deepslate_diamond_ore
[15:37:58] [Render thread/INFO] (lodekeeper) [Lodekeeper] NAV backend=baritone mode=MINE event=CALC_FINISHED_NOW_EXECUTING elapsedMs=120613
[15:37:58] [Render thread/INFO] (lodekeeper) [Lodekeeper] TARGET target=none
[15:37:58] [Render thread/INFO] (lodekeeper) [Lodekeeper] NAV backend=baritone mode=IDLE event=CANCELED elapsedMs=120748
[15:37:58] [Render thread/INFO] (lodekeeper) [Lodekeeper] NAV backend=baritone mode=IDLE event=CANCELED elapsedMs=120749
[15:37:58] [Render thread/INFO] (lodekeeper) [Lodekeeper] NAV backend=baritone mode=IDLE event=CANCELED elapsedMs=120815
[15:37:58] [Render thread/INFO] (lodekeeper) [Lodekeeper] NAV backend=baritone mode=IDLE event=CANCELED elapsedMs=120850
[15:37:58] [Render thread/INFO] (lodekeeper) [Lodekeeper] NAV backend=baritone mode=IDLE event=CANCELED elapsedMs=120884
[15:37:58] [Render thread/INFO] (lodekeeper) [Lodekeeper] STATION_POLICY decision=replace_distant station=minecraft:furnace position=BlockPos{x=-25, y=54, z=89}
[15:37:58] [lodekeeper-planner/INFO] (lodekeeper) [Lodekeeper] PROJECT_MATERIALS project=gear_diamond before=[gather:minecraft:oak_log:1] after=[gather:minecraft:oak_log:1]
[15:37:58] [lodekeeper-planner/INFO] (lodekeeper) [Lodekeeper] PLAN project=gear_diamond success=true steps=13 branches=53 elapsedMs=1.572815
[15:37:58] [Render thread/INFO] (lodekeeper) [Lodekeeper] STEP kind=GATHER source=gather:minecraft:oak_log output=minecraft:oak_log count=1 operations=1 auxiliary=false
[15:37:58] [Render thread/INFO] (lodekeeper) [Lodekeeper] MINING_DEPTH policy=NEAREST desiredY=-2147483648 ceiling=2031 deficit=1 phase=MINE blocks=[Block{minecraft:oak_log}]
[15:37:58] [Render thread/INFO] (lodekeeper) [Lodekeeper] NAV scan=native-mine durationNanos=4133339 hits=-1 requestTicks=0
[15:37:58] [Render thread/INFO] (lodekeeper) [Lodekeeper] NAV backend=baritone mode=MINE event=CALC_STARTED elapsedMs=5
[15:37:58] [Render thread/INFO] (lodekeeper) [Lodekeeper] NAV calcTool=minecraft:diamond_pickaxe slot=1
[15:37:59] [Render thread/INFO] (lodekeeper) [Lodekeeper] ROUTE_SEARCH kind=unknown anchor=unknown feet_y16=0 candidates=0 target=none elapsed_ms=477419
[15:37:59] [Render thread/INFO] (lodekeeper) [Lodekeeper] NAV backend=baritone mode=MINE event=CALC_FINISHED_NOW_EXECUTING elapsedMs=508
[15:37:59] [Render thread/INFO] (lodekeeper) [Lodekeeper] BREAK target=Mutable{x=-23, y=-41, z=42} block=Block{minecraft:deepslate} tool=minecraft:diamond_pickaxe slot=1 remaining=1375 required=route
[15:37:59] [Render thread/INFO] (lodekeeper) [Lodekeeper] ROUTE_TRAVEL path_index=0 path_length=16 target=none elapsed_ms=477818
[15:37:59] [Render thread/INFO] (lodekeeper) [Lodekeeper] PROGRESS elapsed_ms=478263 phase=traveling backend=baritone target=none navigation_elapsed_ms=986 navigation_ticks=20 searching=false path_index=0 path_length=16 retries=0 pending_route_events=0 dropped_route_events=0 status=mining_and_collecting_minecraft:oak_log___0/1
[15:38:00] [Render thread/INFO] (lodekeeper) [Lodekeeper] BREAK target=Mutable{x=-24, y=-41, z=42} block=Block{minecraft:deepslate} tool=minecraft:diamond_pickaxe slot=1 remaining=1374 required=route
[15:38:01] [Render thread/INFO] (lodekeeper) [Lodekeeper] BREAK target=Mutable{x=-23, y=-40, z=42} block=Block{minecraft:deepslate} tool=minecraft:diamond_pickaxe slot=1 remaining=1373 required=route
[15:38:01] [Render thread/INFO] (lodekeeper) [Lodekeeper] PROGRESS elapsed_ms=480270 phase=traveling backend=baritone target=none navigation_elapsed_ms=2995 navigation_ticks=60 searching=false path_index=0 path_length=15 retries=0 pending_route_events=0 dropped_route_events=0 status=mining_and_collecting_minecraft:oak_log___0/1
[15:38:02] [Render thread/INFO] (lodekeeper) [Lodekeeper] BREAK target=Mutable{x=-24, y=-40, z=42} block=Block{minecraft:deepslate} tool=minecraft:diamond_pickaxe slot=1 remaining=1372 required=route
[15:38:03] [Render thread/INFO] (lodekeeper) [Lodekeeper] BREAK target=Mutable{x=-24, y=-39, z=42} block=Block{minecraft:deepslate} tool=minecraft:diamond_pickaxe slot=1 remaining=1371 required=route
[15:38:03] [Render thread/INFO] (lodekeeper) [Lodekeeper] PROGRESS elapsed_ms=482313 phase=traveling backend=baritone target=none navigation_elapsed_ms=5001 navigation_ticks=100 searching=false path_index=0 path_length=14 retries=0 pending_route_events=0 dropped_route_events=0 status=mining_and_collecting_minecraft:oak_log___0/1
[15:38:04] [Render thread/INFO] (lodekeeper) [Lodekeeper] BREAK target=Mutable{x=-24, y=-38, z=42} block=Block{minecraft:deepslate} tool=minecraft:diamond_pickaxe slot=1 remaining=1370 required=route
[15:38:05] [Render thread/INFO] (lodekeeper) [Lodekeeper] BREAK target=Mutable{x=-24, y=-37, z=42} block=Block{minecraft:deepslate} tool=minecraft:diamond_pickaxe slot=1 remaining=1369 required=route
[15:38:05] [Render thread/INFO] (lodekeeper) [Lodekeeper] PROGRESS elapsed_ms=484367 phase=traveling backend=baritone target=none navigation_elapsed_ms=6988 navigation_ticks=140 searching=false path_index=0 path_length=12 retries=0 pending_route_events=0 dropped_route_events=0 status=mining_and_collecting_minecraft:oak_log___0/1
[15:38:06] [Render thread/INFO] (lodekeeper) [Lodekeeper] BREAK target=Mutable{x=-24, y=-36, z=42} block=Block{minecraft:deepslate} tool=minecraft:diamond_pickaxe slot=1 remaining=1368 required=route
[15:38:07] [Render thread/INFO] (lodekeeper) [Lodekeeper] BREAK target=Mutable{x=-24, y=-35, z=42} block=Block{minecraft:deepslate} tool=minecraft:diamond_pickaxe slot=1 remaining=1367 required=route
[15:38:08] [Render thread/INFO] (lodekeeper) [Lodekeeper] PROGRESS elapsed_ms=486417 phase=traveling backend=baritone target=none navigation_elapsed_ms=9209 navigation_ticks=184 searching=false path_index=0 path_length=10 retries=0 pending_route_events=0 dropped_route_events=0 status=mining_and_collecting_minecraft:oak_log___0/1
[15:38:08] [Render thread/INFO] (lodekeeper) [Lodekeeper] BREAK target=Mutable{x=-24, y=-34, z=42} block=Block{minecraft:deepslate} tool=minecraft:diamond_pickaxe slot=1 remaining=1366 required=route
[15:38:09] [Render thread/INFO] (lodekeeper) [Lodekeeper] BREAK target=Mutable{x=-24, y=-33, z=42} block=Block{minecraft:deepslate} tool=minecraft:diamond_pickaxe slot=1 remaining=1365 required=route
[15:38:10] [Render thread/INFO] (lodekeeper) [Lodekeeper] PROGRESS elapsed_ms=488464 phase=traveling backend=baritone target=none navigation_elapsed_ms=11187 navigation_ticks=224 searching=false path_index=0 path_length=8 retries=0 pending_route_events=0 dropped_route_events=0 status=mining_and_collecting_minecraft:oak_log___0/1
[15:38:10] [Render thread/INFO] (lodekeeper) [Lodekeeper] BREAK target=Mutable{x=-24, y=-32, z=42} block=Block{minecraft:deepslate} tool=minecraft:diamond_pickaxe slot=1 remaining=1364 required=route
[15:38:11] [Render thread/INFO] (lodekeeper) [Lodekeeper] NAV backend=baritone mode=MINE event=NEXT_SEGMENT_CALC_STARTED elapsedMs=12487
[15:38:11] [Render thread/INFO] (lodekeeper) [Lodekeeper] BREAK target=Mutable{x=-25, y=-32, z=42} block=Block{minecraft:deepslate} tool=minecraft:diamond_pickaxe slot=1 remaining=1363 required=route
[15:38:11] [Render thread/INFO] (lodekeeper) [Lodekeeper] ROUTE_SEARCH kind=unknown anchor=unknown feet_y16=0 candidates=0 target=none elapsed_ms=489797
[15:38:12] [Render thread/INFO] (lodekeeper) [Lodekeeper] PROGRESS elapsed_ms=490528 phase=searching backend=baritone target=none navigation_elapsed_ms=13204 navigation_ticks=264 searching=true path_index=0 path_length=6 retries=0 pending_route_events=0 dropped_route_events=0 status=mining_and_collecting_minecraft:oak_log___0/1___planning_next_route
[15:38:12] [Render thread/INFO] (lodekeeper) [Lodekeeper] BREAK target=Mutable{x=-24, y=-31, z=42} block=Block{minecraft:tuff} tool=minecraft:diamond_pickaxe slot=1 remaining=1362 required=route
[15:38:12] [Render thread/INFO] (lodekeeper) [Lodekeeper] BREAK target=Mutable{x=-25, y=-31, z=42} block=Block{minecraft:tuff} tool=minecraft:diamond_pickaxe slot=1 remaining=1361 required=route
[15:38:13] [Render thread/INFO] (lodekeeper) [Lodekeeper] BREAK target=Mutable{x=-25, y=-31, z=43} block=Block{minecraft:tuff} tool=minecraft:diamond_pickaxe slot=1 remaining=1360 required=route
[15:38:14] [Render thread/INFO] (lodekeeper) [Lodekeeper] PROGRESS elapsed_ms=492544 phase=searching backend=baritone target=none navigation_elapsed_ms=15201 navigation_ticks=304 searching=true path_index=0 path_length=5 retries=0 pending_route_events=0 dropped_route_events=0 status=mining_and_collecting_minecraft:oak_log___0/1___planning_next_route
[15:38:14] [Render thread/INFO] (lodekeeper) [Lodekeeper] BREAK target=Mutable{x=-25, y=-30, z=42} block=Block{minecraft:tuff} tool=minecraft:diamond_pickaxe slot=1 remaining=1359 required=route
[15:38:14] [Render thread/INFO] (lodekeeper) [Lodekeeper] BREAK target=Mutable{x=-25, y=-30, z=43} block=Block{minecraft:tuff} tool=minecraft:diamond_pickaxe slot=1 remaining=1358 required=route
[15:38:15] [Render thread/INFO] (lodekeeper) [Lodekeeper] BREAK target=Mutable{x=-26, y=-30, z=43} block=Block{minecraft:tuff} tool=minecraft:diamond_pickaxe slot=1 remaining=1357 required=route
[15:38:16] [Render thread/INFO] (lodekeeper) [Lodekeeper] PROGRESS elapsed_ms=494559 phase=searching backend=baritone target=none navigation_elapsed_ms=17213 navigation_ticks=344 searching=true path_index=0 path_length=4 retries=0 pending_route_events=0 dropped_route_events=0 status=mining_and_collecting_minecraft:oak_log___0/1___planning_next_route
[15:38:16] [Render thread/INFO] (lodekeeper) [Lodekeeper] BREAK target=Mutable{x=-25, y=-29, z=43} block=Block{minecraft:tuff} tool=minecraft:diamond_pickaxe slot=1 remaining=1356 required=route
[15:38:16] [Render thread/INFO] (lodekeeper) [Lodekeeper] NAV backend=baritone mode=MINE event=NEXT_CALC_FAILED elapsedMs=17556
[15:38:16] [Render thread/INFO] (lodekeeper) [Lodekeeper] NAV backend=baritone mode=MINE event=NEXT_SEGMENT_CALC_STARTED elapsedMs=17557
[15:38:16] [Render thread/INFO] (lodekeeper) [Lodekeeper] BREAK target=Mutable{x=-26, y=-29, z=43} block=Block{minecraft:tuff} tool=minecraft:diamond_pickaxe slot=1 remaining=1355 required=route
[15:38:17] [Render thread/INFO] (lodekeeper) [Lodekeeper] BREAK target=Mutable{x=-27, y=-29, z=43} block=Block{minecraft:tuff} tool=minecraft:diamond_pickaxe slot=1 remaining=1354 required=route
[15:38:18] [Render thread/INFO] (lodekeeper) [Lodekeeper] BREAK target=Mutable{x=-26, y=-28, z=43} block=Block{minecraft:tuff} tool=minecraft:diamond_pickaxe slot=1 remaining=1353 required=route
[15:38:18] [Render thread/INFO] (lodekeeper) [Lodekeeper] PROGRESS elapsed_ms=496617 phase=searching backend=baritone target=none navigation_elapsed_ms=19409 navigation_ticks=388 searching=true path_index=0 path_length=3 retries=0 pending_route_events=0 dropped_route_events=0 status=mining_and_collecting_minecraft:oak_log___0/1___planning_next_route
[15:38:18] [Render thread/INFO] (lodekeeper) [Lodekeeper] BREAK target=Mutable{x=-27, y=-28, z=43} block=Block{minecraft:tuff} tool=minecraft:diamond_pickaxe slot=1 remaining=1352 required=route
[15:38:19] [Render thread/INFO] (lodekeeper) [Lodekeeper] BREAK target=Mutable{x=-27, y=-28, z=44} block=Block{minecraft:tuff} tool=minecraft:diamond_pickaxe slot=1 remaining=1351 required=route
[15:38:19] [Render thread/INFO] (lodekeeper) [Lodekeeper] BREAK target=Mutable{x=-27, y=-27, z=43} block=Block{minecraft:tuff} tool=minecraft:diamond_pickaxe slot=1 remaining=1350 required=route
[15:38:20] [Render thread/INFO] (lodekeeper) [Lodekeeper] PROGRESS elapsed_ms=498667 phase=searching backend=baritone target=none navigation_elapsed_ms=21392 navigation_ticks=428 searching=true path_index=0 path_length=2 retries=0 pending_route_events=0 dropped_route_events=0 status=mining_and_collecting_minecraft:oak_log___0/1___planning_next_route
[15:38:20] [Render thread/INFO] (lodekeeper) [Lodekeeper] BREAK target=Mutable{x=-27, y=-27, z=44} block=Block{minecraft:tuff} tool=minecraft:diamond_pickaxe slot=1 remaining=1349 required=route
[15:38:21] [Render thread/INFO] (lodekeeper) [Lodekeeper] NAV backend=baritone mode=MINE event=PATH_FINISHED_NEXT_STILL_CALCULATING elapsedMs=22450
[15:38:21] [Render thread/INFO] (lodekeeper) [Lodekeeper] NAV backend=baritone mode=MINE event=CALC_FAILED elapsedMs=22586
[15:38:21] [Render thread/INFO] (lodekeeper) [Lodekeeper] NAV backend=baritone mode=MINE event=CALC_STARTED elapsedMs=22589
[15:38:21] [Render thread/INFO] (lodekeeper) [Lodekeeper] NAV calcTool=minecraft:diamond_pickaxe slot=1
[15:38:21] [Render thread/INFO] (lodekeeper) [Lodekeeper] ROUTE_SEARCH kind=unknown anchor=unknown feet_y16=0 candidates=0 target=none elapsed_ms=499999
[15:38:21] [Render thread/INFO] (lodekeeper) [Lodekeeper] RETRY count=1 target=none status=mining_and_collecting_minecraft:oak_log___0/1 elapsed_ms=499999
[15:38:22] [Render thread/INFO] (lodekeeper) [Lodekeeper] PROGRESS elapsed_ms=500711 phase=searching backend=baritone target=none navigation_elapsed_ms=23403 navigation_ticks=468 searching=true path_index=0 path_length=0 retries=1 pending_route_events=0 dropped_route_events=0 status=mining_and_collecting_minecraft:oak_log___0/1___planning_next_route
[15:38:23] [Render thread/INFO] (lodekeeper) [Lodekeeper] NAV backend=baritone mode=MINE event=CALC_FAILED elapsedMs=24591
[15:38:23] [Render thread/INFO] (lodekeeper) [Lodekeeper] NAV backend=baritone mode=MINE event=CALC_STARTED elapsedMs=24592
[15:38:23] [Render thread/INFO] (lodekeeper) [Lodekeeper] NAV calcTool=minecraft:diamond_pickaxe slot=1
[15:38:23] [Render thread/INFO] (lodekeeper) [Lodekeeper] ROUTE_SEARCH kind=unknown anchor=unknown feet_y16=0 candidates=0 target=none elapsed_ms=502003
[15:38:23] [Render thread/INFO] (lodekeeper) [Lodekeeper] RETRY count=2 target=none status=mining_and_collecting_minecraft:oak_log___0/1 elapsed_ms=502003
[15:38:24] [Render thread/INFO] (lodekeeper) [Lodekeeper] PROGRESS elapsed_ms=502719 phase=searching backend=baritone target=none navigation_elapsed_ms=25408 navigation_ticks=508 searching=true path_index=0 path_length=0 retries=2 pending_route_events=0 dropped_route_events=0 status=mining_and_collecting_minecraft:oak_log___0/1___planning_next_route
[15:38:25] [Render thread/INFO] (lodekeeper) [Lodekeeper] NAV backend=baritone mode=MINE event=CALC_FAILED elapsedMs=26593
[15:38:25] [Render thread/INFO] (lodekeeper) [Lodekeeper] NAV backend=baritone mode=MINE event=CALC_STARTED elapsedMs=26593
[15:38:25] [Render thread/INFO] (lodekeeper) [Lodekeeper] NAV calcTool=minecraft:diamond_pickaxe slot=1
[15:38:25] [Render thread/INFO] (lodekeeper) [Lodekeeper] ROUTE_SEARCH kind=unknown anchor=unknown feet_y16=0 candidates=0 target=none elapsed_ms=504005
[15:38:25] [Render thread/INFO] (lodekeeper) [Lodekeeper] RETRY count=3 target=none status=mining_and_collecting_minecraft:oak_log___0/1 elapsed_ms=504005
[15:38:26] [Render thread/INFO] (lodekeeper) [Lodekeeper] PROGRESS elapsed_ms=504753 phase=searching backend=baritone target=none navigation_elapsed_ms=27407 navigation_ticks=548 searching=true path_index=0 path_length=0 retries=3 pending_route_events=0 dropped_route_events=0 status=mining_and_collecting_minecraft:oak_log___0/1___planning_next_route
[15:38:27] [Render thread/INFO] (lodekeeper) [Lodekeeper] NAV backend=baritone mode=MINE event=CALC_FAILED elapsedMs=28599
[15:38:27] [Render thread/INFO] (lodekeeper) [Lodekeeper] NAV backend=baritone mode=MINE event=CALC_STARTED elapsedMs=28599
[15:38:27] [Render thread/INFO] (lodekeeper) [Lodekeeper] NAV calcTool=minecraft:diamond_pickaxe slot=1
[15:38:27] [Render thread/INFO] (lodekeeper) [Lodekeeper] ROUTE_SEARCH kind=unknown anchor=unknown feet_y16=0 candidates=0 target=none elapsed_ms=506018
[15:38:27] [Render thread/INFO] (lodekeeper) [Lodekeeper] RETRY count=4 target=none status=mining_and_collecting_minecraft:oak_log___0/1 elapsed_ms=506018
[15:38:28] [Render thread/INFO] (lodekeeper) [Lodekeeper] PROGRESS elapsed_ms=506813 phase=searching backend=baritone target=none navigation_elapsed_ms=29605 navigation_ticks=592 searching=true path_index=0 path_length=0 retries=4 pending_route_events=0 dropped_route_events=0 status=mining_and_collecting_minecraft:oak_log___0/1___planning_next_route
[15:38:29] [Render thread/INFO] (lodekeeper) [Lodekeeper] NAV backend=baritone mode=MINE event=CALC_FAILED elapsedMs=30660
[15:38:29] [Render thread/INFO] (lodekeeper) [Lodekeeper] NAV backend=baritone mode=MINE event=CALC_STARTED elapsedMs=30661
[15:38:29] [Render thread/INFO] (lodekeeper) [Lodekeeper] NAV calcTool=minecraft:diamond_pickaxe slot=1
[15:38:29] [Render thread/INFO] (lodekeeper) [Lodekeeper] RETRY count=5 target=none status=mining_and_collecting_minecraft:oak_log___0/1___planning_next_route elapsed_ms=508005
[15:38:30] [Render thread/INFO] (lodekeeper) [Lodekeeper] PROGRESS elapsed_ms=508820 phase=searching backend=baritone target=none navigation_elapsed_ms=31612 navigation_ticks=632 searching=true path_index=0 path_length=0 retries=5 pending_route_events=0 dropped_route_events=0 status=mining_and_collecting_minecraft:oak_log___0/1___planning_next_route
[15:38:31] [Render thread/INFO] (lodekeeper) [Lodekeeper] NAV backend=baritone mode=MINE event=CALC_FAILED elapsedMs=32664
[15:38:31] [Render thread/INFO] (lodekeeper) [Lodekeeper] NAV backend=baritone mode=MINE event=CALC_STARTED elapsedMs=32664
[15:38:31] [Render thread/INFO] (lodekeeper) [Lodekeeper] NAV calcTool=minecraft:diamond_pickaxe slot=1
[15:38:31] [Render thread/INFO] (lodekeeper) [Lodekeeper] RETRY count=6 target=none status=mining_and_collecting_minecraft:oak_log___0/1___planning_next_route elapsed_ms=510009
[15:38:32] [Render thread/INFO] (lodekeeper) [Lodekeeper] ROUTE_TRAVEL path_index=0 path_length=51 target=none elapsed_ms=510417
[15:38:32] [Render thread/INFO] (lodekeeper) [Lodekeeper] NAV backend=baritone mode=MINE event=CALC_FINISHED_NOW_EXECUTING elapsedMs=33210
[15:38:32] [Render thread/INFO] (lodekeeper) [Lodekeeper] BREAK target=Mutable{x=-27, y=-27, z=45} block=Block{minecraft:deepslate} tool=minecraft:diamond_pickaxe slot=1 remaining=1348 required=route
[15:38:32] [Render thread/INFO] (lodekeeper) [Lodekeeper] PROGRESS elapsed_ms=510825 phase=traveling backend=baritone target=none navigation_elapsed_ms=33617 navigation_ticks=672 searching=false path_index=0 path_length=51 retries=6 pending_route_events=0 dropped_route_events=0 status=mining_and_collecting_minecraft:oak_log___0/1
[15:38:32] [Render thread/INFO] (lodekeeper) [Lodekeeper] BREAK target=Mutable{x=-27, y=-26, z=44} block=Block{minecraft:deepslate} tool=minecraft:diamond_pickaxe slot=1 remaining=1347 required=route
[15:38:33] [Render thread/INFO] (lodekeeper) [Lodekeeper] BREAK target=Mutable{x=-27, y=-26, z=45} block=Block{minecraft:deepslate} tool=minecraft:diamond_pickaxe slot=1 remaining=1346 required=route
[15:38:34] [Render thread/INFO] (lodekeeper) [Lodekeeper] PROGRESS elapsed_ms=512862 phase=traveling backend=baritone target=none navigation_elapsed_ms=35587 navigation_ticks=712 searching=false path_index=0 path_length=51 retries=6 pending_route_events=0 dropped_route_events=0 status=mining_and_collecting_minecraft:oak_log___0/1
[15:38:34] [Render thread/INFO] (lodekeeper) [Lodekeeper] BREAK target=Mutable{x=-27, y=-26, z=46} block=Block{minecraft:deepslate} tool=minecraft:diamond_pickaxe slot=1 remaining=1345 required=route
[15:38:35] [Render thread/INFO] (lodekeeper) [Lodekeeper] BREAK target=Mutable{x=-27, y=-25, z=45} block=Block{minecraft:deepslate} tool=minecraft:diamond_pickaxe slot=1 remaining=1344 required=route
[15:38:36] [Render thread/INFO] (lodekeeper) [Lodekeeper] PROGRESS elapsed_ms=514915 phase=traveling backend=baritone target=none navigation_elapsed_ms=37607 navigation_ticks=752 searching=false path_index=0 path_length=50 retries=6 pending_route_events=0 dropped_route_events=0 status=mining_and_collecting_minecraft:oak_log___0/1
[15:38:36] [Render thread/INFO] (lodekeeper) [Lodekeeper] BREAK target=Mutable{x=-27, y=-25, z=46} block=Block{minecraft:deepslate} tool=minecraft:diamond_pickaxe slot=1 remaining=1343 required=route
[15:38:37] [Render thread/INFO] (lodekeeper) [Lodekeeper] BREAK target=Mutable{x=-27, y=-25, z=47} block=Block{minecraft:deepslate} tool=minecraft:diamond_pickaxe slot=1 remaining=1342 required=route
[15:38:38] [Render thread/INFO] (lodekeeper) [Lodekeeper] PROGRESS elapsed_ms=516968 phase=traveling backend=baritone target=none navigation_elapsed_ms=39586 navigation_ticks=792 searching=false path_index=0 path_length=49 retries=6 pending_route_events=0 dropped_route_events=0 status=mining_and_collecting_minecraft:oak_log___0/1
[15:38:38] [Render thread/INFO] (lodekeeper) [Lodekeeper] BREAK target=Mutable{x=-27, y=-24, z=46} block=Block{minecraft:deepslate} tool=minecraft:diamond_pickaxe slot=1 remaining=1341 required=route
[15:38:39] [Render thread/INFO] (lodekeeper) [Lodekeeper] BREAK target=Mutable{x=-27, y=-24, z=47} block=Block{minecraft:deepslate} tool=minecraft:diamond_pickaxe slot=1 remaining=1340 required=route
[15:38:40] [Render thread/INFO] (lodekeeper) [Lodekeeper] PROGRESS elapsed_ms=519025 phase=traveling backend=baritone target=none navigation_elapsed_ms=41817 navigation_ticks=836 searching=false path_index=0 path_length=48 retries=6 pending_route_events=0 dropped_route_events=0 status=mining_and_collecting_minecraft:oak_log___0/1
[15:38:40] [Render thread/INFO] (lodekeeper) [Lodekeeper] BREAK target=Mutable{x=-27, y=-24, z=48} block=Block{minecraft:deepslate} tool=minecraft:diamond_pickaxe slot=1 remaining=1339 required=route
[15:38:41] [Render thread/INFO] (lodekeeper) [Lodekeeper] BREAK target=Mutable{x=-27, y=-23, z=47} block=Block{minecraft:deepslate} tool=minecraft:diamond_pickaxe slot=1 remaining=1338 required=route
[15:38:42] [Render thread/INFO] (lodekeeper) [Lodekeeper] BREAK target=Mutable{x=-27, y=-23, z=48} block=Block{minecraft:deepslate} tool=minecraft:diamond_pickaxe slot=1 remaining=1337 required=route
[15:38:42] [Render thread/INFO] (lodekeeper) [Lodekeeper] PROGRESS elapsed_ms=521046 phase=traveling backend=baritone target=none navigation_elapsed_ms=43806 navigation_ticks=876 searching=false path_index=0 path_length=48 retries=6 pending_route_events=0 dropped_route_events=0 status=mining_and_collecting_minecraft:oak_log___0/1
[15:38:43] [Render thread/INFO] (lodekeeper) [Lodekeeper] BREAK target=Mutable{x=-27, y=-23, z=49} block=Block{minecraft:deepslate} tool=minecraft:diamond_pickaxe slot=1 remaining=1336 required=route
[15:38:44] [Render thread/INFO] (lodekeeper) [Lodekeeper] BREAK target=Mutable{x=-27, y=-22, z=48} block=Block{minecraft:tuff} tool=minecraft:diamond_pickaxe slot=1 remaining=1335 required=route
[15:38:44] [Render thread/INFO] (lodekeeper) [Lodekeeper] PROGRESS elapsed_ms=523054 phase=traveling backend=baritone target=none navigation_elapsed_ms=45812 navigation_ticks=916 searching=false path_index=0 path_length=47 retries=6 pending_route_events=0 dropped_route_events=0 status=mining_and_collecting_minecraft:oak_log___0/1
[15:38:44] [Render thread/INFO] (lodekeeper) [Lodekeeper] BREAK target=Mutable{x=-27, y=-22, z=49} block=Block{minecraft:tuff} tool=minecraft:diamond_pickaxe slot=1 remaining=1334 required=route
[15:38:45] [Render thread/INFO] (lodekeeper) [Lodekeeper] BREAK target=Mutable{x=-27, y=-22, z=50} block=Block{minecraft:tuff} tool=minecraft:diamond_pickaxe slot=1 remaining=1333 required=route
[15:38:46] [Render thread/INFO] (lodekeeper) [Lodekeeper] BREAK target=Mutable{x=-27, y=-21, z=49} block=Block{minecraft:tuff} tool=minecraft:diamond_pickaxe slot=1 remaining=1332 required=route
[15:38:46] [Render thread/INFO] (lodekeeper) [Lodekeeper] PROGRESS elapsed_ms=525071 phase=traveling backend=baritone target=none navigation_elapsed_ms=47795 navigation_ticks=956 searching=false path_index=0 path_length=46 retries=6 pending_route_events=0 dropped_route_events=0 status=mining_and_collecting_minecraft:oak_log___0/1
[15:38:46] [Render thread/INFO] (lodekeeper) [Lodekeeper] BREAK target=Mutable{x=-27, y=-21, z=50} block=Block{minecraft:tuff} tool=minecraft:diamond_pickaxe slot=1 remaining=1331 required=route
[15:38:47] [Render thread/INFO] (lodekeeper) [Lodekeeper] BREAK target=Mutable{x=-27, y=-21, z=51} block=Block{minecraft:tuff} tool=minecraft:diamond_pickaxe slot=1 remaining=1330 required=route
[15:38:48] [Render thread/INFO] (lodekeeper) [Lodekeeper] BREAK target=Mutable{x=-27, y=-20, z=50} block=Block{minecraft:tuff} tool=minecraft:diamond_pickaxe slot=1 remaining=1329 required=route
[15:38:48] [Render thread/INFO] (lodekeeper) [Lodekeeper] PROGRESS elapsed_ms=527114 phase=traveling backend=baritone target=none navigation_elapsed_ms=49804 navigation_ticks=996 searching=false path_index=0 path_length=45 retries=6 pending_route_events=0 dropped_route_events=0 status=mining_and_collecting_minecraft:oak_log___0/1
[15:38:48] [Render thread/INFO] (lodekeeper) [Lodekeeper] BREAK target=Mutable{x=-27, y=-20, z=51} block=Block{minecraft:tuff} tool=minecraft:diamond_pickaxe slot=1 remaining=1328 required=route
[15:38:49] [Render thread/INFO] (lodekeeper) [Lodekeeper] BREAK target=Mutable{x=-27, y=-20, z=52} block=Block{minecraft:tuff} tool=minecraft:diamond_pickaxe slot=1 remaining=1327 required=route
[15:38:50] [Render thread/INFO] (lodekeeper) [Lodekeeper] PROGRESS elapsed_ms=529124 phase=traveling backend=baritone target=none navigation_elapsed_ms=51814 navigation_ticks=1036 searching=false path_index=0 path_length=43 retries=6 pending_route_events=0 dropped_route_events=0 status=mining_and_collecting_minecraft:oak_log___0/1
[15:38:50] [Render thread/INFO] (lodekeeper) [Lodekeeper] BREAK target=Mutable{x=-28, y=-18, z=53} block=Block{minecraft:tuff} tool=minecraft:diamond_pickaxe slot=1 remaining=1326 required=route
[15:38:51] [Render thread/INFO] (lodekeeper) [Lodekeeper] BREAK target=Mutable{x=-28, y=-17, z=53} block=Block{minecraft:tuff} tool=minecraft:diamond_pickaxe slot=1 remaining=1325 required=route
[15:38:52] [Render thread/INFO] (lodekeeper) [Lodekeeper] BREAK target=Mutable{x=-28, y=-17, z=54} block=Block{minecraft:tuff} tool=minecraft:diamond_pickaxe slot=1 remaining=1324 required=route
[15:38:52] [Render thread/INFO] (lodekeeper) [Lodekeeper] PROGRESS elapsed_ms=531170 phase=traveling backend=baritone target=none navigation_elapsed_ms=53793 navigation_ticks=1076 searching=false path_index=0 path_length=41 retries=6 pending_route_events=0 dropped_route_events=0 status=mining_and_collecting_minecraft:oak_log___0/1
[15:38:54] [Render thread/INFO] (lodekeeper) [Lodekeeper] NAV backend=baritone mode=MINE event=NEXT_SEGMENT_CALC_STARTED elapsedMs=55474
[15:38:54] [Render thread/INFO] (lodekeeper) [Lodekeeper] ROUTE_SEARCH kind=unknown anchor=unknown feet_y16=0 candidates=0 target=none elapsed_ms=532806
[15:38:54] [Render thread/INFO] (lodekeeper) [Lodekeeper] PROGRESS elapsed_ms=533214 phase=searching backend=baritone target=none navigation_elapsed_ms=56006 navigation_ticks=1120 searching=true path_index=0 path_length=34 retries=6 pending_route_events=0 dropped_route_events=0 status=mining_and_collecting_minecraft:oak_log___0/1___planning_next_route
[15:38:56] [Render thread/INFO] (lodekeeper) [Lodekeeper] PROGRESS elapsed_ms=535266 phase=searching backend=baritone target=none navigation_elapsed_ms=57989 navigation_ticks=1160 searching=true path_index=0 path_length=28 retries=6 pending_route_events=0 dropped_route_events=0 status=mining_and_collecting_minecraft:oak_log___0/1___planning_next_route
[15:38:58] [Render thread/INFO] (lodekeeper) [Lodekeeper] NAV backend=baritone mode=MINE event=NEXT_SEGMENT_CALC_FINISHED elapsedMs=59497
[15:38:58] [Render thread/INFO] (lodekeeper) [Lodekeeper] ROUTE_TRAVEL path_index=0 path_length=60 target=none elapsed_ms=536808
[15:38:58] [Render thread/INFO] (lodekeeper) [Lodekeeper] PROGRESS elapsed_ms=537323 phase=traveling backend=baritone target=none navigation_elapsed_ms=60012 navigation_ticks=1200 searching=false path_index=0 path_length=58 retries=6 pending_route_events=0 dropped_route_events=0 status=mining_and_collecting_minecraft:oak_log___0/1
[15:39:00] [Render thread/INFO] (lodekeeper) [Lodekeeper] PROGRESS elapsed_ms=539376 phase=traveling backend=baritone target=none navigation_elapsed_ms=61997 navigation_ticks=1240 searching=false path_index=0 path_length=47 retries=6 pending_route_events=0 dropped_route_events=0 status=mining_and_collecting_minecraft:oak_log___0/1
[15:39:01] [Render thread/INFO] (lodekeeper) [Lodekeeper] BREAK target=Mutable{x=-32, y=-19, z=95} block=Block{minecraft:deepslate} tool=minecraft:diamond_pickaxe slot=1 remaining=1323 required=route
[15:39:02] [Render thread/INFO] (lodekeeper) [Lodekeeper] BREAK target=Mutable{x=-32, y=-18, z=95} block=Block{minecraft:deepslate} tool=minecraft:diamond_pickaxe slot=1 remaining=1322 required=route
[15:39:03] [Render thread/INFO] (lodekeeper) [Lodekeeper] PROGRESS elapsed_ms=541426 phase=traveling backend=baritone target=none navigation_elapsed_ms=64218 navigation_ticks=1284 searching=false path_index=0 path_length=40 retries=6 pending_route_events=0 dropped_route_events=0 status=mining_and_collecting_minecraft:oak_log___0/1
[15:39:03] [Render thread/INFO] (lodekeeper) [Lodekeeper] BREAK target=Mutable{x=-32, y=-18, z=96} block=Block{minecraft:deepslate} tool=minecraft:diamond_pickaxe slot=1 remaining=1321 required=route
[15:39:04] [Render thread/INFO] (lodekeeper) [Lodekeeper] BREAK target=Mutable{x=-32, y=-17, z=95} block=Block{minecraft:deepslate} tool=minecraft:diamond_pickaxe slot=1 remaining=1320 required=route
[15:39:05] [Render thread/INFO] (lodekeeper) [Lodekeeper] PROGRESS elapsed_ms=543456 phase=traveling backend=baritone target=none navigation_elapsed_ms=66213 navigation_ticks=1324 searching=false path_index=0 path_length=39 retries=6 pending_route_events=0 dropped_route_events=0 status=mining_and_collecting_minecraft:oak_log___0/1
[15:39:05] [Render thread/INFO] (lodekeeper) [Lodekeeper] BREAK target=Mutable{x=-32, y=-17, z=96} block=Block{minecraft:deepslate} tool=minecraft:diamond_pickaxe slot=1 remaining=1319 required=route
[15:39:06] [Render thread/INFO] (lodekeeper) [Lodekeeper] BREAK target=Mutable{x=-32, y=-17, z=97} block=Block{minecraft:deepslate} tool=minecraft:diamond_pickaxe slot=1 remaining=1318 required=route
[15:39:07] [Render thread/INFO] (lodekeeper) [Lodekeeper] PROGRESS elapsed_ms=545473 phase=traveling backend=baritone target=none navigation_elapsed_ms=68198 navigation_ticks=1364 searching=false path_index=0 path_length=38 retries=6 pending_route_events=0 dropped_route_events=0 status=mining_and_collecting_minecraft:oak_log___0/1
[15:39:07] [Render thread/INFO] (lodekeeper) [Lodekeeper] BREAK target=Mutable{x=-32, y=-16, z=96} block=Block{minecraft:deepslate} tool=minecraft:diamond_pickaxe slot=1 remaining=1317 required=route
[15:39:08] [Render thread/INFO] (lodekeeper) [Lodekeeper] BREAK target=Mutable{x=-32, y=-16, z=97} block=Block{minecraft:deepslate} tool=minecraft:diamond_pickaxe slot=1 remaining=1316 required=route
[15:39:09] [Render thread/INFO] (lodekeeper) [Lodekeeper] PROGRESS elapsed_ms=547493 phase=traveling backend=baritone target=none navigation_elapsed_ms=70219 navigation_ticks=1404 searching=false path_index=0 path_length=38 retries=6 pending_route_events=0 dropped_route_events=0 status=mining_and_collecting_minecraft:oak_log___0/1
[15:39:09] [Render thread/INFO] (lodekeeper) [Lodekeeper] BREAK target=Mutable{x=-32, y=-16, z=98} block=Block{minecraft:deepslate} tool=minecraft:diamond_pickaxe slot=1 remaining=1315 required=route
[15:39:10] [Render thread/INFO] (lodekeeper) [Lodekeeper] BREAK target=Mutable{x=-32, y=-15, z=97} block=Block{minecraft:deepslate} tool=minecraft:diamond_pickaxe slot=1 remaining=1314 required=route
[15:39:11] [Render thread/INFO] (lodekeeper) [Lodekeeper] PROGRESS elapsed_ms=549525 phase=traveling backend=baritone target=none navigation_elapsed_ms=72214 navigation_ticks=1444 searching=false path_index=0 path_length=37 retries=6 pending_route_events=0 dropped_route_events=0 status=mining_and_collecting_minecraft:oak_log___0/1
[15:39:11] [Render thread/INFO] (lodekeeper) [Lodekeeper] BREAK target=Mutable{x=-32, y=-15, z=98} block=Block{minecraft:tuff} tool=minecraft:diamond_pickaxe slot=1 remaining=1313 required=route
[15:39:12] [Render thread/INFO] (lodekeeper) [Lodekeeper] BREAK target=Mutable{x=-31, y=-15, z=98} block=Block{minecraft:tuff} tool=minecraft:diamond_pickaxe slot=1 remaining=1312 required=route
[15:39:12] [Render thread/INFO] (lodekeeper) [Lodekeeper] BREAK target=Mutable{x=-32, y=-14, z=98} block=Block{minecraft:tuff} tool=minecraft:diamond_pickaxe slot=1 remaining=1311 required=route
[15:39:13] [Render thread/INFO] (lodekeeper) [Lodekeeper] PROGRESS elapsed_ms=551576 phase=traveling backend=baritone target=none navigation_elapsed_ms=74197 navigation_ticks=1484 searching=false path_index=0 path_length=36 retries=6 pending_route_events=0 dropped_route_events=0 status=mining_and_collecting_minecraft:oak_log___0/1
[15:39:13] [Render thread/INFO] (lodekeeper) [Lodekeeper] BREAK target=Mutable{x=-31, y=-14, z=98} block=Block{minecraft:tuff} tool=minecraft:diamond_pickaxe slot=1 remaining=1310 required=route
[15:39:13] [Render thread/INFO] (lodekeeper) [Lodekeeper] BREAK target=Mutable{x=-30, y=-14, z=98} block=Block{minecraft:tuff} tool=minecraft:diamond_pickaxe slot=1 remaining=1309 required=route
[15:39:14] [Render thread/INFO] (lodekeeper) [Lodekeeper] BREAK target=Mutable{x=-31, y=-13, z=98} block=Block{minecraft:tuff} tool=minecraft:diamond_pickaxe slot=1 remaining=1308 required=route
[15:39:15] [Render thread/INFO] (lodekeeper) [Lodekeeper] BREAK target=Mutable{x=-30, y=-13, z=98} block=Block{minecraft:tuff} tool=minecraft:diamond_pickaxe slot=1 remaining=1307 required=route
[15:39:15] [Render thread/INFO] (lodekeeper) [Lodekeeper] PROGRESS elapsed_ms=553594 phase=traveling backend=baritone target=none navigation_elapsed_ms=76386 navigation_ticks=1528 searching=false path_index=0 path_length=35 retries=6 pending_route_events=0 dropped_route_events=0 status=mining_and_collecting_minecraft:oak_log___0/1
[15:39:15] [Render thread/INFO] (lodekeeper) [Lodekeeper] BREAK target=Mutable{x=-30, y=-12, z=98} block=Block{minecraft:tuff} tool=minecraft:diamond_pickaxe slot=1 remaining=1306 required=route
[15:39:17] [Render thread/INFO] (lodekeeper) [Lodekeeper] PROGRESS elapsed_ms=555615 phase=traveling backend=baritone target=none navigation_elapsed_ms=78407 navigation_ticks=1568 searching=false path_index=0 path_length=32 retries=6 pending_route_events=0 dropped_route_events=0 status=mining_and_collecting_minecraft:oak_log___0/1
[15:39:19] [Render thread/INFO] (lodekeeper) [Lodekeeper] PROGRESS elapsed_ms=557647 phase=traveling backend=baritone target=none navigation_elapsed_ms=80405 navigation_ticks=1608 searching=false path_index=0 path_length=27 retries=6 pending_route_events=0 dropped_route_events=0 status=mining_and_collecting_minecraft:oak_log___0/1
[15:39:21] [Render thread/INFO] (lodekeeper) [Lodekeeper] PROGRESS elapsed_ms=559665 phase=traveling backend=baritone target=none navigation_elapsed_ms=82388 navigation_ticks=1648 searching=false path_index=0 path_length=23 retries=6 pending_route_events=0 dropped_route_events=0 status=mining_and_collecting_minecraft:oak_log___0/1
[15:39:23] [Render thread/INFO] (lodekeeper) [Lodekeeper] PROGRESS elapsed_ms=561713 phase=traveling backend=baritone target=none navigation_elapsed_ms=84401 navigation_ticks=1688 searching=false path_index=0 path_length=19 retries=6 pending_route_events=0 dropped_route_events=0 status=mining_and_collecting_minecraft:oak_log___0/1
[15:39:23] [Render thread/INFO] (lodekeeper) [Lodekeeper] BREAK target=Mutable{x=-25, y=3, z=96} block=Block{minecraft:andesite} tool=minecraft:diamond_pickaxe slot=1 remaining=1305 required=route
[15:39:24] [Render thread/INFO] (lodekeeper) [Lodekeeper] BREAK target=Mutable{x=-25, y=4, z=96} block=Block{minecraft:andesite} tool=minecraft:diamond_pickaxe slot=1 remaining=1304 required=route
[15:39:24] [Render thread/INFO] (lodekeeper) [Lodekeeper] BREAK target=Mutable{x=-24, y=4, z=96} block=Block{minecraft:andesite} tool=minecraft:diamond_pickaxe slot=1 remaining=1303 required=route
[15:39:25] [Render thread/INFO] (lodekeeper) [Lodekeeper] PROGRESS elapsed_ms=563762 phase=traveling backend=baritone target=none navigation_elapsed_ms=86418 navigation_ticks=1728 searching=false path_index=0 path_length=17 retries=6 pending_route_events=0 dropped_route_events=0 status=mining_and_collecting_minecraft:oak_log___0/1
[15:39:25] [Render thread/INFO] (lodekeeper) [Lodekeeper] BREAK target=Mutable{x=-25, y=5, z=96} block=Block{minecraft:granite} tool=minecraft:diamond_pickaxe slot=1 remaining=1302 required=route
[15:39:25] [Render thread/INFO] (lodekeeper) [Lodekeeper] BREAK target=Mutable{x=-24, y=5, z=96} block=Block{minecraft:granite} tool=minecraft:diamond_pickaxe slot=1 remaining=1301 required=route
[15:39:26] [Render thread/INFO] (lodekeeper) [Lodekeeper] BREAK target=Mutable{x=-24, y=5, z=97} block=Block{minecraft:granite} tool=minecraft:diamond_pickaxe slot=1 remaining=1300 required=route
[15:39:27] [Render thread/INFO] (lodekeeper) [Lodekeeper] BREAK target=Mutable{x=-24, y=6, z=96} block=Block{minecraft:granite} tool=minecraft:diamond_pickaxe slot=1 remaining=1299 required=route
[15:39:27] [Render thread/INFO] (lodekeeper) [Lodekeeper] PROGRESS elapsed_ms=565813 phase=traveling backend=baritone target=none navigation_elapsed_ms=88605 navigation_ticks=1772 searching=false path_index=0 path_length=16 retries=6 pending_route_events=0 dropped_route_events=0 status=mining_and_collecting_minecraft:oak_log___0/1
[15:39:27] [Render thread/INFO] (lodekeeper) [Lodekeeper] BREAK target=Mutable{x=-24, y=6, z=97} block=Block{minecraft:granite} tool=minecraft:diamond_pickaxe slot=1 remaining=1298 required=route
[15:39:28] [Render thread/INFO] (lodekeeper) [Lodekeeper] BREAK target=Mutable{x=-24, y=6, z=98} block=Block{minecraft:granite} tool=minecraft:diamond_pickaxe slot=1 remaining=1297 required=route
[15:39:29] [Render thread/INFO] (lodekeeper) [Lodekeeper] BREAK target=Mutable{x=-24, y=7, z=97} block=Block{minecraft:granite} tool=minecraft:diamond_pickaxe slot=1 remaining=1296 required=route
[15:39:29] [Render thread/INFO] (lodekeeper) [Lodekeeper] PROGRESS elapsed_ms=567868 phase=traveling backend=baritone target=none navigation_elapsed_ms=90591 navigation_ticks=1812 searching=false path_index=0 path_length=15 retries=6 pending_route_events=0 dropped_route_events=0 status=mining_and_collecting_minecraft:oak_log___0/1
[15:39:29] [Render thread/INFO] (lodekeeper) [Lodekeeper] BREAK target=Mutable{x=-24, y=7, z=98} block=Block{minecraft:granite} tool=minecraft:diamond_pickaxe slot=1 remaining=1295 required=route
[15:39:30] [Render thread/INFO] (lodekeeper) [Lodekeeper] BREAK target=Mutable{x=-24, y=7, z=99} block=Block{minecraft:granite} tool=minecraft:diamond_pickaxe slot=1 remaining=1294 required=route
[15:39:31] [Render thread/INFO] (lodekeeper) [Lodekeeper] BREAK target=Mutable{x=-24, y=8, z=98} block=Block{minecraft:granite} tool=minecraft:diamond_pickaxe slot=1 remaining=1293 required=route
[15:39:31] [Render thread/INFO] (lodekeeper) [Lodekeeper] PROGRESS elapsed_ms=569919 phase=traveling backend=baritone target=none navigation_elapsed_ms=92610 navigation_ticks=1852 searching=false path_index=0 path_length=14 retries=6 pending_route_events=0 dropped_route_events=0 status=mining_and_collecting_minecraft:oak_log___0/1
[15:39:31] [Render thread/INFO] (lodekeeper) [Lodekeeper] BREAK target=Mutable{x=-24, y=8, z=99} block=Block{minecraft:granite} tool=minecraft:diamond_pickaxe slot=1 remaining=1292 required=route
[15:39:32] [Render thread/INFO] (lodekeeper) [Lodekeeper] BREAK target=Mutable{x=-24, y=8, z=100} block=Block{minecraft:diorite} tool=minecraft:diamond_pickaxe slot=1 remaining=1291 required=route
[15:39:33] [Render thread/INFO] (lodekeeper) [Lodekeeper] BREAK target=Mutable{x=-24, y=9, z=99} block=Block{minecraft:diorite} tool=minecraft:diamond_pickaxe slot=1 remaining=1290 required=route
[15:39:33] [Render thread/INFO] (lodekeeper) [Lodekeeper] PROGRESS elapsed_ms=571967 phase=traveling backend=baritone target=none navigation_elapsed_ms=94588 navigation_ticks=1892 searching=false path_index=0 path_length=13 retries=6 pending_route_events=0 dropped_route_events=0 status=mining_and_collecting_minecraft:oak_log___0/1
[15:39:33] [Render thread/INFO] (lodekeeper) [Lodekeeper] BREAK target=Mutable{x=-24, y=9, z=100} block=Block{minecraft:diorite} tool=minecraft:diamond_pickaxe slot=1 remaining=1289 required=route
[15:39:34] [Render thread/INFO] (lodekeeper) [Lodekeeper] BREAK target=Mutable{x=-24, y=9, z=101} block=Block{minecraft:diorite} tool=minecraft:diamond_pickaxe slot=1 remaining=1288 required=route
[15:39:35] [Render thread/INFO] (lodekeeper) [Lodekeeper] BREAK target=Mutable{x=-24, y=10, z=100} block=Block{minecraft:diorite} tool=minecraft:diamond_pickaxe slot=1 remaining=1287 required=route
[15:39:35] [Render thread/INFO] (lodekeeper) [Lodekeeper] PROGRESS elapsed_ms=574011 phase=traveling backend=baritone target=none navigation_elapsed_ms=96803 navigation_ticks=1936 searching=false path_index=0 path_length=12 retries=6 pending_route_events=0 dropped_route_events=0 status=mining_and_collecting_minecraft:oak_log___0/1
[15:39:35] [Render thread/INFO] (lodekeeper) [Lodekeeper] BREAK target=Mutable{x=-24, y=10, z=101} block=Block{minecraft:diorite} tool=minecraft:diamond_pickaxe slot=1 remaining=1286 required=route
[15:39:36] [Render thread/INFO] (lodekeeper) [Lodekeeper] BREAK target=Mutable{x=-24, y=10, z=102} block=Block{minecraft:stone} tool=minecraft:diamond_pickaxe slot=1 remaining=1285 required=route
[15:39:37] [Render thread/INFO] (lodekeeper) [Lodekeeper] BREAK target=Mutable{x=-24, y=11, z=101} block=Block{minecraft:stone} tool=minecraft:diamond_pickaxe slot=1 remaining=1284 required=route
[15:39:37] [Render thread/INFO] (lodekeeper) [Lodekeeper] PROGRESS elapsed_ms=576068 phase=traveling backend=baritone target=none navigation_elapsed_ms=98793 navigation_ticks=1976 searching=false path_index=0 path_length=11 retries=6 pending_route_events=0 dropped_route_events=0 status=mining_and_collecting_minecraft:oak_log___0/1
[15:39:37] [Render thread/INFO] (lodekeeper) [Lodekeeper] BREAK target=Mutable{x=-24, y=11, z=102} block=Block{minecraft:stone} tool=minecraft:diamond_pickaxe slot=1 remaining=1283 required=route
[15:39:38] [Render thread/INFO] (lodekeeper) [Lodekeeper] BREAK target=Mutable{x=-24, y=11, z=103} block=Block{minecraft:stone} tool=minecraft:diamond_pickaxe slot=1 remaining=1282 required=route
[15:39:38] [Render thread/INFO] (lodekeeper) [Lodekeeper] BREAK target=Mutable{x=-24, y=12, z=102} block=Block{minecraft:stone} tool=minecraft:diamond_pickaxe slot=1 remaining=1281 required=route
[15:39:39] [Render thread/INFO] (lodekeeper) [Lodekeeper] BREAK target=Mutable{x=-24, y=12, z=103} block=Block{minecraft:stone} tool=minecraft:diamond_pickaxe slot=1 remaining=1280 required=route
[15:39:39] [Render thread/INFO] (lodekeeper) [Lodekeeper] PROGRESS elapsed_ms=578113 phase=traveling backend=baritone target=none navigation_elapsed_ms=100803 navigation_ticks=2016 searching=false path_index=0 path_length=10 retries=6 pending_route_events=0 dropped_route_events=0 status=mining_and_collecting_minecraft:oak_log___0/1
[15:39:40] [Render thread/INFO] (lodekeeper) [Lodekeeper] BREAK target=Mutable{x=-24, y=12, z=104} block=Block{minecraft:stone} tool=minecraft:diamond_pickaxe slot=1 remaining=1279 required=route
[15:39:40] [Render thread/INFO] (lodekeeper) [Lodekeeper] BREAK target=Mutable{x=-24, y=13, z=103} block=Block{minecraft:stone} tool=minecraft:diamond_pickaxe slot=1 remaining=1278 required=route
[15:39:41] [Render thread/INFO] (lodekeeper) [Lodekeeper] BREAK target=Mutable{x=-24, y=13, z=104} block=Block{minecraft:stone} tool=minecraft:diamond_pickaxe slot=1 remaining=1277 required=route
[15:39:41] [Render thread/INFO] (lodekeeper) [Lodekeeper] PROGRESS elapsed_ms=580162 phase=traveling backend=baritone target=none navigation_elapsed_ms=102786 navigation_ticks=2056 searching=false path_index=0 path_length=9 retries=6 pending_route_events=0 dropped_route_events=0 status=mining_and_collecting_minecraft:oak_log___0/1
[15:39:42] [Render thread/INFO] (lodekeeper) [Lodekeeper] BREAK target=Mutable{x=-24, y=13, z=105} block=Block{minecraft:stone} tool=minecraft:diamond_pickaxe slot=1 remaining=1276 required=route
[15:39:42] [Render thread/INFO] (lodekeeper) [Lodekeeper] BREAK target=Mutable{x=-24, y=14, z=104} block=Block{minecraft:stone} tool=minecraft:diamond_pickaxe slot=1 remaining=1275 required=route
[15:39:43] [Render thread/INFO] (lodekeeper) [Lodekeeper] BREAK target=Mutable{x=-24, y=14, z=105} block=Block{minecraft:stone} tool=minecraft:diamond_pickaxe slot=1 remaining=1274 required=route
[15:39:43] [Render thread/INFO] (lodekeeper) [Lodekeeper] PROGRESS elapsed_ms=582215 phase=traveling backend=baritone target=none navigation_elapsed_ms=105007 navigation_ticks=2100 searching=false path_index=0 path_length=8 retries=6 pending_route_events=0 dropped_route_events=0 status=mining_and_collecting_minecraft:oak_log___0/1
[15:39:44] [Render thread/INFO] (lodekeeper) [Lodekeeper] NAV backend=baritone mode=MINE event=NEXT_SEGMENT_CALC_STARTED elapsedMs=105344
[15:39:44] [Render thread/INFO] (lodekeeper) [Lodekeeper] ROUTE_SEARCH kind=unknown anchor=unknown feet_y16=0 candidates=0 target=none elapsed_ms=582618
[15:39:44] [Render thread/INFO] (lodekeeper) [Lodekeeper] BREAK target=Mutable{x=-24, y=14, z=106} block=Block{minecraft:stone} tool=minecraft:diamond_pickaxe slot=1 remaining=1273 required=route
[15:39:44] [Render thread/INFO] (lodekeeper) [Lodekeeper] BREAK target=Mutable{x=-24, y=15, z=105} block=Block{minecraft:stone} tool=minecraft:diamond_pickaxe slot=1 remaining=1272 required=route
[15:39:45] [Render thread/INFO] (lodekeeper) [Lodekeeper] BREAK target=Mutable{x=-24, y=15, z=106} block=Block{minecraft:stone} tool=minecraft:diamond_pickaxe slot=1 remaining=1271 required=route
[15:39:45] [Render thread/INFO] (lodekeeper) [Lodekeeper] PROGRESS elapsed_ms=584274 phase=searching backend=baritone target=none navigation_elapsed_ms=106998 navigation_ticks=2140 searching=true path_index=0 path_length=7 retries=6 pending_route_events=0 dropped_route_events=0 status=mining_and_collecting_minecraft:oak_log___0/1___planning_next_route
[15:39:46] [Render thread/INFO] (lodekeeper) [Lodekeeper] BREAK target=Mutable{x=-24, y=15, z=107} block=Block{minecraft:stone} tool=minecraft:diamond_pickaxe slot=1 remaining=1270 required=route
[15:39:46] [Render thread/INFO] (lodekeeper) [Lodekeeper] BREAK target=Mutable{x=-24, y=16, z=106} block=Block{minecraft:stone} tool=minecraft:diamond_pickaxe slot=1 remaining=1269 required=route
[15:39:47] [Render thread/INFO] (lodekeeper) [Lodekeeper] BREAK target=Mutable{x=-24, y=16, z=107} block=Block{minecraft:stone} tool=minecraft:diamond_pickaxe slot=1 remaining=1268 required=route
[15:39:47] [Render thread/INFO] (lodekeeper) [Lodekeeper] PROGRESS elapsed_ms=586310 phase=searching backend=baritone target=none navigation_elapsed_ms=109010 navigation_ticks=2180 searching=true path_index=0 path_length=6 retries=6 pending_route_events=0 dropped_route_events=0 status=mining_and_collecting_minecraft:oak_log___0/1___planning_next_route
[15:39:48] [Render thread/INFO] (lodekeeper) [Lodekeeper] BREAK target=Mutable{x=-24, y=16, z=108} block=Block{minecraft:stone} tool=minecraft:diamond_pickaxe slot=1 remaining=1267 required=route
[15:39:48] [Render thread/INFO] (lodekeeper) [Lodekeeper] ROUTE_TRAVEL path_index=0 path_length=5 target=none elapsed_ms=586616
[15:39:48] [Render thread/INFO] (lodekeeper) [Lodekeeper] NAV backend=baritone mode=MINE event=NEXT_SEGMENT_CALC_FINISHED elapsedMs=109409
[15:39:48] [Render thread/INFO] (lodekeeper) [Lodekeeper] BREAK target=Mutable{x=-24, y=17, z=107} block=Block{minecraft:stone} tool=minecraft:diamond_pickaxe slot=1 remaining=1266 required=route
[15:39:49] [Render thread/INFO] (lodekeeper) [Lodekeeper] BREAK target=Mutable{x=-24, y=17, z=108} block=Block{minecraft:stone} tool=minecraft:diamond_pickaxe slot=1 remaining=1265 required=route
[15:39:49] [Render thread/INFO] (lodekeeper) [Lodekeeper] PROGRESS elapsed_ms=588375 phase=traveling backend=baritone target=none navigation_elapsed_ms=110997 navigation_ticks=2220 searching=false path_index=0 path_length=55 retries=6 pending_route_events=0 dropped_route_events=0 status=mining_and_collecting_minecraft:oak_log___0/1
[15:39:49] [Render thread/INFO] (lodekeeper) [Lodekeeper] BREAK target=Mutable{x=-24, y=17, z=109} block=Block{minecraft:stone} tool=minecraft:diamond_pickaxe slot=1 remaining=1264 required=route
[15:39:50] [Render thread/INFO] (lodekeeper) [Lodekeeper] BREAK target=Mutable{x=-24, y=18, z=108} block=Block{minecraft:stone} tool=minecraft:diamond_pickaxe slot=1 remaining=1263 required=route
[15:39:51] [Render thread/INFO] (lodekeeper) [Lodekeeper] BREAK target=Mutable{x=-24, y=18, z=109} block=Block{minecraft:stone} tool=minecraft:diamond_pickaxe slot=1 remaining=1262 required=route
[15:39:51] [Render thread/INFO] (lodekeeper) [Lodekeeper] BREAK target=Mutable{x=-24, y=18, z=110} block=Block{minecraft:stone} tool=minecraft:diamond_pickaxe slot=1 remaining=1261 required=route
[15:39:51] [Render thread/INFO] (lodekeeper) [Lodekeeper] PROGRESS elapsed_ms=590401 phase=traveling backend=baritone target=none navigation_elapsed_ms=113193 navigation_ticks=2264 searching=false path_index=0 path_length=53 retries=6 pending_route_events=0 dropped_route_events=0 status=mining_and_collecting_minecraft:oak_log___0/1
[15:39:52] [Render thread/INFO] (lodekeeper) [Lodekeeper] BREAK target=Mutable{x=-24, y=17, z=110} block=Block{minecraft:stone} tool=minecraft:diamond_pickaxe slot=1 remaining=1260 required=route
[15:39:53] [Render thread/INFO] (lodekeeper) [Lodekeeper] BREAK target=Mutable{x=-24, y=18, z=111} block=Block{minecraft:stone} tool=minecraft:diamond_pickaxe slot=1 remaining=1259 required=route
[15:39:53] [Render thread/INFO] (lodekeeper) [Lodekeeper] BREAK target=Mutable{x=-24, y=19, z=110} block=Block{minecraft:copper_ore} tool=minecraft:diamond_pickaxe slot=1 remaining=1258 required=route
[15:39:54] [Render thread/INFO] (lodekeeper) [Lodekeeper] PROGRESS elapsed_ms=592465 phase=traveling backend=baritone target=none navigation_elapsed_ms=115189 navigation_ticks=2304 searching=false path_index=0 path_length=52 retries=6 pending_route_events=0 dropped_route_events=0 status=mining_and_collecting_minecraft:oak_log___0/1
[15:39:54] [Render thread/INFO] (lodekeeper) [Lodekeeper] BREAK target=Mutable{x=-24, y=19, z=111} block=Block{minecraft:stone} tool=minecraft:diamond_pickaxe slot=1 remaining=1257 required=route
[15:39:55] [Render thread/INFO] (lodekeeper) [Lodekeeper] BREAK target=Mutable{x=-24, y=19, z=112} block=Block{minecraft:stone} tool=minecraft:diamond_pickaxe slot=1 remaining=1256 required=route
[15:39:55] [Render thread/INFO] (lodekeeper) [Lodekeeper] BREAK target=Mutable{x=-24, y=20, z=111} block=Block{minecraft:stone} tool=minecraft:diamond_pickaxe slot=1 remaining=1255 required=route
[15:39:56] [Render thread/INFO] (lodekeeper) [Lodekeeper] PROGRESS elapsed_ms=594494 phase=traveling backend=baritone target=none navigation_elapsed_ms=117218 navigation_ticks=2344 searching=false path_index=0 path_length=51 retries=6 pending_route_events=0 dropped_route_events=0 status=mining_and_collecting_minecraft:oak_log___0/1
[15:39:56] [Render thread/INFO] (lodekeeper) [Lodekeeper] BREAK target=Mutable{x=-24, y=20, z=112} block=Block{minecraft:stone} tool=minecraft:diamond_pickaxe slot=1 remaining=1254 required=route
[15:39:57] [Render thread/INFO] (lodekeeper) [Lodekeeper] BREAK target=Mutable{x=-23, y=20, z=112} block=Block{minecraft:stone} tool=minecraft:diamond_pickaxe slot=1 remaining=1253 required=route
[15:39:57] [Render thread/INFO] (lodekeeper) [Lodekeeper] BREAK target=Mutable{x=-24, y=21, z=112} block=Block{minecraft:stone} tool=minecraft:diamond_pickaxe slot=1 remaining=1252 required=route
[15:39:58] [Render thread/INFO] (lodekeeper) [Lodekeeper] PROGRESS elapsed_ms=596518 phase=traveling backend=baritone target=none navigation_elapsed_ms=119208 navigation_ticks=2384 searching=false path_index=0 path_length=50 retries=6 pending_route_events=0 dropped_route_events=0 status=mining_and_collecting_minecraft:oak_log___0/1
[15:39:58] [Render thread/INFO] (lodekeeper) [Lodekeeper] BREAK target=Mutable{x=-23, y=21, z=112} block=Block{minecraft:stone} tool=minecraft:diamond_pickaxe slot=1 remaining=1251 required=route
[15:39:59] [Render thread/INFO] (lodekeeper) [Lodekeeper] BREAK target=Mutable{x=-22, y=21, z=112} block=Block{minecraft:stone} tool=minecraft:diamond_pickaxe slot=1 remaining=1250 required=route
[15:39:59] [Render thread/INFO] (lodekeeper) [Lodekeeper] BREAK target=Mutable{x=-23, y=22, z=112} block=Block{minecraft:stone} tool=minecraft:diamond_pickaxe slot=1 remaining=1249 required=route
[15:40:00] [Render thread/INFO] (lodekeeper) [Lodekeeper] PROGRESS elapsed_ms=598558 phase=traveling backend=baritone target=none navigation_elapsed_ms=121206 navigation_ticks=2424 searching=false path_index=0 path_length=49 retries=6 pending_route_events=0 dropped_route_events=0 status=mining_and_collecting_minecraft:oak_log___0/1
[15:40:00] [Render thread/INFO] (lodekeeper) [Lodekeeper] BREAK target=Mutable{x=-22, y=22, z=112} block=Block{minecraft:stone} tool=minecraft:diamond_pickaxe slot=1 remaining=1248 required=route
[15:40:01] [Render thread/INFO] (lodekeeper) [Lodekeeper] BREAK target=Mutable{x=-21, y=22, z=112} block=Block{minecraft:stone} tool=minecraft:diamond_pickaxe slot=1 remaining=1247 required=route
[15:40:01] [Render thread/INFO] (lodekeeper) [Lodekeeper] BREAK target=Mutable{x=-22, y=23, z=112} block=Block{minecraft:stone} tool=minecraft:diamond_pickaxe slot=1 remaining=1246 required=route
[15:40:02] [Render thread/INFO] (lodekeeper) [Lodekeeper] PROGRESS elapsed_ms=600566 phase=traveling backend=baritone target=none navigation_elapsed_ms=123189 navigation_ticks=2464 searching=false path_index=0 path_length=48 retries=6 pending_route_events=0 dropped_route_events=0 status=mining_and_collecting_minecraft:oak_log___0/1
[15:40:02] [Render thread/INFO] (lodekeeper) [Lodekeeper] BREAK target=Mutable{x=-21, y=23, z=112} block=Block{minecraft:stone} tool=minecraft:diamond_pickaxe slot=1 remaining=1245 required=route
[15:40:03] [Render thread/INFO] (lodekeeper) [Lodekeeper] BREAK target=Mutable{x=-20, y=23, z=112} block=Block{minecraft:stone} tool=minecraft:diamond_pickaxe slot=1 remaining=1244 required=route
[15:40:03] [Render thread/INFO] (lodekeeper) [Lodekeeper] BREAK target=Mutable{x=-21, y=24, z=112} block=Block{minecraft:stone} tool=minecraft:diamond_pickaxe slot=1 remaining=1243 required=route
[15:40:04] [Render thread/INFO] (lodekeeper) [Lodekeeper] PROGRESS elapsed_ms=602624 phase=traveling backend=baritone target=none navigation_elapsed_ms=125417 navigation_ticks=2508 searching=false path_index=0 path_length=47 retries=6 pending_route_events=0 dropped_route_events=0 status=mining_and_collecting_minecraft:oak_log___0/1
[15:40:04] [Render thread/INFO] (lodekeeper) [Lodekeeper] BREAK target=Mutable{x=-20, y=24, z=112} block=Block{minecraft:stone} tool=minecraft:diamond_pickaxe slot=1 remaining=1242 required=route
[15:40:04] [Render thread/INFO] (lodekeeper) [Lodekeeper] BREAK target=Mutable{x=-19, y=24, z=112} block=Block{minecraft:stone} tool=minecraft:diamond_pickaxe slot=1 remaining=1241 required=route
[15:40:05] [Render thread/INFO] (lodekeeper) [Lodekeeper] BREAK target=Mutable{x=-20, y=25, z=112} block=Block{minecraft:stone} tool=minecraft:diamond_pickaxe slot=1 remaining=1240 required=route
[15:40:06] [Render thread/INFO] (lodekeeper) [Lodekeeper] BREAK target=Mutable{x=-19, y=25, z=112} block=Block{minecraft:stone} tool=minecraft:diamond_pickaxe slot=1 remaining=1239 required=route
[15:40:06] [Render thread/INFO] (lodekeeper) [Lodekeeper] PROGRESS elapsed_ms=604653 phase=traveling backend=baritone target=none navigation_elapsed_ms=127411 navigation_ticks=2548 searching=false path_index=0 path_length=46 retries=6 pending_route_events=0 dropped_route_events=0 status=mining_and_collecting_minecraft:oak_log___0/1
[15:40:06] [Render thread/INFO] (lodekeeper) [Lodekeeper] BREAK target=Mutable{x=-18, y=25, z=112} block=Block{minecraft:stone} tool=minecraft:diamond_pickaxe slot=1 remaining=1238 required=route
[15:40:07] [Render thread/INFO] (lodekeeper) [Lodekeeper] BREAK target=Mutable{x=-19, y=26, z=112} block=Block{minecraft:stone} tool=minecraft:diamond_pickaxe slot=1 remaining=1237 required=route
[15:40:08] [Render thread/INFO] (lodekeeper) [Lodekeeper] BREAK target=Mutable{x=-18, y=26, z=112} block=Block{minecraft:stone} tool=minecraft:diamond_pickaxe slot=1 remaining=1236 required=route
[15:40:08] [Render thread/INFO] (lodekeeper) [Lodekeeper] PROGRESS elapsed_ms=606712 phase=traveling backend=baritone target=none navigation_elapsed_ms=129401 navigation_ticks=2588 searching=false path_index=0 path_length=45 retries=6 pending_route_events=0 dropped_route_events=0 status=mining_and_collecting_minecraft:oak_log___0/1
[15:40:08] [Render thread/INFO] (lodekeeper) [Lodekeeper] BREAK target=Mutable{x=-17, y=26, z=112} block=Block{minecraft:stone} tool=minecraft:diamond_pickaxe slot=1 remaining=1235 required=route
[15:40:09] [Render thread/INFO] (lodekeeper) [Lodekeeper] BREAK target=Mutable{x=-18, y=27, z=112} block=Block{minecraft:stone} tool=minecraft:diamond_pickaxe slot=1 remaining=1234 required=route
[15:40:10] [Render thread/INFO] (lodekeeper) [Lodekeeper] BREAK target=Mutable{x=-17, y=27, z=112} block=Block{minecraft:stone} tool=minecraft:diamond_pickaxe slot=1 remaining=1233 required=route
[15:40:10] [Render thread/INFO] (lodekeeper) [Lodekeeper] PROGRESS elapsed_ms=608776 phase=traveling backend=baritone target=none navigation_elapsed_ms=131400 navigation_ticks=2628 searching=false path_index=0 path_length=44 retries=6 pending_route_events=0 dropped_route_events=0 status=mining_and_collecting_minecraft:oak_log___0/1
[15:40:10] [Render thread/INFO] (lodekeeper) [Lodekeeper] BREAK target=Mutable{x=-16, y=27, z=112} block=Block{minecraft:stone} tool=minecraft:diamond_pickaxe slot=1 remaining=1232 required=route
[15:40:11] [Render thread/INFO] (lodekeeper) [Lodekeeper] BREAK target=Mutable{x=-17, y=28, z=112} block=Block{minecraft:stone} tool=minecraft:diamond_pickaxe slot=1 remaining=1231 required=route
[15:40:11] [Render thread/INFO] (lodekeeper) [Lodekeeper] BREAK target=Mutable{x=-16, y=28, z=112} block=Block{minecraft:stone} tool=minecraft:diamond_pickaxe slot=1 remaining=1230 required=route
[15:40:12] [Render thread/INFO] (lodekeeper) [Lodekeeper] PROGRESS elapsed_ms=610808 phase=traveling backend=baritone target=none navigation_elapsed_ms=133600 navigation_ticks=2672 searching=false path_index=0 path_length=43 retries=6 pending_route_events=0 dropped_route_events=0 status=mining_and_collecting_minecraft:oak_log___0/1
[15:40:12] [Render thread/INFO] (lodekeeper) [Lodekeeper] BREAK target=Mutable{x=-15, y=28, z=112} block=Block{minecraft:stone} tool=minecraft:diamond_pickaxe slot=1 remaining=1229 required=route
[15:40:13] [Render thread/INFO] (lodekeeper) [Lodekeeper] BREAK target=Mutable{x=-16, y=29, z=112} block=Block{minecraft:stone} tool=minecraft:diamond_pickaxe slot=1 remaining=1228 required=route
[15:40:13] [Render thread/INFO] (lodekeeper) [Lodekeeper] BREAK target=Mutable{x=-15, y=29, z=112} block=Block{minecraft:stone} tool=minecraft:diamond_pickaxe slot=1 remaining=1227 required=route
[15:40:14] [Render thread/INFO] (lodekeeper) [Lodekeeper] PROGRESS elapsed_ms=612870 phase=traveling backend=baritone target=none navigation_elapsed_ms=135596 navigation_ticks=2712 searching=false path_index=0 path_length=42 retries=6 pending_route_events=0 dropped_route_events=0 status=mining_and_collecting_minecraft:oak_log___0/1
[15:40:14] [Render thread/INFO] (lodekeeper) [Lodekeeper] BREAK target=Mutable{x=-14, y=29, z=112} block=Block{minecraft:stone} tool=minecraft:diamond_pickaxe slot=1 remaining=1226 required=route
[15:40:15] [Render thread/INFO] (lodekeeper) [Lodekeeper] BREAK target=Mutable{x=-15, y=30, z=112} block=Block{minecraft:stone} tool=minecraft:diamond_pickaxe slot=1 remaining=1225 required=route
[15:40:15] [Render thread/INFO] (lodekeeper) [Lodekeeper] BREAK target=Mutable{x=-14, y=30, z=112} block=Block{minecraft:stone} tool=minecraft:diamond_pickaxe slot=1 remaining=1224 required=route
[15:40:16] [Render thread/INFO] (lodekeeper) [Lodekeeper] PROGRESS elapsed_ms=614873 phase=traveling backend=baritone target=none navigation_elapsed_ms=137597 navigation_ticks=2752 searching=false path_index=0 path_length=41 retries=6 pending_route_events=0 dropped_route_events=0 status=mining_and_collecting_minecraft:oak_log___0/1
[15:40:16] [Render thread/INFO] (lodekeeper) [Lodekeeper] BREAK target=Mutable{x=-13, y=30, z=112} block=Block{minecraft:stone} tool=minecraft:diamond_pickaxe slot=1 remaining=1223 required=route
[15:40:17] [Render thread/INFO] (lodekeeper) [Lodekeeper] BREAK target=Mutable{x=-14, y=31, z=112} block=Block{minecraft:stone} tool=minecraft:diamond_pickaxe slot=1 remaining=1222 required=route
[15:40:17] [Render thread/INFO] (lodekeeper) [Lodekeeper] BREAK target=Mutable{x=-13, y=31, z=112} block=Block{minecraft:stone} tool=minecraft:diamond_pickaxe slot=1 remaining=1221 required=route
[15:40:18] [Render thread/INFO] (lodekeeper) [Lodekeeper] PROGRESS elapsed_ms=616923 phase=traveling backend=baritone target=none navigation_elapsed_ms=139612 navigation_ticks=2792 searching=false path_index=0 path_length=40 retries=6 pending_route_events=0 dropped_route_events=0 status=mining_and_collecting_minecraft:oak_log___0/1
[15:40:18] [Render thread/INFO] (lodekeeper) [Lodekeeper] BREAK target=Mutable{x=-12, y=31, z=112} block=Block{minecraft:stone} tool=minecraft:diamond_pickaxe slot=1 remaining=1220 required=route
[15:40:19] [Render thread/INFO] (lodekeeper) [Lodekeeper] BREAK target=Mutable{x=-13, y=32, z=112} block=Block{minecraft:stone} tool=minecraft:diamond_pickaxe slot=1 remaining=1219 required=route
[15:40:19] [Render thread/INFO] (lodekeeper) [Lodekeeper] BREAK target=Mutable{x=-12, y=32, z=112} block=Block{minecraft:stone} tool=minecraft:diamond_pickaxe slot=1 remaining=1218 required=route
[15:40:20] [Render thread/INFO] (lodekeeper) [Lodekeeper] BREAK target=Mutable{x=-11, y=32, z=112} block=Block{minecraft:stone} tool=minecraft:diamond_pickaxe slot=1 remaining=1217 required=route
[15:40:20] [Render thread/INFO] (lodekeeper) [Lodekeeper] PROGRESS elapsed_ms=618951 phase=traveling backend=baritone target=none navigation_elapsed_ms=141606 navigation_ticks=2832 searching=false path_index=0 path_length=39 retries=6 pending_route_events=0 dropped_route_events=0 status=mining_and_collecting_minecraft:oak_log___0/1
[15:40:21] [Render thread/INFO] (lodekeeper) [Lodekeeper] BREAK target=Mutable{x=-12, y=33, z=112} block=Block{minecraft:stone} tool=minecraft:diamond_pickaxe slot=1 remaining=1216 required=route
[15:40:21] [Render thread/INFO] (lodekeeper) [Lodekeeper] BREAK target=Mutable{x=-11, y=33, z=112} block=Block{minecraft:stone} tool=minecraft:diamond_pickaxe slot=1 remaining=1215 required=route
[15:40:22] [Render thread/INFO] (lodekeeper) [Lodekeeper] BREAK target=Mutable{x=-10, y=33, z=112} block=Block{minecraft:stone} tool=minecraft:diamond_pickaxe slot=1 remaining=1214 required=route
[15:40:22] [Render thread/INFO] (lodekeeper) [Lodekeeper] PROGRESS elapsed_ms=620970 phase=traveling backend=baritone target=none navigation_elapsed_ms=143591 navigation_ticks=2872 searching=false path_index=0 path_length=37 retries=6 pending_route_events=0 dropped_route_events=0 status=mining_and_collecting_minecraft:oak_log___0/1
[15:40:23] [Render thread/INFO] (lodekeeper) [Lodekeeper] BREAK target=Mutable{x=-11, y=34, z=112} block=Block{minecraft:stone} tool=minecraft:diamond_pickaxe slot=1 remaining=1213 required=route
[15:40:23] [Render thread/INFO] (lodekeeper) [Lodekeeper] BREAK target=Mutable{x=-10, y=34, z=112} block=Block{minecraft:stone} tool=minecraft:diamond_pickaxe slot=1 remaining=1212 required=route
[15:40:24] [Render thread/INFO] (lodekeeper) [Lodekeeper] BREAK target=Mutable{x=-9, y=34, z=112} block=Block{minecraft:stone} tool=minecraft:diamond_pickaxe slot=1 remaining=1211 required=route
[15:40:24] [Render thread/INFO] (lodekeeper) [Lodekeeper] PROGRESS elapsed_ms=623016 phase=traveling backend=baritone target=none navigation_elapsed_ms=145808 navigation_ticks=2916 searching=false path_index=0 path_length=36 retries=6 pending_route_events=0 dropped_route_events=0 status=mining_and_collecting_minecraft:oak_log___0/1
[15:40:24] [Render thread/INFO] (lodekeeper) [Lodekeeper] BREAK target=Mutable{x=-10, y=35, z=112} block=Block{minecraft:stone} tool=minecraft:diamond_pickaxe slot=1 remaining=1210 required=route
[15:40:25] [Render thread/INFO] (lodekeeper) [Lodekeeper] BREAK target=Mutable{x=-9, y=35, z=112} block=Block{minecraft:stone} tool=minecraft:diamond_pickaxe slot=1 remaining=1209 required=route
[15:40:26] [Render thread/INFO] (lodekeeper) [Lodekeeper] BREAK target=Mutable{x=-8, y=35, z=112} block=Block{minecraft:stone} tool=minecraft:diamond_pickaxe slot=1 remaining=1208 required=route
[15:40:26] [Render thread/INFO] (lodekeeper) [Lodekeeper] PROGRESS elapsed_ms=625071 phase=traveling backend=baritone target=none navigation_elapsed_ms=147793 navigation_ticks=2956 searching=false path_index=0 path_length=35 retries=6 pending_route_events=0 dropped_route_events=0 status=mining_and_collecting_minecraft:oak_log___0/1
[15:40:26] [Render thread/INFO] (lodekeeper) [Lodekeeper] BREAK target=Mutable{x=-9, y=36, z=112} block=Block{minecraft:stone} tool=minecraft:diamond_pickaxe slot=1 remaining=1207 required=route
[15:40:28] [Render thread/INFO] (lodekeeper) [Lodekeeper] PROGRESS elapsed_ms=627093 phase=traveling backend=baritone target=none navigation_elapsed_ms=149816 navigation_ticks=2996 searching=false path_index=0 path_length=32 retries=6 pending_route_events=0 dropped_route_events=0 status=mining_and_collecting_minecraft:oak_log___0/1
[15:40:29] [Render thread/INFO] (lodekeeper) [Lodekeeper] BREAK target=Mutable{x=-10, y=40, z=115} block=Block{minecraft:granite} tool=minecraft:diamond_pickaxe slot=1 remaining=1206 required=route
[15:40:30] [Render thread/INFO] (lodekeeper) [Lodekeeper] BREAK target=Mutable{x=-10, y=41, z=115} block=Block{minecraft:granite} tool=minecraft:diamond_pickaxe slot=1 remaining=1205 required=route
[15:40:30] [Render thread/INFO] (lodekeeper) [Lodekeeper] PROGRESS elapsed_ms=629112 phase=traveling backend=baritone target=none navigation_elapsed_ms=151801 navigation_ticks=3036 searching=false path_index=0 path_length=30 retries=6 pending_route_events=0 dropped_route_events=0 status=mining_and_collecting_minecraft:oak_log___0/1
[15:40:30] [Render thread/INFO] (lodekeeper) [Lodekeeper] BREAK target=Mutable{x=-10, y=42, z=115} block=Block{minecraft:granite} tool=minecraft:diamond_pickaxe slot=1 remaining=1204 required=route
[15:40:32] [Render thread/INFO] (lodekeeper) [Lodekeeper] PROGRESS elapsed_ms=631120 phase=traveling backend=baritone target=none navigation_elapsed_ms=153811 navigation_ticks=3076 searching=false path_index=0 path_length=24 retries=6 pending_route_events=0 dropped_route_events=0 status=mining_and_collecting_minecraft:oak_log___0/1
[15:40:34] [Render thread/INFO] (lodekeeper) [Lodekeeper] PROGRESS elapsed_ms=633146 phase=traveling backend=baritone target=none navigation_elapsed_ms=155800 navigation_ticks=3116 searching=false path_index=0 path_length=17 retries=6 pending_route_events=0 dropped_route_events=0 status=mining_and_collecting_minecraft:oak_log___0/1
[15:40:35] [Render thread/INFO] (lodekeeper) [Lodekeeper] BREAK target=Mutable{x=5, y=47, z=111} block=Block{minecraft:stone} tool=minecraft:diamond_pickaxe slot=1 remaining=1203 required=route
[15:40:36] [Render thread/INFO] (lodekeeper) [Lodekeeper] BREAK target=Mutable{x=6, y=47, z=111} block=Block{minecraft:stone} tool=minecraft:diamond_pickaxe slot=1 remaining=1202 required=route
[15:40:36] [Render thread/INFO] (lodekeeper) [Lodekeeper] PROGRESS elapsed_ms=635173 phase=traveling backend=baritone target=none navigation_elapsed_ms=157794 navigation_ticks=3156 searching=false path_index=0 path_length=12 retries=6 pending_route_events=0 dropped_route_events=0 status=mining_and_collecting_minecraft:oak_log___0/1
[15:40:36] [Render thread/INFO] (lodekeeper) [Lodekeeper] BREAK target=Mutable{x=6, y=46, z=111} block=Block{minecraft:stone} tool=minecraft:diamond_pickaxe slot=1 remaining=1201 required=route
[15:40:37] [Render thread/INFO] (lodekeeper) [Lodekeeper] NAV backend=baritone mode=MINE event=NEXT_SEGMENT_CALC_STARTED elapsedMs=158546
[15:40:37] [Render thread/INFO] (lodekeeper) [Lodekeeper] ROUTE_SEARCH kind=unknown anchor=unknown feet_y16=0 candidates=0 target=none elapsed_ms=635822
[15:40:37] [Render thread/INFO] (lodekeeper) [Lodekeeper] BREAK target=Mutable{x=6, y=47, z=112} block=Block{minecraft:stone} tool=minecraft:diamond_pickaxe slot=1 remaining=1200 required=route
[15:40:38] [Render thread/INFO] (lodekeeper) [Lodekeeper] BREAK target=Mutable{x=6, y=46, z=112} block=Block{minecraft:stone} tool=minecraft:diamond_pickaxe slot=1 remaining=1199 required=route
[15:40:38] [Render thread/INFO] (lodekeeper) [Lodekeeper] BREAK target=Mutable{x=6, y=47, z=113} block=Block{minecraft:stone} tool=minecraft:diamond_pickaxe slot=1 remaining=1198 required=route
[15:40:38] [Render thread/INFO] (lodekeeper) [Lodekeeper] PROGRESS elapsed_ms=637174 phase=searching backend=baritone target=none navigation_elapsed_ms=159794 navigation_ticks=3196 searching=true path_index=0 path_length=10 retries=6 pending_route_events=0 dropped_route_events=0 status=mining_and_collecting_minecraft:oak_log___0/1___planning_next_route
[15:40:39] [Render thread/INFO] (lodekeeper) [Lodekeeper] ROUTE_TRAVEL path_index=0 path_length=10 target=none elapsed_ms=637412
[15:40:39] [Render thread/INFO] (lodekeeper) [Lodekeeper] NAV backend=baritone mode=MINE event=NEXT_SEGMENT_CALC_FINISHED elapsedMs=160204
[15:40:39] [Render thread/INFO] (lodekeeper) [Lodekeeper] TARGET target=15,71,121 block=minecraft:oak_log
[15:40:39] [Render thread/INFO] (lodekeeper) [Lodekeeper] BREAK target=Mutable{x=6, y=48, z=112} block=Block{minecraft:stone} tool=minecraft:diamond_pickaxe slot=1 remaining=1197 required=route
[15:40:39] [Render thread/INFO] (lodekeeper) [Lodekeeper] BREAK target=Mutable{x=6, y=48, z=113} block=Block{minecraft:stone} tool=minecraft:diamond_pickaxe slot=1 remaining=1196 required=route
[15:40:40] [Render thread/INFO] (lodekeeper) [Lodekeeper] BREAK target=Mutable{x=6, y=48, z=114} block=Block{minecraft:stone} tool=minecraft:diamond_pickaxe slot=1 remaining=1195 required=route
[15:40:40] [Render thread/INFO] (lodekeeper) [Lodekeeper] PROGRESS elapsed_ms=639219 phase=traveling backend=baritone target=15,71,121 block=minecraft:oak_log navigation_elapsed_ms=162011 navigation_ticks=3240 searching=false path_index=0 path_length=42 retries=6 pending_route_events=0 dropped_route_events=0 status=mining_and_collecting_minecraft:oak_log___0/1
[15:40:41] [Render thread/INFO] (lodekeeper) [Lodekeeper] BREAK target=Mutable{x=6, y=49, z=113} block=Block{minecraft:stone} tool=minecraft:diamond_pickaxe slot=1 remaining=1194 required=route
[15:40:41] [Render thread/INFO] (lodekeeper) [Lodekeeper] BREAK target=Mutable{x=6, y=49, z=114} block=Block{minecraft:stone} tool=minecraft:diamond_pickaxe slot=1 remaining=1193 required=route
[15:40:42] [Render thread/INFO] (lodekeeper) [Lodekeeper] BREAK target=Mutable{x=6, y=49, z=115} block=Block{minecraft:stone} tool=minecraft:diamond_pickaxe slot=1 remaining=1192 required=route
[15:40:42] [Render thread/INFO] (lodekeeper) [Lodekeeper] PROGRESS elapsed_ms=641274 phase=traveling backend=baritone target=15,71,121 block=minecraft:oak_log navigation_elapsed_ms=163999 navigation_ticks=3280 searching=false path_index=0 path_length=41 retries=6 pending_route_events=0 dropped_route_events=0 status=mining_and_collecting_minecraft:oak_log___0/1
[15:40:43] [Render thread/INFO] (lodekeeper) [Lodekeeper] BREAK target=Mutable{x=6, y=50, z=114} block=Block{minecraft:stone} tool=minecraft:diamond_pickaxe slot=1 remaining=1191 required=route
[15:40:43] [Render thread/INFO] (lodekeeper) [Lodekeeper] BREAK target=Mutable{x=6, y=50, z=115} block=Block{minecraft:stone} tool=minecraft:diamond_pickaxe slot=1 remaining=1190 required=route
[15:40:44] [Render thread/INFO] (lodekeeper) [Lodekeeper] BREAK target=Mutable{x=6, y=50, z=116} block=Block{minecraft:stone} tool=minecraft:diamond_pickaxe slot=1 remaining=1189 required=route
[15:40:44] [Render thread/INFO] (lodekeeper) [Lodekeeper] PROGRESS elapsed_ms=643325 phase=traveling backend=baritone target=15,71,121 block=minecraft:oak_log navigation_elapsed_ms=166014 navigation_ticks=3320 searching=false path_index=0 path_length=40 retries=6 pending_route_events=0 dropped_route_events=0 status=mining_and_collecting_minecraft:oak_log___0/1
[15:40:45] [Render thread/INFO] (lodekeeper) [Lodekeeper] BREAK target=Mutable{x=6, y=51, z=115} block=Block{minecraft:stone} tool=minecraft:diamond_pickaxe slot=1 remaining=1188 required=route
[15:40:45] [Render thread/INFO] (lodekeeper) [Lodekeeper] BREAK target=Mutable{x=6, y=51, z=116} block=Block{minecraft:stone} tool=minecraft:diamond_pickaxe slot=1 remaining=1187 required=route
[15:40:46] [Render thread/INFO] (lodekeeper) [Lodekeeper] PROGRESS elapsed_ms=645375 phase=traveling backend=baritone target=15,71,121 block=minecraft:oak_log navigation_elapsed_ms=167996 navigation_ticks=3360 searching=false path_index=0 path_length=37 retries=6 pending_route_events=0 dropped_route_events=0 status=mining_and_collecting_minecraft:oak_log___0/1
[15:40:49] [Render thread/INFO] (lodekeeper) [Lodekeeper] PROGRESS elapsed_ms=647421 phase=traveling backend=baritone target=15,71,121 block=minecraft:oak_log navigation_elapsed_ms=170213 navigation_ticks=3404 searching=false path_index=0 path_length=32 retries=6 pending_route_events=0 dropped_route_events=0 status=mining_and_collecting_minecraft:oak_log___0/1
[15:40:49] [Render thread/INFO] (lodekeeper) [Lodekeeper] BREAK target=Mutable{x=12, y=56, z=119} block=Block{minecraft:stone} tool=minecraft:diamond_pickaxe slot=1 remaining=1186 required=route
[15:40:50] [Render thread/INFO] (lodekeeper) [Lodekeeper] BREAK target=Mutable{x=12, y=57, z=119} block=Block{minecraft:stone} tool=minecraft:diamond_pickaxe slot=1 remaining=1185 required=route
[15:40:51] [Render thread/INFO] (lodekeeper) [Lodekeeper] PROGRESS elapsed_ms=649475 phase=traveling backend=baritone target=15,71,121 block=minecraft:oak_log navigation_elapsed_ms=172197 navigation_ticks=3444 searching=false path_index=0 path_length=30 retries=6 pending_route_events=0 dropped_route_events=0 status=mining_and_collecting_minecraft:oak_log___0/1
[15:40:51] [Render thread/INFO] (lodekeeper) [Lodekeeper] BREAK target=Mutable{x=13, y=57, z=119} block=Block{minecraft:stone} tool=minecraft:diamond_pickaxe slot=1 remaining=1184 required=route
[15:40:51] [Render thread/INFO] (lodekeeper) [Lodekeeper] BREAK target=Mutable{x=13, y=58, z=119} block=Block{minecraft:stone} tool=minecraft:diamond_pickaxe slot=1 remaining=1183 required=route
[15:40:52] [Render thread/INFO] (lodekeeper) [Lodekeeper] BREAK target=Mutable{x=13, y=59, z=118} block=Block{minecraft:stone} tool=minecraft:diamond_pickaxe slot=1 remaining=1182 required=route
[15:40:53] [Render thread/INFO] (lodekeeper) [Lodekeeper] PROGRESS elapsed_ms=651497 phase=traveling backend=baritone target=15,71,121 block=minecraft:oak_log navigation_elapsed_ms=174218 navigation_ticks=3484 searching=false path_index=0 path_length=27 retries=6 pending_route_events=0 dropped_route_events=0 status=mining_and_collecting_minecraft:oak_log___0/1
[15:40:53] [Render thread/INFO] (lodekeeper) [Lodekeeper] BREAK target=Mutable{x=14, y=59, z=118} block=Block{minecraft:stone} tool=minecraft:diamond_pickaxe slot=1 remaining=1181 required=route
[15:40:54] [Render thread/INFO] (lodekeeper) [Lodekeeper] BREAK target=Mutable{x=15, y=59, z=118} block=Block{minecraft:stone} tool=minecraft:diamond_pickaxe slot=1 remaining=1180 required=route
[15:40:54] [Render thread/INFO] (lodekeeper) [Lodekeeper] BREAK target=Mutable{x=15, y=60, z=118} block=Block{minecraft:stone} tool=minecraft:diamond_pickaxe slot=1 remaining=1179 required=route
[15:40:55] [Render thread/INFO] (lodekeeper) [Lodekeeper] PROGRESS elapsed_ms=653516 phase=traveling backend=baritone target=15,71,121 block=minecraft:oak_log navigation_elapsed_ms=176204 navigation_ticks=3524 searching=false path_index=0 path_length=26 retries=6 pending_route_events=0 dropped_route_events=0 status=mining_and_collecting_minecraft:oak_log___0/1
[15:40:55] [Render thread/INFO] (lodekeeper) [Lodekeeper] BREAK target=Mutable{x=15, y=61, z=118} block=Block{minecraft:stone} tool=minecraft:diamond_pickaxe slot=1 remaining=1178 required=route
[15:40:57] [Render thread/INFO] (lodekeeper) [Lodekeeper] PROGRESS elapsed_ms=655571 phase=traveling backend=baritone target=15,71,121 block=minecraft:oak_log navigation_elapsed_ms=178186 navigation_ticks=3564 searching=false path_index=0 path_length=22 retries=6 pending_route_events=0 dropped_route_events=0 status=mining_and_collecting_minecraft:oak_log___0/1
[15:40:57] [Render thread/INFO] (lodekeeper) [Lodekeeper] BREAK target=Mutable{x=21, y=61, z=117} block=Block{minecraft:stone} tool=minecraft:diamond_pickaxe slot=1 remaining=1177 required=route
[15:40:58] [Render thread/INFO] (lodekeeper) [Lodekeeper] BREAK target=Mutable{x=21, y=62, z=116} block=Block{minecraft:stone} tool=minecraft:diamond_pickaxe slot=1 remaining=1176 required=route
[15:40:58] [Render thread/INFO] (lodekeeper) [Lodekeeper] BREAK target=Mutable{x=21, y=62, z=117} block=Block{minecraft:stone} tool=minecraft:diamond_pickaxe slot=1 remaining=1175 required=route
[15:40:59] [Render thread/INFO] (lodekeeper) [Lodekeeper] PROGRESS elapsed_ms=657620 phase=traveling backend=baritone target=15,71,121 block=minecraft:oak_log navigation_elapsed_ms=180412 navigation_ticks=3608 searching=false path_index=0 path_length=18 retries=6 pending_route_events=0 dropped_route_events=0 status=mining_and_collecting_minecraft:oak_log___0/1
[15:40:59] [Render thread/INFO] (lodekeeper) [Lodekeeper] BREAK target=Mutable{x=22, y=62, z=117} block=Block{minecraft:stone} tool=minecraft:diamond_pickaxe slot=1 remaining=1174 required=route
[15:41:00] [Render thread/INFO] (lodekeeper) [Lodekeeper] BREAK target=Mutable{x=21, y=63, z=117} block=Block{minecraft:stone} tool=minecraft:diamond_pickaxe slot=1 remaining=1173 required=route
[15:41:00] [Render thread/INFO] (lodekeeper) [Lodekeeper] BREAK target=Mutable{x=22, y=63, z=117} block=Block{minecraft:stone} tool=minecraft:diamond_pickaxe slot=1 remaining=1172 required=route
[15:41:01] [Render thread/INFO] (lodekeeper) [Lodekeeper] PROGRESS elapsed_ms=659669 phase=traveling backend=baritone target=15,71,121 block=minecraft:oak_log navigation_elapsed_ms=182393 navigation_ticks=3648 searching=false path_index=0 path_length=17 retries=6 pending_route_events=0 dropped_route_events=0 status=mining_and_collecting_minecraft:oak_log___0/1
[15:41:01] [Render thread/INFO] (lodekeeper) [Lodekeeper] BREAK target=Mutable{x=22, y=63, z=116} block=Block{minecraft:stone} tool=minecraft:diamond_pickaxe slot=1 remaining=1171 required=route
[15:41:02] [Render thread/INFO] (lodekeeper) [Lodekeeper] BREAK target=Mutable{x=22, y=64, z=117} block=Block{minecraft:stone} tool=minecraft:diamond_pickaxe slot=1 remaining=1170 required=route
[15:41:03] [Render thread/INFO] (lodekeeper) [Lodekeeper] PROGRESS elapsed_ms=661723 phase=traveling backend=baritone target=15,71,121 block=minecraft:oak_log navigation_elapsed_ms=184413 navigation_ticks=3688 searching=false path_index=0 path_length=15 retries=6 pending_route_events=0 dropped_route_events=0 status=mining_and_collecting_minecraft:oak_log___0/1
[15:41:05] [Render thread/INFO] (lodekeeper) [Lodekeeper] TARGET target=none
[15:41:05] [Render thread/INFO] (lodekeeper) [Lodekeeper] NAV backend=baritone mode=IDLE event=CANCELED elapsedMs=186222
[15:41:05] [Render thread/INFO] (lodekeeper) [Lodekeeper] NAV backend=baritone mode=IDLE event=CANCELED elapsedMs=186222
[15:41:05] [Render thread/INFO] (lodekeeper) [Lodekeeper] NAV backend=baritone mode=IDLE event=CANCELED elapsedMs=186253
[15:41:05] [Render thread/INFO] (lodekeeper) [Lodekeeper] NAV backend=baritone mode=IDLE event=CANCELED elapsedMs=186286
[15:41:05] [Render thread/INFO] (lodekeeper) [Lodekeeper] NAV backend=baritone mode=IDLE event=CANCELED elapsedMs=186355
[15:41:05] [Render thread/INFO] (lodekeeper) [Lodekeeper] NAV backend=baritone mode=IDLE event=CANCELED elapsedMs=186389
[15:41:05] [Render thread/INFO] (lodekeeper) [Lodekeeper] NAV backend=baritone mode=IDLE event=CANCELED elapsedMs=186457
[15:41:05] [Render thread/INFO] (lodekeeper) [Lodekeeper] NAV backend=baritone mode=IDLE event=CANCELED elapsedMs=186492
[15:41:05] [Render thread/INFO] (lodekeeper) [Lodekeeper] PROGRESS elapsed_ms=663767 phase=working backend=baritone target=none navigation_elapsed_ms=0 navigation_ticks=0 searching=false path_index=0 path_length=0 retries=0 pending_route_events=0 dropped_route_events=0 status=finishing_movement_before_inventory_actions
[15:41:05] [Render thread/INFO] (lodekeeper) [Lodekeeper] NAV backend=baritone mode=IDLE event=CANCELED elapsedMs=186560
[15:41:05] [Render thread/INFO] (lodekeeper) [Lodekeeper] NAV backend=baritone mode=IDLE event=CANCELED elapsedMs=186593
[15:41:05] [Render thread/INFO] (lodekeeper) [Lodekeeper] NAV backend=baritone mode=IDLE event=CANCELED elapsedMs=186661
[15:41:05] [Render thread/INFO] (lodekeeper) [Lodekeeper] STATION_POLICY decision=replace_distant station=minecraft:furnace position=BlockPos{x=-25, y=54, z=89}
[15:41:05] [lodekeeper-planner/INFO] (lodekeeper) [Lodekeeper] PROJECT_MATERIALS project=gear_diamond before=[gather:minecraft:dark_oak_log:1] after=[gather:minecraft:dark_oak_log:1]
[15:41:05] [lodekeeper-planner/INFO] (lodekeeper) [Lodekeeper] PLAN project=gear_diamond success=true steps=13 branches=53 elapsedMs=3.173442
[15:41:05] [Render thread/INFO] (lodekeeper) [Lodekeeper] STEP kind=GATHER source=gather:minecraft:dark_oak_log output=minecraft:dark_oak_log count=1 operations=1 auxiliary=false
[15:41:05] [Render thread/INFO] (lodekeeper) [Lodekeeper] MINING_DEPTH policy=NEAREST desiredY=-2147483648 ceiling=2031 deficit=1 phase=MINE blocks=[Block{minecraft:dark_oak_log}]
[15:41:05] [Render thread/INFO] (lodekeeper) [Lodekeeper] BREAK target=Mutable{x=23, y=73, z=116} block=Block{minecraft:dark_oak_log} tool=minecraft:crafting_table slot=0 remaining=-1 required=route
[15:41:07] [Render thread/INFO] (lodekeeper) [Lodekeeper] PROGRESS elapsed_ms=665812 phase=gathering backend=baritone target=none navigation_elapsed_ms=1769 navigation_ticks=36 searching=false path_index=0 path_length=0 retries=0 pending_route_events=0 dropped_route_events=0 status=mining_and_collecting_minecraft:dark_oak_log___0/1
[15:41:08] [Render thread/INFO] (lodekeeper) [Lodekeeper] NAV backend=baritone mode=MINE event=CALC_STARTED elapsedMs=3140
[15:41:08] [Render thread/INFO] (lodekeeper) [Lodekeeper] NAV calcTool=minecraft:crafting_table slot=0
[15:41:08] [Render thread/INFO] (lodekeeper) [Lodekeeper] TARGET target=21,73,116 block=minecraft:dark_oak_log
[15:41:08] [Render thread/INFO] (lodekeeper) [Lodekeeper] NAV backend=baritone mode=MINE event=CALC_FINISHED_NOW_EXECUTING elapsedMs=3176
[15:41:09] [Render thread/INFO] (lodekeeper) [Lodekeeper] BREAK target=Mutable{x=22, y=69, z=116} block=Block{minecraft:grass_block} tool=minecraft:crafting_table slot=0 remaining=-1 required=route
[15:41:09] [Render thread/INFO] (lodekeeper) [Lodekeeper] BREAK target=Mutable{x=23, y=74, z=116} block=Block{minecraft:dark_oak_log} tool=minecraft:crafting_table slot=0 remaining=-1 required=route
[15:41:09] [Render thread/INFO] (lodekeeper) [Lodekeeper] PROGRESS elapsed_ms=667816 phase=traveling backend=baritone target=21,73,116 block=minecraft:dark_oak_log navigation_elapsed_ms=3773 navigation_ticks=76 searching=false path_index=0 path_length=4 retries=0 pending_route_events=0 dropped_route_events=0 status=mining_and_collecting_minecraft:dark_oak_log___0/1
[15:41:09] [Render thread/INFO] (lodekeeper) [Lodekeeper] TARGET target=none
[15:41:09] [Render thread/INFO] (lodekeeper) [Lodekeeper] STATION_POLICY decision=replace_distant station=minecraft:furnace position=BlockPos{x=-25, y=54, z=89}
[15:41:09] [lodekeeper-planner/INFO] (lodekeeper) [Lodekeeper] PROJECT_MATERIALS project=gear_diamond before=[] after=[]
[15:41:09] [lodekeeper-planner/INFO] (lodekeeper) [Lodekeeper] PLAN project=gear_diamond success=true steps=12 branches=50 elapsedMs=0.86081
[15:41:09] [Render thread/INFO] (lodekeeper) [Lodekeeper] STEP kind=CRAFT source=minecraft:dark_oak_planks output=minecraft:dark_oak_planks count=4 operations=1 auxiliary=false
[15:41:11] [Render thread/INFO] (lodekeeper) [Lodekeeper] STATION_POLICY decision=replace_distant station=minecraft:furnace position=BlockPos{x=-25, y=54, z=89}
[15:41:11] [lodekeeper-planner/INFO] (lodekeeper) [Lodekeeper] PROJECT_MATERIALS project=gear_diamond before=[] after=[]
[15:41:11] [lodekeeper-planner/INFO] (lodekeeper) [Lodekeeper] PLAN project=gear_diamond success=true steps=11 branches=45 elapsedMs=0.87913
[15:41:11] [Render thread/INFO] (lodekeeper) [Lodekeeper] STEP kind=CRAFT source=minecraft:stick output=minecraft:stick count=4 operations=1 auxiliary=false
[15:41:11] [Render thread/INFO] (lodekeeper) [Lodekeeper] PROGRESS elapsed_ms=669862 phase=crafting backend=baritone target=none navigation_elapsed_ms=0 navigation_ticks=0 searching=false path_index=0 path_length=0 retries=0 pending_route_events=0 dropped_route_events=0 status=CRAFT_minecraft:stick
[15:41:12] [Render thread/INFO] (lodekeeper) [Lodekeeper] STATION_POLICY decision=replace_distant station=minecraft:furnace position=BlockPos{x=-25, y=54, z=89}
[15:41:12] [lodekeeper-planner/INFO] (lodekeeper) [Lodekeeper] PROJECT_MATERIALS project=gear_diamond before=[] after=[]
[15:41:12] [lodekeeper-planner/INFO] (lodekeeper) [Lodekeeper] PLAN project=gear_diamond success=true steps=10 branches=41 elapsedMs=0.661863
[15:41:12] [Render thread/INFO] (lodekeeper) [Lodekeeper] STEP kind=PLACE_STATION source=place:minecraft:crafting_table output=null count=0 operations=1 auxiliary=false
[15:41:12] [Render thread/INFO] (lodekeeper) [Lodekeeper] TARGET target=22,70,116 block=minecraft:crafting_table
[15:41:12] [Render thread/INFO] (lodekeeper) [Lodekeeper] STATION_POLICY decision=replace_distant station=minecraft:furnace position=BlockPos{x=-25, y=54, z=89}
[15:41:12] [Render thread/INFO] (lodekeeper) [Lodekeeper] TARGET target=none
[15:41:12] [lodekeeper-planner/INFO] (lodekeeper) [Lodekeeper] PROJECT_MATERIALS project=gear_diamond before=[] after=[]
[15:41:12] [lodekeeper-planner/INFO] (lodekeeper) [Lodekeeper] PLAN project=gear_diamond success=true steps=9 branches=40 elapsedMs=0.706495
[15:41:13] [Render thread/INFO] (lodekeeper) [Lodekeeper] STEP kind=CRAFT source=minecraft:diamond_axe output=minecraft:diamond_axe count=1 operations=1 auxiliary=false
[15:41:13] [Render thread/INFO] (lodekeeper) [Lodekeeper] PROGRESS elapsed_ms=671914 phase=crafting backend=baritone target=none navigation_elapsed_ms=0 navigation_ticks=0 searching=false path_index=0 path_length=0 retries=0 pending_route_events=0 dropped_route_events=0 status=CRAFT_minecraft:diamond_axe
[15:41:15] [Render thread/INFO] (lodekeeper) [Lodekeeper] PROGRESS elapsed_ms=673966 phase=crafting backend=baritone target=none navigation_elapsed_ms=0 navigation_ticks=0 searching=false path_index=0 path_length=0 retries=0 pending_route_events=0 dropped_route_events=0 status=CRAFT_minecraft:diamond_axe
[15:41:17] [Render thread/INFO] (lodekeeper) [Lodekeeper] STATION_POLICY decision=replace_distant station=minecraft:furnace position=BlockPos{x=-25, y=54, z=89}
[15:41:17] [lodekeeper-planner/INFO] (lodekeeper) [Lodekeeper] PROJECT_MATERIALS project=gear_diamond before=[] after=[]
[15:41:17] [lodekeeper-planner/INFO] (lodekeeper) [Lodekeeper] PLAN project=gear_diamond success=true steps=8 branches=35 elapsedMs=0.948441
[15:41:17] [Render thread/INFO] (lodekeeper) [Lodekeeper] FOOD_PURSUIT event=start target=4c344cff-78c1-4506-ab50-1b46c17abae6 routes=1 failedRoutes=0 attacks=0 health=10.0 closestBoxDistance=30.88 elapsedMs=0
[15:41:17] [Render thread/INFO] (lodekeeper) [Lodekeeper] NAV backend=baritone mode=FOLLOW event=CALC_STARTED elapsedMs=0
[15:41:17] [Render thread/INFO] (lodekeeper) [Lodekeeper] NAV calcTool=minecraft:stone_pickaxe slot=7
[15:41:17] [Render thread/INFO] (lodekeeper) [Lodekeeper] NAV backend=baritone mode=FOLLOW event=CALC_FINISHED_NOW_EXECUTING elapsedMs=33
[15:41:17] [Render thread/INFO] (lodekeeper) [Lodekeeper] PROGRESS elapsed_ms=676023 phase=traveling backend=baritone target=none navigation_elapsed_ms=410 navigation_ticks=8 searching=false path_index=0 path_length=27 retries=0 pending_route_events=0 dropped_route_events=0 status=pursuing_cow__1_
[15:41:19] [Render thread/INFO] (lodekeeper) [Lodekeeper] PROGRESS elapsed_ms=678063 phase=traveling backend=baritone target=none navigation_elapsed_ms=2382 navigation_ticks=48 searching=false path_index=0 path_length=22 retries=0 pending_route_events=0 dropped_route_events=0 status=pursuing_cow__1_
[15:41:21] [Render thread/INFO] (lodekeeper) [Lodekeeper] PROGRESS elapsed_ms=680118 phase=traveling backend=baritone target=none navigation_elapsed_ms=4606 navigation_ticks=92 searching=false path_index=0 path_length=14 retries=0 pending_route_events=0 dropped_route_events=0 status=pursuing_cow__1_
[15:41:23] [Render thread/INFO] (lodekeeper) [Lodekeeper] PROGRESS elapsed_ms=682164 phase=traveling backend=baritone target=none navigation_elapsed_ms=6583 navigation_ticks=132 searching=false path_index=0 path_length=7 retries=0 pending_route_events=0 dropped_route_events=0 status=pursuing_cow__1_
[15:41:23] [Render thread/INFO] (lodekeeper) [Lodekeeper] FOOD_PURSUIT event=abort target=4c344cff-78c1-4506-ab50-1b46c17abae6 routes=1 failedRoutes=0 attacks=0 health=10.0 closestBoxDistance=5.7 elapsedMs=6788
[15:41:23] [Render thread/INFO] (Minecraft) [System] [CHAT] [Lodekeeper] Food acquisition is replanning: passive food action failed: tracked animal changed or became unsafe before attack; movement cancellation remains pending
[15:41:23] [Render thread/INFO] (lodekeeper) [Lodekeeper] NAV backend=baritone mode=IDLE event=CANCELED elapsedMs=6791
[15:41:23] [Render thread/INFO] (lodekeeper) [Lodekeeper] NAV backend=baritone mode=IDLE event=CANCELED elapsedMs=6791
[15:41:23] [lodekeeper-planner/INFO] (lodekeeper) [Lodekeeper] PROJECT_MATERIALS project=gear_diamond before=[] after=[]
[15:41:23] [lodekeeper-planner/INFO] (lodekeeper) [Lodekeeper] PLAN project=gear_diamond success=true steps=8 branches=35 elapsedMs=0.643713
[15:41:23] [Render thread/INFO] (lodekeeper) [Lodekeeper] NAV backend=baritone mode=IDLE event=CANCELED elapsedMs=6856
[15:41:23] [Render thread/INFO] (lodekeeper) [Lodekeeper] NAV backend=baritone mode=IDLE event=CANCELED elapsedMs=6891
[15:41:24] [Render thread/INFO] (lodekeeper) [Lodekeeper] NAV backend=baritone mode=IDLE event=CANCELED elapsedMs=6958
[15:41:24] [Render thread/INFO] (lodekeeper) [Lodekeeper] NAV backend=baritone mode=IDLE event=CANCELED elapsedMs=6993
[15:41:24] [Render thread/INFO] (lodekeeper) [Lodekeeper] NAV backend=baritone mode=IDLE event=CANCELED elapsedMs=7061
[15:41:24] [Render thread/INFO] (lodekeeper) [Lodekeeper] NAV backend=baritone mode=IDLE event=CANCELED elapsedMs=7095
[15:41:24] [Render thread/INFO] (lodekeeper) [Lodekeeper] NAV backend=baritone mode=IDLE event=CANCELED elapsedMs=7164
[15:41:24] [Render thread/INFO] (lodekeeper) [Lodekeeper] NAV backend=baritone mode=IDLE event=CANCELED elapsedMs=7197
[15:41:24] [Render thread/INFO] (lodekeeper) [Lodekeeper] NAV backend=baritone mode=IDLE event=CANCELED elapsedMs=7232
[15:41:24] [Render thread/INFO] (lodekeeper) [Lodekeeper] NAV backend=baritone mode=IDLE event=CANCELED elapsedMs=7301
[15:41:24] [Render thread/INFO] (lodekeeper) [Lodekeeper] STEP kind=CRAFT source=minecraft:diamond_boots output=minecraft:diamond_boots count=1 operations=1 auxiliary=false
[15:41:24] [Render thread/INFO] (lodekeeper) [Lodekeeper] NAV backend=baritone mode=MOVE event=CALC_STARTED elapsedMs=0
[15:41:24] [Render thread/INFO] (lodekeeper) [Lodekeeper] NAV calcTool=minecraft:cobblestone slot=5
[15:41:24] [Render thread/INFO] (lodekeeper) [Lodekeeper] NAV backend=baritone mode=MOVE event=CALC_FINISHED_NOW_EXECUTING elapsedMs=63
[15:41:25] [Render thread/INFO] (lodekeeper) [Lodekeeper] PROGRESS elapsed_ms=684213 phase=traveling backend=baritone target=none navigation_elapsed_ms=1189 navigation_ticks=24 searching=false path_index=0 path_length=16 retries=0 pending_route_events=0 dropped_route_events=0 status=following_route
[15:41:27] [Render thread/INFO] (lodekeeper) [Lodekeeper] PROGRESS elapsed_ms=686266 phase=traveling backend=baritone target=none navigation_elapsed_ms=3412 navigation_ticks=68 searching=false path_index=0 path_length=8 retries=0 pending_route_events=0 dropped_route_events=0 status=following_route
[15:41:29] [Render thread/INFO] (lodekeeper) [Lodekeeper] NAV backend=baritone mode=IDLE event=CANCELED elapsedMs=5052
[15:41:29] [Render thread/INFO] (lodekeeper) [Lodekeeper] NAV backend=baritone mode=IDLE event=CANCELED elapsedMs=5053
[15:41:29] [Render thread/INFO] (lodekeeper) [Lodekeeper] NAV backend=baritone mode=IDLE event=CANCELED elapsedMs=5121
[15:41:29] [Render thread/INFO] (lodekeeper) [Lodekeeper] NAV backend=baritone mode=IDLE event=CANCELED elapsedMs=5155
[15:41:29] [Render thread/INFO] (lodekeeper) [Lodekeeper] NAV backend=baritone mode=IDLE event=CANCELED elapsedMs=5191
[15:41:29] [Render thread/INFO] (lodekeeper) [Lodekeeper] PROGRESS elapsed_ms=688318 phase=working backend=baritone target=none navigation_elapsed_ms=0 navigation_ticks=0 searching=false path_index=0 path_length=0 retries=0 pending_route_events=0 dropped_route_events=0 status=following_route
[15:41:31] [Render thread/INFO] (lodekeeper) [Lodekeeper] PROGRESS elapsed_ms=690363 phase=working backend=baritone target=none navigation_elapsed_ms=0 navigation_ticks=0 searching=false path_index=0 path_length=0 retries=0 pending_route_events=0 dropped_route_events=0 status=following_route
[15:41:33] [Render thread/INFO] (lodekeeper) [Lodekeeper] STATION_POLICY decision=replace_distant station=minecraft:furnace position=BlockPos{x=-25, y=54, z=89}
[15:41:33] [lodekeeper-planner/INFO] (lodekeeper) [Lodekeeper] PROJECT_MATERIALS project=gear_diamond before=[] after=[]
[15:41:33] [lodekeeper-planner/INFO] (lodekeeper) [Lodekeeper] PLAN project=gear_diamond success=true steps=7 branches=31 elapsedMs=0.676336
[15:41:33] [Render thread/INFO] (lodekeeper) [Lodekeeper] STEP kind=CRAFT source=minecraft:diamond_chestplate output=minecraft:diamond_chestplate count=1 operations=1 auxiliary=false
[15:41:34] [Render thread/INFO] (lodekeeper) [Lodekeeper] PROGRESS elapsed_ms=692413 phase=crafting backend=baritone target=none navigation_elapsed_ms=0 navigation_ticks=0 searching=false path_index=0 path_length=0 retries=0 pending_route_events=0 dropped_route_events=0 status=CRAFT_minecraft:diamond_chestplate
[15:41:36] [Render thread/INFO] (lodekeeper) [Lodekeeper] PROGRESS elapsed_ms=694425 phase=crafting backend=baritone target=none navigation_elapsed_ms=0 navigation_ticks=0 searching=false path_index=0 path_length=0 retries=0 pending_route_events=0 dropped_route_events=0 status=CRAFT_minecraft:diamond_chestplate
[15:41:38] [Render thread/INFO] (lodekeeper) [Lodekeeper] PROGRESS elapsed_ms=696474 phase=crafting backend=baritone target=none navigation_elapsed_ms=0 navigation_ticks=0 searching=false path_index=0 path_length=0 retries=0 pending_route_events=0 dropped_route_events=0 status=CRAFT_minecraft:diamond_chestplate
[15:41:39] [Render thread/INFO] (lodekeeper) [Lodekeeper] STATION_POLICY decision=replace_distant station=minecraft:furnace position=BlockPos{x=-25, y=54, z=89}
[15:41:39] [lodekeeper-planner/INFO] (lodekeeper) [Lodekeeper] PROJECT_MATERIALS project=gear_diamond before=[] after=[]
[15:41:39] [lodekeeper-planner/INFO] (lodekeeper) [Lodekeeper] PLAN project=gear_diamond success=true steps=6 branches=27 elapsedMs=0.589051
[15:41:39] [Render thread/INFO] (lodekeeper) [Lodekeeper] STEP kind=CRAFT source=minecraft:diamond_helmet output=minecraft:diamond_helmet count=1 operations=1 auxiliary=false
[15:41:40] [Render thread/INFO] (lodekeeper) [Lodekeeper] PROGRESS elapsed_ms=698494 phase=crafting backend=baritone target=none navigation_elapsed_ms=0 navigation_ticks=0 searching=false path_index=0 path_length=0 retries=0 pending_route_events=0 dropped_route_events=0 status=CRAFT_minecraft:diamond_helmet
[15:41:42] [Render thread/INFO] (lodekeeper) [Lodekeeper] PROGRESS elapsed_ms=700515 phase=crafting backend=baritone target=none navigation_elapsed_ms=0 navigation_ticks=0 searching=false path_index=0 path_length=0 retries=0 pending_route_events=0 dropped_route_events=0 status=CRAFT_minecraft:diamond_helmet
[15:41:43] [Render thread/INFO] (lodekeeper) [Lodekeeper] STATION_POLICY decision=replace_distant station=minecraft:furnace position=BlockPos{x=-25, y=54, z=89}
[15:41:43] [lodekeeper-planner/INFO] (lodekeeper) [Lodekeeper] PROJECT_MATERIALS project=gear_diamond before=[] after=[]
[15:41:43] [lodekeeper-planner/INFO] (lodekeeper) [Lodekeeper] PLAN project=gear_diamond success=true steps=5 branches=23 elapsedMs=0.726354
[15:41:43] [Render thread/INFO] (lodekeeper) [Lodekeeper] STEP kind=CRAFT source=minecraft:diamond_hoe output=minecraft:diamond_hoe count=1 operations=1 auxiliary=false
[15:41:44] [Render thread/INFO] (lodekeeper) [Lodekeeper] PROGRESS elapsed_ms=702562 phase=crafting backend=baritone target=none navigation_elapsed_ms=0 navigation_ticks=0 searching=false path_index=0 path_length=0 retries=0 pending_route_events=0 dropped_route_events=0 status=CRAFT_minecraft:diamond_hoe
[15:41:46] [Render thread/INFO] (lodekeeper) [Lodekeeper] PROGRESS elapsed_ms=704568 phase=crafting backend=baritone target=none navigation_elapsed_ms=0 navigation_ticks=0 searching=false path_index=0 path_length=0 retries=0 pending_route_events=0 dropped_route_events=0 status=CRAFT_minecraft:diamond_hoe
[15:41:46] [Render thread/INFO] (lodekeeper) [Lodekeeper] STATION_POLICY decision=replace_distant station=minecraft:furnace position=BlockPos{x=-25, y=54, z=89}
[15:41:46] [lodekeeper-planner/INFO] (lodekeeper) [Lodekeeper] PROJECT_MATERIALS project=gear_diamond before=[] after=[]
[15:41:46] [lodekeeper-planner/INFO] (lodekeeper) [Lodekeeper] PLAN project=gear_diamond success=true steps=4 branches=18 elapsedMs=0.600283
[15:41:46] [Render thread/INFO] (lodekeeper) [Lodekeeper] STEP kind=CRAFT source=minecraft:diamond_leggings output=minecraft:diamond_leggings count=1 operations=1 auxiliary=false
[15:41:48] [Render thread/INFO] (lodekeeper) [Lodekeeper] PROGRESS elapsed_ms=706619 phase=crafting backend=baritone target=none navigation_elapsed_ms=0 navigation_ticks=0 searching=false path_index=0 path_length=0 retries=0 pending_route_events=0 dropped_route_events=0 status=CRAFT_minecraft:diamond_leggings
[15:41:50] [Render thread/INFO] (lodekeeper) [Lodekeeper] PROGRESS elapsed_ms=708670 phase=crafting backend=baritone target=none navigation_elapsed_ms=0 navigation_ticks=0 searching=false path_index=0 path_length=0 retries=0 pending_route_events=0 dropped_route_events=0 status=CRAFT_minecraft:diamond_leggings
[15:41:52] [Render thread/INFO] (lodekeeper) [Lodekeeper] PROGRESS elapsed_ms=710728 phase=waiting backend=baritone target=none navigation_elapsed_ms=0 navigation_ticks=0 searching=false path_index=0 path_length=0 retries=0 pending_route_events=0 dropped_route_events=0 status=waiting_for_armor_quick-move_receipt
[15:41:52] [Render thread/INFO] (lodekeeper) [Lodekeeper] STATION_POLICY decision=replace_distant station=minecraft:furnace position=BlockPos{x=-25, y=54, z=89}
[15:41:52] [lodekeeper-planner/INFO] (lodekeeper) [Lodekeeper] PROJECT_MATERIALS project=gear_diamond before=[] after=[]
[15:41:52] [lodekeeper-planner/INFO] (lodekeeper) [Lodekeeper] PLAN project=gear_diamond success=true steps=3 branches=14 elapsedMs=0.522794
[15:41:52] [Render thread/INFO] (lodekeeper) [Lodekeeper] STEP kind=CRAFT source=minecraft:stick output=minecraft:stick count=4 operations=1 auxiliary=false
[15:41:54] [Render thread/INFO] (lodekeeper) [Lodekeeper] STATION_POLICY decision=replace_distant station=minecraft:furnace position=BlockPos{x=-25, y=54, z=89}
[15:41:54] [lodekeeper-planner/INFO] (lodekeeper) [Lodekeeper] PROJECT_MATERIALS project=gear_diamond before=[] after=[]
[15:41:54] [lodekeeper-planner/INFO] (lodekeeper) [Lodekeeper] PLAN project=gear_diamond success=true steps=2 branches=10 elapsedMs=0.390422
[15:41:54] [Render thread/INFO] (lodekeeper) [Lodekeeper] STEP kind=CRAFT source=minecraft:diamond_shovel output=minecraft:diamond_shovel count=1 operations=1 auxiliary=false
[15:41:54] [Render thread/INFO] (lodekeeper) [Lodekeeper] PROGRESS elapsed_ms=712775 phase=crafting backend=baritone target=none navigation_elapsed_ms=0 navigation_ticks=0 searching=false path_index=0 path_length=0 retries=0 pending_route_events=0 dropped_route_events=0 status=CRAFT_minecraft:diamond_shovel
[15:41:56] [Render thread/INFO] (lodekeeper) [Lodekeeper] PROGRESS elapsed_ms=714819 phase=crafting backend=baritone target=none navigation_elapsed_ms=0 navigation_ticks=0 searching=false path_index=0 path_length=0 retries=0 pending_route_events=0 dropped_route_events=0 status=CRAFT_minecraft:diamond_shovel
[15:41:56] [Render thread/INFO] (lodekeeper) [Lodekeeper] STATION_POLICY decision=replace_distant station=minecraft:furnace position=BlockPos{x=-25, y=54, z=89}
[15:41:56] [lodekeeper-planner/INFO] (lodekeeper) [Lodekeeper] PROJECT_MATERIALS project=gear_diamond before=[] after=[]
[15:41:56] [lodekeeper-planner/INFO] (lodekeeper) [Lodekeeper] PLAN project=gear_diamond success=true steps=1 branches=5 elapsedMs=0.455139
[15:41:56] [Render thread/INFO] (lodekeeper) [Lodekeeper] STEP kind=CRAFT source=minecraft:diamond_sword output=minecraft:diamond_sword count=1 operations=1 auxiliary=false
[15:41:58] [Render thread/INFO] (lodekeeper) [Lodekeeper] PROGRESS elapsed_ms=716872 phase=crafting backend=baritone target=none navigation_elapsed_ms=0 navigation_ticks=0 searching=false path_index=0 path_length=0 retries=0 pending_route_events=0 dropped_route_events=0 status=CRAFT_minecraft:diamond_sword
[15:41:59] [Render thread/INFO] (Minecraft) [System] [CHAT] [Lodekeeper] Project complete: gear_diamond (all 9 inventory targets are present)
[15:41:59] [Render thread/INFO] (lodekeeper) [Lodekeeper] task_end reason=idle label=gear_diamond___diamond_pickaxe elapsed_ms=717967 pending_route_events=0 dropped_route_events=0 status=idle
[15:42:00] [Render thread/INFO] (Minecraft) [STDOUT]: [Lodekeeper natural verification] passed; evidence: /private/tmp/lodekeeper-preview10-hunt-fixed-natural-1211/run/verification/evidence
