[13:47:11] [Render thread/INFO] (Minecraft) [STDOUT]: [Lodekeeper natural verification] Starting gear_diamond in a normal survival world; evidence under /private/tmp/lodekeeper-8efb9c9-natural-diamond-1211/run/verification/evidence
[13:47:11] [Render thread/INFO] (lodekeeper) [Lodekeeper] INIT mod=0.1.0-preview.9 minecraft=1.21.1
[13:47:42] [Render thread/INFO] (Minecraft) [STDOUT]: [Lodekeeper verification] catalog recipes=992, sources=1314, rejected=288, samples=[minecraft:andesite_slab_from_andesite_stonecutting (minecraft:stonecutting), minecraft:andesite_stairs_from_andesite_stonecutting (minecraft:stonecutting), minecraft:andesite_wall_from_andesite_stonecutting (minecraft:stonecutting)]
[13:47:42] [Render thread/INFO] (Minecraft) [System] [CHAT] [Lodekeeper] Queued project gear_diamond (9 inventory targets; A full diamond tool and armor set (35 diamonds in recipes).)
[13:47:42] [Render thread/INFO] (Minecraft) [STDOUT]: [Lodekeeper natural verification] Sent !lk project gear_diamond at server tick 98
[13:47:42] [Render thread/INFO] (lodekeeper) [Lodekeeper] BEGIN label=gear_diamond___diamond_pickaxe goal=1 inventory=0 startfeet=6,72,23 elapsed_ms=0 continued=false
[13:47:43] [lodekeeper-planner/INFO] (lodekeeper) [Lodekeeper] PLAN project=gear_diamond success=false steps=0 branches=68 elapsedMs=21.497331
[13:47:43] [lodekeeper-planner/INFO] (lodekeeper) [Lodekeeper] PROJECT_MATERIALS project=gear_diamond before=[gather:minecraft:birch_log:1, gather:minecraft:birch_log:1, gather:minecraft:birch_log:1, gather:minecraft:stone:3, gather:minecraft:iron_ore:3, gather:minecraft:stone:8, gather:minecraft:birch_log:1, gather:minecraft:diamond_ore:3, gather:minecraft:diamond_ore:3, gather:minecraft:diamond_ore:4, gather:minecraft:diamond_ore:8, gather:minecraft:diamond_ore:5, gather:minecraft:diamond_ore:2, gather:minecraft:diamond_ore:7, gather:minecraft:diamond_ore:1, gather:minecraft:acacia_log:1, gather:minecraft:diamond_ore:2] after=[gather:minecraft:birch_log:1, gather:minecraft:birch_log:1, gather:minecraft:birch_log:1, gather:minecraft:stone:3, gather:minecraft:iron_ore:3, gather:minecraft:stone:8, gather:minecraft:birch_log:1, gather:minecraft:diamond_ore:3, gather:minecraft:diamond_ore:3, gather:minecraft:diamond_ore:4, gather:minecraft:diamond_ore:8, gather:minecraft:diamond_ore:5, gather:minecraft:diamond_ore:2, gather:minecraft:diamond_ore:7, gather:minecraft:diamond_ore:1, gather:minecraft:birch_log:1, gather:minecraft:diamond_ore:2]
[13:47:43] [lodekeeper-planner/INFO] (lodekeeper) [Lodekeeper] PLAN project=gear_diamond success=true steps=43 branches=424 elapsedMs=28.411132
[13:47:43] [Render thread/INFO] (lodekeeper) [Lodekeeper] STEP kind=GATHER source=gather:minecraft:birch_log output=minecraft:birch_log count=5 operations=5 auxiliary=false
[13:47:44] [Render thread/INFO] (lodekeeper) [Lodekeeper] NAV scan=native-mine durationNanos=559368699 hits=-1 requestTicks=0
[13:47:44] [Render thread/INFO] (lodekeeper) [Lodekeeper] NAV backend=baritone mode=MINE event=CALC_STARTED elapsedMs=572
[13:47:44] [Render thread/INFO] (lodekeeper) [Lodekeeper] NAV calcTool=minecraft:air slot=0
[13:47:44] [Render thread/INFO] (lodekeeper) [Lodekeeper] ROUTE_SEARCH kind=unknown anchor=unknown feet_y16=0 candidates=0 target=none elapsed_ms=1087
[13:47:44] [Render thread/INFO] (lodekeeper) [Lodekeeper] NAV backend=baritone mode=MINE event=CALC_FINISHED_NOW_EXECUTING elapsedMs=820
[13:47:44] [Render thread/INFO] (lodekeeper) [Lodekeeper] TARGET target=1,72,18 block=minecraft:birch_log
[13:47:44] [Render thread/INFO] (lodekeeper) [Lodekeeper] ROUTE_TRAVEL path_index=0 path_length=9 target=1,72,18 block=minecraft:birch_log elapsed_ms=1350
[13:47:45] [Render thread/INFO] (lodekeeper) [Lodekeeper] PROGRESS elapsed_ms=2016 phase=traveling backend=baritone target=1,72,18 block=minecraft:birch_log navigation_elapsed_ms=1453 navigation_ticks=28 searching=false path_index=0 path_length=6 retries=0 pending_route_events=0 dropped_route_events=0 status=mining_and_collecting_minecraft:birch_log___0/5
[13:47:46] [Render thread/INFO] (lodekeeper) [Lodekeeper] BREAK target=Mutable{x=1, y=71, z=18} block=Block{minecraft:birch_log} tool=minecraft:air slot=0 remaining=-1 required=route
[13:47:47] [Render thread/INFO] (lodekeeper) [Lodekeeper] PROGRESS elapsed_ms=4063 phase=traveling backend=baritone target=1,72,18 block=minecraft:birch_log navigation_elapsed_ms=3466 navigation_ticks=68 searching=false path_index=0 path_length=2 retries=0 pending_route_events=0 dropped_route_events=0 status=mining_and_collecting_minecraft:birch_log___0/5
[13:47:49] [Render thread/INFO] (lodekeeper) [Lodekeeper] PROGRESS elapsed_ms=6064 phase=traveling backend=baritone target=1,72,18 block=minecraft:birch_log navigation_elapsed_ms=5467 navigation_ticks=108 searching=false path_index=0 path_length=2 retries=0 pending_route_events=0 dropped_route_events=0 status=mining_and_collecting_minecraft:birch_log___0/5
[13:47:49] [Render thread/INFO] (lodekeeper) [Lodekeeper] BREAK target=Mutable{x=1, y=70, z=18} block=Block{minecraft:birch_log} tool=minecraft:air slot=0 remaining=-1 required=route
[13:47:49] [Render thread/INFO] (lodekeeper) [Lodekeeper] BREAK target=Mutable{x=1, y=70, z=18} block=Block{minecraft:birch_log} tool=minecraft:birch_log slot=0 remaining=-1 required=route
[13:47:51] [Render thread/INFO] (lodekeeper) [Lodekeeper] PROGRESS elapsed_ms=8097 phase=traveling backend=baritone target=1,72,18 block=minecraft:birch_log navigation_elapsed_ms=7468 navigation_ticks=148 searching=false path_index=0 path_length=2 retries=0 pending_route_events=0 dropped_route_events=0 status=mining_and_collecting_minecraft:birch_log___1/5
[13:47:53] [Render thread/INFO] (lodekeeper) [Lodekeeper] PROGRESS elapsed_ms=10098 phase=traveling backend=baritone target=1,72,18 block=minecraft:birch_log navigation_elapsed_ms=9467 navigation_ticks=188 searching=false path_index=0 path_length=2 retries=0 pending_route_events=0 dropped_route_events=0 status=mining_and_collecting_minecraft:birch_log___1/5
[13:47:53] [Render thread/INFO] (lodekeeper) [Lodekeeper] BREAK target=Mutable{x=1, y=72, z=18} block=Block{minecraft:birch_log} tool=minecraft:birch_log slot=0 remaining=-1 required=route
[13:47:55] [Render thread/INFO] (lodekeeper) [Lodekeeper] PROGRESS elapsed_ms=12157 phase=traveling backend=baritone target=1,72,18 block=minecraft:birch_log navigation_elapsed_ms=11664 navigation_ticks=232 searching=false path_index=0 path_length=2 retries=0 pending_route_events=0 dropped_route_events=0 status=mining_and_collecting_minecraft:birch_log___2/5
[13:47:56] [Render thread/INFO] (lodekeeper) [Lodekeeper] TARGET target=1,73,18 block=minecraft:birch_log
[13:47:56] [Render thread/INFO] (lodekeeper) [Lodekeeper] BREAK target=Mutable{x=1, y=73, z=18} block=Block{minecraft:birch_log} tool=minecraft:birch_log slot=0 remaining=-1 required=route
[13:47:57] [Render thread/INFO] (lodekeeper) [Lodekeeper] PROGRESS elapsed_ms=14206 phase=traveling backend=baritone target=1,73,18 block=minecraft:birch_log navigation_elapsed_ms=13643 navigation_ticks=272 searching=false path_index=0 path_length=2 retries=0 pending_route_events=0 dropped_route_events=0 status=mining_and_collecting_minecraft:birch_log___3/5
[13:47:59] [Render thread/INFO] (lodekeeper) [Lodekeeper] PROGRESS elapsed_ms=16224 phase=traveling backend=baritone target=1,73,18 block=minecraft:birch_log navigation_elapsed_ms=15646 navigation_ticks=312 searching=false path_index=0 path_length=2 retries=0 pending_route_events=0 dropped_route_events=0 status=mining_and_collecting_minecraft:birch_log___3/5
[13:47:59] [Render thread/INFO] (lodekeeper) [Lodekeeper] TARGET target=1,74,18 block=minecraft:birch_log
[13:47:59] [Render thread/INFO] (lodekeeper) [Lodekeeper] BREAK target=Mutable{x=1, y=74, z=18} block=Block{minecraft:birch_log} tool=minecraft:birch_log slot=0 remaining=-1 required=route
[13:48:01] [Render thread/INFO] (lodekeeper) [Lodekeeper] PROGRESS elapsed_ms=18249 phase=traveling backend=baritone target=1,74,18 block=minecraft:birch_log navigation_elapsed_ms=17651 navigation_ticks=352 searching=false path_index=0 path_length=2 retries=0 pending_route_events=0 dropped_route_events=0 status=mining_and_collecting_minecraft:birch_log___3/5
[13:48:03] [Render thread/INFO] (lodekeeper) [Lodekeeper] TARGET target=none
[13:48:03] [Render thread/INFO] (lodekeeper) [Lodekeeper] PROGRESS elapsed_ms=20263 phase=traveling backend=baritone target=none navigation_elapsed_ms=19690 navigation_ticks=392 searching=false path_index=0 path_length=2 retries=0 pending_route_events=0 dropped_route_events=0 status=mining_and_collecting_minecraft:birch_log___3/5
[13:48:03] [Render thread/INFO] (lodekeeper) [Lodekeeper] BREAK target=Mutable{x=1, y=75, z=18} block=Block{minecraft:birch_log} tool=minecraft:birch_log slot=0 remaining=-1 required=route
[13:48:05] [Render thread/INFO] (lodekeeper) [Lodekeeper] PROGRESS elapsed_ms=22297 phase=traveling backend=baritone target=none navigation_elapsed_ms=21666 navigation_ticks=432 searching=false path_index=0 path_length=2 retries=0 pending_route_events=0 dropped_route_events=0 status=mining_and_collecting_minecraft:birch_log___3/5
[13:48:06] [Render thread/INFO] (lodekeeper) [Lodekeeper] BREAK target=Mutable{x=1, y=76, z=18} block=Block{minecraft:birch_log} tool=minecraft:birch_log slot=0 remaining=-1 required=route
[13:48:07] [Render thread/INFO] (lodekeeper) [Lodekeeper] PROGRESS elapsed_ms=24305 phase=traveling backend=baritone target=none navigation_elapsed_ms=23672 navigation_ticks=472 searching=false path_index=0 path_length=2 retries=0 pending_route_events=0 dropped_route_events=0 status=mining_and_collecting_minecraft:birch_log___4/5
[13:48:09] [Render thread/INFO] (lodekeeper) [Lodekeeper] PROGRESS elapsed_ms=26364 phase=traveling backend=baritone target=none navigation_elapsed_ms=25870 navigation_ticks=516 searching=false path_index=0 path_length=2 retries=0 pending_route_events=0 dropped_route_events=0 status=mining_and_collecting_minecraft:birch_log___4/5
[13:48:09] [Render thread/INFO] (lodekeeper) [Lodekeeper] NAV backend=baritone mode=MINE event=CALC_STARTED elapsedMs=26201
[13:48:09] [Render thread/INFO] (lodekeeper) [Lodekeeper] NAV calcTool=minecraft:birch_log slot=0
[13:48:09] [Render thread/INFO] (lodekeeper) [Lodekeeper] TARGET target=2,70,31 block=minecraft:birch_log
[13:48:09] [Render thread/INFO] (lodekeeper) [Lodekeeper] NAV backend=baritone mode=MINE event=CALC_FINISHED_NOW_EXECUTING elapsedMs=26269
[13:48:11] [Render thread/INFO] (lodekeeper) [Lodekeeper] PROGRESS elapsed_ms=28412 phase=traveling backend=baritone target=2,70,31 block=minecraft:birch_log navigation_elapsed_ms=27848 navigation_ticks=556 searching=false path_index=0 path_length=6 retries=0 pending_route_events=0 dropped_route_events=0 status=mining_and_collecting_minecraft:birch_log___4/5
[13:48:12] [Render thread/INFO] (lodekeeper) [Lodekeeper] BREAK target=Mutable{x=2, y=71, z=31} block=Block{minecraft:birch_log} tool=minecraft:birch_log slot=0 remaining=-1 required=route
[13:48:13] [Render thread/INFO] (lodekeeper) [Lodekeeper] PROGRESS elapsed_ms=30438 phase=traveling backend=baritone target=2,70,31 block=minecraft:birch_log navigation_elapsed_ms=29843 navigation_ticks=596 searching=false path_index=0 path_length=2 retries=0 pending_route_events=0 dropped_route_events=0 status=mining_and_collecting_minecraft:birch_log___4/5
[13:48:15] [Render thread/INFO] (lodekeeper) [Lodekeeper] BREAK target=Mutable{x=2, y=70, z=31} block=Block{minecraft:birch_log} tool=minecraft:birch_log slot=0 remaining=-1 required=route
[13:48:15] [Render thread/INFO] (lodekeeper) [Lodekeeper] PROGRESS elapsed_ms=32463 phase=traveling backend=baritone target=2,70,31 block=minecraft:birch_log navigation_elapsed_ms=31868 navigation_ticks=636 searching=false path_index=0 path_length=2 retries=0 pending_route_events=0 dropped_route_events=0 status=mining_and_collecting_minecraft:birch_log___4/5
[13:48:15] [Render thread/INFO] (lodekeeper) [Lodekeeper] TARGET target=none
[13:48:15] [lodekeeper-planner/INFO] (lodekeeper) [Lodekeeper] PROJECT_MATERIALS project=gear_diamond before=[gather:minecraft:stone:3, gather:minecraft:iron_ore:3, gather:minecraft:stone:8, gather:minecraft:diamond_ore:3, gather:minecraft:diamond_ore:3, gather:minecraft:birch_log:1, gather:minecraft:diamond_ore:4, gather:minecraft:diamond_ore:8, gather:minecraft:diamond_ore:5, gather:minecraft:diamond_ore:2, gather:minecraft:diamond_ore:7, gather:minecraft:diamond_ore:1, gather:minecraft:diamond_ore:2] after=[gather:minecraft:stone:3, gather:minecraft:iron_ore:3, gather:minecraft:stone:8, gather:minecraft:diamond_ore:3, gather:minecraft:diamond_ore:3, gather:minecraft:birch_log:1, gather:minecraft:diamond_ore:4, gather:minecraft:diamond_ore:8, gather:minecraft:diamond_ore:5, gather:minecraft:diamond_ore:2, gather:minecraft:diamond_ore:7, gather:minecraft:diamond_ore:1, gather:minecraft:diamond_ore:2]
[13:48:15] [lodekeeper-planner/INFO] (lodekeeper) [Lodekeeper] PLAN project=gear_diamond success=true steps=38 branches=176 elapsedMs=9.000268
[13:48:15] [Render thread/INFO] (lodekeeper) [Lodekeeper] STEP kind=CRAFT source=minecraft:birch_planks output=minecraft:birch_planks count=4 operations=1 auxiliary=false
[13:48:17] [lodekeeper-planner/INFO] (lodekeeper) [Lodekeeper] PROJECT_MATERIALS project=gear_diamond before=[gather:minecraft:stone:3, gather:minecraft:iron_ore:3, gather:minecraft:stone:8, gather:minecraft:diamond_ore:3, gather:minecraft:diamond_ore:3, gather:minecraft:birch_log:1, gather:minecraft:diamond_ore:4, gather:minecraft:diamond_ore:8, gather:minecraft:diamond_ore:5, gather:minecraft:diamond_ore:2, gather:minecraft:diamond_ore:7, gather:minecraft:diamond_ore:1, gather:minecraft:diamond_ore:2] after=[gather:minecraft:stone:3, gather:minecraft:iron_ore:3, gather:minecraft:stone:8, gather:minecraft:diamond_ore:3, gather:minecraft:diamond_ore:3, gather:minecraft:birch_log:1, gather:minecraft:diamond_ore:4, gather:minecraft:diamond_ore:8, gather:minecraft:diamond_ore:5, gather:minecraft:diamond_ore:2, gather:minecraft:diamond_ore:7, gather:minecraft:diamond_ore:1, gather:minecraft:diamond_ore:2]
[13:48:17] [lodekeeper-planner/INFO] (lodekeeper) [Lodekeeper] PLAN project=gear_diamond success=true steps=37 branches=172 elapsedMs=6.079329
[13:48:17] [Render thread/INFO] (lodekeeper) [Lodekeeper] STEP kind=CRAFT source=minecraft:stick output=minecraft:stick count=4 operations=1 auxiliary=false
[13:48:17] [Render thread/INFO] (lodekeeper) [Lodekeeper] PROGRESS elapsed_ms=34515 phase=crafting backend=baritone target=none navigation_elapsed_ms=0 navigation_ticks=0 searching=false path_index=0 path_length=0 retries=0 pending_route_events=0 dropped_route_events=0 status=CRAFT_minecraft:stick
[13:48:18] [lodekeeper-planner/INFO] (lodekeeper) [Lodekeeper] PROJECT_MATERIALS project=gear_diamond before=[gather:minecraft:stone:3, gather:minecraft:iron_ore:3, gather:minecraft:stone:8, gather:minecraft:diamond_ore:3, gather:minecraft:diamond_ore:3, gather:minecraft:birch_log:1, gather:minecraft:diamond_ore:4, gather:minecraft:diamond_ore:8, gather:minecraft:diamond_ore:5, gather:minecraft:diamond_ore:2, gather:minecraft:diamond_ore:7, gather:minecraft:diamond_ore:1, gather:minecraft:diamond_ore:2] after=[gather:minecraft:stone:3, gather:minecraft:iron_ore:3, gather:minecraft:stone:8, gather:minecraft:diamond_ore:3, gather:minecraft:diamond_ore:3, gather:minecraft:birch_log:1, gather:minecraft:diamond_ore:4, gather:minecraft:diamond_ore:8, gather:minecraft:diamond_ore:5, gather:minecraft:diamond_ore:2, gather:minecraft:diamond_ore:7, gather:minecraft:diamond_ore:1, gather:minecraft:diamond_ore:2]
[13:48:18] [lodekeeper-planner/INFO] (lodekeeper) [Lodekeeper] PLAN project=gear_diamond success=true steps=36 branches=168 elapsedMs=5.800838
[13:48:18] [Render thread/INFO] (lodekeeper) [Lodekeeper] STEP kind=CRAFT source=minecraft:birch_planks output=minecraft:birch_planks count=4 operations=1 auxiliary=false
[13:48:19] [Render thread/INFO] (lodekeeper) [Lodekeeper] PROGRESS elapsed_ms=36547 phase=crafting backend=baritone target=none navigation_elapsed_ms=0 navigation_ticks=0 searching=false path_index=0 path_length=0 retries=0 pending_route_events=0 dropped_route_events=0 status=CRAFT_minecraft:birch_planks
[13:48:20] [lodekeeper-planner/INFO] (lodekeeper) [Lodekeeper] PROJECT_MATERIALS project=gear_diamond before=[gather:minecraft:stone:3, gather:minecraft:iron_ore:3, gather:minecraft:stone:8, gather:minecraft:diamond_ore:3, gather:minecraft:diamond_ore:3, gather:minecraft:birch_log:1, gather:minecraft:diamond_ore:4, gather:minecraft:diamond_ore:8, gather:minecraft:diamond_ore:5, gather:minecraft:diamond_ore:2, gather:minecraft:diamond_ore:7, gather:minecraft:diamond_ore:1, gather:minecraft:diamond_ore:2] after=[gather:minecraft:stone:3, gather:minecraft:iron_ore:3, gather:minecraft:stone:8, gather:minecraft:diamond_ore:3, gather:minecraft:diamond_ore:3, gather:minecraft:birch_log:1, gather:minecraft:diamond_ore:4, gather:minecraft:diamond_ore:8, gather:minecraft:diamond_ore:5, gather:minecraft:diamond_ore:2, gather:minecraft:diamond_ore:7, gather:minecraft:diamond_ore:1, gather:minecraft:diamond_ore:2]
[13:48:20] [lodekeeper-planner/INFO] (lodekeeper) [Lodekeeper] PLAN project=gear_diamond success=true steps=35 branches=163 elapsedMs=5.041728
[13:48:20] [Render thread/INFO] (lodekeeper) [Lodekeeper] STEP kind=CRAFT source=minecraft:birch_planks output=minecraft:birch_planks count=4 operations=1 auxiliary=false
[13:48:21] [lodekeeper-planner/INFO] (lodekeeper) [Lodekeeper] PROJECT_MATERIALS project=gear_diamond before=[gather:minecraft:stone:3, gather:minecraft:iron_ore:3, gather:minecraft:stone:8, gather:minecraft:diamond_ore:3, gather:minecraft:diamond_ore:3, gather:minecraft:birch_log:1, gather:minecraft:diamond_ore:4, gather:minecraft:diamond_ore:8, gather:minecraft:diamond_ore:5, gather:minecraft:diamond_ore:2, gather:minecraft:diamond_ore:7, gather:minecraft:diamond_ore:1, gather:minecraft:diamond_ore:2] after=[gather:minecraft:stone:3, gather:minecraft:iron_ore:3, gather:minecraft:stone:8, gather:minecraft:diamond_ore:3, gather:minecraft:diamond_ore:3, gather:minecraft:birch_log:1, gather:minecraft:diamond_ore:4, gather:minecraft:diamond_ore:8, gather:minecraft:diamond_ore:5, gather:minecraft:diamond_ore:2, gather:minecraft:diamond_ore:7, gather:minecraft:diamond_ore:1, gather:minecraft:diamond_ore:2]
[13:48:21] [lodekeeper-planner/INFO] (lodekeeper) [Lodekeeper] PLAN project=gear_diamond success=true steps=34 branches=158 elapsedMs=5.904073
[13:48:21] [Render thread/INFO] (lodekeeper) [Lodekeeper] STEP kind=CRAFT source=minecraft:crafting_table output=minecraft:crafting_table count=1 operations=1 auxiliary=false
[13:48:21] [Render thread/INFO] (lodekeeper) [Lodekeeper] PROGRESS elapsed_ms=38559 phase=crafting backend=baritone target=none navigation_elapsed_ms=0 navigation_ticks=0 searching=false path_index=0 path_length=0 retries=0 pending_route_events=0 dropped_route_events=0 status=CRAFT_minecraft:crafting_table
[13:48:23] [Render thread/INFO] (lodekeeper) [Lodekeeper] PROGRESS elapsed_ms=40587 phase=crafting backend=baritone target=none navigation_elapsed_ms=0 navigation_ticks=0 searching=false path_index=0 path_length=0 retries=0 pending_route_events=0 dropped_route_events=0 status=CRAFT_minecraft:crafting_table
[13:48:24] [lodekeeper-planner/INFO] (lodekeeper) [Lodekeeper] PROJECT_MATERIALS project=gear_diamond before=[gather:minecraft:stone:3, gather:minecraft:iron_ore:3, gather:minecraft:stone:8, gather:minecraft:diamond_ore:3, gather:minecraft:diamond_ore:3, gather:minecraft:birch_log:1, gather:minecraft:diamond_ore:4, gather:minecraft:diamond_ore:8, gather:minecraft:diamond_ore:5, gather:minecraft:diamond_ore:2, gather:minecraft:diamond_ore:7, gather:minecraft:diamond_ore:1, gather:minecraft:diamond_ore:2] after=[gather:minecraft:stone:3, gather:minecraft:iron_ore:3, gather:minecraft:stone:8, gather:minecraft:diamond_ore:3, gather:minecraft:diamond_ore:3, gather:minecraft:birch_log:1, gather:minecraft:diamond_ore:4, gather:minecraft:diamond_ore:8, gather:minecraft:diamond_ore:5, gather:minecraft:diamond_ore:2, gather:minecraft:diamond_ore:7, gather:minecraft:diamond_ore:1, gather:minecraft:diamond_ore:2]
[13:48:24] [lodekeeper-planner/INFO] (lodekeeper) [Lodekeeper] PLAN project=gear_diamond success=true steps=33 branches=155 elapsedMs=5.319913
[13:48:24] [Render thread/INFO] (lodekeeper) [Lodekeeper] STEP kind=PLACE_STATION source=place:minecraft:crafting_table output=null count=0 operations=1 auxiliary=false
[13:48:24] [Render thread/INFO] (lodekeeper) [Lodekeeper] TARGET target=1,70,30 block=minecraft:crafting_table
[13:48:24] [Render thread/INFO] (lodekeeper) [Lodekeeper] TARGET target=none
[13:48:24] [lodekeeper-planner/INFO] (lodekeeper) [Lodekeeper] PROJECT_MATERIALS project=gear_diamond before=[gather:minecraft:stone:3, gather:minecraft:iron_ore:3, gather:minecraft:stone:8, gather:minecraft:diamond_ore:3, gather:minecraft:diamond_ore:3, gather:minecraft:birch_log:1, gather:minecraft:diamond_ore:4, gather:minecraft:diamond_ore:8, gather:minecraft:diamond_ore:5, gather:minecraft:diamond_ore:2, gather:minecraft:diamond_ore:7, gather:minecraft:diamond_ore:1, gather:minecraft:diamond_ore:2] after=[gather:minecraft:stone:3, gather:minecraft:iron_ore:3, gather:minecraft:stone:8, gather:minecraft:diamond_ore:3, gather:minecraft:diamond_ore:3, gather:minecraft:birch_log:1, gather:minecraft:diamond_ore:4, gather:minecraft:diamond_ore:8, gather:minecraft:diamond_ore:5, gather:minecraft:diamond_ore:2, gather:minecraft:diamond_ore:7, gather:minecraft:diamond_ore:1, gather:minecraft:diamond_ore:2]
[13:48:24] [lodekeeper-planner/INFO] (lodekeeper) [Lodekeeper] PLAN project=gear_diamond success=true steps=32 branches=154 elapsedMs=5.303565
[13:48:24] [Render thread/INFO] (lodekeeper) [Lodekeeper] STEP kind=CRAFT source=minecraft:wooden_pickaxe output=minecraft:wooden_pickaxe count=1 operations=1 auxiliary=false
[13:48:25] [Render thread/INFO] (lodekeeper) [Lodekeeper] PROGRESS elapsed_ms=42608 phase=crafting backend=baritone target=none navigation_elapsed_ms=0 navigation_ticks=0 searching=false path_index=0 path_length=0 retries=0 pending_route_events=0 dropped_route_events=0 status=CRAFT_minecraft:wooden_pickaxe
[13:48:27] [Render thread/INFO] (lodekeeper) [Lodekeeper] PROGRESS elapsed_ms=44655 phase=crafting backend=baritone target=none navigation_elapsed_ms=0 navigation_ticks=0 searching=false path_index=0 path_length=0 retries=0 pending_route_events=0 dropped_route_events=0 status=CRAFT_minecraft:wooden_pickaxe
[13:48:28] [lodekeeper-planner/INFO] (lodekeeper) [Lodekeeper] PROJECT_MATERIALS project=gear_diamond before=[gather:minecraft:stone:3, gather:minecraft:iron_ore:3, gather:minecraft:stone:8, gather:minecraft:diamond_ore:3, gather:minecraft:diamond_ore:3, gather:minecraft:birch_log:1, gather:minecraft:diamond_ore:4, gather:minecraft:diamond_ore:8, gather:minecraft:diamond_ore:5, gather:minecraft:diamond_ore:2, gather:minecraft:diamond_ore:7, gather:minecraft:diamond_ore:1, gather:minecraft:diamond_ore:2] after=[gather:minecraft:stone:3, gather:minecraft:iron_ore:3, gather:minecraft:stone:8, gather:minecraft:diamond_ore:3, gather:minecraft:diamond_ore:3, gather:minecraft:birch_log:1, gather:minecraft:diamond_ore:4, gather:minecraft:diamond_ore:8, gather:minecraft:diamond_ore:5, gather:minecraft:diamond_ore:2, gather:minecraft:diamond_ore:7, gather:minecraft:diamond_ore:1, gather:minecraft:diamond_ore:2]
[13:48:28] [lodekeeper-planner/INFO] (lodekeeper) [Lodekeeper] PLAN project=gear_diamond success=true steps=31 branches=149 elapsedMs=4.736092
[13:48:28] [Render thread/INFO] (lodekeeper) [Lodekeeper] STEP kind=GATHER source=gather:minecraft:stone output=minecraft:cobblestone count=3 operations=3 auxiliary=false
[13:48:29] [Render thread/INFO] (lodekeeper) [Lodekeeper] PROGRESS elapsed_ms=46708 phase=gathering backend=baritone target=none navigation_elapsed_ms=0 navigation_ticks=0 searching=false path_index=0 path_length=0 retries=0 pending_route_events=0 dropped_route_events=0 status=mining_the_recorded_owned_crafting_table
[13:48:31] [Render thread/INFO] (lodekeeper) [Lodekeeper] PROGRESS elapsed_ms=48756 phase=gathering backend=baritone target=none navigation_elapsed_ms=0 navigation_ticks=0 searching=false path_index=0 path_length=0 retries=0 pending_route_events=0 dropped_route_events=0 status=mining_the_recorded_owned_crafting_table
[13:48:32] [Render thread/INFO] (lodekeeper) [Lodekeeper] NAV backend=baritone mode=PICKUP event=CALC_STARTED elapsedMs=6
[13:48:32] [Render thread/INFO] (lodekeeper) [Lodekeeper] NAV calcTool=minecraft:birch_log slot=0
[13:48:32] [Render thread/INFO] (lodekeeper) [Lodekeeper] NAV backend=baritone mode=PICKUP event=CALC_FINISHED_NOW_EXECUTING elapsedMs=68
[13:48:32] [Render thread/INFO] (lodekeeper) [Lodekeeper] NAV backend=baritone mode=PICKUP event=AT_GOAL elapsedMs=205
[13:48:32] [Render thread/INFO] (lodekeeper) [Lodekeeper] NAV backend=baritone mode=PICKUP event=CALC_STARTED elapsedMs=306
[13:48:32] [Render thread/INFO] (lodekeeper) [Lodekeeper] NAV calcTool=minecraft:birch_log slot=0
[13:48:32] [Render thread/INFO] (lodekeeper) [Lodekeeper] NAV backend=baritone mode=PICKUP event=CALC_FINISHED_NOW_EXECUTING elapsedMs=339
[13:48:32] [Render thread/INFO] (lodekeeper) [Lodekeeper] NAV backend=baritone mode=IDLE event=CANCELED elapsedMs=409
[13:48:32] [Render thread/INFO] (lodekeeper) [Lodekeeper] NAV backend=baritone mode=IDLE event=CANCELED elapsedMs=409
[13:48:32] [Render thread/INFO] (lodekeeper) [Lodekeeper] NAV backend=baritone mode=IDLE event=CANCELED elapsedMs=444
[13:48:33] [lodekeeper-planner/INFO] (lodekeeper) [Lodekeeper] PROJECT_MATERIALS project=gear_diamond before=[gather:minecraft:stone:3, gather:minecraft:iron_ore:3, gather:minecraft:stone:8, gather:minecraft:diamond_ore:3, gather:minecraft:diamond_ore:3, gather:minecraft:birch_log:1, gather:minecraft:diamond_ore:4, gather:minecraft:diamond_ore:8, gather:minecraft:diamond_ore:5, gather:minecraft:diamond_ore:2, gather:minecraft:diamond_ore:7, gather:minecraft:diamond_ore:1, gather:minecraft:diamond_ore:2] after=[gather:minecraft:stone:3, gather:minecraft:iron_ore:3, gather:minecraft:stone:8, gather:minecraft:diamond_ore:3, gather:minecraft:diamond_ore:3, gather:minecraft:birch_log:1, gather:minecraft:diamond_ore:4, gather:minecraft:diamond_ore:8, gather:minecraft:diamond_ore:5, gather:minecraft:diamond_ore:2, gather:minecraft:diamond_ore:7, gather:minecraft:diamond_ore:1, gather:minecraft:diamond_ore:2]
[13:48:33] [lodekeeper-planner/INFO] (lodekeeper) [Lodekeeper] PLAN project=gear_diamond success=true steps=32 branches=150 elapsedMs=3.910164
[13:48:33] [Render thread/INFO] (lodekeeper) [Lodekeeper] STEP kind=GATHER source=gather:minecraft:stone output=minecraft:cobblestone count=3 operations=3 auxiliary=false
[13:48:33] [Render thread/INFO] (lodekeeper) [Lodekeeper] NAV scan=native-mine durationNanos=3035457 hits=-1 requestTicks=0
[13:48:33] [Render thread/INFO] (lodekeeper) [Lodekeeper] NAV backend=baritone mode=MINE event=CALC_STARTED elapsedMs=4
[13:48:33] [Render thread/INFO] (lodekeeper) [Lodekeeper] NAV calcTool=minecraft:wooden_pickaxe slot=6
[13:48:33] [Render thread/INFO] (lodekeeper) [Lodekeeper] NAV backend=baritone mode=MINE event=CALC_FINISHED_NOW_EXECUTING elapsedMs=66
[13:48:33] [Render thread/INFO] (lodekeeper) [Lodekeeper] TARGET target=3,64,23 block=minecraft:stone
[13:48:33] [Render thread/INFO] (lodekeeper) [Lodekeeper] PROGRESS elapsed_ms=50805 phase=traveling backend=baritone target=3,64,23 block=minecraft:stone navigation_elapsed_ms=613 navigation_ticks=12 searching=false path_index=0 path_length=8 retries=0 pending_route_events=0 dropped_route_events=0 status=mining_and_collecting_minecraft:cobblestone___0/3
[13:48:33] [Render thread/INFO] (lodekeeper) [Lodekeeper] BREAK target=Mutable{x=5, y=70, z=27} block=Block{minecraft:grass_block} tool=minecraft:birch_log slot=0 remaining=-1 required=route
[13:48:35] [Render thread/INFO] (lodekeeper) [Lodekeeper] PROGRESS elapsed_ms=52851 phase=traveling backend=baritone target=3,64,23 block=minecraft:stone navigation_elapsed_ms=2593 navigation_ticks=52 searching=false path_index=0 path_length=7 retries=0 pending_route_events=0 dropped_route_events=0 status=mining_and_collecting_minecraft:cobblestone___0/3
[13:48:37] [Render thread/INFO] (lodekeeper) [Lodekeeper] PROGRESS elapsed_ms=54906 phase=traveling backend=baritone target=3,64,23 block=minecraft:stone navigation_elapsed_ms=4817 navigation_ticks=96 searching=false path_index=0 path_length=4 retries=0 pending_route_events=0 dropped_route_events=0 status=mining_and_collecting_minecraft:cobblestone___0/3
[13:48:38] [Render thread/INFO] (lodekeeper) [Lodekeeper] BREAK target=Mutable{x=3, y=63, z=23} block=Block{minecraft:stone} tool=minecraft:wooden_pickaxe slot=6 remaining=59 required=minecraft:wooden_pickaxe
[13:48:39] [Render thread/INFO] (lodekeeper) [Lodekeeper] PROGRESS elapsed_ms=56962 phase=traveling backend=baritone target=3,64,23 block=minecraft:stone navigation_elapsed_ms=6805 navigation_ticks=136 searching=false path_index=0 path_length=2 retries=0 pending_route_events=0 dropped_route_events=0 status=mining_and_collecting_minecraft:cobblestone___0/3
[13:48:41] [Render thread/INFO] (lodekeeper) [Lodekeeper] PROGRESS elapsed_ms=58985 phase=traveling backend=baritone target=3,64,23 block=minecraft:stone navigation_elapsed_ms=8826 navigation_ticks=176 searching=false path_index=0 path_length=2 retries=0 pending_route_events=0 dropped_route_events=0 status=mining_and_collecting_minecraft:cobblestone___0/3
[13:48:43] [Render thread/INFO] (lodekeeper) [Lodekeeper] PROGRESS elapsed_ms=61005 phase=traveling backend=baritone target=3,64,23 block=minecraft:stone navigation_elapsed_ms=10813 navigation_ticks=216 searching=false path_index=0 path_length=2 retries=0 pending_route_events=0 dropped_route_events=0 status=mining_and_collecting_minecraft:cobblestone___0/3
[13:48:46] [Render thread/INFO] (lodekeeper) [Lodekeeper] PROGRESS elapsed_ms=63058 phase=traveling backend=baritone target=3,64,23 block=minecraft:stone navigation_elapsed_ms=12798 navigation_ticks=256 searching=false path_index=0 path_length=2 retries=0 pending_route_events=0 dropped_route_events=0 status=mining_and_collecting_minecraft:cobblestone___0/3
[13:48:46] [Render thread/INFO] (lodekeeper) [Lodekeeper] NAV backend=baritone mode=MINE event=CALC_STARTED elapsedMs=13444
[13:48:46] [Render thread/INFO] (lodekeeper) [Lodekeeper] NAV calcTool=minecraft:wooden_pickaxe slot=6
[13:48:46] [Render thread/INFO] (lodekeeper) [Lodekeeper] NAV backend=baritone mode=MINE event=CALC_FINISHED_NOW_EXECUTING elapsedMs=13511
[13:48:46] [Render thread/INFO] (lodekeeper) [Lodekeeper] BREAK target=Mutable{x=4, y=64, z=22} block=Block{minecraft:stone} tool=minecraft:wooden_pickaxe slot=6 remaining=59 required=minecraft:wooden_pickaxe
[13:48:46] [Render thread/INFO] (lodekeeper) [Lodekeeper] TARGET target=4,64,22 block=minecraft:stone
[13:48:48] [Render thread/INFO] (lodekeeper) [Lodekeeper] PROGRESS elapsed_ms=65105 phase=traveling backend=baritone target=4,64,22 block=minecraft:stone navigation_elapsed_ms=15015 navigation_ticks=300 searching=false path_index=0 path_length=2 retries=0 pending_route_events=0 dropped_route_events=0 status=mining_and_collecting_minecraft:cobblestone___0/3
[13:48:50] [Render thread/INFO] (lodekeeper) [Lodekeeper] PROGRESS elapsed_ms=67157 phase=traveling backend=baritone target=4,64,22 block=minecraft:stone navigation_elapsed_ms=17000 navigation_ticks=340 searching=false path_index=0 path_length=2 retries=0 pending_route_events=0 dropped_route_events=0 status=mining_and_collecting_minecraft:cobblestone___0/3
[13:48:52] [Render thread/INFO] (lodekeeper) [Lodekeeper] PROGRESS elapsed_ms=69163 phase=traveling backend=baritone target=4,64,22 block=minecraft:stone navigation_elapsed_ms=19006 navigation_ticks=380 searching=false path_index=0 path_length=2 retries=0 pending_route_events=0 dropped_route_events=0 status=mining_and_collecting_minecraft:cobblestone___0/3
[13:48:52] [Render thread/INFO] (lodekeeper) [Lodekeeper] NAV backend=baritone mode=MINE event=CALC_STARTED elapsedMs=19312
[13:48:52] [Render thread/INFO] (lodekeeper) [Lodekeeper] NAV calcTool=minecraft:dirt slot=2
[13:48:52] [Render thread/INFO] (lodekeeper) [Lodekeeper] NAV backend=baritone mode=MINE event=CALC_FINISHED_NOW_EXECUTING elapsedMs=19312
[13:48:52] [Render thread/INFO] (lodekeeper) [Lodekeeper] TARGET target=3,64,23 block=minecraft:stone
[13:48:52] [Render thread/INFO] (lodekeeper) [Lodekeeper] BREAK target=Mutable{x=3, y=63, z=23} block=Block{minecraft:stone} tool=minecraft:wooden_pickaxe slot=6 remaining=58 required=minecraft:wooden_pickaxe
[13:48:54] [Render thread/INFO] (lodekeeper) [Lodekeeper] PROGRESS elapsed_ms=71204 phase=traveling backend=baritone target=3,64,23 block=minecraft:stone navigation_elapsed_ms=21012 navigation_ticks=420 searching=false path_index=0 path_length=2 retries=0 pending_route_events=0 dropped_route_events=0 status=mining_and_collecting_minecraft:cobblestone___1/3
[13:48:56] [Render thread/INFO] (lodekeeper) [Lodekeeper] PROGRESS elapsed_ms=73253 phase=traveling backend=baritone target=3,64,23 block=minecraft:stone navigation_elapsed_ms=23023 navigation_ticks=460 searching=false path_index=0 path_length=2 retries=0 pending_route_events=0 dropped_route_events=0 status=mining_and_collecting_minecraft:cobblestone___1/3
[13:48:58] [Render thread/INFO] (lodekeeper) [Lodekeeper] PROGRESS elapsed_ms=75304 phase=traveling backend=baritone target=3,64,23 block=minecraft:stone navigation_elapsed_ms=25215 navigation_ticks=504 searching=false path_index=0 path_length=2 retries=0 pending_route_events=0 dropped_route_events=0 status=mining_and_collecting_minecraft:cobblestone___1/3
[13:49:00] [Render thread/INFO] (lodekeeper) [Lodekeeper] NAV backend=baritone mode=MINE event=CALC_STARTED elapsedMs=27091
[13:49:00] [Render thread/INFO] (lodekeeper) [Lodekeeper] NAV calcTool=minecraft:wooden_pickaxe slot=6
[13:49:00] [Render thread/INFO] (lodekeeper) [Lodekeeper] NAV backend=baritone mode=MINE event=CALC_FINISHED_NOW_EXECUTING elapsedMs=27125
[13:49:00] [Render thread/INFO] (lodekeeper) [Lodekeeper] PROGRESS elapsed_ms=77316 phase=traveling backend=baritone target=3,64,23 block=minecraft:stone navigation_elapsed_ms=27227 navigation_ticks=544 searching=false path_index=0 path_length=2 retries=0 pending_route_events=0 dropped_route_events=0 status=mining_and_collecting_minecraft:cobblestone___1/3
[13:49:02] [Render thread/INFO] (lodekeeper) [Lodekeeper] PROGRESS elapsed_ms=79353 phase=traveling backend=baritone target=3,64,23 block=minecraft:stone navigation_elapsed_ms=29195 navigation_ticks=584 searching=false path_index=0 path_length=2 retries=0 pending_route_events=0 dropped_route_events=0 status=mining_and_collecting_minecraft:cobblestone___1/3
[13:49:04] [Render thread/INFO] (lodekeeper) [Lodekeeper] PROGRESS elapsed_ms=81405 phase=traveling backend=baritone target=3,64,23 block=minecraft:stone navigation_elapsed_ms=31212 navigation_ticks=624 searching=false path_index=0 path_length=2 retries=0 pending_route_events=0 dropped_route_events=0 status=mining_and_collecting_minecraft:cobblestone___1/3
[13:49:06] [Render thread/INFO] (lodekeeper) [Lodekeeper] BREAK target=Mutable{x=3, y=64, z=23} block=Block{minecraft:stone} tool=minecraft:wooden_pickaxe slot=6 remaining=57 required=minecraft:wooden_pickaxe
[13:49:06] [Render thread/INFO] (lodekeeper) [Lodekeeper] PROGRESS elapsed_ms=83460 phase=traveling backend=baritone target=3,64,23 block=minecraft:stone navigation_elapsed_ms=33196 navigation_ticks=664 searching=false path_index=0 path_length=2 retries=0 pending_route_events=0 dropped_route_events=0 status=mining_and_collecting_minecraft:cobblestone___2/3
[13:49:07] [Render thread/INFO] (lodekeeper) [Lodekeeper] NAV backend=baritone mode=MINE event=CALC_STARTED elapsedMs=34877
[13:49:07] [Render thread/INFO] (lodekeeper) [Lodekeeper] NAV calcTool=minecraft:wooden_pickaxe slot=6
[13:49:07] [Render thread/INFO] (lodekeeper) [Lodekeeper] NAV backend=baritone mode=MINE event=CALC_FINISHED_NOW_EXECUTING elapsedMs=34912
[13:49:08] [Render thread/INFO] (lodekeeper) [Lodekeeper] PROGRESS elapsed_ms=85511 phase=traveling backend=baritone target=3,64,23 block=minecraft:stone navigation_elapsed_ms=35422 navigation_ticks=708 searching=false path_index=0 path_length=2 retries=0 pending_route_events=0 dropped_route_events=0 status=mining_and_collecting_minecraft:cobblestone___2/3
[13:49:10] [Render thread/INFO] (lodekeeper) [Lodekeeper] PROGRESS elapsed_ms=87544 phase=traveling backend=baritone target=3,64,23 block=minecraft:stone navigation_elapsed_ms=37419 navigation_ticks=748 searching=false path_index=0 path_length=2 retries=0 pending_route_events=0 dropped_route_events=0 status=mining_and_collecting_minecraft:cobblestone___2/3
[13:49:12] [Render thread/INFO] (lodekeeper) [Lodekeeper] PROGRESS elapsed_ms=89556 phase=traveling backend=baritone target=3,64,23 block=minecraft:stone navigation_elapsed_ms=39396 navigation_ticks=788 searching=false path_index=0 path_length=2 retries=0 pending_route_events=0 dropped_route_events=0 status=mining_and_collecting_minecraft:cobblestone___2/3
[13:49:13] [Render thread/INFO] (lodekeeper) [Lodekeeper] TARGET target=3,65,23 block=minecraft:stone
[13:49:13] [Render thread/INFO] (lodekeeper) [Lodekeeper] NAV backend=baritone mode=MINE event=CALC_STARTED elapsedMs=40657
[13:49:13] [Render thread/INFO] (lodekeeper) [Lodekeeper] NAV calcTool=minecraft:wooden_pickaxe slot=6
[13:49:13] [Render thread/INFO] (lodekeeper) [Lodekeeper] NAV backend=baritone mode=MINE event=CALC_FINISHED_NOW_EXECUTING elapsedMs=40657
[13:49:13] [Render thread/INFO] (lodekeeper) [Lodekeeper] TARGET target=5,64,21 block=minecraft:stone
[13:49:14] [Render thread/INFO] (lodekeeper) [Lodekeeper] TARGET target=none
[13:49:14] [lodekeeper-planner/INFO] (lodekeeper) [Lodekeeper] PROJECT_MATERIALS project=gear_diamond before=[gather:minecraft:iron_ore:3, gather:minecraft:stone:8, gather:minecraft:diamond_ore:3, gather:minecraft:diamond_ore:3, gather:minecraft:birch_log:1, gather:minecraft:diamond_ore:4, gather:minecraft:diamond_ore:8, gather:minecraft:diamond_ore:5, gather:minecraft:diamond_ore:2, gather:minecraft:diamond_ore:7, gather:minecraft:diamond_ore:1, gather:minecraft:diamond_ore:2] after=[gather:minecraft:iron_ore:3, gather:minecraft:stone:8, gather:minecraft:diamond_ore:3, gather:minecraft:diamond_ore:3, gather:minecraft:birch_log:1, gather:minecraft:diamond_ore:4, gather:minecraft:diamond_ore:8, gather:minecraft:diamond_ore:5, gather:minecraft:diamond_ore:2, gather:minecraft:diamond_ore:7, gather:minecraft:diamond_ore:1, gather:minecraft:diamond_ore:2]
[13:49:14] [lodekeeper-planner/INFO] (lodekeeper) [Lodekeeper] PLAN project=gear_diamond success=true steps=31 branches=145 elapsedMs=4.537839
[13:49:14] [Render thread/INFO] (lodekeeper) [Lodekeeper] STEP kind=PLACE_STATION source=place:minecraft:crafting_table output=null count=0 operations=1 auxiliary=false
[13:49:14] [Render thread/INFO] (lodekeeper) [Lodekeeper] TARGET target=3,63,23 block=minecraft:crafting_table
[13:49:14] [Render thread/INFO] (lodekeeper) [Lodekeeper] PROGRESS elapsed_ms=91567 phase=station backend=baritone target=3,63,23 block=minecraft:crafting_table navigation_elapsed_ms=0 navigation_ticks=0 searching=false path_index=0 path_length=0 retries=0 pending_route_events=0 dropped_route_events=0 status=PLACE_STATION_place:minecraft:crafting_table
[13:49:14] [Render thread/INFO] (lodekeeper) [Lodekeeper] TARGET target=none
[13:49:14] [lodekeeper-planner/INFO] (lodekeeper) [Lodekeeper] PROJECT_MATERIALS project=gear_diamond before=[gather:minecraft:iron_ore:3, gather:minecraft:stone:8, gather:minecraft:diamond_ore:3, gather:minecraft:diamond_ore:3, gather:minecraft:birch_log:1, gather:minecraft:diamond_ore:4, gather:minecraft:diamond_ore:8, gather:minecraft:diamond_ore:5, gather:minecraft:diamond_ore:2, gather:minecraft:diamond_ore:7, gather:minecraft:diamond_ore:1, gather:minecraft:diamond_ore:2] after=[gather:minecraft:iron_ore:3, gather:minecraft:stone:8, gather:minecraft:diamond_ore:3, gather:minecraft:diamond_ore:3, gather:minecraft:birch_log:1, gather:minecraft:diamond_ore:4, gather:minecraft:diamond_ore:8, gather:minecraft:diamond_ore:5, gather:minecraft:diamond_ore:2, gather:minecraft:diamond_ore:7, gather:minecraft:diamond_ore:1, gather:minecraft:diamond_ore:2]
[13:49:14] [lodekeeper-planner/INFO] (lodekeeper) [Lodekeeper] PLAN project=gear_diamond success=true steps=30 branches=144 elapsedMs=3.799549
[13:49:14] [Render thread/INFO] (lodekeeper) [Lodekeeper] STEP kind=CRAFT source=minecraft:stone_pickaxe output=minecraft:stone_pickaxe count=1 operations=1 auxiliary=false
[13:49:16] [Render thread/INFO] (lodekeeper) [Lodekeeper] PROGRESS elapsed_ms=93586 phase=crafting backend=baritone target=none navigation_elapsed_ms=0 navigation_ticks=0 searching=false path_index=0 path_length=0 retries=0 pending_route_events=0 dropped_route_events=0 status=CRAFT_minecraft:stone_pickaxe
[13:49:18] [Render thread/INFO] (lodekeeper) [Lodekeeper] PROGRESS elapsed_ms=95610 phase=planning backend=baritone target=none navigation_elapsed_ms=0 navigation_ticks=0 searching=false path_index=0 path_length=0 retries=0 pending_route_events=0 dropped_route_events=0 status=planning
[13:49:18] [lodekeeper-planner/INFO] (lodekeeper) [Lodekeeper] PROJECT_MATERIALS project=gear_diamond before=[gather:minecraft:iron_ore:3, gather:minecraft:stone:8, gather:minecraft:diamond_ore:3, gather:minecraft:diamond_ore:3, gather:minecraft:birch_log:1, gather:minecraft:diamond_ore:4, gather:minecraft:diamond_ore:8, gather:minecraft:diamond_ore:5, gather:minecraft:diamond_ore:2, gather:minecraft:diamond_ore:7, gather:minecraft:diamond_ore:1, gather:minecraft:diamond_ore:2] after=[gather:minecraft:iron_ore:3, gather:minecraft:stone:8, gather:minecraft:diamond_ore:3, gather:minecraft:diamond_ore:3, gather:minecraft:birch_log:1, gather:minecraft:diamond_ore:4, gather:minecraft:diamond_ore:8, gather:minecraft:diamond_ore:5, gather:minecraft:diamond_ore:2, gather:minecraft:diamond_ore:7, gather:minecraft:diamond_ore:1, gather:minecraft:diamond_ore:2]
[13:49:18] [lodekeeper-planner/INFO] (lodekeeper) [Lodekeeper] PLAN project=gear_diamond success=true steps=29 branches=139 elapsedMs=3.936569
[13:49:18] [Render thread/INFO] (lodekeeper) [Lodekeeper] STEP kind=GATHER source=gather:minecraft:iron_ore output=minecraft:raw_iron count=3 operations=3 auxiliary=false
[13:49:18] [Render thread/INFO] (lodekeeper) [Lodekeeper] NAV scan=native-mine durationNanos=2553697 hits=-1 requestTicks=0
[13:49:18] [Render thread/INFO] (lodekeeper) [Lodekeeper] NAV backend=baritone mode=MINE event=CALC_STARTED elapsedMs=3
[13:49:18] [Render thread/INFO] (lodekeeper) [Lodekeeper] NAV calcTool=minecraft:stone_pickaxe slot=7
[13:49:18] [Render thread/INFO] (lodekeeper) [Lodekeeper] NAV discovered=3 retained=64 rejected=0 requestTicks=4 phase=MINE
[13:49:18] [Render thread/INFO] (lodekeeper) [Lodekeeper] TARGET target=3,52,29 block=minecraft:iron_ore
[13:49:18] [Render thread/INFO] (lodekeeper) [Lodekeeper] NAV backend=baritone mode=MINE event=CALC_FINISHED_NOW_EXECUTING elapsedMs=205
[13:49:19] [Render thread/INFO] (lodekeeper) [Lodekeeper] NAV discovered=3 retained=64 rejected=0 requestTicks=8 phase=MINE
[13:49:20] [Render thread/INFO] (lodekeeper) [Lodekeeper] PROGRESS elapsed_ms=97661 phase=traveling backend=baritone target=3,52,29 block=minecraft:iron_ore navigation_elapsed_ms=2018 navigation_ticks=40 searching=false path_index=0 path_length=16 retries=0 pending_route_events=0 dropped_route_events=0 status=mining_and_collecting_minecraft:raw_iron___0/3
[13:49:22] [Render thread/INFO] (lodekeeper) [Lodekeeper] PROGRESS elapsed_ms=99705 phase=traveling backend=baritone target=3,52,29 block=minecraft:iron_ore navigation_elapsed_ms=3994 navigation_ticks=80 searching=false path_index=0 path_length=13 retries=0 pending_route_events=0 dropped_route_events=0 status=mining_and_collecting_minecraft:raw_iron___0/3
[13:49:23] [Render thread/INFO] (lodekeeper) [Lodekeeper] BREAK target=Mutable{x=5, y=63, z=29} block=Block{minecraft:grass_block} tool=minecraft:birch_log slot=0 remaining=-1 required=route
[13:49:24] [Render thread/INFO] (lodekeeper) [Lodekeeper] BREAK target=Mutable{x=5, y=62, z=29} block=Block{minecraft:dirt} tool=minecraft:birch_log slot=0 remaining=-1 required=route
[13:49:24] [Render thread/INFO] (lodekeeper) [Lodekeeper] PROGRESS elapsed_ms=101752 phase=traveling backend=baritone target=3,52,29 block=minecraft:iron_ore navigation_elapsed_ms=6008 navigation_ticks=120 searching=false path_index=0 path_length=12 retries=0 pending_route_events=0 dropped_route_events=0 status=mining_and_collecting_minecraft:raw_iron___0/3
[13:49:25] [Render thread/INFO] (lodekeeper) [Lodekeeper] BREAK target=Mutable{x=5, y=61, z=29} block=Block{minecraft:dirt} tool=minecraft:birch_log slot=0 remaining=-1 required=route
[13:49:26] [Render thread/INFO] (lodekeeper) [Lodekeeper] BREAK target=Mutable{x=5, y=60, z=29} block=Block{minecraft:dirt} tool=minecraft:birch_log slot=0 remaining=-1 required=route
[13:49:26] [Render thread/INFO] (lodekeeper) [Lodekeeper] PROGRESS elapsed_ms=103803 phase=traveling backend=baritone target=3,52,29 block=minecraft:iron_ore navigation_elapsed_ms=8023 navigation_ticks=160 searching=false path_index=0 path_length=10 retries=0 pending_route_events=0 dropped_route_events=0 status=mining_and_collecting_minecraft:raw_iron___0/3
[13:49:27] [Render thread/INFO] (lodekeeper) [Lodekeeper] BREAK target=Mutable{x=5, y=59, z=29} block=Block{minecraft:stone} tool=minecraft:stone_pickaxe slot=7 remaining=131 required=route
[13:49:28] [Render thread/INFO] (lodekeeper) [Lodekeeper] BREAK target=Mutable{x=5, y=58, z=29} block=Block{minecraft:stone} tool=minecraft:stone_pickaxe slot=7 remaining=130 required=route
[13:49:28] [Render thread/INFO] (lodekeeper) [Lodekeeper] PROGRESS elapsed_ms=105812 phase=traveling backend=baritone target=3,52,29 block=minecraft:iron_ore navigation_elapsed_ms=10001 navigation_ticks=200 searching=false path_index=0 path_length=8 retries=0 pending_route_events=0 dropped_route_events=0 status=mining_and_collecting_minecraft:raw_iron___0/3
[13:49:29] [Render thread/INFO] (lodekeeper) [Lodekeeper] BREAK target=Mutable{x=5, y=57, z=29} block=Block{minecraft:stone} tool=minecraft:stone_pickaxe slot=7 remaining=129 required=route
[13:49:30] [Render thread/INFO] (lodekeeper) [Lodekeeper] BREAK target=Mutable{x=5, y=56, z=29} block=Block{minecraft:stone} tool=minecraft:stone_pickaxe slot=7 remaining=128 required=route
[13:49:30] [Render thread/INFO] (lodekeeper) [Lodekeeper] PROGRESS elapsed_ms=107840 phase=traveling backend=baritone target=3,52,29 block=minecraft:iron_ore navigation_elapsed_ms=12197 navigation_ticks=244 searching=false path_index=0 path_length=6 retries=0 pending_route_events=0 dropped_route_events=0 status=mining_and_collecting_minecraft:raw_iron___0/3
[13:49:31] [Render thread/INFO] (lodekeeper) [Lodekeeper] BREAK target=Mutable{x=5, y=55, z=29} block=Block{minecraft:stone} tool=minecraft:stone_pickaxe slot=7 remaining=127 required=route
[13:49:32] [Render thread/INFO] (lodekeeper) [Lodekeeper] BREAK target=Mutable{x=5, y=54, z=29} block=Block{minecraft:stone} tool=minecraft:stone_pickaxe slot=7 remaining=126 required=route
[13:49:32] [Render thread/INFO] (lodekeeper) [Lodekeeper] PROGRESS elapsed_ms=109853 phase=traveling backend=baritone target=3,52,29 block=minecraft:iron_ore navigation_elapsed_ms=14210 navigation_ticks=284 searching=false path_index=0 path_length=4 retries=0 pending_route_events=0 dropped_route_events=0 status=mining_and_collecting_minecraft:raw_iron___0/3
[13:49:33] [Render thread/INFO] (lodekeeper) [Lodekeeper] BREAK target=Mutable{x=4, y=55, z=29} block=Block{minecraft:stone} tool=minecraft:stone_pickaxe slot=7 remaining=125 required=route
[13:49:34] [Render thread/INFO] (lodekeeper) [Lodekeeper] BREAK target=Mutable{x=4, y=54, z=29} block=Block{minecraft:stone} tool=minecraft:stone_pickaxe slot=7 remaining=124 required=route
[13:49:34] [Render thread/INFO] (lodekeeper) [Lodekeeper] PROGRESS elapsed_ms=111905 phase=traveling backend=baritone target=3,52,29 block=minecraft:iron_ore navigation_elapsed_ms=16195 navigation_ticks=324 searching=false path_index=0 path_length=3 retries=0 pending_route_events=0 dropped_route_events=0 status=mining_and_collecting_minecraft:raw_iron___0/3
[13:49:34] [Render thread/INFO] (lodekeeper) [Lodekeeper] BREAK target=Mutable{x=4, y=53, z=29} block=Block{minecraft:stone} tool=minecraft:stone_pickaxe slot=7 remaining=123 required=route
[13:49:35] [Render thread/INFO] (lodekeeper) [Lodekeeper] BREAK target=Mutable{x=3, y=54, z=29} block=Block{minecraft:stone} tool=minecraft:stone_pickaxe slot=7 remaining=122 required=route
[13:49:36] [Render thread/INFO] (lodekeeper) [Lodekeeper] BREAK target=Mutable{x=3, y=53, z=29} block=Block{minecraft:iron_ore} tool=minecraft:stone_pickaxe slot=7 remaining=121 required=minecraft:stone_pickaxe
[13:49:36] [Render thread/INFO] (lodekeeper) [Lodekeeper] PROGRESS elapsed_ms=113958 phase=traveling backend=baritone target=3,52,29 block=minecraft:iron_ore navigation_elapsed_ms=18211 navigation_ticks=364 searching=false path_index=0 path_length=2 retries=0 pending_route_events=0 dropped_route_events=0 status=mining_and_collecting_minecraft:raw_iron___0/3
[13:49:38] [Render thread/INFO] (lodekeeper) [Lodekeeper] NAV discovered=1 retained=64 rejected=0 requestTicks=389 phase=MINE
[13:49:38] [Render thread/INFO] (lodekeeper) [Lodekeeper] BREAK target=Mutable{x=3, y=52, z=29} block=Block{minecraft:iron_ore} tool=minecraft:stone_pickaxe slot=7 remaining=120 required=minecraft:stone_pickaxe
[13:49:38] [Render thread/INFO] (lodekeeper) [Lodekeeper] PROGRESS elapsed_ms=116008 phase=traveling backend=baritone target=3,52,29 block=minecraft:iron_ore navigation_elapsed_ms=20193 navigation_ticks=404 searching=false path_index=0 path_length=2 retries=0 pending_route_events=0 dropped_route_events=0 status=mining_and_collecting_minecraft:raw_iron___1/3
[13:49:39] [Render thread/INFO] (lodekeeper) [Lodekeeper] NAV discovered=1 retained=64 rejected=0 requestTicks=418 phase=MINE
[13:49:39] [Render thread/INFO] (lodekeeper) [Lodekeeper] NAV backend=baritone mode=MINE event=CALC_STARTED elapsedMs=20945
[13:49:39] [Render thread/INFO] (lodekeeper) [Lodekeeper] NAV calcTool=minecraft:stone_pickaxe slot=7
[13:49:39] [Render thread/INFO] (lodekeeper) [Lodekeeper] NAV backend=baritone mode=MINE event=CALC_FINISHED_NOW_EXECUTING elapsedMs=20945
[13:49:39] [Render thread/INFO] (lodekeeper) [Lodekeeper] TARGET target=2,54,28 block=minecraft:iron_ore
[13:49:39] [Render thread/INFO] (lodekeeper) [Lodekeeper] BREAK target=Mutable{x=3, y=53, z=28} block=Block{minecraft:stone} tool=minecraft:stone_pickaxe slot=7 remaining=119 required=route
[13:49:40] [Render thread/INFO] (lodekeeper) [Lodekeeper] BREAK target=Mutable{x=3, y=54, z=28} block=Block{minecraft:stone} tool=minecraft:stone_pickaxe slot=7 remaining=118 required=route
[13:49:40] [Render thread/INFO] (lodekeeper) [Lodekeeper] PROGRESS elapsed_ms=118008 phase=traveling backend=baritone target=2,54,28 block=minecraft:iron_ore navigation_elapsed_ms=22194 navigation_ticks=444 searching=false path_index=0 path_length=3 retries=0 pending_route_events=0 dropped_route_events=0 status=mining_and_collecting_minecraft:raw_iron___2/3
[13:49:41] [Render thread/INFO] (lodekeeper) [Lodekeeper] BREAK target=Mutable{x=2, y=54, z=28} block=Block{minecraft:iron_ore} tool=minecraft:stone_pickaxe slot=7 remaining=117 required=minecraft:stone_pickaxe
[13:49:43] [Render thread/INFO] (lodekeeper) [Lodekeeper] TARGET target=none
[13:49:43] [Render thread/INFO] (lodekeeper) [Lodekeeper] PROGRESS elapsed_ms=120056 phase=traveling backend=baritone target=none navigation_elapsed_ms=24413 navigation_ticks=488 searching=false path_index=0 path_length=2 retries=0 pending_route_events=0 dropped_route_events=0 status=mining_and_collecting_minecraft:raw_iron___2/3
[13:49:43] [Render thread/INFO] (lodekeeper) [Lodekeeper] BREAK target=Mutable{x=2, y=53, z=28} block=Block{minecraft:stone} tool=minecraft:stone_pickaxe slot=7 remaining=116 required=route
[13:49:43] [lodekeeper-planner/INFO] (lodekeeper) [Lodekeeper] PROJECT_MATERIALS project=gear_diamond before=[gather:minecraft:diamond_ore:3, gather:minecraft:diamond_ore:3, gather:minecraft:birch_log:1, gather:minecraft:diamond_ore:4, gather:minecraft:diamond_ore:8, gather:minecraft:diamond_ore:5, gather:minecraft:diamond_ore:2, gather:minecraft:diamond_ore:7, gather:minecraft:diamond_ore:1, gather:minecraft:diamond_ore:2] after=[gather:minecraft:diamond_ore:3, gather:minecraft:diamond_ore:3, gather:minecraft:birch_log:1, gather:minecraft:diamond_ore:4, gather:minecraft:diamond_ore:8, gather:minecraft:diamond_ore:5, gather:minecraft:diamond_ore:2, gather:minecraft:diamond_ore:7, gather:minecraft:diamond_ore:1, gather:minecraft:diamond_ore:2]
[13:49:43] [lodekeeper-planner/INFO] (lodekeeper) [Lodekeeper] PLAN project=gear_diamond success=true steps=27 branches=130 elapsedMs=4.037049
[13:49:43] [Render thread/INFO] (lodekeeper) [Lodekeeper] STEP kind=CRAFT source=minecraft:furnace output=minecraft:furnace count=1 operations=1 auxiliary=false
[13:49:43] [Render thread/INFO] (lodekeeper) [Lodekeeper] NAV backend=baritone mode=MOVE event=CALC_STARTED elapsedMs=0
[13:49:43] [Render thread/INFO] (lodekeeper) [Lodekeeper] NAV calcTool=minecraft:stone_pickaxe slot=7
[13:49:43] [Render thread/INFO] (lodekeeper) [Lodekeeper] NAV backend=baritone mode=MOVE event=CALC_FINISHED_NOW_EXECUTING elapsedMs=30
[13:49:45] [Render thread/INFO] (lodekeeper) [Lodekeeper] PROGRESS elapsed_ms=122065 phase=traveling backend=baritone target=none navigation_elapsed_ms=984 navigation_ticks=20 searching=false path_index=0 path_length=15 retries=0 pending_route_events=0 dropped_route_events=0 status=following_route
[13:49:47] [Render thread/INFO] (lodekeeper) [Lodekeeper] PROGRESS elapsed_ms=124114 phase=traveling backend=baritone target=none navigation_elapsed_ms=3203 navigation_ticks=64 searching=false path_index=0 path_length=11 retries=0 pending_route_events=0 dropped_route_events=0 status=following_route
[13:49:47] [Render thread/INFO] (lodekeeper) [Lodekeeper] NAV backend=baritone mode=MOVE event=CALC_STARTED elapsedMs=3204
[13:49:47] [Render thread/INFO] (lodekeeper) [Lodekeeper] NAV calcTool=minecraft:air slot=2
[13:49:47] [Render thread/INFO] (lodekeeper) [Lodekeeper] NAV backend=baritone mode=MOVE event=CALC_FINISHED_NOW_EXECUTING elapsedMs=3237
[13:49:47] [Render thread/INFO] (lodekeeper) [Lodekeeper] BREAK target=Mutable{x=5, y=60, z=30} block=Block{minecraft:stone} tool=minecraft:stone_pickaxe slot=7 remaining=116 required=route
[13:49:48] [Render thread/INFO] (lodekeeper) [Lodekeeper] BREAK target=Mutable{x=5, y=61, z=30} block=Block{minecraft:dirt} tool=minecraft:birch_log slot=0 remaining=-1 required=route
[13:49:49] [Render thread/INFO] (lodekeeper) [Lodekeeper] PROGRESS elapsed_ms=126164 phase=traveling backend=baritone target=none navigation_elapsed_ms=5183 navigation_ticks=104 searching=false path_index=0 path_length=12 retries=0 pending_route_events=0 dropped_route_events=0 status=following_route
[13:49:49] [Render thread/INFO] (lodekeeper) [Lodekeeper] BREAK target=Mutable{x=5, y=61, z=31} block=Block{minecraft:dirt} tool=minecraft:birch_log slot=0 remaining=-1 required=route
[13:49:50] [Render thread/INFO] (lodekeeper) [Lodekeeper] BREAK target=Mutable{x=5, y=62, z=30} block=Block{minecraft:dirt} tool=minecraft:birch_log slot=0 remaining=-1 required=route
[13:49:51] [Render thread/INFO] (lodekeeper) [Lodekeeper] PROGRESS elapsed_ms=128193 phase=traveling backend=baritone target=none navigation_elapsed_ms=7178 navigation_ticks=144 searching=false path_index=0 path_length=11 retries=0 pending_route_events=0 dropped_route_events=0 status=following_route
[13:49:51] [Render thread/INFO] (lodekeeper) [Lodekeeper] BREAK target=Mutable{x=5, y=62, z=31} block=Block{minecraft:dirt} tool=minecraft:birch_log slot=0 remaining=-1 required=route
[13:49:52] [Render thread/INFO] (lodekeeper) [Lodekeeper] BREAK target=Mutable{x=4, y=62, z=31} block=Block{minecraft:dirt} tool=minecraft:birch_log slot=0 remaining=-1 required=route
[13:49:53] [Render thread/INFO] (lodekeeper) [Lodekeeper] PROGRESS elapsed_ms=130209 phase=traveling backend=baritone target=none navigation_elapsed_ms=9195 navigation_ticks=184 searching=false path_index=0 path_length=10 retries=0 pending_route_events=0 dropped_route_events=0 status=following_route
[13:49:53] [Render thread/INFO] (lodekeeper) [Lodekeeper] BREAK target=Mutable{x=5, y=63, z=31} block=Block{minecraft:dirt} tool=minecraft:birch_log slot=0 remaining=-1 required=route
[13:49:54] [Render thread/INFO] (lodekeeper) [Lodekeeper] BREAK target=Mutable{x=4, y=63, z=31} block=Block{minecraft:grass_block} tool=minecraft:birch_log slot=0 remaining=-1 required=route
[13:49:55] [Render thread/INFO] (lodekeeper) [Lodekeeper] PROGRESS elapsed_ms=132257 phase=traveling backend=baritone target=none navigation_elapsed_ms=11176 navigation_ticks=224 searching=false path_index=0 path_length=10 retries=0 pending_route_events=0 dropped_route_events=0 status=following_route
[13:49:57] [Render thread/INFO] (lodekeeper) [Lodekeeper] PROGRESS elapsed_ms=134311 phase=traveling backend=baritone target=none navigation_elapsed_ms=13399 navigation_ticks=268 searching=false path_index=0 path_length=5 retries=0 pending_route_events=0 dropped_route_events=0 status=following_route
[13:49:59] [Render thread/INFO] (lodekeeper) [Lodekeeper] PROGRESS elapsed_ms=136361 phase=working backend=baritone target=none navigation_elapsed_ms=0 navigation_ticks=0 searching=false path_index=0 path_length=0 retries=0 pending_route_events=0 dropped_route_events=0 status=following_route
[13:50:01] [Render thread/INFO] (lodekeeper) [Lodekeeper] PROGRESS elapsed_ms=138405 phase=working backend=baritone target=none navigation_elapsed_ms=0 navigation_ticks=0 searching=false path_index=0 path_length=0 retries=0 pending_route_events=0 dropped_route_events=0 status=following_route
[13:50:03] [Render thread/INFO] (lodekeeper) [Lodekeeper] PROGRESS elapsed_ms=140457 phase=working backend=baritone target=none navigation_elapsed_ms=0 navigation_ticks=0 searching=false path_index=0 path_length=0 retries=0 pending_route_events=0 dropped_route_events=0 status=following_route
[13:50:05] [lodekeeper-planner/INFO] (lodekeeper) [Lodekeeper] PROJECT_MATERIALS project=gear_diamond before=[gather:minecraft:diamond_ore:3, gather:minecraft:diamond_ore:3, gather:minecraft:birch_log:1, gather:minecraft:diamond_ore:4, gather:minecraft:diamond_ore:8, gather:minecraft:diamond_ore:5, gather:minecraft:diamond_ore:2, gather:minecraft:diamond_ore:7, gather:minecraft:diamond_ore:1, gather:minecraft:diamond_ore:2] after=[gather:minecraft:diamond_ore:3, gather:minecraft:diamond_ore:3, gather:minecraft:birch_log:1, gather:minecraft:diamond_ore:4, gather:minecraft:diamond_ore:8, gather:minecraft:diamond_ore:5, gather:minecraft:diamond_ore:2, gather:minecraft:diamond_ore:7, gather:minecraft:diamond_ore:1, gather:minecraft:diamond_ore:2]
[13:50:05] [lodekeeper-planner/INFO] (lodekeeper) [Lodekeeper] PLAN project=gear_diamond success=true steps=26 branches=127 elapsedMs=3.917241
[13:50:05] [Render thread/INFO] (lodekeeper) [Lodekeeper] STEP kind=PLACE_STATION source=place:minecraft:furnace output=null count=0 operations=1 auxiliary=false
[13:50:05] [Render thread/INFO] (lodekeeper) [Lodekeeper] TARGET target=5,59,29 block=minecraft:air
[13:50:05] [Render thread/INFO] (lodekeeper) [Lodekeeper] NAV backend=baritone mode=MOVE event=CALC_STARTED elapsedMs=0
[13:50:05] [Render thread/INFO] (lodekeeper) [Lodekeeper] NAV calcTool=minecraft:birch_log slot=0
[13:50:05] [Render thread/INFO] (lodekeeper) [Lodekeeper] PROGRESS elapsed_ms=142508 phase=working backend=baritone target=5,59,29 block=minecraft:air navigation_elapsed_ms=0 navigation_ticks=0 searching=false path_index=0 path_length=0 retries=0 pending_route_events=0 dropped_route_events=0 status=following_route
[13:50:05] [Render thread/INFO] (lodekeeper) [Lodekeeper] NAV backend=baritone mode=MOVE event=CALC_FINISHED_NOW_EXECUTING elapsedMs=64
[13:50:07] [Render thread/INFO] (lodekeeper) [Lodekeeper] PROGRESS elapsed_ms=144551 phase=traveling backend=baritone target=5,59,29 block=minecraft:air navigation_elapsed_ms=2005 navigation_ticks=40 searching=false path_index=0 path_length=10 retries=0 pending_route_events=0 dropped_route_events=0 status=following_route
[13:50:09] [Render thread/INFO] (lodekeeper) [Lodekeeper] PROGRESS elapsed_ms=146563 phase=traveling backend=baritone target=5,59,29 block=minecraft:air navigation_elapsed_ms=4014 navigation_ticks=80 searching=false path_index=0 path_length=7 retries=0 pending_route_events=0 dropped_route_events=0 status=following_route
[13:50:11] [Render thread/INFO] (lodekeeper) [Lodekeeper] NAV backend=baritone mode=IDLE event=CANCELED elapsedMs=5804
[13:50:11] [Render thread/INFO] (lodekeeper) [Lodekeeper] NAV backend=baritone mode=IDLE event=CANCELED elapsedMs=5804
[13:50:11] [Render thread/INFO] (lodekeeper) [Lodekeeper] NAV backend=baritone mode=IDLE event=CANCELED elapsedMs=5837
[13:50:11] [Render thread/INFO] (lodekeeper) [Lodekeeper] NAV backend=baritone mode=IDLE event=CANCELED elapsedMs=5905
[13:50:11] [Render thread/INFO] (lodekeeper) [Lodekeeper] NAV backend=baritone mode=IDLE event=CANCELED elapsedMs=5939
[13:50:11] [Render thread/INFO] (lodekeeper) [Lodekeeper] NAV backend=baritone mode=IDLE event=CANCELED elapsedMs=6006
[13:50:11] [Render thread/INFO] (lodekeeper) [Lodekeeper] NAV backend=baritone mode=IDLE event=CANCELED elapsedMs=6039
[13:50:11] [Render thread/INFO] (lodekeeper) [Lodekeeper] TARGET target=none
[13:50:11] [Render thread/INFO] (lodekeeper) [Lodekeeper] PROGRESS elapsed_ms=148587 phase=working backend=baritone target=none navigation_elapsed_ms=0 navigation_ticks=0 searching=false path_index=0 path_length=0 retries=0 pending_route_events=0 dropped_route_events=0 status=following_route
[13:50:11] [Render thread/INFO] (lodekeeper) [Lodekeeper] TARGET target=5,60,30 block=minecraft:furnace
[13:50:11] [Render thread/INFO] (lodekeeper) [Lodekeeper] TARGET target=none
[13:50:11] [lodekeeper-planner/INFO] (lodekeeper) [Lodekeeper] PROJECT_MATERIALS project=gear_diamond before=[gather:minecraft:diamond_ore:3, gather:minecraft:diamond_ore:3, gather:minecraft:birch_log:1, gather:minecraft:diamond_ore:4, gather:minecraft:diamond_ore:8, gather:minecraft:diamond_ore:5, gather:minecraft:diamond_ore:2, gather:minecraft:diamond_ore:7, gather:minecraft:diamond_ore:1, gather:minecraft:diamond_ore:2] after=[gather:minecraft:diamond_ore:3, gather:minecraft:diamond_ore:3, gather:minecraft:birch_log:1, gather:minecraft:diamond_ore:4, gather:minecraft:diamond_ore:8, gather:minecraft:diamond_ore:5, gather:minecraft:diamond_ore:2, gather:minecraft:diamond_ore:7, gather:minecraft:diamond_ore:1, gather:minecraft:diamond_ore:2]
[13:50:11] [lodekeeper-planner/INFO] (lodekeeper) [Lodekeeper] PLAN project=gear_diamond success=true steps=25 branches=126 elapsedMs=4.069219
[13:50:11] [Render thread/INFO] (lodekeeper) [Lodekeeper] SMELT_REQUIREMENTS source=minecraft:iron_ingot_from_smelting_raw_iron selected=[SelectedItemRequirement[item=minecraft:raw_iron, count=3, consumed=true, purpose=smelting input, recipeSlot=-1], SelectedItemRequirement[item=minecraft:birch_log, count=2, consumed=true, purpose=smelting fuel, recipeSlot=-1], SelectedStationRequirement[station=minecraft:furnace, purpose=use station]]
[13:50:11] [Render thread/INFO] (lodekeeper) [Lodekeeper] STEP kind=SMELT source=minecraft:iron_ingot_from_smelting_raw_iron output=minecraft:iron_ingot count=3 operations=3 auxiliary=false
[13:50:13] [Render thread/INFO] (lodekeeper) [Lodekeeper] PROGRESS elapsed_ms=150609 phase=smelting backend=baritone target=none navigation_elapsed_ms=0 navigation_ticks=0 searching=false path_index=0 path_length=0 retries=0 pending_route_events=0 dropped_route_events=0 status=SMELT_minecraft:iron_ingot_from_smelting_raw_iron
[13:50:15] [Render thread/INFO] (lodekeeper) [Lodekeeper] PROGRESS elapsed_ms=152653 phase=smelting backend=baritone target=none navigation_elapsed_ms=0 navigation_ticks=0 searching=false path_index=0 path_length=0 retries=0 pending_route_events=0 dropped_route_events=0 status=SMELT_minecraft:iron_ingot_from_smelting_raw_iron
[13:50:17] [Render thread/INFO] (lodekeeper) [Lodekeeper] PROGRESS elapsed_ms=154705 phase=smelting backend=baritone target=none navigation_elapsed_ms=0 navigation_ticks=0 searching=false path_index=0 path_length=0 retries=0 pending_route_events=0 dropped_route_events=0 status=SMELT_minecraft:iron_ingot_from_smelting_raw_iron
[13:50:19] [Render thread/INFO] (lodekeeper) [Lodekeeper] PROGRESS elapsed_ms=156759 phase=smelting backend=baritone target=none navigation_elapsed_ms=0 navigation_ticks=0 searching=false path_index=0 path_length=0 retries=0 pending_route_events=0 dropped_route_events=0 status=SMELT_minecraft:iron_ingot_from_smelting_raw_iron
[13:50:21] [Render thread/INFO] (lodekeeper) [Lodekeeper] PROGRESS elapsed_ms=158803 phase=smelting backend=baritone target=none navigation_elapsed_ms=0 navigation_ticks=0 searching=false path_index=0 path_length=0 retries=0 pending_route_events=0 dropped_route_events=0 status=SMELT_minecraft:iron_ingot_from_smelting_raw_iron
[13:50:23] [Render thread/INFO] (lodekeeper) [Lodekeeper] PROGRESS elapsed_ms=160853 phase=smelting backend=baritone target=none navigation_elapsed_ms=0 navigation_ticks=0 searching=false path_index=0 path_length=0 retries=0 pending_route_events=0 dropped_route_events=0 status=SMELT_minecraft:iron_ingot_from_smelting_raw_iron
[13:50:25] [Render thread/INFO] (lodekeeper) [Lodekeeper] PROGRESS elapsed_ms=162905 phase=smelting backend=baritone target=none navigation_elapsed_ms=0 navigation_ticks=0 searching=false path_index=0 path_length=0 retries=0 pending_route_events=0 dropped_route_events=0 status=SMELT_minecraft:iron_ingot_from_smelting_raw_iron
[13:50:27] [Render thread/INFO] (lodekeeper) [Lodekeeper] PROGRESS elapsed_ms=164959 phase=smelting backend=baritone target=none navigation_elapsed_ms=0 navigation_ticks=0 searching=false path_index=0 path_length=0 retries=0 pending_route_events=0 dropped_route_events=0 status=SMELT_minecraft:iron_ingot_from_smelting_raw_iron
[13:50:29] [Render thread/INFO] (lodekeeper) [Lodekeeper] PROGRESS elapsed_ms=167008 phase=smelting backend=baritone target=none navigation_elapsed_ms=0 navigation_ticks=0 searching=false path_index=0 path_length=0 retries=0 pending_route_events=0 dropped_route_events=0 status=SMELT_minecraft:iron_ingot_from_smelting_raw_iron
[13:50:32] [Render thread/INFO] (lodekeeper) [Lodekeeper] PROGRESS elapsed_ms=169062 phase=smelting backend=baritone target=none navigation_elapsed_ms=0 navigation_ticks=0 searching=false path_index=0 path_length=0 retries=0 pending_route_events=0 dropped_route_events=0 status=SMELT_minecraft:iron_ingot_from_smelting_raw_iron
[13:50:34] [Render thread/INFO] (lodekeeper) [Lodekeeper] PROGRESS elapsed_ms=171114 phase=smelting backend=baritone target=none navigation_elapsed_ms=0 navigation_ticks=0 searching=false path_index=0 path_length=0 retries=0 pending_route_events=0 dropped_route_events=0 status=SMELT_minecraft:iron_ingot_from_smelting_raw_iron
[13:50:36] [Render thread/INFO] (lodekeeper) [Lodekeeper] PROGRESS elapsed_ms=173165 phase=smelting backend=baritone target=none navigation_elapsed_ms=0 navigation_ticks=0 searching=false path_index=0 path_length=0 retries=0 pending_route_events=0 dropped_route_events=0 status=SMELT_minecraft:iron_ingot_from_smelting_raw_iron
[13:50:38] [Render thread/INFO] (lodekeeper) [Lodekeeper] PROGRESS elapsed_ms=175213 phase=smelting backend=baritone target=none navigation_elapsed_ms=0 navigation_ticks=0 searching=false path_index=0 path_length=0 retries=0 pending_route_events=0 dropped_route_events=0 status=SMELT_minecraft:iron_ingot_from_smelting_raw_iron
[13:50:40] [Render thread/INFO] (lodekeeper) [Lodekeeper] PROGRESS elapsed_ms=177265 phase=smelting backend=baritone target=none navigation_elapsed_ms=0 navigation_ticks=0 searching=false path_index=0 path_length=0 retries=0 pending_route_events=0 dropped_route_events=0 status=SMELT_minecraft:iron_ingot_from_smelting_raw_iron
[13:50:42] [Render thread/INFO] (lodekeeper) [Lodekeeper] PROGRESS elapsed_ms=179314 phase=smelting backend=baritone target=none navigation_elapsed_ms=0 navigation_ticks=0 searching=false path_index=0 path_length=0 retries=0 pending_route_events=0 dropped_route_events=0 status=SMELT_minecraft:iron_ingot_from_smelting_raw_iron
[13:50:42] [lodekeeper-planner/INFO] (lodekeeper) [Lodekeeper] PROJECT_MATERIALS project=gear_diamond before=[gather:minecraft:diamond_ore:3, gather:minecraft:diamond_ore:3, gather:minecraft:birch_log:1, gather:minecraft:diamond_ore:4, gather:minecraft:diamond_ore:8, gather:minecraft:diamond_ore:5, gather:minecraft:diamond_ore:2, gather:minecraft:diamond_ore:7, gather:minecraft:diamond_ore:1, gather:minecraft:diamond_ore:2] after=[gather:minecraft:diamond_ore:3, gather:minecraft:diamond_ore:3, gather:minecraft:birch_log:1, gather:minecraft:diamond_ore:4, gather:minecraft:diamond_ore:8, gather:minecraft:diamond_ore:5, gather:minecraft:diamond_ore:2, gather:minecraft:diamond_ore:7, gather:minecraft:diamond_ore:1, gather:minecraft:diamond_ore:2]
[13:50:42] [lodekeeper-planner/INFO] (lodekeeper) [Lodekeeper] PLAN project=gear_diamond success=true steps=24 branches=111 elapsedMs=2.707913
[13:50:42] [Render thread/INFO] (lodekeeper) [Lodekeeper] STEP kind=CRAFT source=minecraft:stick output=minecraft:stick count=4 operations=1 auxiliary=false
[13:50:44] [Render thread/INFO] (lodekeeper) [Lodekeeper] PROGRESS elapsed_ms=181354 phase=crafting backend=baritone target=none navigation_elapsed_ms=0 navigation_ticks=0 searching=false path_index=0 path_length=0 retries=0 pending_route_events=0 dropped_route_events=0 status=CRAFT_minecraft:stick
[13:50:44] [lodekeeper-planner/INFO] (lodekeeper) [Lodekeeper] PROJECT_MATERIALS project=gear_diamond before=[gather:minecraft:diamond_ore:3, gather:minecraft:diamond_ore:3, gather:minecraft:birch_log:1, gather:minecraft:diamond_ore:4, gather:minecraft:diamond_ore:8, gather:minecraft:diamond_ore:5, gather:minecraft:diamond_ore:2, gather:minecraft:diamond_ore:7, gather:minecraft:diamond_ore:1, gather:minecraft:diamond_ore:2] after=[gather:minecraft:diamond_ore:3, gather:minecraft:diamond_ore:3, gather:minecraft:birch_log:1, gather:minecraft:diamond_ore:4, gather:minecraft:diamond_ore:8, gather:minecraft:diamond_ore:5, gather:minecraft:diamond_ore:2, gather:minecraft:diamond_ore:7, gather:minecraft:diamond_ore:1, gather:minecraft:diamond_ore:2]
[13:50:44] [lodekeeper-planner/INFO] (lodekeeper) [Lodekeeper] PLAN project=gear_diamond success=true steps=23 branches=107 elapsedMs=1.772474
[13:50:44] [Render thread/INFO] (lodekeeper) [Lodekeeper] STEP kind=CRAFT source=minecraft:iron_pickaxe output=minecraft:iron_pickaxe count=1 operations=1 auxiliary=false
[13:50:44] [Render thread/INFO] (lodekeeper) [Lodekeeper] NAV backend=baritone mode=MOVE event=CALC_STARTED elapsedMs=1
[13:50:44] [Render thread/INFO] (lodekeeper) [Lodekeeper] NAV calcTool=minecraft:iron_ingot slot=5
[13:50:44] [Render thread/INFO] (lodekeeper) [Lodekeeper] NAV backend=baritone mode=MOVE event=CALC_FINISHED_NOW_EXECUTING elapsedMs=33
[13:50:46] [Render thread/INFO] (lodekeeper) [Lodekeeper] PROGRESS elapsed_ms=183404 phase=traveling backend=baritone target=none navigation_elapsed_ms=1603 navigation_ticks=32 searching=false path_index=0 path_length=10 retries=0 pending_route_events=0 dropped_route_events=0 status=following_route
[13:50:48] [Render thread/INFO] (lodekeeper) [Lodekeeper] PROGRESS elapsed_ms=185414 phase=traveling backend=baritone target=none navigation_elapsed_ms=3613 navigation_ticks=72 searching=false path_index=0 path_length=4 retries=0 pending_route_events=0 dropped_route_events=0 status=following_route
[13:50:50] [Render thread/INFO] (lodekeeper) [Lodekeeper] PROGRESS elapsed_ms=187440 phase=working backend=baritone target=none navigation_elapsed_ms=0 navigation_ticks=0 searching=false path_index=0 path_length=0 retries=0 pending_route_events=0 dropped_route_events=0 status=following_route
[13:50:52] [Render thread/INFO] (lodekeeper) [Lodekeeper] PROGRESS elapsed_ms=189506 phase=working backend=baritone target=none navigation_elapsed_ms=0 navigation_ticks=0 searching=false path_index=0 path_length=0 retries=0 pending_route_events=0 dropped_route_events=0 status=following_route
[13:50:53] [lodekeeper-planner/INFO] (lodekeeper) [Lodekeeper] PROJECT_MATERIALS project=gear_diamond before=[gather:minecraft:diamond_ore:3, gather:minecraft:diamond_ore:3, gather:minecraft:birch_log:1, gather:minecraft:diamond_ore:4, gather:minecraft:diamond_ore:8, gather:minecraft:diamond_ore:5, gather:minecraft:diamond_ore:2, gather:minecraft:diamond_ore:7, gather:minecraft:diamond_ore:1, gather:minecraft:diamond_ore:2] after=[gather:minecraft:diamond_ore:3, gather:minecraft:diamond_ore:3, gather:minecraft:birch_log:1, gather:minecraft:diamond_ore:4, gather:minecraft:diamond_ore:8, gather:minecraft:diamond_ore:5, gather:minecraft:diamond_ore:2, gather:minecraft:diamond_ore:7, gather:minecraft:diamond_ore:1, gather:minecraft:diamond_ore:2]
[13:50:53] [lodekeeper-planner/INFO] (lodekeeper) [Lodekeeper] PLAN project=gear_diamond success=true steps=22 branches=102 elapsedMs=2.228911
[13:50:53] [Render thread/INFO] (lodekeeper) [Lodekeeper] STEP kind=GATHER source=gather:minecraft:diamond_ore output=minecraft:diamond count=3 operations=3 auxiliary=false
[13:50:53] [Render thread/INFO] (lodekeeper) [Lodekeeper] NAV scan=native-mine durationNanos=9249089 hits=-1 requestTicks=0
[13:50:53] [Render thread/INFO] (lodekeeper) [Lodekeeper] NAV backend=baritone mode=MINE event=CALC_STARTED elapsedMs=10
[13:50:53] [Render thread/INFO] (lodekeeper) [Lodekeeper] NAV calcTool=minecraft:iron_pickaxe slot=5
[13:50:54] [Render thread/INFO] (lodekeeper) [Lodekeeper] ROUTE_SEARCH kind=unknown anchor=unknown feet_y16=0 candidates=0 target=none elapsed_ms=191112
[13:50:54] [Render thread/INFO] (lodekeeper) [Lodekeeper] NAV backend=baritone mode=MINE event=CALC_FINISHED_NOW_EXECUTING elapsedMs=545
[13:50:54] [Render thread/INFO] (lodekeeper) [Lodekeeper] NAV backend=baritone mode=MINE event=NEXT_SEGMENT_CALC_STARTED elapsedMs=547
[13:50:54] [Render thread/INFO] (lodekeeper) [Lodekeeper] PROGRESS elapsed_ms=191555 phase=searching backend=baritone target=none navigation_elapsed_ms=579 navigation_ticks=12 searching=true path_index=0 path_length=12 retries=0 pending_route_events=0 dropped_route_events=0 status=mining_and_collecting_minecraft:diamond___0/3___planning_next_route
[13:50:56] [Render thread/INFO] (lodekeeper) [Lodekeeper] PROGRESS elapsed_ms=193611 phase=searching backend=baritone target=none navigation_elapsed_ms=2599 navigation_ticks=52 searching=true path_index=0 path_length=9 retries=0 pending_route_events=0 dropped_route_events=0 status=mining_and_collecting_minecraft:diamond___0/3___planning_next_route
[13:50:58] [Render thread/INFO] (lodekeeper) [Lodekeeper] ROUTE_TRAVEL path_index=0 path_length=6 target=none elapsed_ms=195487
[13:50:58] [Render thread/INFO] (lodekeeper) [Lodekeeper] NAV backend=baritone mode=MINE event=NEXT_SEGMENT_CALC_FINISHED elapsedMs=4579
[13:50:58] [Render thread/INFO] (lodekeeper) [Lodekeeper] PROGRESS elapsed_ms=195656 phase=traveling backend=baritone target=none navigation_elapsed_ms=4579 navigation_ticks=92 searching=false path_index=0 path_length=6 retries=0 pending_route_events=0 dropped_route_events=0 status=mining_and_collecting_minecraft:diamond___0/3
[13:50:59] [Render thread/INFO] (lodekeeper) [Lodekeeper] NAV discovered=1 retained=62 rejected=0 requestTicks=116 phase=MINE
[13:51:00] [Render thread/INFO] (lodekeeper) [Lodekeeper] PROGRESS elapsed_ms=197686 phase=traveling backend=baritone target=none navigation_elapsed_ms=6777 navigation_ticks=136 searching=false path_index=0 path_length=50 retries=0 pending_route_events=0 dropped_route_events=0 status=mining_and_collecting_minecraft:diamond___0/3
[13:51:02] [Render thread/INFO] (lodekeeper) [Lodekeeper] PROGRESS elapsed_ms=199705 phase=traveling backend=baritone target=none navigation_elapsed_ms=8796 navigation_ticks=176 searching=false path_index=0 path_length=50 retries=0 pending_route_events=0 dropped_route_events=0 status=mining_and_collecting_minecraft:diamond___0/3
[13:51:03] [Render thread/INFO] (lodekeeper) [Lodekeeper] NAV backend=baritone mode=MINE event=CALC_STARTED elapsedMs=9380
[13:51:03] [Render thread/INFO] (lodekeeper) [Lodekeeper] NAV calcTool=minecraft:iron_pickaxe slot=5
[13:51:03] [Render thread/INFO] (lodekeeper) [Lodekeeper] ROUTE_SEARCH kind=unknown anchor=unknown feet_y16=0 candidates=0 target=none elapsed_ms=200494
[13:51:03] [Render thread/INFO] (lodekeeper) [Lodekeeper] NAV backend=baritone mode=MINE event=CALC_STARTED elapsedMs=9791
[13:51:03] [Render thread/INFO] (lodekeeper) [Lodekeeper] NAV calcTool=minecraft:iron_pickaxe slot=5
[13:51:04] [Render thread/INFO] (lodekeeper) [Lodekeeper] NAV backend=baritone mode=MINE event=CALC_FINISHED_NOW_EXECUTING elapsedMs=10303
[13:51:04] [Render thread/INFO] (lodekeeper) [Lodekeeper] NAV backend=baritone mode=MINE event=NEXT_SEGMENT_CALC_STARTED elapsedMs=10306
[13:51:04] [Render thread/INFO] (lodekeeper) [Lodekeeper] PROGRESS elapsed_ms=201756 phase=searching backend=baritone target=none navigation_elapsed_ms=10781 navigation_ticks=216 searching=true path_index=0 path_length=6 retries=0 pending_route_events=0 dropped_route_events=0 status=mining_and_collecting_minecraft:diamond___0/3___planning_next_route
[13:51:06] [Render thread/INFO] (lodekeeper) [Lodekeeper] PROGRESS elapsed_ms=203811 phase=searching backend=baritone target=none navigation_elapsed_ms=12804 navigation_ticks=256 searching=true path_index=0 path_length=2 retries=0 pending_route_events=0 dropped_route_events=0 status=mining_and_collecting_minecraft:diamond___0/3___planning_next_route
[13:51:07] [Render thread/INFO] (lodekeeper) [Lodekeeper] NAV backend=baritone mode=MINE event=PATH_FINISHED_NEXT_STILL_CALCULATING elapsedMs=13484
[13:51:08] [Render thread/INFO] (lodekeeper) [Lodekeeper] NAV backend=baritone mode=MINE event=CALC_FINISHED_NOW_EXECUTING elapsedMs=14330
[13:51:08] [Render thread/INFO] (lodekeeper) [Lodekeeper] ROUTE_TRAVEL path_index=0 path_length=45 target=none elapsed_ms=205302
[13:51:08] [Render thread/INFO] (lodekeeper) [Lodekeeper] BREAK target=Mutable{x=12, y=63, z=14} block=Block{minecraft:stone} tool=minecraft:iron_pickaxe slot=5 remaining=250 required=route
[13:51:08] [Render thread/INFO] (lodekeeper) [Lodekeeper] PROGRESS elapsed_ms=205812 phase=traveling backend=baritone target=none navigation_elapsed_ms=14802 navigation_ticks=296 searching=false path_index=0 path_length=45 retries=0 pending_route_events=0 dropped_route_events=0 status=mining_and_collecting_minecraft:diamond___0/3
[13:51:10] [Render thread/INFO] (lodekeeper) [Lodekeeper] PROGRESS elapsed_ms=207846 phase=traveling backend=baritone target=none navigation_elapsed_ms=16800 navigation_ticks=336 searching=false path_index=0 path_length=45 retries=0 pending_route_events=0 dropped_route_events=0 status=mining_and_collecting_minecraft:diamond___0/3
[13:51:12] [Render thread/INFO] (lodekeeper) [Lodekeeper] BREAK target=Mutable{x=12, y=64, z=14} block=Block{minecraft:stone} tool=minecraft:iron_pickaxe slot=5 remaining=249 required=route
[13:51:12] [Render thread/INFO] (lodekeeper) [Lodekeeper] PROGRESS elapsed_ms=209907 phase=traveling backend=baritone target=none navigation_elapsed_ms=18998 navigation_ticks=380 searching=false path_index=0 path_length=45 retries=0 pending_route_events=0 dropped_route_events=0 status=mining_and_collecting_minecraft:diamond___0/3
[13:51:14] [Render thread/INFO] (lodekeeper) [Lodekeeper] NAV backend=baritone mode=MINE event=CALC_STARTED elapsedMs=20608
[13:51:14] [Render thread/INFO] (lodekeeper) [Lodekeeper] NAV calcTool=minecraft:iron_pickaxe slot=5
[13:51:14] [Render thread/INFO] (lodekeeper) [Lodekeeper] ROUTE_SEARCH kind=unknown anchor=unknown feet_y16=0 candidates=0 target=none elapsed_ms=211687
[13:51:14] [Render thread/INFO] (lodekeeper) [Lodekeeper] PROGRESS elapsed_ms=211962 phase=searching backend=baritone target=none navigation_elapsed_ms=20985 navigation_ticks=420 searching=true path_index=0 path_length=0 retries=0 pending_route_events=0 dropped_route_events=0 status=mining_and_collecting_minecraft:diamond___0/3___planning_next_route
[13:51:15] [Render thread/INFO] (lodekeeper) [Lodekeeper] NAV backend=baritone mode=MINE event=CALC_FINISHED_NOW_EXECUTING elapsedMs=21158
[13:51:15] [Render thread/INFO] (lodekeeper) [Lodekeeper] ROUTE_TRAVEL path_index=0 path_length=23 target=none elapsed_ms=212100
[13:51:15] [Render thread/INFO] (lodekeeper) [Lodekeeper] BREAK target=Mutable{x=13, y=64, z=14} block=Block{minecraft:stone} tool=minecraft:iron_pickaxe slot=5 remaining=248 required=route
[13:51:16] [Render thread/INFO] (lodekeeper) [Lodekeeper] BREAK target=Mutable{x=13, y=63, z=14} block=Block{minecraft:stone} tool=minecraft:iron_pickaxe slot=5 remaining=247 required=route
[13:51:16] [Render thread/INFO] (lodekeeper) [Lodekeeper] PROGRESS elapsed_ms=214016 phase=traveling backend=baritone target=none navigation_elapsed_ms=23005 navigation_ticks=460 searching=false path_index=0 path_length=22 retries=0 pending_route_events=0 dropped_route_events=0 status=mining_and_collecting_minecraft:diamond___0/3
[13:51:17] [Render thread/INFO] (lodekeeper) [Lodekeeper] BREAK target=Mutable{x=13, y=62, z=14} block=Block{minecraft:stone} tool=minecraft:iron_pickaxe slot=5 remaining=246 required=route
[13:51:18] [Render thread/INFO] (lodekeeper) [Lodekeeper] BREAK target=Mutable{x=13, y=61, z=14} block=Block{minecraft:stone} tool=minecraft:iron_pickaxe slot=5 remaining=245 required=route
[13:51:18] [Render thread/INFO] (lodekeeper) [Lodekeeper] BREAK target=Mutable{x=13, y=60, z=14} block=Block{minecraft:stone} tool=minecraft:iron_pickaxe slot=5 remaining=244 required=route
[13:51:19] [Render thread/INFO] (lodekeeper) [Lodekeeper] PROGRESS elapsed_ms=216066 phase=traveling backend=baritone target=none navigation_elapsed_ms=24987 navigation_ticks=500 searching=false path_index=0 path_length=20 retries=0 pending_route_events=0 dropped_route_events=0 status=mining_and_collecting_minecraft:diamond___0/3
[13:51:19] [Render thread/INFO] (lodekeeper) [Lodekeeper] BREAK target=Mutable{x=13, y=59, z=14} block=Block{minecraft:stone} tool=minecraft:iron_pickaxe slot=5 remaining=243 required=route
[13:51:20] [Render thread/INFO] (lodekeeper) [Lodekeeper] BREAK target=Mutable{x=13, y=58, z=14} block=Block{minecraft:stone} tool=minecraft:iron_pickaxe slot=5 remaining=242 required=route
[13:51:20] [Render thread/INFO] (lodekeeper) [Lodekeeper] BREAK target=Mutable{x=13, y=57, z=14} block=Block{minecraft:stone} tool=minecraft:iron_pickaxe slot=5 remaining=241 required=route
[13:51:21] [Render thread/INFO] (lodekeeper) [Lodekeeper] PROGRESS elapsed_ms=218115 phase=traveling backend=baritone target=none navigation_elapsed_ms=27206 navigation_ticks=544 searching=false path_index=0 path_length=17 retries=0 pending_route_events=0 dropped_route_events=0 status=mining_and_collecting_minecraft:diamond___0/3
[13:51:21] [Render thread/INFO] (lodekeeper) [Lodekeeper] BREAK target=Mutable{x=13, y=56, z=14} block=Block{minecraft:stone} tool=minecraft:iron_pickaxe slot=5 remaining=240 required=route
[13:51:22] [Render thread/INFO] (lodekeeper) [Lodekeeper] BREAK target=Mutable{x=13, y=55, z=14} block=Block{minecraft:stone} tool=minecraft:iron_pickaxe slot=5 remaining=239 required=route
[13:51:22] [Render thread/INFO] (lodekeeper) [Lodekeeper] BREAK target=Mutable{x=13, y=54, z=14} block=Block{minecraft:stone} tool=minecraft:iron_pickaxe slot=5 remaining=238 required=route
[13:51:23] [Render thread/INFO] (lodekeeper) [Lodekeeper] PROGRESS elapsed_ms=220164 phase=traveling backend=baritone target=none navigation_elapsed_ms=29187 navigation_ticks=584 searching=false path_index=0 path_length=14 retries=0 pending_route_events=0 dropped_route_events=0 status=mining_and_collecting_minecraft:diamond___0/3
[13:51:23] [Render thread/INFO] (lodekeeper) [Lodekeeper] BREAK target=Mutable{x=13, y=53, z=14} block=Block{minecraft:stone} tool=minecraft:iron_pickaxe slot=5 remaining=237 required=route
[13:51:24] [Render thread/INFO] (lodekeeper) [Lodekeeper] BREAK target=Mutable{x=13, y=52, z=14} block=Block{minecraft:stone} tool=minecraft:iron_pickaxe slot=5 remaining=236 required=route
[13:51:25] [Render thread/INFO] (lodekeeper) [Lodekeeper] BREAK target=Mutable{x=13, y=51, z=14} block=Block{minecraft:stone} tool=minecraft:iron_pickaxe slot=5 remaining=235 required=route
[13:51:25] [Render thread/INFO] (lodekeeper) [Lodekeeper] PROGRESS elapsed_ms=222210 phase=traveling backend=baritone target=none navigation_elapsed_ms=31198 navigation_ticks=624 searching=false path_index=0 path_length=11 retries=0 pending_route_events=0 dropped_route_events=0 status=mining_and_collecting_minecraft:diamond___0/3
[13:51:25] [Render thread/INFO] (lodekeeper) [Lodekeeper] NAV backend=baritone mode=MINE event=NEXT_SEGMENT_CALC_STARTED elapsedMs=31678
[13:51:25] [Render thread/INFO] (lodekeeper) [Lodekeeper] ROUTE_SEARCH kind=unknown anchor=unknown feet_y16=0 candidates=0 target=none elapsed_ms=222687
[13:51:25] [Render thread/INFO] (lodekeeper) [Lodekeeper] BREAK target=Mutable{x=13, y=50, z=14} block=Block{minecraft:stone} tool=minecraft:iron_pickaxe slot=5 remaining=234 required=route
[13:51:25] [Render thread/INFO] (lodekeeper) [Lodekeeper] NAV backend=baritone mode=MINE event=NEXT_SEGMENT_CALC_FINISHED elapsedMs=32094
[13:51:26] [Render thread/INFO] (lodekeeper) [Lodekeeper] TARGET target=15,4,9 block=minecraft:diamond_ore
[13:51:26] [Render thread/INFO] (lodekeeper) [Lodekeeper] ROUTE_TRAVEL path_index=0 path_length=48 target=15,4,9 block=minecraft:diamond_ore elapsed_ms=223104
[13:51:26] [Render thread/INFO] (lodekeeper) [Lodekeeper] BREAK target=Mutable{x=13, y=49, z=14} block=Block{minecraft:stone} tool=minecraft:iron_pickaxe slot=5 remaining=233 required=route
[13:51:27] [Render thread/INFO] (lodekeeper) [Lodekeeper] BREAK target=Mutable{x=13, y=48, z=14} block=Block{minecraft:stone} tool=minecraft:iron_pickaxe slot=5 remaining=232 required=route
[13:51:27] [Render thread/INFO] (lodekeeper) [Lodekeeper] PROGRESS elapsed_ms=224252 phase=traveling backend=baritone target=15,4,9 block=minecraft:diamond_ore navigation_elapsed_ms=33207 navigation_ticks=664 searching=false path_index=0 path_length=46 retries=0 pending_route_events=0 dropped_route_events=0 status=mining_and_collecting_minecraft:diamond___0/3
[13:51:27] [Render thread/INFO] (lodekeeper) [Lodekeeper] BREAK target=Mutable{x=13, y=49, z=13} block=Block{minecraft:stone} tool=minecraft:iron_pickaxe slot=5 remaining=231 required=route
[13:51:28] [Render thread/INFO] (lodekeeper) [Lodekeeper] BREAK target=Mutable{x=13, y=48, z=13} block=Block{minecraft:stone} tool=minecraft:iron_pickaxe slot=5 remaining=230 required=route
[13:51:29] [Render thread/INFO] (lodekeeper) [Lodekeeper] PROGRESS elapsed_ms=226307 phase=traveling backend=baritone target=15,4,9 block=minecraft:diamond_ore navigation_elapsed_ms=35399 navigation_ticks=708 searching=false path_index=0 path_length=45 retries=0 pending_route_events=0 dropped_route_events=0 status=mining_and_collecting_minecraft:diamond___0/3
[13:51:29] [Render thread/INFO] (lodekeeper) [Lodekeeper] BREAK target=Mutable{x=13, y=47, z=13} block=Block{minecraft:stone} tool=minecraft:iron_pickaxe slot=5 remaining=229 required=route
[13:51:30] [Render thread/INFO] (lodekeeper) [Lodekeeper] BREAK target=Mutable{x=13, y=46, z=13} block=Block{minecraft:stone} tool=minecraft:iron_pickaxe slot=5 remaining=228 required=route
[13:51:30] [Render thread/INFO] (lodekeeper) [Lodekeeper] BREAK target=Mutable{x=13, y=45, z=13} block=Block{minecraft:andesite} tool=minecraft:iron_pickaxe slot=5 remaining=227 required=route
[13:51:31] [Render thread/INFO] (lodekeeper) [Lodekeeper] PROGRESS elapsed_ms=228357 phase=traveling backend=baritone target=15,4,9 block=minecraft:diamond_ore navigation_elapsed_ms=37379 navigation_ticks=748 searching=false path_index=0 path_length=43 retries=0 pending_route_events=0 dropped_route_events=0 status=mining_and_collecting_minecraft:diamond___0/3
[13:51:31] [Render thread/INFO] (lodekeeper) [Lodekeeper] BREAK target=Mutable{x=13, y=44, z=13} block=Block{minecraft:andesite} tool=minecraft:iron_pickaxe slot=5 remaining=226 required=route
[13:51:32] [Render thread/INFO] (lodekeeper) [Lodekeeper] BREAK target=Mutable{x=13, y=43, z=13} block=Block{minecraft:andesite} tool=minecraft:iron_pickaxe slot=5 remaining=225 required=route
[13:51:33] [Render thread/INFO] (lodekeeper) [Lodekeeper] BREAK target=Mutable{x=13, y=42, z=13} block=Block{minecraft:andesite} tool=minecraft:iron_pickaxe slot=5 remaining=224 required=route
[13:51:33] [Render thread/INFO] (lodekeeper) [Lodekeeper] PROGRESS elapsed_ms=230417 phase=traveling backend=baritone target=15,4,9 block=minecraft:diamond_ore navigation_elapsed_ms=39405 navigation_ticks=788 searching=false path_index=0 path_length=40 retries=0 pending_route_events=0 dropped_route_events=0 status=mining_and_collecting_minecraft:diamond___0/3
[13:51:33] [Render thread/INFO] (lodekeeper) [Lodekeeper] BREAK target=Mutable{x=14, y=43, z=13} block=Block{minecraft:andesite} tool=minecraft:iron_pickaxe slot=5 remaining=223 required=route
[13:51:34] [Render thread/INFO] (lodekeeper) [Lodekeeper] BREAK target=Mutable{x=14, y=42, z=13} block=Block{minecraft:andesite} tool=minecraft:iron_pickaxe slot=5 remaining=222 required=route
[13:51:35] [Render thread/INFO] (lodekeeper) [Lodekeeper] BREAK target=Mutable{x=14, y=41, z=13} block=Block{minecraft:andesite} tool=minecraft:iron_pickaxe slot=5 remaining=221 required=route
[13:51:35] [Render thread/INFO] (lodekeeper) [Lodekeeper] PROGRESS elapsed_ms=232437 phase=traveling backend=baritone target=15,4,9 block=minecraft:diamond_ore navigation_elapsed_ms=41392 navigation_ticks=828 searching=false path_index=0 path_length=39 retries=0 pending_route_events=0 dropped_route_events=0 status=mining_and_collecting_minecraft:diamond___0/3
[13:51:36] [Render thread/INFO] (lodekeeper) [Lodekeeper] BREAK target=Mutable{x=14, y=40, z=13} block=Block{minecraft:andesite} tool=minecraft:iron_pickaxe slot=5 remaining=220 required=route
[13:51:36] [Render thread/INFO] (lodekeeper) [Lodekeeper] BREAK target=Mutable{x=14, y=41, z=14} block=Block{minecraft:andesite} tool=minecraft:iron_pickaxe slot=5 remaining=219 required=route
[13:51:37] [Render thread/INFO] (lodekeeper) [Lodekeeper] PROGRESS elapsed_ms=234460 phase=traveling backend=baritone target=15,4,9 block=minecraft:diamond_ore navigation_elapsed_ms=43381 navigation_ticks=868 searching=false path_index=0 path_length=37 retries=0 pending_route_events=0 dropped_route_events=0 status=mining_and_collecting_minecraft:diamond___0/3
[13:51:37] [Render thread/INFO] (lodekeeper) [Lodekeeper] BREAK target=Mutable{x=14, y=40, z=14} block=Block{minecraft:andesite} tool=minecraft:iron_pickaxe slot=5 remaining=218 required=route
[13:51:38] [Render thread/INFO] (lodekeeper) [Lodekeeper] BREAK target=Mutable{x=14, y=39, z=14} block=Block{minecraft:andesite} tool=minecraft:iron_pickaxe slot=5 remaining=217 required=route
[13:51:39] [Render thread/INFO] (lodekeeper) [Lodekeeper] BREAK target=Mutable{x=14, y=38, z=14} block=Block{minecraft:stone} tool=minecraft:iron_pickaxe slot=5 remaining=216 required=route
[13:51:39] [Render thread/INFO] (lodekeeper) [Lodekeeper] PROGRESS elapsed_ms=236511 phase=traveling backend=baritone target=15,4,9 block=minecraft:diamond_ore navigation_elapsed_ms=45603 navigation_ticks=912 searching=false path_index=0 path_length=36 retries=0 pending_route_events=0 dropped_route_events=0 status=mining_and_collecting_minecraft:diamond___0/3
[13:51:39] [Render thread/INFO] (lodekeeper) [Lodekeeper] BREAK target=Mutable{x=14, y=37, z=14} block=Block{minecraft:stone} tool=minecraft:iron_pickaxe slot=5 remaining=215 required=route
[13:51:40] [Render thread/INFO] (lodekeeper) [Lodekeeper] BREAK target=Mutable{x=14, y=36, z=14} block=Block{minecraft:stone} tool=minecraft:iron_pickaxe slot=5 remaining=214 required=route
[13:51:41] [Render thread/INFO] (lodekeeper) [Lodekeeper] BREAK target=Mutable{x=14, y=35, z=14} block=Block{minecraft:stone} tool=minecraft:iron_pickaxe slot=5 remaining=213 required=route
[13:51:41] [Render thread/INFO] (lodekeeper) [Lodekeeper] PROGRESS elapsed_ms=238565 phase=traveling backend=baritone target=15,4,9 block=minecraft:diamond_ore navigation_elapsed_ms=47588 navigation_ticks=952 searching=false path_index=0 path_length=33 retries=0 pending_route_events=0 dropped_route_events=0 status=mining_and_collecting_minecraft:diamond___0/3
[13:51:41] [Render thread/INFO] (lodekeeper) [Lodekeeper] BREAK target=Mutable{x=14, y=34, z=14} block=Block{minecraft:stone} tool=minecraft:iron_pickaxe slot=5 remaining=212 required=route
[13:51:42] [Render thread/INFO] (lodekeeper) [Lodekeeper] BREAK target=Mutable{x=14, y=33, z=14} block=Block{minecraft:stone} tool=minecraft:iron_pickaxe slot=5 remaining=211 required=route
[13:51:43] [Render thread/INFO] (lodekeeper) [Lodekeeper] BREAK target=Mutable{x=14, y=32, z=14} block=Block{minecraft:stone} tool=minecraft:iron_pickaxe slot=5 remaining=210 required=route
[13:51:43] [Render thread/INFO] (lodekeeper) [Lodekeeper] PROGRESS elapsed_ms=240611 phase=traveling backend=baritone target=15,4,9 block=minecraft:diamond_ore navigation_elapsed_ms=49600 navigation_ticks=992 searching=false path_index=0 path_length=30 retries=0 pending_route_events=0 dropped_route_events=0 status=mining_and_collecting_minecraft:diamond___0/3
[13:51:44] [Render thread/INFO] (lodekeeper) [Lodekeeper] BREAK target=Mutable{x=14, y=31, z=14} block=Block{minecraft:stone} tool=minecraft:iron_pickaxe slot=5 remaining=209 required=route
[13:51:44] [Render thread/INFO] (lodekeeper) [Lodekeeper] BREAK target=Mutable{x=14, y=30, z=14} block=Block{minecraft:stone} tool=minecraft:iron_pickaxe slot=5 remaining=208 required=route
[13:51:45] [Render thread/INFO] (lodekeeper) [Lodekeeper] BREAK target=Mutable{x=14, y=29, z=14} block=Block{minecraft:stone} tool=minecraft:iron_pickaxe slot=5 remaining=207 required=route
[13:51:45] [Render thread/INFO] (lodekeeper) [Lodekeeper] PROGRESS elapsed_ms=242657 phase=traveling backend=baritone target=15,4,9 block=minecraft:diamond_ore navigation_elapsed_ms=51578 navigation_ticks=1032 searching=false path_index=0 path_length=27 retries=0 pending_route_events=0 dropped_route_events=0 status=mining_and_collecting_minecraft:diamond___0/3
[13:51:46] [Render thread/INFO] (lodekeeper) [Lodekeeper] BREAK target=Mutable{x=14, y=28, z=14} block=Block{minecraft:stone} tool=minecraft:iron_pickaxe slot=5 remaining=206 required=route
[13:51:46] [Render thread/INFO] (lodekeeper) [Lodekeeper] BREAK target=Mutable{x=14, y=27, z=14} block=Block{minecraft:stone} tool=minecraft:iron_pickaxe slot=5 remaining=205 required=route
[13:51:47] [Render thread/INFO] (lodekeeper) [Lodekeeper] BREAK target=Mutable{x=14, y=26, z=14} block=Block{minecraft:stone} tool=minecraft:iron_pickaxe slot=5 remaining=204 required=route
[13:51:47] [Render thread/INFO] (lodekeeper) [Lodekeeper] PROGRESS elapsed_ms=244666 phase=traveling backend=baritone target=15,4,9 block=minecraft:diamond_ore navigation_elapsed_ms=53586 navigation_ticks=1072 searching=false path_index=0 path_length=24 retries=0 pending_route_events=0 dropped_route_events=0 status=mining_and_collecting_minecraft:diamond___0/3
[13:51:48] [Render thread/INFO] (lodekeeper) [Lodekeeper] BREAK target=Mutable{x=14, y=25, z=14} block=Block{minecraft:stone} tool=minecraft:iron_pickaxe slot=5 remaining=203 required=route
[13:51:48] [Render thread/INFO] (lodekeeper) [Lodekeeper] BREAK target=Mutable{x=14, y=24, z=14} block=Block{minecraft:stone} tool=minecraft:iron_pickaxe slot=5 remaining=202 required=route
[13:51:49] [Render thread/INFO] (lodekeeper) [Lodekeeper] BREAK target=Mutable{x=14, y=23, z=14} block=Block{minecraft:stone} tool=minecraft:iron_pickaxe slot=5 remaining=201 required=route
[13:51:49] [Render thread/INFO] (lodekeeper) [Lodekeeper] PROGRESS elapsed_ms=246711 phase=traveling backend=baritone target=15,4,9 block=minecraft:diamond_ore navigation_elapsed_ms=55802 navigation_ticks=1116 searching=false path_index=0 path_length=21 retries=0 pending_route_events=0 dropped_route_events=0 status=mining_and_collecting_minecraft:diamond___0/3
[13:51:50] [Render thread/INFO] (lodekeeper) [Lodekeeper] BREAK target=Mutable{x=14, y=22, z=14} block=Block{minecraft:stone} tool=minecraft:iron_pickaxe slot=5 remaining=200 required=route
[13:51:51] [Render thread/INFO] (lodekeeper) [Lodekeeper] BREAK target=Mutable{x=14, y=21, z=14} block=Block{minecraft:stone} tool=minecraft:iron_pickaxe slot=5 remaining=199 required=route
[13:51:51] [Render thread/INFO] (lodekeeper) [Lodekeeper] PROGRESS elapsed_ms=248760 phase=traveling backend=baritone target=15,4,9 block=minecraft:diamond_ore navigation_elapsed_ms=57783 navigation_ticks=1156 searching=false path_index=0 path_length=18 retries=0 pending_route_events=0 dropped_route_events=0 status=mining_and_collecting_minecraft:diamond___0/3
[13:51:51] [Render thread/INFO] (lodekeeper) [Lodekeeper] BREAK target=Mutable{x=14, y=20, z=14} block=Block{minecraft:stone} tool=minecraft:iron_pickaxe slot=5 remaining=198 required=route
[13:51:52] [Render thread/INFO] (lodekeeper) [Lodekeeper] BREAK target=Mutable{x=14, y=19, z=14} block=Block{minecraft:stone} tool=minecraft:iron_pickaxe slot=5 remaining=197 required=route
[13:51:53] [Render thread/INFO] (lodekeeper) [Lodekeeper] BREAK target=Mutable{x=14, y=18, z=14} block=Block{minecraft:andesite} tool=minecraft:iron_pickaxe slot=5 remaining=196 required=route
[13:51:53] [Render thread/INFO] (lodekeeper) [Lodekeeper] PROGRESS elapsed_ms=250783 phase=traveling backend=baritone target=15,4,9 block=minecraft:diamond_ore navigation_elapsed_ms=59805 navigation_ticks=1196 searching=false path_index=0 path_length=15 retries=0 pending_route_events=0 dropped_route_events=0 status=mining_and_collecting_minecraft:diamond___0/3
[13:51:53] [Render thread/INFO] (lodekeeper) [Lodekeeper] BREAK target=Mutable{x=14, y=17, z=14} block=Block{minecraft:andesite} tool=minecraft:iron_pickaxe slot=5 remaining=195 required=route
[13:51:54] [Render thread/INFO] (lodekeeper) [Lodekeeper] BREAK target=Mutable{x=14, y=16, z=14} block=Block{minecraft:andesite} tool=minecraft:iron_pickaxe slot=5 remaining=194 required=route
[13:51:55] [Render thread/INFO] (lodekeeper) [Lodekeeper] BREAK target=Mutable{x=14, y=15, z=14} block=Block{minecraft:andesite} tool=minecraft:iron_pickaxe slot=5 remaining=193 required=route
[13:51:55] [Render thread/INFO] (lodekeeper) [Lodekeeper] PROGRESS elapsed_ms=252804 phase=traveling backend=baritone target=15,4,9 block=minecraft:diamond_ore navigation_elapsed_ms=61794 navigation_ticks=1236 searching=false path_index=0 path_length=13 retries=0 pending_route_events=0 dropped_route_events=0 status=mining_and_collecting_minecraft:diamond___0/3
[13:51:55] [Render thread/INFO] (lodekeeper) [Lodekeeper] BREAK target=Mutable{x=14, y=14, z=14} block=Block{minecraft:andesite} tool=minecraft:iron_pickaxe slot=5 remaining=192 required=route
[13:51:56] [Render thread/INFO] (lodekeeper) [Lodekeeper] BREAK target=Mutable{x=14, y=13, z=14} block=Block{minecraft:andesite} tool=minecraft:iron_pickaxe slot=5 remaining=191 required=route
[13:51:57] [Render thread/INFO] (lodekeeper) [Lodekeeper] BREAK target=Mutable{x=14, y=12, z=14} block=Block{minecraft:andesite} tool=minecraft:iron_pickaxe slot=5 remaining=190 required=route
[13:51:57] [Render thread/INFO] (lodekeeper) [Lodekeeper] PROGRESS elapsed_ms=254855 phase=traveling backend=baritone target=15,4,9 block=minecraft:diamond_ore navigation_elapsed_ms=63777 navigation_ticks=1276 searching=false path_index=0 path_length=10 retries=0 pending_route_events=0 dropped_route_events=0 status=mining_and_collecting_minecraft:diamond___0/3
[13:51:58] [Render thread/INFO] (lodekeeper) [Lodekeeper] BREAK target=Mutable{x=14, y=13, z=13} block=Block{minecraft:andesite} tool=minecraft:iron_pickaxe slot=5 remaining=189 required=route
[13:51:58] [Render thread/INFO] (lodekeeper) [Lodekeeper] BREAK target=Mutable{x=14, y=12, z=13} block=Block{minecraft:andesite} tool=minecraft:iron_pickaxe slot=5 remaining=188 required=route
[13:51:59] [Render thread/INFO] (lodekeeper) [Lodekeeper] BREAK target=Mutable{x=14, y=11, z=13} block=Block{minecraft:andesite} tool=minecraft:iron_pickaxe slot=5 remaining=187 required=route
[13:51:59] [Render thread/INFO] (lodekeeper) [Lodekeeper] PROGRESS elapsed_ms=256909 phase=traveling backend=baritone target=15,4,9 block=minecraft:diamond_ore navigation_elapsed_ms=66000 navigation_ticks=1320 searching=false path_index=0 path_length=9 retries=0 pending_route_events=0 dropped_route_events=0 status=mining_and_collecting_minecraft:diamond___0/3
[13:52:00] [Render thread/INFO] (lodekeeper) [Lodekeeper] BREAK target=Mutable{x=14, y=12, z=12} block=Block{minecraft:andesite} tool=minecraft:iron_pickaxe slot=5 remaining=186 required=route
[13:52:01] [Render thread/INFO] (lodekeeper) [Lodekeeper] BREAK target=Mutable{x=14, y=11, z=12} block=Block{minecraft:andesite} tool=minecraft:iron_pickaxe slot=5 remaining=185 required=route
[13:52:01] [Render thread/INFO] (lodekeeper) [Lodekeeper] BREAK target=Mutable{x=14, y=10, z=12} block=Block{minecraft:stone} tool=minecraft:iron_pickaxe slot=5 remaining=184 required=route
[13:52:01] [Render thread/INFO] (lodekeeper) [Lodekeeper] PROGRESS elapsed_ms=258961 phase=traveling backend=baritone target=15,4,9 block=minecraft:diamond_ore navigation_elapsed_ms=67985 navigation_ticks=1360 searching=false path_index=0 path_length=8 retries=0 pending_route_events=0 dropped_route_events=0 status=mining_and_collecting_minecraft:diamond___0/3
[13:52:02] [Render thread/INFO] (lodekeeper) [Lodekeeper] BREAK target=Mutable{x=14, y=11, z=11} block=Block{minecraft:diorite} tool=minecraft:iron_pickaxe slot=5 remaining=183 required=route
[13:52:03] [Render thread/INFO] (lodekeeper) [Lodekeeper] BREAK target=Mutable{x=14, y=10, z=11} block=Block{minecraft:stone} tool=minecraft:iron_pickaxe slot=5 remaining=182 required=route
[13:52:03] [Render thread/INFO] (lodekeeper) [Lodekeeper] PROGRESS elapsed_ms=261007 phase=traveling backend=baritone target=15,4,9 block=minecraft:diamond_ore navigation_elapsed_ms=69995 navigation_ticks=1400 searching=false path_index=0 path_length=7 retries=0 pending_route_events=0 dropped_route_events=0 status=mining_and_collecting_minecraft:diamond___0/3
[13:52:03] [Render thread/INFO] (lodekeeper) [Lodekeeper] BREAK target=Mutable{x=14, y=9, z=11} block=Block{minecraft:stone} tool=minecraft:iron_pickaxe slot=5 remaining=181 required=route
[13:52:04] [Render thread/INFO] (lodekeeper) [Lodekeeper] BREAK target=Mutable{x=14, y=10, z=10} block=Block{minecraft:stone} tool=minecraft:iron_pickaxe slot=5 remaining=180 required=route
[13:52:05] [Render thread/INFO] (lodekeeper) [Lodekeeper] BREAK target=Mutable{x=14, y=9, z=10} block=Block{minecraft:stone} tool=minecraft:iron_pickaxe slot=5 remaining=179 required=route
[13:52:06] [Render thread/INFO] (lodekeeper) [Lodekeeper] PROGRESS elapsed_ms=263066 phase=traveling backend=baritone target=15,4,9 block=minecraft:diamond_ore navigation_elapsed_ms=71987 navigation_ticks=1440 searching=false path_index=0 path_length=6 retries=0 pending_route_events=0 dropped_route_events=0 status=mining_and_collecting_minecraft:diamond___0/3
[13:52:06] [Render thread/INFO] (lodekeeper) [Lodekeeper] BREAK target=Mutable{x=14, y=8, z=10} block=Block{minecraft:stone} tool=minecraft:iron_pickaxe slot=5 remaining=178 required=route
[13:52:07] [Render thread/INFO] (lodekeeper) [Lodekeeper] BREAK target=Mutable{x=14, y=9, z=9} block=Block{minecraft:stone} tool=minecraft:iron_pickaxe slot=5 remaining=177 required=route
[13:52:07] [Render thread/INFO] (lodekeeper) [Lodekeeper] BREAK target=Mutable{x=14, y=8, z=9} block=Block{minecraft:stone} tool=minecraft:iron_pickaxe slot=5 remaining=176 required=route
[13:52:08] [Render thread/INFO] (lodekeeper) [Lodekeeper] PROGRESS elapsed_ms=265116 phase=traveling backend=baritone target=15,4,9 block=minecraft:diamond_ore navigation_elapsed_ms=74207 navigation_ticks=1484 searching=false path_index=0 path_length=5 retries=0 pending_route_events=0 dropped_route_events=0 status=mining_and_collecting_minecraft:diamond___0/3
[13:52:08] [Render thread/INFO] (lodekeeper) [Lodekeeper] BREAK target=Mutable{x=14, y=7, z=9} block=Block{minecraft:stone} tool=minecraft:iron_pickaxe slot=5 remaining=175 required=route
[13:52:09] [Render thread/INFO] (lodekeeper) [Lodekeeper] BREAK target=Mutable{x=14, y=6, z=9} block=Block{minecraft:stone} tool=minecraft:iron_pickaxe slot=5 remaining=174 required=route
[13:52:10] [Render thread/INFO] (lodekeeper) [Lodekeeper] BREAK target=Mutable{x=15, y=7, z=9} block=Block{minecraft:stone} tool=minecraft:iron_pickaxe slot=5 remaining=173 required=route
[13:52:10] [Render thread/INFO] (lodekeeper) [Lodekeeper] PROGRESS elapsed_ms=267167 phase=traveling backend=baritone target=15,4,9 block=minecraft:diamond_ore navigation_elapsed_ms=76189 navigation_ticks=1524 searching=false path_index=0 path_length=3 retries=0 pending_route_events=0 dropped_route_events=0 status=mining_and_collecting_minecraft:diamond___0/3
[13:52:10] [Render thread/INFO] (lodekeeper) [Lodekeeper] BREAK target=Mutable{x=15, y=6, z=9} block=Block{minecraft:stone} tool=minecraft:iron_pickaxe slot=5 remaining=172 required=route
[13:52:11] [Render thread/INFO] (lodekeeper) [Lodekeeper] BREAK target=Mutable{x=15, y=5, z=9} block=Block{minecraft:diamond_ore} tool=minecraft:iron_pickaxe slot=5 remaining=171 required=minecraft:iron_pickaxe
[13:52:12] [Render thread/INFO] (lodekeeper) [Lodekeeper] PROGRESS elapsed_ms=269207 phase=traveling backend=baritone target=15,4,9 block=minecraft:diamond_ore navigation_elapsed_ms=78197 navigation_ticks=1564 searching=false path_index=0 path_length=3 retries=0 pending_route_events=0 dropped_route_events=0 status=mining_and_collecting_minecraft:diamond___0/3
[13:52:12] [Render thread/INFO] (lodekeeper) [Lodekeeper] BREAK target=Mutable{x=15, y=4, z=9} block=Block{minecraft:diamond_ore} tool=minecraft:iron_pickaxe slot=5 remaining=170 required=minecraft:iron_pickaxe
[13:52:13] [Render thread/INFO] (lodekeeper) [Lodekeeper] NAV backend=baritone mode=MINE event=CALC_STARTED elapsedMs=79757
[13:52:13] [Render thread/INFO] (lodekeeper) [Lodekeeper] NAV calcTool=minecraft:iron_pickaxe slot=5
[13:52:13] [Render thread/INFO] (lodekeeper) [Lodekeeper] NAV backend=baritone mode=MINE event=CALC_FINISHED_NOW_EXECUTING elapsedMs=79776
[13:52:13] [Render thread/INFO] (lodekeeper) [Lodekeeper] TARGET target=15,4,8 block=minecraft:diamond_ore
[13:52:13] [Render thread/INFO] (lodekeeper) [Lodekeeper] BREAK target=Mutable{x=15, y=5, z=8} block=Block{minecraft:deepslate_diamond_ore} tool=minecraft:iron_pickaxe slot=5 remaining=169 required=route
[13:52:14] [Render thread/INFO] (lodekeeper) [Lodekeeper] PROGRESS elapsed_ms=271209 phase=traveling backend=baritone target=15,4,8 block=minecraft:diamond_ore navigation_elapsed_ms=80200 navigation_ticks=1604 searching=false path_index=0 path_length=2 retries=0 pending_route_events=0 dropped_route_events=0 status=mining_and_collecting_minecraft:diamond___2/3
[13:52:15] [Render thread/INFO] (lodekeeper) [Lodekeeper] BREAK target=Mutable{x=15, y=4, z=8} block=Block{minecraft:diamond_ore} tool=minecraft:iron_pickaxe slot=5 remaining=168 required=minecraft:iron_pickaxe
[13:52:15] [Render thread/INFO] (lodekeeper) [Lodekeeper] TARGET target=none
[13:52:15] [lodekeeper-planner/INFO] (lodekeeper) [Lodekeeper] PROJECT_MATERIALS project=gear_diamond before=[gather:minecraft:diamond_ore:3, gather:minecraft:birch_log:1, gather:minecraft:diamond_ore:4, gather:minecraft:diamond_ore:8, gather:minecraft:diamond_ore:5, gather:minecraft:diamond_ore:2, gather:minecraft:diamond_ore:7, gather:minecraft:diamond_ore:1, gather:minecraft:diamond_ore:2] after=[gather:minecraft:diamond_ore:3, gather:minecraft:birch_log:1, gather:minecraft:diamond_ore:4, gather:minecraft:diamond_ore:8, gather:minecraft:diamond_ore:5, gather:minecraft:diamond_ore:2, gather:minecraft:diamond_ore:7, gather:minecraft:diamond_ore:1, gather:minecraft:diamond_ore:2]
[13:52:15] [lodekeeper-planner/INFO] (lodekeeper) [Lodekeeper] PLAN project=gear_diamond success=true steps=21 branches=97 elapsedMs=2.180667
[13:52:15] [Render thread/INFO] (lodekeeper) [Lodekeeper] STEP kind=CRAFT source=minecraft:diamond_pickaxe output=minecraft:diamond_pickaxe count=1 operations=1 auxiliary=false
[13:52:15] [Render thread/INFO] (lodekeeper) [Lodekeeper] NAV backend=baritone mode=MOVE event=CALC_STARTED elapsedMs=0
[13:52:15] [Render thread/INFO] (lodekeeper) [Lodekeeper] NAV calcTool=minecraft:iron_pickaxe slot=5
[13:52:16] [Render thread/INFO] (lodekeeper) [Lodekeeper] ROUTE_SEARCH kind=near anchor=3,63,23 feet_y16=1008 candidates=1 target=none elapsed_ms=273095
[13:52:16] [Render thread/INFO] (lodekeeper) [Lodekeeper] PROGRESS elapsed_ms=273264 phase=searching backend=baritone target=none navigation_elapsed_ms=202 navigation_ticks=4 searching=true path_index=0 path_length=0 retries=0 pending_route_events=0 dropped_route_events=0 status=planning_route
[13:52:16] [Render thread/INFO] (lodekeeper) [Lodekeeper] NAV backend=baritone mode=MOVE event=CALC_FINISHED_NOW_EXECUTING elapsedMs=508
[13:52:16] [Render thread/INFO] (lodekeeper) [Lodekeeper] NAV backend=baritone mode=MOVE event=NEXT_SEGMENT_CALC_STARTED elapsedMs=508
[13:52:18] [Render thread/INFO] (lodekeeper) [Lodekeeper] ROUTE_TRAVEL path_index=0 path_length=6 target=none elapsed_ms=275315
[13:52:18] [Render thread/INFO] (lodekeeper) [Lodekeeper] PROGRESS elapsed_ms=275315 phase=traveling backend=baritone target=none navigation_elapsed_ms=2422 navigation_ticks=48 searching=false path_index=0 path_length=6 retries=0 pending_route_events=0 dropped_route_events=0 status=planning_route
[13:52:18] [Render thread/INFO] (lodekeeper) [Lodekeeper] NAV backend=baritone mode=MOVE event=NEXT_SEGMENT_CALC_FINISHED elapsedMs=2423
[13:52:20] [Render thread/INFO] (lodekeeper) [Lodekeeper] PROGRESS elapsed_ms=277363 phase=traveling backend=baritone target=none navigation_elapsed_ms=4397 navigation_ticks=88 searching=false path_index=0 path_length=62 retries=0 pending_route_events=0 dropped_route_events=0 status=following_route
[13:52:22] [Render thread/INFO] (lodekeeper) [Lodekeeper] PROGRESS elapsed_ms=279405 phase=traveling backend=baritone target=none navigation_elapsed_ms=6409 navigation_ticks=128 searching=false path_index=0 path_length=57 retries=0 pending_route_events=0 dropped_route_events=0 status=following_route
[13:52:24] [Render thread/INFO] (lodekeeper) [Lodekeeper] PROGRESS elapsed_ms=281456 phase=traveling backend=baritone target=none navigation_elapsed_ms=8423 navigation_ticks=168 searching=false path_index=0 path_length=53 retries=0 pending_route_events=0 dropped_route_events=0 status=following_route
[13:52:26] [Render thread/INFO] (lodekeeper) [Lodekeeper] PROGRESS elapsed_ms=283513 phase=traveling backend=baritone target=none navigation_elapsed_ms=10620 navigation_ticks=212 searching=false path_index=0 path_length=48 retries=0 pending_route_events=0 dropped_route_events=0 status=following_route
[13:52:28] [Render thread/INFO] (lodekeeper) [Lodekeeper] PROGRESS elapsed_ms=285538 phase=traveling backend=baritone target=none navigation_elapsed_ms=12606 navigation_ticks=252 searching=false path_index=0 path_length=43 retries=0 pending_route_events=0 dropped_route_events=0 status=following_route
[13:52:30] [Render thread/INFO] (lodekeeper) [Lodekeeper] PROGRESS elapsed_ms=287546 phase=traveling backend=baritone target=none navigation_elapsed_ms=14618 navigation_ticks=292 searching=false path_index=0 path_length=39 retries=0 pending_route_events=0 dropped_route_events=0 status=following_route
[13:52:32] [Render thread/INFO] (lodekeeper) [Lodekeeper] PROGRESS elapsed_ms=289561 phase=traveling backend=baritone target=none navigation_elapsed_ms=16600 navigation_ticks=332 searching=false path_index=0 path_length=35 retries=0 pending_route_events=0 dropped_route_events=0 status=following_route
[13:52:34] [Render thread/INFO] (lodekeeper) [Lodekeeper] PROGRESS elapsed_ms=291594 phase=traveling backend=baritone target=none navigation_elapsed_ms=18597 navigation_ticks=372 searching=false path_index=0 path_length=31 retries=0 pending_route_events=0 dropped_route_events=0 status=following_route
[13:52:36] [Render thread/INFO] (lodekeeper) [Lodekeeper] PROGRESS elapsed_ms=293596 phase=traveling backend=baritone target=none navigation_elapsed_ms=20601 navigation_ticks=412 searching=false path_index=0 path_length=26 retries=0 pending_route_events=0 dropped_route_events=0 status=following_route
[13:52:38] [Render thread/INFO] (lodekeeper) [Lodekeeper] PROGRESS elapsed_ms=295607 phase=traveling backend=baritone target=none navigation_elapsed_ms=22611 navigation_ticks=452 searching=false path_index=0 path_length=22 retries=0 pending_route_events=0 dropped_route_events=0 status=following_route
[13:52:40] [Render thread/INFO] (lodekeeper) [Lodekeeper] PROGRESS elapsed_ms=297616 phase=traveling backend=baritone target=none navigation_elapsed_ms=24622 navigation_ticks=492 searching=false path_index=0 path_length=17 retries=0 pending_route_events=0 dropped_route_events=0 status=following_route
[13:52:42] [Render thread/INFO] (lodekeeper) [Lodekeeper] PROGRESS elapsed_ms=299636 phase=traveling backend=baritone target=none navigation_elapsed_ms=26606 navigation_ticks=532 searching=false path_index=0 path_length=13 retries=0 pending_route_events=0 dropped_route_events=0 status=following_route
[13:52:44] [Render thread/INFO] (lodekeeper) [Lodekeeper] PROGRESS elapsed_ms=301645 phase=traveling backend=baritone target=none navigation_elapsed_ms=28615 navigation_ticks=572 searching=false path_index=0 path_length=9 retries=0 pending_route_events=0 dropped_route_events=0 status=following_route
[13:52:46] [Render thread/INFO] (lodekeeper) [Lodekeeper] PROGRESS elapsed_ms=303649 phase=traveling backend=baritone target=none navigation_elapsed_ms=30619 navigation_ticks=612 searching=false path_index=0 path_length=6 retries=0 pending_route_events=0 dropped_route_events=0 status=following_route
[13:52:48] [Render thread/INFO] (lodekeeper) [Lodekeeper] PROGRESS elapsed_ms=305702 phase=traveling backend=baritone target=none navigation_elapsed_ms=32809 navigation_ticks=656 searching=false path_index=0 path_length=5 retries=0 pending_route_events=0 dropped_route_events=0 status=following_route
[13:52:50] [Render thread/INFO] (lodekeeper) [Lodekeeper] PROGRESS elapsed_ms=307714 phase=traveling backend=baritone target=none navigation_elapsed_ms=34820 navigation_ticks=696 searching=false path_index=0 path_length=4 retries=0 pending_route_events=0 dropped_route_events=0 status=following_route
[13:52:52] [Render thread/INFO] (lodekeeper) [Lodekeeper] PROGRESS elapsed_ms=309764 phase=working backend=baritone target=none navigation_elapsed_ms=0 navigation_ticks=0 searching=false path_index=0 path_length=0 retries=0 pending_route_events=0 dropped_route_events=0 status=following_route
[13:52:54] [Render thread/INFO] (lodekeeper) [Lodekeeper] PROGRESS elapsed_ms=311805 phase=working backend=baritone target=none navigation_elapsed_ms=0 navigation_ticks=0 searching=false path_index=0 path_length=0 retries=0 pending_route_events=0 dropped_route_events=0 status=following_route
[13:52:56] [lodekeeper-planner/INFO] (lodekeeper) [Lodekeeper] PROJECT_MATERIALS project=gear_diamond before=[gather:minecraft:diamond_ore:3, gather:minecraft:birch_log:1, gather:minecraft:diamond_ore:4, gather:minecraft:diamond_ore:8, gather:minecraft:diamond_ore:5, gather:minecraft:diamond_ore:2, gather:minecraft:diamond_ore:7, gather:minecraft:diamond_ore:1, gather:minecraft:diamond_ore:2] after=[gather:minecraft:diamond_ore:3, gather:minecraft:birch_log:1, gather:minecraft:diamond_ore:4, gather:minecraft:diamond_ore:8, gather:minecraft:diamond_ore:5, gather:minecraft:diamond_ore:2, gather:minecraft:diamond_ore:7, gather:minecraft:diamond_ore:1, gather:minecraft:diamond_ore:2]
[13:52:56] [lodekeeper-planner/INFO] (lodekeeper) [Lodekeeper] PLAN project=gear_diamond success=true steps=20 branches=92 elapsedMs=2.902767
[13:52:56] [Render thread/INFO] (lodekeeper) [Lodekeeper] STEP kind=GATHER source=gather:minecraft:diamond_ore output=minecraft:diamond count=32 operations=32 auxiliary=false
[13:52:56] [Render thread/INFO] (lodekeeper) [Lodekeeper] NAV scan=native-mine durationNanos=4365469 hits=-1 requestTicks=0
[13:52:56] [Render thread/INFO] (lodekeeper) [Lodekeeper] NAV backend=baritone mode=MINE event=CALC_STARTED elapsedMs=29
[13:52:56] [Render thread/INFO] (lodekeeper) [Lodekeeper] NAV calcTool=minecraft:diamond_pickaxe slot=4
[13:52:56] [Render thread/INFO] (lodekeeper) [Lodekeeper] ROUTE_SEARCH kind=unknown anchor=unknown feet_y16=0 candidates=0 target=none elapsed_ms=313486
[13:52:56] [Render thread/INFO] (lodekeeper) [Lodekeeper] NAV backend=baritone mode=MINE event=CALC_STARTED elapsedMs=280
[13:52:56] [Render thread/INFO] (lodekeeper) [Lodekeeper] NAV calcTool=minecraft:diamond_pickaxe slot=4
[13:52:56] [Render thread/INFO] (lodekeeper) [Lodekeeper] PROGRESS elapsed_ms=313863 phase=searching backend=baritone target=none navigation_elapsed_ms=380 navigation_ticks=8 searching=true path_index=0 path_length=0 retries=0 pending_route_events=0 dropped_route_events=0 status=mining_and_collecting_minecraft:diamond___0/32___planning_next_route
[13:52:57] [Render thread/INFO] (lodekeeper) [Lodekeeper] ROUTE_TRAVEL path_index=0 path_length=13 target=none elapsed_ms=314102
[13:52:57] [Render thread/INFO] (lodekeeper) [Lodekeeper] NAV backend=baritone mode=MINE event=CALC_FINISHED_NOW_EXECUTING elapsedMs=791
[13:52:57] [Render thread/INFO] (lodekeeper) [Lodekeeper] NAV backend=baritone mode=MINE event=NEXT_SEGMENT_CALC_STARTED elapsedMs=792
[13:52:57] [Render thread/INFO] (lodekeeper) [Lodekeeper] ROUTE_SEARCH kind=unknown anchor=unknown feet_y16=0 candidates=0 target=none elapsed_ms=314307
[13:52:58] [Render thread/INFO] (lodekeeper) [Lodekeeper] PROGRESS elapsed_ms=315913 phase=searching backend=baritone target=none navigation_elapsed_ms=2602 navigation_ticks=52 searching=true path_index=0 path_length=10 retries=0 pending_route_events=0 dropped_route_events=0 status=mining_and_collecting_minecraft:diamond___0/32___planning_next_route
[13:53:00] [Render thread/INFO] (lodekeeper) [Lodekeeper] PROGRESS elapsed_ms=317955 phase=searching backend=baritone target=none navigation_elapsed_ms=4573 navigation_ticks=92 searching=true path_index=0 path_length=9 retries=0 pending_route_events=0 dropped_route_events=0 status=mining_and_collecting_minecraft:diamond___0/32___planning_next_route
[13:53:00] [Render thread/INFO] (lodekeeper) [Lodekeeper] NAV backend=baritone mode=MINE event=NEXT_SEGMENT_CALC_FINISHED elapsedMs=4678
[13:53:01] [Render thread/INFO] (lodekeeper) [Lodekeeper] TARGET target=15,4,8 block=minecraft:diamond_ore
[13:53:01] [Render thread/INFO] (lodekeeper) [Lodekeeper] ROUTE_TRAVEL path_index=0 path_length=62 target=15,4,8 block=minecraft:diamond_ore elapsed_ms=318091
[13:53:02] [Render thread/INFO] (lodekeeper) [Lodekeeper] NAV discovered=1 retained=62 rejected=0 requestTicks=117 phase=MINE
[13:53:02] [Render thread/INFO] (lodekeeper) [Lodekeeper] PROGRESS elapsed_ms=320003 phase=traveling backend=baritone target=15,4,8 block=minecraft:diamond_ore navigation_elapsed_ms=6589 navigation_ticks=132 searching=false path_index=0 path_length=62 retries=0 pending_route_events=0 dropped_route_events=0 status=mining_and_collecting_minecraft:diamond___0/32
[13:53:04] [Render thread/INFO] (lodekeeper) [Lodekeeper] NAV backend=baritone mode=MINE event=CALC_STARTED elapsedMs=8196
[13:53:04] [Render thread/INFO] (lodekeeper) [Lodekeeper] NAV calcTool=minecraft:diamond_pickaxe slot=4
[13:53:04] [Render thread/INFO] (lodekeeper) [Lodekeeper] TARGET target=none
[13:53:04] [Render thread/INFO] (lodekeeper) [Lodekeeper] ROUTE_SEARCH kind=unknown anchor=unknown feet_y16=0 candidates=0 target=none elapsed_ms=321717
[13:53:04] [Render thread/INFO] (lodekeeper) [Lodekeeper] NAV backend=baritone mode=MINE event=CALC_STARTED elapsedMs=8476
[13:53:04] [Render thread/INFO] (lodekeeper) [Lodekeeper] NAV calcTool=minecraft:diamond_pickaxe slot=4
[13:53:05] [Render thread/INFO] (lodekeeper) [Lodekeeper] PROGRESS elapsed_ms=322060 phase=searching backend=baritone target=none navigation_elapsed_ms=8577 navigation_ticks=172 searching=true path_index=0 path_length=0 retries=0 pending_route_events=0 dropped_route_events=0 status=mining_and_collecting_minecraft:diamond___0/32___planning_next_route
[13:53:05] [Render thread/INFO] (lodekeeper) [Lodekeeper] NAV backend=baritone mode=MINE event=CALC_FINISHED_NOW_EXECUTING elapsedMs=8953
[13:53:05] [Render thread/INFO] (lodekeeper) [Lodekeeper] NAV backend=baritone mode=MINE event=NEXT_SEGMENT_CALC_STARTED elapsedMs=8954
[13:53:07] [Render thread/INFO] (lodekeeper) [Lodekeeper] PROGRESS elapsed_ms=324089 phase=searching backend=baritone target=none navigation_elapsed_ms=10778 navigation_ticks=216 searching=true path_index=0 path_length=7 retries=0 pending_route_events=0 dropped_route_events=0 status=mining_and_collecting_minecraft:diamond___0/32___planning_next_route
[13:53:09] [Render thread/INFO] (lodekeeper) [Lodekeeper] NAV backend=baritone mode=MINE event=NEXT_SEGMENT_CALC_FINISHED elapsedMs=12738
[13:53:09] [Render thread/INFO] (lodekeeper) [Lodekeeper] TARGET target=15,4,8 block=minecraft:diamond_ore
[13:53:09] [Render thread/INFO] (lodekeeper) [Lodekeeper] ROUTE_TRAVEL path_index=0 path_length=60 target=15,4,8 block=minecraft:diamond_ore elapsed_ms=326116
[13:53:09] [Render thread/INFO] (lodekeeper) [Lodekeeper] PROGRESS elapsed_ms=326116 phase=traveling backend=baritone target=15,4,8 block=minecraft:diamond_ore navigation_elapsed_ms=12805 navigation_ticks=256 searching=false path_index=0 path_length=60 retries=0 pending_route_events=0 dropped_route_events=0 status=mining_and_collecting_minecraft:diamond___0/32___planning_next_route
[13:53:11] [Render thread/INFO] (lodekeeper) [Lodekeeper] PROGRESS elapsed_ms=328136 phase=traveling backend=baritone target=15,4,8 block=minecraft:diamond_ore navigation_elapsed_ms=14792 navigation_ticks=296 searching=false path_index=0 path_length=60 retries=0 pending_route_events=0 dropped_route_events=0 status=mining_and_collecting_minecraft:diamond___0/32
[13:53:11] [Render thread/INFO] (lodekeeper) [Lodekeeper] NAV backend=baritone mode=MINE event=CALC_STARTED elapsedMs=15203
[13:53:11] [Render thread/INFO] (lodekeeper) [Lodekeeper] NAV calcTool=minecraft:diamond_pickaxe slot=4
[13:53:11] [Render thread/INFO] (lodekeeper) [Lodekeeper] TARGET target=none
[13:53:11] [Render thread/INFO] (lodekeeper) [Lodekeeper] ROUTE_SEARCH kind=unknown anchor=unknown feet_y16=0 candidates=0 target=none elapsed_ms=328686
[13:53:11] [Render thread/INFO] (lodekeeper) [Lodekeeper] NAV backend=baritone mode=MINE event=CALC_STARTED elapsedMs=15550
[13:53:11] [Render thread/INFO] (lodekeeper) [Lodekeeper] NAV calcTool=minecraft:diamond_pickaxe slot=4
[13:53:12] [Render thread/INFO] (lodekeeper) [Lodekeeper] ROUTE_TRAVEL path_index=0 path_length=7 target=none elapsed_ms=329301
[13:53:12] [Render thread/INFO] (lodekeeper) [Lodekeeper] NAV backend=baritone mode=MINE event=CALC_FINISHED_NOW_EXECUTING elapsedMs=15991
[13:53:12] [Render thread/INFO] (lodekeeper) [Lodekeeper] NAV backend=baritone mode=MINE event=NEXT_SEGMENT_CALC_STARTED elapsedMs=15991
[13:53:12] [Render thread/INFO] (lodekeeper) [Lodekeeper] ROUTE_SEARCH kind=unknown anchor=unknown feet_y16=0 candidates=0 target=none elapsed_ms=329507
[13:53:13] [Render thread/INFO] (lodekeeper) [Lodekeeper] PROGRESS elapsed_ms=330155 phase=searching backend=baritone target=none navigation_elapsed_ms=16775 navigation_ticks=336 searching=true path_index=0 path_length=6 retries=0 pending_route_events=0 dropped_route_events=0 status=mining_and_collecting_minecraft:diamond___0/32___planning_next_route
[13:53:15] [Render thread/INFO] (lodekeeper) [Lodekeeper] PROGRESS elapsed_ms=332206 phase=searching backend=baritone target=none navigation_elapsed_ms=18793 navigation_ticks=376 searching=true path_index=0 path_length=3 retries=0 pending_route_events=0 dropped_route_events=0 status=mining_and_collecting_minecraft:diamond___0/32___planning_next_route
[13:53:15] [Render thread/INFO] (lodekeeper) [Lodekeeper] NAV backend=baritone mode=MINE event=PATH_FINISHED_NEXT_STILL_CALCULATING elapsedMs=19585
[13:53:16] [Render thread/INFO] (lodekeeper) [Lodekeeper] TARGET target=15,4,8 block=minecraft:diamond_ore
[13:53:16] [Render thread/INFO] (lodekeeper) [Lodekeeper] ROUTE_TRAVEL path_index=0 path_length=54 target=15,4,8 block=minecraft:diamond_ore elapsed_ms=333101
[13:53:16] [Render thread/INFO] (lodekeeper) [Lodekeeper] NAV backend=baritone mode=MINE event=CALC_FINISHED_NOW_EXECUTING elapsedMs=19790
[13:53:17] [Render thread/INFO] (lodekeeper) [Lodekeeper] PROGRESS elapsed_ms=334266 phase=traveling backend=baritone target=15,4,8 block=minecraft:diamond_ore navigation_elapsed_ms=20783 navigation_ticks=416 searching=false path_index=0 path_length=54 retries=0 pending_route_events=0 dropped_route_events=0 status=mining_and_collecting_minecraft:diamond___0/32
[13:53:18] [Render thread/INFO] (lodekeeper) [Lodekeeper] BREAK target=Mutable{x=13, y=61, z=14} block=Block{minecraft:cobblestone} tool=minecraft:diamond_pickaxe slot=4 remaining=1561 required=route
[13:53:19] [Render thread/INFO] (lodekeeper) [Lodekeeper] BREAK target=Mutable{x=13, y=60, z=14} block=Block{minecraft:cobblestone} tool=minecraft:diamond_pickaxe slot=4 remaining=1560 required=route
[13:53:19] [Render thread/INFO] (lodekeeper) [Lodekeeper] PROGRESS elapsed_ms=336285 phase=traveling backend=baritone target=15,4,8 block=minecraft:diamond_ore navigation_elapsed_ms=22974 navigation_ticks=460 searching=false path_index=0 path_length=50 retries=0 pending_route_events=0 dropped_route_events=0 status=mining_and_collecting_minecraft:diamond___0/32
[13:53:19] [Render thread/INFO] (lodekeeper) [Lodekeeper] BREAK target=Mutable{x=13, y=59, z=14} block=Block{minecraft:cobblestone} tool=minecraft:diamond_pickaxe slot=4 remaining=1559 required=route
[13:53:20] [Render thread/INFO] (lodekeeper) [Lodekeeper] BREAK target=Mutable{x=13, y=58, z=14} block=Block{minecraft:cobblestone} tool=minecraft:diamond_pickaxe slot=4 remaining=1558 required=route
[13:53:21] [Render thread/INFO] (lodekeeper) [Lodekeeper] BREAK target=Mutable{x=13, y=57, z=14} block=Block{minecraft:cobblestone} tool=minecraft:diamond_pickaxe slot=4 remaining=1557 required=route
[13:53:21] [Render thread/INFO] (lodekeeper) [Lodekeeper] PROGRESS elapsed_ms=338308 phase=traveling backend=baritone target=15,4,8 block=minecraft:diamond_ore navigation_elapsed_ms=24997 navigation_ticks=500 searching=false path_index=0 path_length=47 retries=0 pending_route_events=0 dropped_route_events=0 status=mining_and_collecting_minecraft:diamond___0/32
[13:53:21] [Render thread/INFO] (lodekeeper) [Lodekeeper] BREAK target=Mutable{x=13, y=56, z=14} block=Block{minecraft:cobblestone} tool=minecraft:diamond_pickaxe slot=4 remaining=1556 required=route
[13:53:22] [Render thread/INFO] (lodekeeper) [Lodekeeper] BREAK target=Mutable{x=13, y=55, z=14} block=Block{minecraft:cobblestone} tool=minecraft:diamond_pickaxe slot=4 remaining=1555 required=route
[13:53:23] [Render thread/INFO] (lodekeeper) [Lodekeeper] BREAK target=Mutable{x=13, y=54, z=14} block=Block{minecraft:cobblestone} tool=minecraft:diamond_pickaxe slot=4 remaining=1554 required=route
[13:53:23] [Render thread/INFO] (lodekeeper) [Lodekeeper] PROGRESS elapsed_ms=340340 phase=traveling backend=baritone target=15,4,8 block=minecraft:diamond_ore navigation_elapsed_ms=26995 navigation_ticks=540 searching=false path_index=0 path_length=44 retries=0 pending_route_events=0 dropped_route_events=0 status=mining_and_collecting_minecraft:diamond___0/32
[13:53:23] [Render thread/INFO] (lodekeeper) [Lodekeeper] BREAK target=Mutable{x=13, y=53, z=14} block=Block{minecraft:cobblestone} tool=minecraft:diamond_pickaxe slot=4 remaining=1553 required=route
[13:53:24] [Render thread/INFO] (lodekeeper) [Lodekeeper] BREAK target=Mutable{x=13, y=52, z=14} block=Block{minecraft:cobblestone} tool=minecraft:diamond_pickaxe slot=4 remaining=1552 required=route
[13:53:25] [Render thread/INFO] (lodekeeper) [Lodekeeper] PROGRESS elapsed_ms=342354 phase=traveling backend=baritone target=15,4,8 block=minecraft:diamond_ore navigation_elapsed_ms=28973 navigation_ticks=580 searching=false path_index=0 path_length=41 retries=0 pending_route_events=0 dropped_route_events=0 status=mining_and_collecting_minecraft:diamond___0/32
[13:53:25] [Render thread/INFO] (lodekeeper) [Lodekeeper] BREAK target=Mutable{x=13, y=51, z=14} block=Block{minecraft:cobblestone} tool=minecraft:diamond_pickaxe slot=4 remaining=1551 required=route
[13:53:26] [Render thread/INFO] (lodekeeper) [Lodekeeper] BREAK target=Mutable{x=13, y=50, z=14} block=Block{minecraft:cobblestone} tool=minecraft:diamond_pickaxe slot=4 remaining=1550 required=route
[13:53:26] [Render thread/INFO] (lodekeeper) [Lodekeeper] BREAK target=Mutable{x=13, y=51, z=13} block=Block{minecraft:stone} tool=minecraft:diamond_pickaxe slot=4 remaining=1549 required=route
[13:53:27] [Render thread/INFO] (lodekeeper) [Lodekeeper] PROGRESS elapsed_ms=344436 phase=traveling backend=baritone target=15,4,8 block=minecraft:diamond_ore navigation_elapsed_ms=30992 navigation_ticks=620 searching=false path_index=0 path_length=39 retries=0 pending_route_events=0 dropped_route_events=0 status=mining_and_collecting_minecraft:diamond___0/32
[13:53:27] [Render thread/INFO] (lodekeeper) [Lodekeeper] BREAK target=Mutable{x=13, y=50, z=13} block=Block{minecraft:stone} tool=minecraft:diamond_pickaxe slot=4 remaining=1548 required=route
[13:53:28] [Render thread/INFO] (lodekeeper) [Lodekeeper] BREAK target=Mutable{x=13, y=46, z=13} block=Block{minecraft:cobblestone} tool=minecraft:diamond_pickaxe slot=4 remaining=1547 required=route
[13:53:29] [Render thread/INFO] (lodekeeper) [Lodekeeper] BREAK target=Mutable{x=13, y=45, z=13} block=Block{minecraft:cobblestone} tool=minecraft:diamond_pickaxe slot=4 remaining=1546 required=route
[13:53:29] [Render thread/INFO] (lodekeeper) [Lodekeeper] PROGRESS elapsed_ms=346446 phase=traveling backend=baritone target=15,4,8 block=minecraft:diamond_ore navigation_elapsed_ms=32998 navigation_ticks=660 searching=false path_index=0 path_length=37 retries=0 pending_route_events=0 dropped_route_events=0 status=mining_and_collecting_minecraft:diamond___0/32
[13:53:29] [Render thread/INFO] (lodekeeper) [Lodekeeper] BREAK target=Mutable{x=13, y=44, z=13} block=Block{minecraft:cobblestone} tool=minecraft:diamond_pickaxe slot=4 remaining=1545 required=route
[13:53:30] [Render thread/INFO] (lodekeeper) [Lodekeeper] BREAK target=Mutable{x=14, y=45, z=13} block=Block{minecraft:andesite} tool=minecraft:diamond_pickaxe slot=4 remaining=1544 required=route
[13:53:31] [Render thread/INFO] (lodekeeper) [Lodekeeper] BREAK target=Mutable{x=14, y=44, z=13} block=Block{minecraft:andesite} tool=minecraft:diamond_pickaxe slot=4 remaining=1543 required=route
[13:53:31] [Render thread/INFO] (lodekeeper) [Lodekeeper] PROGRESS elapsed_ms=348460 phase=traveling backend=baritone target=15,4,8 block=minecraft:diamond_ore navigation_elapsed_ms=34977 navigation_ticks=700 searching=false path_index=0 path_length=35 retries=0 pending_route_events=0 dropped_route_events=0 status=mining_and_collecting_minecraft:diamond___0/32
[13:53:32] [Render thread/INFO] (lodekeeper) [Lodekeeper] BREAK target=Mutable{x=14, y=42, z=14} block=Block{minecraft:andesite} tool=minecraft:diamond_pickaxe slot=4 remaining=1542 required=route
[13:53:33] [Render thread/INFO] (lodekeeper) [Lodekeeper] BREAK target=Mutable{x=15, y=40, z=14} block=Block{minecraft:andesite} tool=minecraft:diamond_pickaxe slot=4 remaining=1541 required=route
[13:53:33] [Render thread/INFO] (lodekeeper) [Lodekeeper] PROGRESS elapsed_ms=350513 phase=traveling backend=baritone target=15,4,8 block=minecraft:diamond_ore navigation_elapsed_ms=37201 navigation_ticks=744 searching=false path_index=0 path_length=33 retries=0 pending_route_events=0 dropped_route_events=0 status=mining_and_collecting_minecraft:diamond___0/32
[13:53:33] [Render thread/INFO] (lodekeeper) [Lodekeeper] BREAK target=Mutable{x=15, y=39, z=14} block=Block{minecraft:andesite} tool=minecraft:diamond_pickaxe slot=4 remaining=1540 required=route
[13:53:34] [Render thread/INFO] (lodekeeper) [Lodekeeper] BREAK target=Mutable{x=15, y=38, z=14} block=Block{minecraft:andesite} tool=minecraft:diamond_pickaxe slot=4 remaining=1539 required=route
[13:53:35] [Render thread/INFO] (lodekeeper) [Lodekeeper] BREAK target=Mutable{x=15, y=37, z=14} block=Block{minecraft:stone} tool=minecraft:diamond_pickaxe slot=4 remaining=1538 required=route
[13:53:35] [Render thread/INFO] (lodekeeper) [Lodekeeper] PROGRESS elapsed_ms=352552 phase=traveling backend=baritone target=15,4,8 block=minecraft:diamond_ore navigation_elapsed_ms=39174 navigation_ticks=784 searching=false path_index=0 path_length=32 retries=0 pending_route_events=0 dropped_route_events=0 status=mining_and_collecting_minecraft:diamond___0/32
[13:53:35] [Render thread/INFO] (lodekeeper) [Lodekeeper] BREAK target=Mutable{x=15, y=36, z=14} block=Block{minecraft:stone} tool=minecraft:diamond_pickaxe slot=4 remaining=1537 required=route
[13:53:36] [Render thread/INFO] (lodekeeper) [Lodekeeper] BREAK target=Mutable{x=15, y=35, z=14} block=Block{minecraft:stone} tool=minecraft:diamond_pickaxe slot=4 remaining=1536 required=route
[13:53:37] [Render thread/INFO] (lodekeeper) [Lodekeeper] BREAK target=Mutable{x=15, y=34, z=14} block=Block{minecraft:stone} tool=minecraft:diamond_pickaxe slot=4 remaining=1535 required=route
[13:53:37] [Render thread/INFO] (lodekeeper) [Lodekeeper] PROGRESS elapsed_ms=354604 phase=traveling backend=baritone target=15,4,8 block=minecraft:diamond_ore navigation_elapsed_ms=41188 navigation_ticks=824 searching=false path_index=0 path_length=29 retries=0 pending_route_events=0 dropped_route_events=0 status=mining_and_collecting_minecraft:diamond___0/32
[13:53:37] [Render thread/INFO] (lodekeeper) [Lodekeeper] BREAK target=Mutable{x=15, y=33, z=14} block=Block{minecraft:stone} tool=minecraft:diamond_pickaxe slot=4 remaining=1534 required=route
[13:53:38] [Render thread/INFO] (lodekeeper) [Lodekeeper] BREAK target=Mutable{x=15, y=32, z=14} block=Block{minecraft:stone} tool=minecraft:diamond_pickaxe slot=4 remaining=1533 required=route
[13:53:38] [Render thread/INFO] (lodekeeper) [Lodekeeper] BREAK target=Mutable{x=15, y=31, z=14} block=Block{minecraft:stone} tool=minecraft:diamond_pickaxe slot=4 remaining=1532 required=route
[13:53:39] [Render thread/INFO] (lodekeeper) [Lodekeeper] BREAK target=Mutable{x=15, y=30, z=14} block=Block{minecraft:stone} tool=minecraft:diamond_pickaxe slot=4 remaining=1531 required=route
[13:53:39] [Render thread/INFO] (lodekeeper) [Lodekeeper] PROGRESS elapsed_ms=356657 phase=traveling backend=baritone target=15,4,8 block=minecraft:diamond_ore navigation_elapsed_ms=43173 navigation_ticks=864 searching=false path_index=0 path_length=25 retries=0 pending_route_events=0 dropped_route_events=0 status=mining_and_collecting_minecraft:diamond___0/32
[13:53:40] [Render thread/INFO] (lodekeeper) [Lodekeeper] BREAK target=Mutable{x=15, y=29, z=14} block=Block{minecraft:stone} tool=minecraft:diamond_pickaxe slot=4 remaining=1530 required=route
[13:53:40] [Render thread/INFO] (lodekeeper) [Lodekeeper] BREAK target=Mutable{x=15, y=28, z=14} block=Block{minecraft:stone} tool=minecraft:diamond_pickaxe slot=4 remaining=1529 required=route
[13:53:41] [Render thread/INFO] (lodekeeper) [Lodekeeper] BREAK target=Mutable{x=15, y=27, z=14} block=Block{minecraft:stone} tool=minecraft:diamond_pickaxe slot=4 remaining=1528 required=route
[13:53:41] [Render thread/INFO] (lodekeeper) [Lodekeeper] PROGRESS elapsed_ms=358706 phase=traveling backend=baritone target=15,4,8 block=minecraft:diamond_ore navigation_elapsed_ms=45394 navigation_ticks=908 searching=false path_index=0 path_length=22 retries=0 pending_route_events=0 dropped_route_events=0 status=mining_and_collecting_minecraft:diamond___0/32
[13:53:41] [Render thread/INFO] (lodekeeper) [Lodekeeper] BREAK target=Mutable{x=15, y=26, z=14} block=Block{minecraft:stone} tool=minecraft:diamond_pickaxe slot=4 remaining=1527 required=route
[13:53:42] [Render thread/INFO] (lodekeeper) [Lodekeeper] BREAK target=Mutable{x=15, y=25, z=14} block=Block{minecraft:stone} tool=minecraft:diamond_pickaxe slot=4 remaining=1526 required=route
[13:53:43] [Render thread/INFO] (lodekeeper) [Lodekeeper] BREAK target=Mutable{x=15, y=24, z=14} block=Block{minecraft:stone} tool=minecraft:diamond_pickaxe slot=4 remaining=1525 required=route
[13:53:43] [Render thread/INFO] (lodekeeper) [Lodekeeper] PROGRESS elapsed_ms=360753 phase=traveling backend=baritone target=15,4,8 block=minecraft:diamond_ore navigation_elapsed_ms=47374 navigation_ticks=948 searching=false path_index=0 path_length=18 retries=0 pending_route_events=0 dropped_route_events=0 status=mining_and_collecting_minecraft:diamond___0/32
[13:53:43] [Render thread/INFO] (lodekeeper) [Lodekeeper] BREAK target=Mutable{x=15, y=23, z=14} block=Block{minecraft:stone} tool=minecraft:diamond_pickaxe slot=4 remaining=1524 required=route
[13:53:44] [Render thread/INFO] (lodekeeper) [Lodekeeper] BREAK target=Mutable{x=15, y=22, z=14} block=Block{minecraft:stone} tool=minecraft:diamond_pickaxe slot=4 remaining=1523 required=route
[13:53:44] [Render thread/INFO] (lodekeeper) [Lodekeeper] BREAK target=Mutable{x=15, y=21, z=14} block=Block{minecraft:stone} tool=minecraft:diamond_pickaxe slot=4 remaining=1522 required=route
[13:53:45] [Render thread/INFO] (lodekeeper) [Lodekeeper] BREAK target=Mutable{x=15, y=20, z=14} block=Block{minecraft:stone} tool=minecraft:diamond_pickaxe slot=4 remaining=1521 required=route
[13:53:45] [Render thread/INFO] (lodekeeper) [Lodekeeper] PROGRESS elapsed_ms=362808 phase=traveling backend=baritone target=15,4,8 block=minecraft:diamond_ore navigation_elapsed_ms=49395 navigation_ticks=988 searching=false path_index=0 path_length=15 retries=0 pending_route_events=0 dropped_route_events=0 status=mining_and_collecting_minecraft:diamond___0/32
[13:53:46] [Render thread/INFO] (lodekeeper) [Lodekeeper] BREAK target=Mutable{x=15, y=19, z=14} block=Block{minecraft:stone} tool=minecraft:diamond_pickaxe slot=4 remaining=1520 required=route
[13:53:46] [Render thread/INFO] (lodekeeper) [Lodekeeper] BREAK target=Mutable{x=15, y=18, z=14} block=Block{minecraft:andesite} tool=minecraft:diamond_pickaxe slot=4 remaining=1519 required=route
[13:53:47] [Render thread/INFO] (lodekeeper) [Lodekeeper] BREAK target=Mutable{x=15, y=17, z=14} block=Block{minecraft:andesite} tool=minecraft:diamond_pickaxe slot=4 remaining=1518 required=route
[13:53:47] [Render thread/INFO] (lodekeeper) [Lodekeeper] PROGRESS elapsed_ms=364859 phase=traveling backend=baritone target=15,4,8 block=minecraft:diamond_ore navigation_elapsed_ms=51378 navigation_ticks=1028 searching=false path_index=0 path_length=12 retries=0 pending_route_events=0 dropped_route_events=0 status=mining_and_collecting_minecraft:diamond___0/32
[13:53:47] [Render thread/INFO] (lodekeeper) [Lodekeeper] BREAK target=Mutable{x=15, y=16, z=14} block=Block{minecraft:andesite} tool=minecraft:diamond_pickaxe slot=4 remaining=1517 required=route
[13:53:48] [Render thread/INFO] (lodekeeper) [Lodekeeper] BREAK target=Mutable{x=15, y=15, z=14} block=Block{minecraft:andesite} tool=minecraft:diamond_pickaxe slot=4 remaining=1516 required=route
[13:53:49] [Render thread/INFO] (lodekeeper) [Lodekeeper] BREAK target=Mutable{x=15, y=16, z=13} block=Block{minecraft:andesite} tool=minecraft:diamond_pickaxe slot=4 remaining=1515 required=route
[13:53:49] [Render thread/INFO] (lodekeeper) [Lodekeeper] BREAK target=Mutable{x=15, y=15, z=13} block=Block{minecraft:andesite} tool=minecraft:diamond_pickaxe slot=4 remaining=1514 required=route
[13:53:49] [Render thread/INFO] (lodekeeper) [Lodekeeper] PROGRESS elapsed_ms=366902 phase=traveling backend=baritone target=15,4,8 block=minecraft:diamond_ore navigation_elapsed_ms=53590 navigation_ticks=1072 searching=false path_index=0 path_length=9 retries=0 pending_route_events=0 dropped_route_events=0 status=mining_and_collecting_minecraft:diamond___0/32
[13:53:50] [Render thread/INFO] (lodekeeper) [Lodekeeper] BREAK target=Mutable{x=15, y=14, z=13} block=Block{minecraft:andesite} tool=minecraft:diamond_pickaxe slot=4 remaining=1513 required=route
[13:53:51] [Render thread/INFO] (lodekeeper) [Lodekeeper] BREAK target=Mutable{x=14, y=15, z=13} block=Block{minecraft:andesite} tool=minecraft:diamond_pickaxe slot=4 remaining=1512 required=route
[13:53:51] [Render thread/INFO] (lodekeeper) [Lodekeeper] BREAK target=Mutable{x=14, y=14, z=13} block=Block{minecraft:andesite} tool=minecraft:diamond_pickaxe slot=4 remaining=1511 required=route
[13:53:51] [Render thread/INFO] (lodekeeper) [Lodekeeper] PROGRESS elapsed_ms=368958 phase=traveling backend=baritone target=15,4,8 block=minecraft:diamond_ore navigation_elapsed_ms=55579 navigation_ticks=1112 searching=false path_index=0 path_length=8 retries=0 pending_route_events=0 dropped_route_events=0 status=mining_and_collecting_minecraft:diamond___0/32
[13:53:53] [Render thread/INFO] (lodekeeper) [Lodekeeper] PROGRESS elapsed_ms=371003 phase=traveling backend=baritone target=15,4,8 block=minecraft:diamond_ore navigation_elapsed_ms=57589 navigation_ticks=1152 searching=false path_index=0 path_length=5 retries=0 pending_route_events=0 dropped_route_events=0 status=mining_and_collecting_minecraft:diamond___0/32
[13:53:54] [Render thread/INFO] (lodekeeper) [Lodekeeper] BREAK target=Mutable{x=15, y=8, z=9} block=Block{minecraft:stone} tool=minecraft:diamond_pickaxe slot=4 remaining=1510 required=route
[13:53:55] [Render thread/INFO] (lodekeeper) [Lodekeeper] BREAK target=Mutable{x=15, y=6, z=8} block=Block{minecraft:stone} tool=minecraft:diamond_pickaxe slot=4 remaining=1509 required=route
[13:53:56] [Render thread/INFO] (lodekeeper) [Lodekeeper] PROGRESS elapsed_ms=373056 phase=traveling backend=baritone target=15,4,8 block=minecraft:diamond_ore navigation_elapsed_ms=59574 navigation_ticks=1192 searching=false path_index=0 path_length=2 retries=0 pending_route_events=0 dropped_route_events=0 status=mining_and_collecting_minecraft:diamond___0/32
[13:53:56] [Render thread/INFO] (lodekeeper) [Lodekeeper] BREAK target=Mutable{x=15, y=4, z=8} block=Block{minecraft:diamond_ore} tool=minecraft:diamond_pickaxe slot=4 remaining=1508 required=minecraft:diamond_pickaxe
[13:53:56] [Render thread/INFO] (lodekeeper) [Lodekeeper] TARGET target=none
[13:53:56] [Render thread/INFO] (lodekeeper) [Lodekeeper] NAV backend=baritone mode=MINE event=CALC_STARTED elapsedMs=60636
[13:53:56] [Render thread/INFO] (lodekeeper) [Lodekeeper] NAV calcTool=minecraft:diamond_pickaxe slot=4
[13:53:56] [Render thread/INFO] (lodekeeper) [Lodekeeper] NAV backend=baritone mode=MINE event=CALC_FINISHED_NOW_EXECUTING elapsedMs=60636
[13:53:57] [Render thread/INFO] (lodekeeper) [Lodekeeper] TARGET target=16,4,8 block=minecraft:diamond_ore
[13:53:57] [Render thread/INFO] (lodekeeper) [Lodekeeper] BREAK target=Mutable{x=16, y=5, z=8} block=Block{minecraft:diamond_ore} tool=minecraft:diamond_pickaxe slot=4 remaining=1507 required=minecraft:diamond_pickaxe
[13:53:58] [Render thread/INFO] (lodekeeper) [Lodekeeper] PROGRESS elapsed_ms=375101 phase=traveling backend=baritone target=16,4,8 block=minecraft:diamond_ore navigation_elapsed_ms=61790 navigation_ticks=1236 searching=false path_index=0 path_length=2 retries=0 pending_route_events=0 dropped_route_events=0 status=mining_and_collecting_minecraft:diamond___1/32
[13:53:58] [Render thread/INFO] (lodekeeper) [Lodekeeper] BREAK target=Mutable{x=16, y=4, z=8} block=Block{minecraft:diamond_ore} tool=minecraft:diamond_pickaxe slot=4 remaining=1506 required=minecraft:diamond_pickaxe
[13:53:59] [Render thread/INFO] (lodekeeper) [Lodekeeper] TARGET target=none
[13:53:59] [Render thread/INFO] (lodekeeper) [Lodekeeper] NAV backend=baritone mode=MINE event=AT_GOAL elapsedMs=62779
[13:53:59] [Render thread/INFO] (lodekeeper) [Lodekeeper] NAV backend=baritone mode=MINE event=CALC_STARTED elapsedMs=63150
[13:53:59] [Render thread/INFO] (lodekeeper) [Lodekeeper] NAV calcTool=minecraft:diamond_pickaxe slot=4
[13:53:59] [Render thread/INFO] (lodekeeper) [Lodekeeper] ROUTE_SEARCH kind=unknown anchor=unknown feet_y16=0 candidates=0 target=none elapsed_ms=376496
[13:53:59] [Render thread/INFO] (lodekeeper) [Lodekeeper] NAV backend=baritone mode=MINE event=CALC_FINISHED_NOW_EXECUTING elapsedMs=63700
[13:53:59] [Render thread/INFO] (lodekeeper) [Lodekeeper] NAV backend=baritone mode=MINE event=NEXT_SEGMENT_CALC_STARTED elapsedMs=63700
[13:54:00] [Render thread/INFO] (lodekeeper) [Lodekeeper] PROGRESS elapsed_ms=377159 phase=searching backend=baritone target=none navigation_elapsed_ms=63778 navigation_ticks=1276 searching=true path_index=0 path_length=8 retries=0 pending_route_events=0 dropped_route_events=0 status=mining_and_collecting_minecraft:diamond___3/32___planning_next_route
[13:54:01] [Render thread/INFO] (lodekeeper) [Lodekeeper] NAV backend=baritone mode=MINE event=NEXT_SEGMENT_CALC_FINISHED elapsedMs=65144
[13:54:01] [Render thread/INFO] (lodekeeper) [Lodekeeper] TARGET target=19,10,53 block=minecraft:diamond_ore
[13:54:01] [Render thread/INFO] (lodekeeper) [Lodekeeper] ROUTE_TRAVEL path_index=0 path_length=51 target=19,10,53 block=minecraft:diamond_ore elapsed_ms=378490
[13:54:02] [Render thread/INFO] (lodekeeper) [Lodekeeper] PROGRESS elapsed_ms=379207 phase=traveling backend=baritone target=19,10,53 block=minecraft:diamond_ore navigation_elapsed_ms=65792 navigation_ticks=1316 searching=false path_index=0 path_length=50 retries=0 pending_route_events=0 dropped_route_events=0 status=mining_and_collecting_minecraft:diamond___3/32
[13:54:02] [Render thread/INFO] (lodekeeper) [Lodekeeper] BREAK target=Mutable{x=14, y=10, z=13} block=Block{minecraft:stone} tool=minecraft:diamond_pickaxe slot=4 remaining=1505 required=route
[13:54:03] [Render thread/INFO] (lodekeeper) [Lodekeeper] BREAK target=Mutable{x=14, y=11, z=14} block=Block{minecraft:stone} tool=minecraft:diamond_pickaxe slot=4 remaining=1504 required=route
[13:54:04] [Render thread/INFO] (lodekeeper) [Lodekeeper] BREAK target=Mutable{x=14, y=10, z=14} block=Block{minecraft:stone} tool=minecraft:diamond_pickaxe slot=4 remaining=1503 required=route
[13:54:04] [Render thread/INFO] (lodekeeper) [Lodekeeper] PROGRESS elapsed_ms=381261 phase=traveling backend=baritone target=19,10,53 block=minecraft:diamond_ore navigation_elapsed_ms=67777 navigation_ticks=1356 searching=false path_index=0 path_length=46 retries=0 pending_route_events=0 dropped_route_events=0 status=mining_and_collecting_minecraft:diamond___3/32
[13:54:04] [Render thread/INFO] (lodekeeper) [Lodekeeper] BREAK target=Mutable{x=14, y=11, z=15} block=Block{minecraft:stone} tool=minecraft:diamond_pickaxe slot=4 remaining=1502 required=route
[13:54:05] [Render thread/INFO] (lodekeeper) [Lodekeeper] BREAK target=Mutable{x=14, y=10, z=15} block=Block{minecraft:stone} tool=minecraft:diamond_pickaxe slot=4 remaining=1501 required=route
[13:54:05] [Render thread/INFO] (lodekeeper) [Lodekeeper] BREAK target=Mutable{x=14, y=11, z=16} block=Block{minecraft:stone} tool=minecraft:diamond_pickaxe slot=4 remaining=1500 required=route
[13:54:06] [Render thread/INFO] (lodekeeper) [Lodekeeper] PROGRESS elapsed_ms=383266 phase=traveling backend=baritone target=19,10,53 block=minecraft:diamond_ore navigation_elapsed_ms=69786 navigation_ticks=1396 searching=false path_index=0 path_length=44 retries=0 pending_route_events=0 dropped_route_events=0 status=mining_and_collecting_minecraft:diamond___3/32
[13:54:06] [Render thread/INFO] (lodekeeper) [Lodekeeper] BREAK target=Mutable{x=14, y=10, z=16} block=Block{minecraft:diorite} tool=minecraft:diamond_pickaxe slot=4 remaining=1499 required=route
[13:54:07] [Render thread/INFO] (lodekeeper) [Lodekeeper] BREAK target=Mutable{x=14, y=11, z=17} block=Block{minecraft:stone} tool=minecraft:diamond_pickaxe slot=4 remaining=1498 required=route
[13:54:07] [Render thread/INFO] (lodekeeper) [Lodekeeper] BREAK target=Mutable{x=14, y=10, z=17} block=Block{minecraft:diorite} tool=minecraft:diamond_pickaxe slot=4 remaining=1497 required=route
[13:54:08] [Render thread/INFO] (lodekeeper) [Lodekeeper] PROGRESS elapsed_ms=385317 phase=traveling backend=baritone target=19,10,53 block=minecraft:diamond_ore navigation_elapsed_ms=72005 navigation_ticks=1440 searching=false path_index=0 path_length=42 retries=0 pending_route_events=0 dropped_route_events=0 status=mining_and_collecting_minecraft:diamond___3/32
[13:54:08] [Render thread/INFO] (lodekeeper) [Lodekeeper] BREAK target=Mutable{x=14, y=11, z=18} block=Block{minecraft:stone} tool=minecraft:diamond_pickaxe slot=4 remaining=1496 required=route
[13:54:08] [Render thread/INFO] (lodekeeper) [Lodekeeper] BREAK target=Mutable{x=14, y=10, z=18} block=Block{minecraft:diorite} tool=minecraft:diamond_pickaxe slot=4 remaining=1495 required=route
[13:54:09] [Render thread/INFO] (lodekeeper) [Lodekeeper] BREAK target=Mutable{x=14, y=11, z=19} block=Block{minecraft:stone} tool=minecraft:diamond_pickaxe slot=4 remaining=1494 required=route
[13:54:10] [Render thread/INFO] (lodekeeper) [Lodekeeper] BREAK target=Mutable{x=14, y=10, z=19} block=Block{minecraft:stone} tool=minecraft:diamond_pickaxe slot=4 remaining=1493 required=route
[13:54:10] [Render thread/INFO] (lodekeeper) [Lodekeeper] PROGRESS elapsed_ms=387365 phase=traveling backend=baritone target=19,10,53 block=minecraft:diamond_ore navigation_elapsed_ms=73985 navigation_ticks=1480 searching=false path_index=0 path_length=41 retries=0 pending_route_events=0 dropped_route_events=0 status=mining_and_collecting_minecraft:diamond___3/32
[13:54:10] [Render thread/INFO] (lodekeeper) [Lodekeeper] BREAK target=Mutable{x=14, y=11, z=20} block=Block{minecraft:stone} tool=minecraft:diamond_pickaxe slot=4 remaining=1492 required=route
[13:54:11] [Render thread/INFO] (lodekeeper) [Lodekeeper] BREAK target=Mutable{x=14, y=10, z=20} block=Block{minecraft:stone} tool=minecraft:diamond_pickaxe slot=4 remaining=1491 required=route
[13:54:11] [Render thread/INFO] (lodekeeper) [Lodekeeper] BREAK target=Mutable{x=14, y=11, z=21} block=Block{minecraft:stone} tool=minecraft:diamond_pickaxe slot=4 remaining=1490 required=route
[13:54:12] [Render thread/INFO] (lodekeeper) [Lodekeeper] PROGRESS elapsed_ms=389383 phase=traveling backend=baritone target=19,10,53 block=minecraft:diamond_ore navigation_elapsed_ms=76004 navigation_ticks=1520 searching=false path_index=0 path_length=39 retries=0 pending_route_events=0 dropped_route_events=0 status=mining_and_collecting_minecraft:diamond___3/32
[13:54:12] [Render thread/INFO] (lodekeeper) [Lodekeeper] BREAK target=Mutable{x=14, y=10, z=21} block=Block{minecraft:stone} tool=minecraft:diamond_pickaxe slot=4 remaining=1489 required=route
[13:54:13] [Render thread/INFO] (lodekeeper) [Lodekeeper] BREAK target=Mutable{x=14, y=11, z=22} block=Block{minecraft:stone} tool=minecraft:diamond_pickaxe slot=4 remaining=1488 required=route
[13:54:13] [Render thread/INFO] (lodekeeper) [Lodekeeper] BREAK target=Mutable{x=14, y=10, z=22} block=Block{minecraft:stone} tool=minecraft:diamond_pickaxe slot=4 remaining=1487 required=route
[13:54:14] [Render thread/INFO] (lodekeeper) [Lodekeeper] BREAK target=Mutable{x=14, y=11, z=23} block=Block{minecraft:stone} tool=minecraft:diamond_pickaxe slot=4 remaining=1486 required=route
[13:54:14] [Render thread/INFO] (lodekeeper) [Lodekeeper] PROGRESS elapsed_ms=391388 phase=traveling backend=baritone target=19,10,53 block=minecraft:diamond_ore navigation_elapsed_ms=77973 navigation_ticks=1560 searching=false path_index=0 path_length=37 retries=0 pending_route_events=0 dropped_route_events=0 status=mining_and_collecting_minecraft:diamond___3/32
[13:54:14] [Render thread/INFO] (lodekeeper) [Lodekeeper] BREAK target=Mutable{x=14, y=10, z=23} block=Block{minecraft:stone} tool=minecraft:diamond_pickaxe slot=4 remaining=1485 required=route
[13:54:15] [Render thread/INFO] (lodekeeper) [Lodekeeper] BREAK target=Mutable{x=14, y=11, z=24} block=Block{minecraft:diorite} tool=minecraft:diamond_pickaxe slot=4 remaining=1484 required=route
[13:54:16] [Render thread/INFO] (lodekeeper) [Lodekeeper] BREAK target=Mutable{x=14, y=10, z=24} block=Block{minecraft:stone} tool=minecraft:diamond_pickaxe slot=4 remaining=1483 required=route
[13:54:16] [Render thread/INFO] (lodekeeper) [Lodekeeper] PROGRESS elapsed_ms=393397 phase=traveling backend=baritone target=19,10,53 block=minecraft:diamond_ore navigation_elapsed_ms=79983 navigation_ticks=1600 searching=false path_index=0 path_length=36 retries=0 pending_route_events=0 dropped_route_events=0 status=mining_and_collecting_minecraft:diamond___3/32
[13:54:16] [Render thread/INFO] (lodekeeper) [Lodekeeper] BREAK target=Mutable{x=14, y=11, z=25} block=Block{minecraft:diorite} tool=minecraft:diamond_pickaxe slot=4 remaining=1482 required=route
[13:54:17] [Render thread/INFO] (lodekeeper) [Lodekeeper] BREAK target=Mutable{x=14, y=10, z=25} block=Block{minecraft:stone} tool=minecraft:diamond_pickaxe slot=4 remaining=1481 required=route
[13:54:17] [Render thread/INFO] (lodekeeper) [Lodekeeper] BREAK target=Mutable{x=14, y=11, z=26} block=Block{minecraft:diorite} tool=minecraft:diamond_pickaxe slot=4 remaining=1480 required=route
[13:54:18] [Render thread/INFO] (lodekeeper) [Lodekeeper] PROGRESS elapsed_ms=395407 phase=traveling backend=baritone target=19,10,53 block=minecraft:diamond_ore navigation_elapsed_ms=81994 navigation_ticks=1640 searching=false path_index=0 path_length=34 retries=0 pending_route_events=0 dropped_route_events=0 status=mining_and_collecting_minecraft:diamond___3/32
[13:54:18] [Render thread/INFO] (lodekeeper) [Lodekeeper] BREAK target=Mutable{x=14, y=10, z=26} block=Block{minecraft:stone} tool=minecraft:diamond_pickaxe slot=4 remaining=1479 required=route
[13:54:19] [Render thread/INFO] (lodekeeper) [Lodekeeper] BREAK target=Mutable{x=14, y=11, z=27} block=Block{minecraft:diorite} tool=minecraft:diamond_pickaxe slot=4 remaining=1478 required=route
[13:54:19] [Render thread/INFO] (lodekeeper) [Lodekeeper] BREAK target=Mutable{x=14, y=10, z=27} block=Block{minecraft:stone} tool=minecraft:diamond_pickaxe slot=4 remaining=1477 required=route
[13:54:20] [Render thread/INFO] (lodekeeper) [Lodekeeper] BREAK target=Mutable{x=14, y=11, z=28} block=Block{minecraft:stone} tool=minecraft:diamond_pickaxe slot=4 remaining=1476 required=route
[13:54:20] [Render thread/INFO] (lodekeeper) [Lodekeeper] PROGRESS elapsed_ms=397456 phase=traveling backend=baritone target=19,10,53 block=minecraft:diamond_ore navigation_elapsed_ms=83975 navigation_ticks=1680 searching=false path_index=0 path_length=32 retries=0 pending_route_events=0 dropped_route_events=0 status=mining_and_collecting_minecraft:diamond___3/32
[13:54:20] [Render thread/INFO] (lodekeeper) [Lodekeeper] BREAK target=Mutable{x=14, y=10, z=28} block=Block{minecraft:stone} tool=minecraft:diamond_pickaxe slot=4 remaining=1475 required=route
[13:54:21] [Render thread/INFO] (lodekeeper) [Lodekeeper] BREAK target=Mutable{x=14, y=11, z=29} block=Block{minecraft:stone} tool=minecraft:diamond_pickaxe slot=4 remaining=1474 required=route
[13:54:22] [Render thread/INFO] (lodekeeper) [Lodekeeper] BREAK target=Mutable{x=14, y=10, z=29} block=Block{minecraft:stone} tool=minecraft:diamond_pickaxe slot=4 remaining=1473 required=route
[13:54:22] [Render thread/INFO] (lodekeeper) [Lodekeeper] PROGRESS elapsed_ms=399507 phase=traveling backend=baritone target=19,10,53 block=minecraft:diamond_ore navigation_elapsed_ms=86196 navigation_ticks=1724 searching=false path_index=0 path_length=31 retries=0 pending_route_events=0 dropped_route_events=0 status=mining_and_collecting_minecraft:diamond___3/32
[13:54:22] [Render thread/INFO] (lodekeeper) [Lodekeeper] BREAK target=Mutable{x=14, y=11, z=30} block=Block{minecraft:stone} tool=minecraft:diamond_pickaxe slot=4 remaining=1472 required=route
[13:54:23] [Render thread/INFO] (lodekeeper) [Lodekeeper] BREAK target=Mutable{x=14, y=10, z=30} block=Block{minecraft:stone} tool=minecraft:diamond_pickaxe slot=4 remaining=1471 required=route
[13:54:23] [Render thread/INFO] (lodekeeper) [Lodekeeper] BREAK target=Mutable{x=14, y=11, z=31} block=Block{minecraft:stone} tool=minecraft:diamond_pickaxe slot=4 remaining=1470 required=route
[13:54:24] [Render thread/INFO] (lodekeeper) [Lodekeeper] BREAK target=Mutable{x=14, y=10, z=31} block=Block{minecraft:stone} tool=minecraft:diamond_pickaxe slot=4 remaining=1469 required=route
[13:54:24] [Render thread/INFO] (lodekeeper) [Lodekeeper] PROGRESS elapsed_ms=401560 phase=traveling backend=baritone target=19,10,53 block=minecraft:diamond_ore navigation_elapsed_ms=88179 navigation_ticks=1764 searching=false path_index=0 path_length=29 retries=0 pending_route_events=0 dropped_route_events=0 status=mining_and_collecting_minecraft:diamond___3/32
[13:54:25] [Render thread/INFO] (lodekeeper) [Lodekeeper] BREAK target=Mutable{x=14, y=11, z=32} block=Block{minecraft:stone} tool=minecraft:diamond_pickaxe slot=4 remaining=1468 required=route
[13:54:25] [Render thread/INFO] (lodekeeper) [Lodekeeper] BREAK target=Mutable{x=14, y=10, z=32} block=Block{minecraft:stone} tool=minecraft:diamond_pickaxe slot=4 remaining=1467 required=route
[13:54:26] [Render thread/INFO] (lodekeeper) [Lodekeeper] BREAK target=Mutable{x=14, y=11, z=33} block=Block{minecraft:stone} tool=minecraft:diamond_pickaxe slot=4 remaining=1466 required=route
[13:54:26] [Render thread/INFO] (lodekeeper) [Lodekeeper] PROGRESS elapsed_ms=403586 phase=traveling backend=baritone target=19,10,53 block=minecraft:diamond_ore navigation_elapsed_ms=90173 navigation_ticks=1804 searching=false path_index=0 path_length=27 retries=0 pending_route_events=0 dropped_route_events=0 status=mining_and_collecting_minecraft:diamond___3/32
[13:54:26] [Render thread/INFO] (lodekeeper) [Lodekeeper] BREAK target=Mutable{x=14, y=10, z=33} block=Block{minecraft:stone} tool=minecraft:diamond_pickaxe slot=4 remaining=1465 required=route
[13:54:27] [Render thread/INFO] (lodekeeper) [Lodekeeper] BREAK target=Mutable{x=14, y=11, z=34} block=Block{minecraft:stone} tool=minecraft:diamond_pickaxe slot=4 remaining=1464 required=route
[13:54:28] [Render thread/INFO] (lodekeeper) [Lodekeeper] BREAK target=Mutable{x=14, y=10, z=34} block=Block{minecraft:stone} tool=minecraft:diamond_pickaxe slot=4 remaining=1463 required=route
[13:54:28] [Render thread/INFO] (lodekeeper) [Lodekeeper] PROGRESS elapsed_ms=405605 phase=traveling backend=baritone target=19,10,53 block=minecraft:diamond_ore navigation_elapsed_ms=92193 navigation_ticks=1844 searching=false path_index=0 path_length=26 retries=0 pending_route_events=0 dropped_route_events=0 status=mining_and_collecting_minecraft:diamond___3/32
[13:54:28] [Render thread/INFO] (lodekeeper) [Lodekeeper] BREAK target=Mutable{x=14, y=11, z=35} block=Block{minecraft:stone} tool=minecraft:diamond_pickaxe slot=4 remaining=1462 required=route
[13:54:29] [Render thread/INFO] (lodekeeper) [Lodekeeper] BREAK target=Mutable{x=14, y=10, z=35} block=Block{minecraft:stone} tool=minecraft:diamond_pickaxe slot=4 remaining=1461 required=route
[13:54:29] [Render thread/INFO] (lodekeeper) [Lodekeeper] BREAK target=Mutable{x=14, y=11, z=36} block=Block{minecraft:stone} tool=minecraft:diamond_pickaxe slot=4 remaining=1460 required=route
[13:54:30] [Render thread/INFO] (lodekeeper) [Lodekeeper] BREAK target=Mutable{x=14, y=10, z=36} block=Block{minecraft:stone} tool=minecraft:diamond_pickaxe slot=4 remaining=1459 required=route
[13:54:30] [Render thread/INFO] (lodekeeper) [Lodekeeper] PROGRESS elapsed_ms=407659 phase=traveling backend=baritone target=19,10,53 block=minecraft:diamond_ore navigation_elapsed_ms=94174 navigation_ticks=1884 searching=false path_index=0 path_length=24 retries=0 pending_route_events=0 dropped_route_events=0 status=mining_and_collecting_minecraft:diamond___3/32
[13:54:31] [Render thread/INFO] (lodekeeper) [Lodekeeper] BREAK target=Mutable{x=14, y=11, z=37} block=Block{minecraft:stone} tool=minecraft:diamond_pickaxe slot=4 remaining=1458 required=route
[13:54:31] [Render thread/INFO] (lodekeeper) [Lodekeeper] BREAK target=Mutable{x=14, y=10, z=37} block=Block{minecraft:stone} tool=minecraft:diamond_pickaxe slot=4 remaining=1457 required=route
[13:54:32] [Render thread/INFO] (lodekeeper) [Lodekeeper] BREAK target=Mutable{x=14, y=11, z=38} block=Block{minecraft:stone} tool=minecraft:diamond_pickaxe slot=4 remaining=1456 required=route
[13:54:32] [Render thread/INFO] (lodekeeper) [Lodekeeper] PROGRESS elapsed_ms=409707 phase=traveling backend=baritone target=19,10,53 block=minecraft:diamond_ore navigation_elapsed_ms=96395 navigation_ticks=1928 searching=false path_index=0 path_length=22 retries=0 pending_route_events=0 dropped_route_events=0 status=mining_and_collecting_minecraft:diamond___3/32
[13:54:32] [Render thread/INFO] (lodekeeper) [Lodekeeper] BREAK target=Mutable{x=14, y=10, z=38} block=Block{minecraft:stone} tool=minecraft:diamond_pickaxe slot=4 remaining=1455 required=route
[13:54:33] [Render thread/INFO] (lodekeeper) [Lodekeeper] BREAK target=Mutable{x=14, y=11, z=39} block=Block{minecraft:stone} tool=minecraft:diamond_pickaxe slot=4 remaining=1454 required=route
[13:54:34] [Render thread/INFO] (lodekeeper) [Lodekeeper] BREAK target=Mutable{x=14, y=10, z=39} block=Block{minecraft:stone} tool=minecraft:diamond_pickaxe slot=4 remaining=1453 required=route
[13:54:34] [Render thread/INFO] (lodekeeper) [Lodekeeper] BREAK target=Mutable{x=14, y=11, z=40} block=Block{minecraft:stone} tool=minecraft:diamond_pickaxe slot=4 remaining=1452 required=route
[13:54:34] [Render thread/INFO] (lodekeeper) [Lodekeeper] PROGRESS elapsed_ms=411753 phase=traveling backend=baritone target=19,10,53 block=minecraft:diamond_ore navigation_elapsed_ms=98373 navigation_ticks=1968 searching=false path_index=0 path_length=20 retries=0 pending_route_events=0 dropped_route_events=0 status=mining_and_collecting_minecraft:diamond___3/32
[13:54:35] [Render thread/INFO] (lodekeeper) [Lodekeeper] BREAK target=Mutable{x=14, y=10, z=40} block=Block{minecraft:stone} tool=minecraft:diamond_pickaxe slot=4 remaining=1451 required=route
[13:54:35] [Render thread/INFO] (lodekeeper) [Lodekeeper] BREAK target=Mutable{x=14, y=11, z=41} block=Block{minecraft:stone} tool=minecraft:diamond_pickaxe slot=4 remaining=1450 required=route
[13:54:36] [Render thread/INFO] (lodekeeper) [Lodekeeper] BREAK target=Mutable{x=14, y=10, z=41} block=Block{minecraft:stone} tool=minecraft:diamond_pickaxe slot=4 remaining=1449 required=route
[13:54:36] [Render thread/INFO] (lodekeeper) [Lodekeeper] PROGRESS elapsed_ms=413802 phase=traveling backend=baritone target=19,10,53 block=minecraft:diamond_ore navigation_elapsed_ms=100386 navigation_ticks=2008 searching=false path_index=0 path_length=19 retries=0 pending_route_events=0 dropped_route_events=0 status=mining_and_collecting_minecraft:diamond___3/32
[13:54:37] [Render thread/INFO] (lodekeeper) [Lodekeeper] BREAK target=Mutable{x=15, y=11, z=41} block=Block{minecraft:stone} tool=minecraft:diamond_pickaxe slot=4 remaining=1448 required=route
[13:54:37] [Render thread/INFO] (lodekeeper) [Lodekeeper] BREAK target=Mutable{x=15, y=10, z=41} block=Block{minecraft:stone} tool=minecraft:diamond_pickaxe slot=4 remaining=1447 required=route
[13:54:38] [Render thread/INFO] (lodekeeper) [Lodekeeper] BREAK target=Mutable{x=15, y=11, z=42} block=Block{minecraft:stone} tool=minecraft:diamond_pickaxe slot=4 remaining=1446 required=route
[13:54:38] [Render thread/INFO] (lodekeeper) [Lodekeeper] PROGRESS elapsed_ms=415854 phase=traveling backend=baritone target=19,10,53 block=minecraft:diamond_ore navigation_elapsed_ms=102404 navigation_ticks=2048 searching=false path_index=0 path_length=17 retries=0 pending_route_events=0 dropped_route_events=0 status=mining_and_collecting_minecraft:diamond___3/32
[13:54:38] [Render thread/INFO] (lodekeeper) [Lodekeeper] BREAK target=Mutable{x=15, y=10, z=42} block=Block{minecraft:stone} tool=minecraft:diamond_pickaxe slot=4 remaining=1445 required=route
[13:54:39] [Render thread/INFO] (lodekeeper) [Lodekeeper] BREAK target=Mutable{x=15, y=11, z=43} block=Block{minecraft:stone} tool=minecraft:diamond_pickaxe slot=4 remaining=1444 required=route
[13:54:40] [Render thread/INFO] (lodekeeper) [Lodekeeper] BREAK target=Mutable{x=15, y=10, z=43} block=Block{minecraft:stone} tool=minecraft:diamond_pickaxe slot=4 remaining=1443 required=route
[13:54:40] [Render thread/INFO] (lodekeeper) [Lodekeeper] BREAK target=Mutable{x=15, y=11, z=44} block=Block{minecraft:stone} tool=minecraft:diamond_pickaxe slot=4 remaining=1442 required=route
[13:54:40] [Render thread/INFO] (lodekeeper) [Lodekeeper] PROGRESS elapsed_ms=417866 phase=traveling backend=baritone target=19,10,53 block=minecraft:diamond_ore navigation_elapsed_ms=104385 navigation_ticks=2088 searching=false path_index=0 path_length=15 retries=0 pending_route_events=0 dropped_route_events=0 status=mining_and_collecting_minecraft:diamond___3/32
[13:54:41] [Render thread/INFO] (lodekeeper) [Lodekeeper] BREAK target=Mutable{x=15, y=10, z=44} block=Block{minecraft:stone} tool=minecraft:diamond_pickaxe slot=4 remaining=1441 required=route
[13:54:41] [Render thread/INFO] (lodekeeper) [Lodekeeper] BREAK target=Mutable{x=15, y=11, z=45} block=Block{minecraft:stone} tool=minecraft:diamond_pickaxe slot=4 remaining=1440 required=route
[13:54:42] [Render thread/INFO] (lodekeeper) [Lodekeeper] BREAK target=Mutable{x=15, y=10, z=45} block=Block{minecraft:stone} tool=minecraft:diamond_pickaxe slot=4 remaining=1439 required=route
[13:54:42] [Render thread/INFO] (lodekeeper) [Lodekeeper] PROGRESS elapsed_ms=419913 phase=traveling backend=baritone target=19,10,53 block=minecraft:diamond_ore navigation_elapsed_ms=106601 navigation_ticks=2132 searching=false path_index=0 path_length=14 retries=0 pending_route_events=0 dropped_route_events=0 status=mining_and_collecting_minecraft:diamond___3/32
[13:54:43] [Render thread/INFO] (lodekeeper) [Lodekeeper] BREAK target=Mutable{x=15, y=11, z=46} block=Block{minecraft:diorite} tool=minecraft:diamond_pickaxe slot=4 remaining=1438 required=route
[13:54:43] [Render thread/INFO] (lodekeeper) [Lodekeeper] BREAK target=Mutable{x=15, y=10, z=46} block=Block{minecraft:stone} tool=minecraft:diamond_pickaxe slot=4 remaining=1437 required=route
[13:54:44] [Render thread/INFO] (lodekeeper) [Lodekeeper] BREAK target=Mutable{x=15, y=11, z=47} block=Block{minecraft:diorite} tool=minecraft:diamond_pickaxe slot=4 remaining=1436 required=route
[13:54:44] [Render thread/INFO] (lodekeeper) [Lodekeeper] BREAK target=Mutable{x=15, y=10, z=47} block=Block{minecraft:stone} tool=minecraft:diamond_pickaxe slot=4 remaining=1435 required=route
[13:54:44] [Render thread/INFO] (lodekeeper) [Lodekeeper] PROGRESS elapsed_ms=421964 phase=traveling backend=baritone target=19,10,53 block=minecraft:diamond_ore navigation_elapsed_ms=108585 navigation_ticks=2172 searching=false path_index=0 path_length=12 retries=0 pending_route_events=0 dropped_route_events=0 status=mining_and_collecting_minecraft:diamond___3/32
[13:54:45] [Render thread/INFO] (lodekeeper) [Lodekeeper] BREAK target=Mutable{x=15, y=11, z=48} block=Block{minecraft:diorite} tool=minecraft:diamond_pickaxe slot=4 remaining=1434 required=route
[13:54:46] [Render thread/INFO] (lodekeeper) [Lodekeeper] BREAK target=Mutable{x=15, y=10, z=48} block=Block{minecraft:diorite} tool=minecraft:diamond_pickaxe slot=4 remaining=1433 required=route
[13:54:46] [Render thread/INFO] (lodekeeper) [Lodekeeper] BREAK target=Mutable{x=15, y=11, z=49} block=Block{minecraft:diorite} tool=minecraft:diamond_pickaxe slot=4 remaining=1432 required=route
[13:54:46] [Render thread/INFO] (lodekeeper) [Lodekeeper] PROGRESS elapsed_ms=423990 phase=traveling backend=baritone target=19,10,53 block=minecraft:diamond_ore navigation_elapsed_ms=110575 navigation_ticks=2212 searching=false path_index=0 path_length=10 retries=0 pending_route_events=0 dropped_route_events=0 status=mining_and_collecting_minecraft:diamond___3/32
[13:54:47] [Render thread/INFO] (lodekeeper) [Lodekeeper] BREAK target=Mutable{x=15, y=10, z=49} block=Block{minecraft:stone} tool=minecraft:diamond_pickaxe slot=4 remaining=1431 required=route
[13:54:47] [Render thread/INFO] (lodekeeper) [Lodekeeper] BREAK target=Mutable{x=15, y=11, z=50} block=Block{minecraft:diorite} tool=minecraft:diamond_pickaxe slot=4 remaining=1430 required=route
[13:54:48] [Render thread/INFO] (lodekeeper) [Lodekeeper] BREAK target=Mutable{x=15, y=10, z=50} block=Block{minecraft:stone} tool=minecraft:diamond_pickaxe slot=4 remaining=1429 required=route
[13:54:49] [Render thread/INFO] (lodekeeper) [Lodekeeper] PROGRESS elapsed_ms=426055 phase=traveling backend=baritone target=19,10,53 block=minecraft:diamond_ore navigation_elapsed_ms=112604 navigation_ticks=2252 searching=false path_index=0 path_length=9 retries=0 pending_route_events=0 dropped_route_events=0 status=mining_and_collecting_minecraft:diamond___3/32
[13:54:49] [Render thread/INFO] (lodekeeper) [Lodekeeper] BREAK target=Mutable{x=16, y=11, z=50} block=Block{minecraft:diorite} tool=minecraft:diamond_pickaxe slot=4 remaining=1428 required=route
[13:54:49] [Render thread/INFO] (lodekeeper) [Lodekeeper] BREAK target=Mutable{x=16, y=10, z=50} block=Block{minecraft:stone} tool=minecraft:diamond_pickaxe slot=4 remaining=1427 required=route
[13:54:50] [Render thread/INFO] (lodekeeper) [Lodekeeper] BREAK target=Mutable{x=16, y=11, z=51} block=Block{minecraft:diorite} tool=minecraft:diamond_pickaxe slot=4 remaining=1426 required=route
[13:54:50] [Render thread/INFO] (lodekeeper) [Lodekeeper] BREAK target=Mutable{x=16, y=10, z=51} block=Block{minecraft:stone} tool=minecraft:diamond_pickaxe slot=4 remaining=1425 required=route
[13:54:51] [Render thread/INFO] (lodekeeper) [Lodekeeper] PROGRESS elapsed_ms=428102 phase=traveling backend=baritone target=19,10,53 block=minecraft:diamond_ore navigation_elapsed_ms=114791 navigation_ticks=2296 searching=false path_index=0 path_length=7 retries=0 pending_route_events=0 dropped_route_events=0 status=mining_and_collecting_minecraft:diamond___3/32
[13:54:51] [Render thread/INFO] (lodekeeper) [Lodekeeper] BREAK target=Mutable{x=17, y=11, z=51} block=Block{minecraft:diorite} tool=minecraft:diamond_pickaxe slot=4 remaining=1424 required=route
[13:54:52] [Render thread/INFO] (lodekeeper) [Lodekeeper] BREAK target=Mutable{x=17, y=10, z=51} block=Block{minecraft:stone} tool=minecraft:diamond_pickaxe slot=4 remaining=1423 required=route
[13:54:52] [Render thread/INFO] (lodekeeper) [Lodekeeper] BREAK target=Mutable{x=17, y=11, z=52} block=Block{minecraft:stone} tool=minecraft:diamond_pickaxe slot=4 remaining=1422 required=route
[13:54:53] [Render thread/INFO] (lodekeeper) [Lodekeeper] PROGRESS elapsed_ms=430153 phase=traveling backend=baritone target=19,10,53 block=minecraft:diamond_ore navigation_elapsed_ms=116774 navigation_ticks=2336 searching=false path_index=0 path_length=5 retries=0 pending_route_events=0 dropped_route_events=0 status=mining_and_collecting_minecraft:diamond___3/32
[13:54:53] [Render thread/INFO] (lodekeeper) [Lodekeeper] BREAK target=Mutable{x=17, y=10, z=52} block=Block{minecraft:stone} tool=minecraft:diamond_pickaxe slot=4 remaining=1421 required=route
[13:54:53] [Render thread/INFO] (lodekeeper) [Lodekeeper] BREAK target=Mutable{x=18, y=11, z=52} block=Block{minecraft:stone} tool=minecraft:diamond_pickaxe slot=4 remaining=1420 required=route
[13:54:54] [Render thread/INFO] (lodekeeper) [Lodekeeper] BREAK target=Mutable{x=18, y=10, z=52} block=Block{minecraft:stone} tool=minecraft:diamond_pickaxe slot=4 remaining=1419 required=route
[13:54:55] [Render thread/INFO] (lodekeeper) [Lodekeeper] BREAK target=Mutable{x=18, y=11, z=53} block=Block{minecraft:stone} tool=minecraft:diamond_pickaxe slot=4 remaining=1418 required=route
[13:54:55] [Render thread/INFO] (lodekeeper) [Lodekeeper] PROGRESS elapsed_ms=432203 phase=traveling backend=baritone target=19,10,53 block=minecraft:diamond_ore navigation_elapsed_ms=118788 navigation_ticks=2376 searching=false path_index=0 path_length=3 retries=0 pending_route_events=0 dropped_route_events=0 status=mining_and_collecting_minecraft:diamond___3/32
[13:54:55] [Render thread/INFO] (lodekeeper) [Lodekeeper] BREAK target=Mutable{x=18, y=10, z=53} block=Block{minecraft:stone} tool=minecraft:diamond_pickaxe slot=4 remaining=1417 required=route
[13:54:56] [Render thread/INFO] (lodekeeper) [Lodekeeper] BREAK target=Mutable{x=19, y=11, z=53} block=Block{minecraft:stone} tool=minecraft:diamond_pickaxe slot=4 remaining=1416 required=route
[13:54:56] [Render thread/INFO] (lodekeeper) [Lodekeeper] BREAK target=Mutable{x=19, y=10, z=53} block=Block{minecraft:diamond_ore} tool=minecraft:diamond_pickaxe slot=4 remaining=1415 required=minecraft:diamond_pickaxe
[13:54:57] [Render thread/INFO] (lodekeeper) [Lodekeeper] PROGRESS elapsed_ms=434214 phase=traveling backend=baritone target=19,10,53 block=minecraft:diamond_ore navigation_elapsed_ms=120801 navigation_ticks=2416 searching=false path_index=0 path_length=2 retries=0 pending_route_events=0 dropped_route_events=0 status=mining_and_collecting_minecraft:diamond___3/32
[13:54:57] [Render thread/INFO] (lodekeeper) [Lodekeeper] NAV backend=baritone mode=MINE event=CALC_STARTED elapsedMs=121274
[13:54:57] [Render thread/INFO] (lodekeeper) [Lodekeeper] NAV calcTool=minecraft:diamond_pickaxe slot=4
[13:54:57] [Render thread/INFO] (lodekeeper) [Lodekeeper] NAV backend=baritone mode=MINE event=CALC_FINISHED_NOW_EXECUTING elapsedMs=121274
[13:54:57] [Render thread/INFO] (lodekeeper) [Lodekeeper] TARGET target=19,10,54 block=minecraft:diamond_ore
[13:54:57] [Render thread/INFO] (lodekeeper) [Lodekeeper] BREAK target=Mutable{x=19, y=11, z=54} block=Block{minecraft:stone} tool=minecraft:diamond_pickaxe slot=4 remaining=1414 required=route
[13:54:58] [Render thread/INFO] (lodekeeper) [Lodekeeper] BREAK target=Mutable{x=19, y=10, z=54} block=Block{minecraft:diamond_ore} tool=minecraft:diamond_pickaxe slot=4 remaining=1413 required=minecraft:diamond_pickaxe
[13:54:59] [Render thread/INFO] (lodekeeper) [Lodekeeper] TARGET target=20,10,53 block=minecraft:diamond_ore
[13:54:59] [Render thread/INFO] (lodekeeper) [Lodekeeper] NAV backend=baritone mode=MINE event=CALC_STARTED elapsedMs=122772
[13:54:59] [Render thread/INFO] (lodekeeper) [Lodekeeper] NAV calcTool=minecraft:diamond_pickaxe slot=4
[13:54:59] [Render thread/INFO] (lodekeeper) [Lodekeeper] NAV backend=baritone mode=MINE event=CALC_FINISHED_NOW_EXECUTING elapsedMs=122772
[13:54:59] [Render thread/INFO] (lodekeeper) [Lodekeeper] PROGRESS elapsed_ms=436253 phase=traveling backend=baritone target=20,10,53 block=minecraft:diamond_ore navigation_elapsed_ms=122772 navigation_ticks=2456 searching=false path_index=0 path_length=2 retries=0 pending_route_events=0 dropped_route_events=0 status=mining_and_collecting_minecraft:diamond___4/32
[13:54:59] [Render thread/INFO] (lodekeeper) [Lodekeeper] BREAK target=Mutable{x=20, y=11, z=53} block=Block{minecraft:stone} tool=minecraft:diamond_pickaxe slot=4 remaining=1412 required=route
[13:54:59] [Render thread/INFO] (lodekeeper) [Lodekeeper] TARGET target=20,10,54 block=minecraft:diamond_ore
[13:54:59] [Render thread/INFO] (lodekeeper) [Lodekeeper] NAV backend=baritone mode=MINE event=CALC_STARTED elapsedMs=123386
[13:54:59] [Render thread/INFO] (lodekeeper) [Lodekeeper] NAV calcTool=minecraft:diamond_pickaxe slot=4
[13:54:59] [Render thread/INFO] (lodekeeper) [Lodekeeper] NAV backend=baritone mode=MINE event=CALC_FINISHED_NOW_EXECUTING elapsedMs=123386
[13:54:59] [Render thread/INFO] (lodekeeper) [Lodekeeper] BREAK target=Mutable{x=20, y=11, z=54} block=Block{minecraft:stone} tool=minecraft:diamond_pickaxe slot=4 remaining=1411 required=route
[13:55:00] [Render thread/INFO] (lodekeeper) [Lodekeeper] TARGET target=20,10,53 block=minecraft:diamond_ore
[13:55:00] [Render thread/INFO] (lodekeeper) [Lodekeeper] NAV backend=baritone mode=MINE event=CALC_STARTED elapsedMs=124016
[13:55:00] [Render thread/INFO] (lodekeeper) [Lodekeeper] NAV calcTool=minecraft:diamond_pickaxe slot=4
[13:55:00] [Render thread/INFO] (lodekeeper) [Lodekeeper] NAV backend=baritone mode=MINE event=CALC_FINISHED_NOW_EXECUTING elapsedMs=124017
[13:55:00] [Render thread/INFO] (lodekeeper) [Lodekeeper] BREAK target=Mutable{x=20, y=10, z=53} block=Block{minecraft:diamond_ore} tool=minecraft:diamond_pickaxe slot=4 remaining=1410 required=minecraft:diamond_pickaxe
[13:55:01] [Render thread/INFO] (lodekeeper) [Lodekeeper] NAV backend=baritone mode=MINE event=CALC_STARTED elapsedMs=124883
[13:55:01] [Render thread/INFO] (lodekeeper) [Lodekeeper] NAV calcTool=minecraft:cobblestone slot=1
[13:55:01] [Render thread/INFO] (lodekeeper) [Lodekeeper] NAV backend=baritone mode=MINE event=CALC_FINISHED_NOW_EXECUTING elapsedMs=124884
[13:55:01] [Render thread/INFO] (lodekeeper) [Lodekeeper] PROGRESS elapsed_ms=438262 phase=traveling backend=baritone target=20,10,53 block=minecraft:diamond_ore navigation_elapsed_ms=124783 navigation_ticks=2496 searching=false path_index=0 path_length=2 retries=0 pending_route_events=0 dropped_route_events=0 status=mining_and_collecting_minecraft:diamond___5/32
[13:55:01] [Render thread/INFO] (lodekeeper) [Lodekeeper] TARGET target=20,10,54 block=minecraft:diamond_ore
[13:55:01] [Render thread/INFO] (lodekeeper) [Lodekeeper] BREAK target=Mutable{x=20, y=10, z=54} block=Block{minecraft:diamond_ore} tool=minecraft:diamond_pickaxe slot=4 remaining=1409 required=minecraft:diamond_pickaxe
[13:55:03] [Render thread/INFO] (lodekeeper) [Lodekeeper] PROGRESS elapsed_ms=440312 phase=traveling backend=baritone target=20,10,54 block=minecraft:diamond_ore navigation_elapsed_ms=127001 navigation_ticks=2540 searching=false path_index=0 path_length=2 retries=0 pending_route_events=0 dropped_route_events=0 status=mining_and_collecting_minecraft:diamond___6/32
[13:55:04] [Render thread/INFO] (lodekeeper) [Lodekeeper] TARGET target=none
[13:55:04] [Render thread/INFO] (lodekeeper) [Lodekeeper] NAV backend=baritone mode=MINE event=NEXT_SEGMENT_CALC_STARTED elapsedMs=128636
[13:55:04] [Render thread/INFO] (lodekeeper) [Lodekeeper] NAV backend=baritone mode=MINE event=NEXT_CALC_FAILED elapsedMs=128705
[13:55:04] [Render thread/INFO] (lodekeeper) [Lodekeeper] NAV backend=baritone mode=MINE event=NEXT_SEGMENT_CALC_STARTED elapsedMs=128706
[13:55:05] [Render thread/INFO] (lodekeeper) [Lodekeeper] NAV backend=baritone mode=MINE event=NEXT_CALC_FAILED elapsedMs=128741
[13:55:05] [Render thread/INFO] (lodekeeper) [Lodekeeper] NAV backend=baritone mode=MINE event=NEXT_SEGMENT_CALC_STARTED elapsedMs=128741
[13:55:05] [Render thread/INFO] (lodekeeper) [Lodekeeper] NAV backend=baritone mode=MINE event=NEXT_CALC_FAILED elapsedMs=128775
[13:55:05] [Render thread/INFO] (lodekeeper) [Lodekeeper] NAV backend=baritone mode=MINE event=NEXT_SEGMENT_CALC_STARTED elapsedMs=128775
[13:55:05] [Render thread/INFO] (lodekeeper) [Lodekeeper] NAV backend=baritone mode=MINE event=NEXT_CALC_FAILED elapsedMs=128842
[13:55:05] [Render thread/INFO] (lodekeeper) [Lodekeeper] NAV backend=baritone mode=MINE event=NEXT_SEGMENT_CALC_STARTED elapsedMs=128842
[13:55:05] [Render thread/INFO] (lodekeeper) [Lodekeeper] NAV backend=baritone mode=MINE event=NEXT_CALC_FAILED elapsedMs=128875
[13:55:05] [Render thread/INFO] (lodekeeper) [Lodekeeper] NAV backend=baritone mode=MINE event=NEXT_SEGMENT_CALC_STARTED elapsedMs=128876
[13:55:05] [Render thread/INFO] (lodekeeper) [Lodekeeper] NAV backend=baritone mode=MINE event=NEXT_CALC_FAILED elapsedMs=128944
[13:55:05] [Render thread/INFO] (lodekeeper) [Lodekeeper] NAV backend=baritone mode=MINE event=CALC_STARTED elapsedMs=128945
[13:55:05] [Render thread/INFO] (lodekeeper) [Lodekeeper] NAV calcTool=minecraft:cobblestone slot=1
[13:55:05] [Render thread/INFO] (lodekeeper) [Lodekeeper] TARGET target=28,12,55 block=minecraft:diamond_ore
[13:55:05] [Render thread/INFO] (lodekeeper) [Lodekeeper] NAV backend=baritone mode=MINE event=CALC_FINISHED_NOW_EXECUTING elapsedMs=128979
[13:55:05] [Render thread/INFO] (lodekeeper) [Lodekeeper] PROGRESS elapsed_ms=442358 phase=traveling backend=baritone target=28,12,55 block=minecraft:diamond_ore navigation_elapsed_ms=128979 navigation_ticks=2580 searching=false path_index=0 path_length=10 retries=0 pending_route_events=0 dropped_route_events=0 status=mining_and_collecting_minecraft:diamond___7/32
[13:55:05] [Render thread/INFO] (lodekeeper) [Lodekeeper] BREAK target=Mutable{x=21, y=11, z=54} block=Block{minecraft:stone} tool=minecraft:diamond_pickaxe slot=4 remaining=1408 required=route
[13:55:05] [Render thread/INFO] (lodekeeper) [Lodekeeper] BREAK target=Mutable{x=20, y=12, z=54} block=Block{minecraft:stone} tool=minecraft:diamond_pickaxe slot=4 remaining=1407 required=route
[13:55:06] [Render thread/INFO] (lodekeeper) [Lodekeeper] BREAK target=Mutable{x=21, y=12, z=54} block=Block{minecraft:stone} tool=minecraft:diamond_pickaxe slot=4 remaining=1406 required=route
[13:55:07] [Render thread/INFO] (lodekeeper) [Lodekeeper] PROGRESS elapsed_ms=444408 phase=traveling backend=baritone target=28,12,55 block=minecraft:diamond_ore navigation_elapsed_ms=130995 navigation_ticks=2620 searching=false path_index=0 path_length=10 retries=0 pending_route_events=0 dropped_route_events=0 status=mining_and_collecting_minecraft:diamond___7/32
[13:55:07] [Render thread/INFO] (lodekeeper) [Lodekeeper] BREAK target=Mutable{x=21, y=12, z=55} block=Block{minecraft:stone} tool=minecraft:diamond_pickaxe slot=4 remaining=1405 required=route
[13:55:08] [Render thread/INFO] (lodekeeper) [Lodekeeper] BREAK target=Mutable{x=21, y=11, z=55} block=Block{minecraft:stone} tool=minecraft:diamond_pickaxe slot=4 remaining=1404 required=route
[13:55:08] [Render thread/INFO] (lodekeeper) [Lodekeeper] BREAK target=Mutable{x=22, y=11, z=55} block=Block{minecraft:stone} tool=minecraft:diamond_pickaxe slot=4 remaining=1403 required=route
[13:55:09] [Render thread/INFO] (lodekeeper) [Lodekeeper] PROGRESS elapsed_ms=446463 phase=traveling backend=baritone target=28,12,55 block=minecraft:diamond_ore navigation_elapsed_ms=132980 navigation_ticks=2660 searching=false path_index=0 path_length=8 retries=0 pending_route_events=0 dropped_route_events=0 status=mining_and_collecting_minecraft:diamond___7/32
[13:55:11] [Render thread/INFO] (lodekeeper) [Lodekeeper] PROGRESS elapsed_ms=448484 phase=traveling backend=baritone target=28,12,55 block=minecraft:diamond_ore navigation_elapsed_ms=135173 navigation_ticks=2704 searching=false path_index=0 path_length=8 retries=0 pending_route_events=0 dropped_route_events=0 status=mining_and_collecting_minecraft:diamond___7/32
[13:55:12] [Render thread/INFO] (lodekeeper) [Lodekeeper] BREAK target=Mutable{x=23, y=11, z=55} block=Block{minecraft:stone} tool=minecraft:diamond_pickaxe slot=4 remaining=1402 required=route
[13:55:13] [Render thread/INFO] (lodekeeper) [Lodekeeper] PROGRESS elapsed_ms=450504 phase=traveling backend=baritone target=28,12,55 block=minecraft:diamond_ore navigation_elapsed_ms=137193 navigation_ticks=2744 searching=false path_index=0 path_length=7 retries=0 pending_route_events=0 dropped_route_events=0 status=mining_and_collecting_minecraft:diamond___7/32
[13:55:14] [Render thread/INFO] (lodekeeper) [Lodekeeper] BREAK target=Mutable{x=24, y=11, z=55} block=Block{minecraft:stone} tool=minecraft:diamond_pickaxe slot=4 remaining=1401 required=route
[13:55:15] [Render thread/INFO] (lodekeeper) [Lodekeeper] PROGRESS elapsed_ms=452554 phase=traveling backend=baritone target=28,12,55 block=minecraft:diamond_ore navigation_elapsed_ms=139173 navigation_ticks=2784 searching=false path_index=0 path_length=6 retries=0 pending_route_events=0 dropped_route_events=0 status=mining_and_collecting_minecraft:diamond___7/32
[13:55:16] [Render thread/INFO] (lodekeeper) [Lodekeeper] BREAK target=Mutable{x=23, y=12, z=55} block=Block{minecraft:stone} tool=minecraft:diamond_pickaxe slot=4 remaining=1400 required=route
[13:55:17] [Render thread/INFO] (lodekeeper) [Lodekeeper] PROGRESS elapsed_ms=454607 phase=traveling backend=baritone target=28,12,55 block=minecraft:diamond_ore navigation_elapsed_ms=141194 navigation_ticks=2824 searching=false path_index=0 path_length=6 retries=0 pending_route_events=0 dropped_route_events=0 status=mining_and_collecting_minecraft:diamond___7/32
[13:55:18] [Render thread/INFO] (lodekeeper) [Lodekeeper] BREAK target=Mutable{x=24, y=12, z=55} block=Block{minecraft:stone} tool=minecraft:diamond_pickaxe slot=4 remaining=1399 required=route
[13:55:19] [Render thread/INFO] (lodekeeper) [Lodekeeper] PROGRESS elapsed_ms=456658 phase=traveling backend=baritone target=28,12,55 block=minecraft:diamond_ore navigation_elapsed_ms=143176 navigation_ticks=2864 searching=false path_index=0 path_length=6 retries=0 pending_route_events=0 dropped_route_events=0 status=mining_and_collecting_minecraft:diamond___7/32
[13:55:21] [Render thread/INFO] (lodekeeper) [Lodekeeper] BREAK target=Mutable{x=25, y=12, z=55} block=Block{minecraft:stone} tool=minecraft:diamond_pickaxe slot=4 remaining=1398 required=route
[13:55:21] [Render thread/INFO] (lodekeeper) [Lodekeeper] PROGRESS elapsed_ms=458708 phase=traveling backend=baritone target=28,12,55 block=minecraft:diamond_ore navigation_elapsed_ms=145396 navigation_ticks=2908 searching=false path_index=0 path_length=5 retries=0 pending_route_events=0 dropped_route_events=0 status=mining_and_collecting_minecraft:diamond___7/32
[13:55:21] [Render thread/INFO] (lodekeeper) [Lodekeeper] BREAK target=Mutable{x=24, y=13, z=55} block=Block{minecraft:stone} tool=minecraft:diamond_pickaxe slot=4 remaining=1397 required=route
[13:55:22] [Render thread/INFO] (lodekeeper) [Lodekeeper] BREAK target=Mutable{x=25, y=13, z=55} block=Block{minecraft:stone} tool=minecraft:diamond_pickaxe slot=4 remaining=1396 required=route
[13:55:23] [Render thread/INFO] (lodekeeper) [Lodekeeper] BREAK target=Mutable{x=26, y=13, z=55} block=Block{minecraft:stone} tool=minecraft:diamond_pickaxe slot=4 remaining=1395 required=route
[13:55:23] [Render thread/INFO] (lodekeeper) [Lodekeeper] BREAK target=Mutable{x=26, y=12, z=55} block=Block{minecraft:stone} tool=minecraft:diamond_pickaxe slot=4 remaining=1394 required=route
[13:55:23] [Render thread/INFO] (lodekeeper) [Lodekeeper] PROGRESS elapsed_ms=460765 phase=traveling backend=baritone target=28,12,55 block=minecraft:diamond_ore navigation_elapsed_ms=147385 navigation_ticks=2948 searching=false path_index=0 path_length=4 retries=0 pending_route_events=0 dropped_route_events=0 status=mining_and_collecting_minecraft:diamond___7/32
[13:55:24] [Render thread/INFO] (lodekeeper) [Lodekeeper] BREAK target=Mutable{x=27, y=13, z=55} block=Block{minecraft:stone} tool=minecraft:diamond_pickaxe slot=4 remaining=1393 required=route
[13:55:24] [Render thread/INFO] (lodekeeper) [Lodekeeper] BREAK target=Mutable{x=27, y=12, z=55} block=Block{minecraft:stone} tool=minecraft:diamond_pickaxe slot=4 remaining=1392 required=route
[13:55:25] [Render thread/INFO] (lodekeeper) [Lodekeeper] BREAK target=Mutable{x=28, y=13, z=55} block=Block{minecraft:stone} tool=minecraft:diamond_pickaxe slot=4 remaining=1391 required=route
[13:55:25] [Render thread/INFO] (lodekeeper) [Lodekeeper] PROGRESS elapsed_ms=462815 phase=traveling backend=baritone target=28,12,55 block=minecraft:diamond_ore navigation_elapsed_ms=149403 navigation_ticks=2988 searching=false path_index=0 path_length=2 retries=0 pending_route_events=0 dropped_route_events=0 status=mining_and_collecting_minecraft:diamond___7/32
[13:55:26] [Render thread/INFO] (lodekeeper) [Lodekeeper] BREAK target=Mutable{x=28, y=12, z=55} block=Block{minecraft:diamond_ore} tool=minecraft:diamond_pickaxe slot=4 remaining=1390 required=minecraft:diamond_pickaxe
[13:55:26] [Render thread/INFO] (lodekeeper) [Lodekeeper] TARGET target=none
[13:55:26] [Render thread/INFO] (lodekeeper) [Lodekeeper] NAV backend=baritone mode=MINE event=CALC_STARTED elapsedMs=150425
[13:55:26] [Render thread/INFO] (lodekeeper) [Lodekeeper] NAV calcTool=minecraft:diamond_pickaxe slot=4
[13:55:26] [Render thread/INFO] (lodekeeper) [Lodekeeper] NAV backend=baritone mode=MINE event=CALC_FINISHED_NOW_EXECUTING elapsedMs=150425
[13:55:26] [Render thread/INFO] (lodekeeper) [Lodekeeper] TARGET target=28,12,56 block=minecraft:diamond_ore
[13:55:26] [Render thread/INFO] (lodekeeper) [Lodekeeper] BREAK target=Mutable{x=28, y=13, z=56} block=Block{minecraft:stone} tool=minecraft:diamond_pickaxe slot=4 remaining=1389 required=route
[13:55:27] [Render thread/INFO] (lodekeeper) [Lodekeeper] BREAK target=Mutable{x=28, y=12, z=56} block=Block{minecraft:diamond_ore} tool=minecraft:diamond_pickaxe slot=4 remaining=1388 required=minecraft:diamond_pickaxe
[13:55:27] [Render thread/INFO] (lodekeeper) [Lodekeeper] PROGRESS elapsed_ms=464861 phase=traveling backend=baritone target=28,12,56 block=minecraft:diamond_ore navigation_elapsed_ms=151380 navigation_ticks=3028 searching=false path_index=0 path_length=2 retries=0 pending_route_events=0 dropped_route_events=0 status=mining_and_collecting_minecraft:diamond___8/32
[13:55:28] [Render thread/INFO] (lodekeeper) [Lodekeeper] NAV backend=baritone mode=MINE event=CALC_STARTED elapsedMs=151928
[13:55:28] [Render thread/INFO] (lodekeeper) [Lodekeeper] NAV calcTool=minecraft:diamond_pickaxe slot=4
[13:55:28] [Render thread/INFO] (lodekeeper) [Lodekeeper] NAV backend=baritone mode=MINE event=CALC_FINISHED_NOW_EXECUTING elapsedMs=151928
[13:55:28] [Render thread/INFO] (lodekeeper) [Lodekeeper] TARGET target=29,12,55 block=minecraft:diamond_ore
[13:55:28] [Render thread/INFO] (lodekeeper) [Lodekeeper] BREAK target=Mutable{x=29, y=13, z=55} block=Block{minecraft:stone} tool=minecraft:diamond_pickaxe slot=4 remaining=1387 required=route
[13:55:29] [Render thread/INFO] (lodekeeper) [Lodekeeper] BREAK target=Mutable{x=29, y=12, z=55} block=Block{minecraft:diamond_ore} tool=minecraft:diamond_pickaxe slot=4 remaining=1386 required=minecraft:diamond_pickaxe
[13:55:29] [Render thread/INFO] (lodekeeper) [Lodekeeper] TARGET target=none
[13:55:29] [Render thread/INFO] (lodekeeper) [Lodekeeper] NAV backend=baritone mode=MINE event=CALC_STARTED elapsedMs=153432
[13:55:29] [Render thread/INFO] (lodekeeper) [Lodekeeper] NAV calcTool=minecraft:diamond_pickaxe slot=4
[13:55:29] [Render thread/INFO] (lodekeeper) [Lodekeeper] NAV backend=baritone mode=MINE event=CALC_FINISHED_NOW_EXECUTING elapsedMs=153432
[13:55:29] [Render thread/INFO] (lodekeeper) [Lodekeeper] TARGET target=29,12,56 block=minecraft:diamond_ore
[13:55:29] [Render thread/INFO] (lodekeeper) [Lodekeeper] PROGRESS elapsed_ms=466913 phase=traveling backend=baritone target=29,12,56 block=minecraft:diamond_ore navigation_elapsed_ms=153602 navigation_ticks=3072 searching=false path_index=0 path_length=2 retries=0 pending_route_events=0 dropped_route_events=0 status=mining_and_collecting_minecraft:diamond___9/32
[13:55:29] [Render thread/INFO] (lodekeeper) [Lodekeeper] BREAK target=Mutable{x=29, y=13, z=56} block=Block{minecraft:diamond_ore} tool=minecraft:diamond_pickaxe slot=4 remaining=1385 required=minecraft:diamond_pickaxe
[13:55:30] [Render thread/INFO] (lodekeeper) [Lodekeeper] BREAK target=Mutable{x=29, y=12, z=56} block=Block{minecraft:diamond_ore} tool=minecraft:diamond_pickaxe slot=4 remaining=1384 required=minecraft:diamond_pickaxe
[13:55:31] [Render thread/INFO] (lodekeeper) [Lodekeeper] TARGET target=none
[13:55:31] [Render thread/INFO] (lodekeeper) [Lodekeeper] NAV backend=baritone mode=MINE event=AT_GOAL elapsedMs=155304
[13:55:31] [Render thread/INFO] (lodekeeper) [Lodekeeper] PROGRESS elapsed_ms=468953 phase=gathering backend=baritone target=none navigation_elapsed_ms=155574 navigation_ticks=3112 searching=false path_index=0 path_length=0 retries=0 pending_route_events=0 dropped_route_events=0 status=mining_and_collecting_minecraft:diamond___12/32
[13:55:31] [Render thread/INFO] (lodekeeper) [Lodekeeper] NAV backend=baritone mode=MINE event=CALC_STARTED elapsedMs=155643
[13:55:31] [Render thread/INFO] (lodekeeper) [Lodekeeper] NAV calcTool=minecraft:diamond_pickaxe slot=4
[13:55:32] [Render thread/INFO] (lodekeeper) [Lodekeeper] ROUTE_SEARCH kind=unknown anchor=unknown feet_y16=0 candidates=0 target=none elapsed_ms=469088
[13:55:32] [Render thread/INFO] (lodekeeper) [Lodekeeper] ROUTE_TRAVEL path_index=0 path_length=6 target=none elapsed_ms=469505
[13:55:32] [Render thread/INFO] (lodekeeper) [Lodekeeper] NAV backend=baritone mode=MINE event=CALC_FINISHED_NOW_EXECUTING elapsedMs=156195
[13:55:32] [Render thread/INFO] (lodekeeper) [Lodekeeper] NAV backend=baritone mode=MINE event=NEXT_SEGMENT_CALC_STARTED elapsedMs=156195
[13:55:32] [Render thread/INFO] (lodekeeper) [Lodekeeper] ROUTE_SEARCH kind=unknown anchor=unknown feet_y16=0 candidates=0 target=none elapsed_ms=469709
[13:55:33] [Render thread/INFO] (lodekeeper) [Lodekeeper] NAV backend=baritone mode=MINE event=PATH_FINISHED_NEXT_STILL_CALCULATING elapsedMs=157396
[13:55:33] [Render thread/INFO] (lodekeeper) [Lodekeeper] NAV backend=baritone mode=MINE event=CALC_FINISHED_NOW_EXECUTING elapsedMs=157499
[13:55:33] [Render thread/INFO] (lodekeeper) [Lodekeeper] BREAK target=Mutable{x=25, y=11, z=55} block=Block{minecraft:stone} tool=minecraft:diamond_pickaxe slot=4 remaining=1383 required=route
[13:55:33] [Render thread/INFO] (lodekeeper) [Lodekeeper] TARGET target=79,5,58 block=minecraft:diamond_ore
[13:55:33] [Render thread/INFO] (lodekeeper) [Lodekeeper] ROUTE_TRAVEL path_index=0 path_length=58 target=79,5,58 block=minecraft:diamond_ore elapsed_ms=470912
[13:55:33] [Render thread/INFO] (lodekeeper) [Lodekeeper] PROGRESS elapsed_ms=471015 phase=traveling backend=baritone target=79,5,58 block=minecraft:diamond_ore navigation_elapsed_ms=157600 navigation_ticks=3152 searching=false path_index=0 path_length=58 retries=0 pending_route_events=0 dropped_route_events=0 status=mining_and_collecting_minecraft:diamond___12/32
[13:55:34] [Render thread/INFO] (lodekeeper) [Lodekeeper] BREAK target=Mutable{x=26, y=11, z=55} block=Block{minecraft:stone} tool=minecraft:diamond_pickaxe slot=4 remaining=1382 required=route
[13:55:36] [Render thread/INFO] (lodekeeper) [Lodekeeper] PROGRESS elapsed_ms=473059 phase=traveling backend=baritone target=79,5,58 block=minecraft:diamond_ore navigation_elapsed_ms=159578 navigation_ticks=3192 searching=false path_index=0 path_length=56 retries=0 pending_route_events=0 dropped_route_events=0 status=mining_and_collecting_minecraft:diamond___12/32
[13:55:38] [Render thread/INFO] (lodekeeper) [Lodekeeper] PROGRESS elapsed_ms=475091 phase=traveling backend=baritone target=79,5,58 block=minecraft:diamond_ore navigation_elapsed_ms=161780 navigation_ticks=3236 searching=false path_index=0 path_length=46 retries=0 pending_route_events=0 dropped_route_events=0 status=mining_and_collecting_minecraft:diamond___12/32
[13:55:39] [Render thread/INFO] (lodekeeper) [Lodekeeper] BREAK target=Mutable{x=42, y=9, z=56} block=Block{minecraft:stone} tool=minecraft:diamond_pickaxe slot=4 remaining=1381 required=route
[13:55:39] [Render thread/INFO] (lodekeeper) [Lodekeeper] BREAK target=Mutable{x=43, y=10, z=56} block=Block{minecraft:stone} tool=minecraft:diamond_pickaxe slot=4 remaining=1380 required=route
[13:55:40] [Render thread/INFO] (lodekeeper) [Lodekeeper] PROGRESS elapsed_ms=477102 phase=traveling backend=baritone target=79,5,58 block=minecraft:diamond_ore navigation_elapsed_ms=163791 navigation_ticks=3276 searching=false path_index=0 path_length=40 retries=0 pending_route_events=0 dropped_route_events=0 status=mining_and_collecting_minecraft:diamond___12/32
[13:55:40] [Render thread/INFO] (lodekeeper) [Lodekeeper] BREAK target=Mutable{x=43, y=9, z=56} block=Block{minecraft:stone} tool=minecraft:diamond_pickaxe slot=4 remaining=1379 required=route
[13:55:41] [Render thread/INFO] (lodekeeper) [Lodekeeper] BREAK target=Mutable{x=44, y=10, z=56} block=Block{minecraft:stone} tool=minecraft:diamond_pickaxe slot=4 remaining=1378 required=route
[13:55:41] [Render thread/INFO] (lodekeeper) [Lodekeeper] BREAK target=Mutable{x=44, y=9, z=56} block=Block{minecraft:stone} tool=minecraft:diamond_pickaxe slot=4 remaining=1377 required=route
[13:55:42] [Render thread/INFO] (lodekeeper) [Lodekeeper] PROGRESS elapsed_ms=479115 phase=traveling backend=baritone target=79,5,58 block=minecraft:diamond_ore navigation_elapsed_ms=165804 navigation_ticks=3316 searching=false path_index=0 path_length=39 retries=0 pending_route_events=0 dropped_route_events=0 status=mining_and_collecting_minecraft:diamond___12/32
[13:55:42] [Render thread/INFO] (lodekeeper) [Lodekeeper] BREAK target=Mutable{x=45, y=10, z=56} block=Block{minecraft:stone} tool=minecraft:diamond_pickaxe slot=4 remaining=1376 required=route
[13:55:42] [Render thread/INFO] (lodekeeper) [Lodekeeper] BREAK target=Mutable{x=45, y=9, z=56} block=Block{minecraft:stone} tool=minecraft:diamond_pickaxe slot=4 remaining=1375 required=route
[13:55:43] [Render thread/INFO] (lodekeeper) [Lodekeeper] BREAK target=Mutable{x=46, y=10, z=56} block=Block{minecraft:stone} tool=minecraft:diamond_pickaxe slot=4 remaining=1374 required=route
[13:55:44] [Render thread/INFO] (lodekeeper) [Lodekeeper] PROGRESS elapsed_ms=481154 phase=traveling backend=baritone target=79,5,58 block=minecraft:diamond_ore navigation_elapsed_ms=167775 navigation_ticks=3356 searching=false path_index=0 path_length=37 retries=0 pending_route_events=0 dropped_route_events=0 status=mining_and_collecting_minecraft:diamond___12/32
[13:55:44] [Render thread/INFO] (lodekeeper) [Lodekeeper] BREAK target=Mutable{x=46, y=9, z=56} block=Block{minecraft:stone} tool=minecraft:diamond_pickaxe slot=4 remaining=1373 required=route
[13:55:44] [Render thread/INFO] (lodekeeper) [Lodekeeper] BREAK target=Mutable{x=47, y=10, z=56} block=Block{minecraft:granite} tool=minecraft:diamond_pickaxe slot=4 remaining=1372 required=route
[13:55:45] [Render thread/INFO] (lodekeeper) [Lodekeeper] BREAK target=Mutable{x=47, y=9, z=56} block=Block{minecraft:stone} tool=minecraft:diamond_pickaxe slot=4 remaining=1371 required=route
[13:55:45] [Render thread/INFO] (lodekeeper) [Lodekeeper] BREAK target=Mutable{x=48, y=10, z=56} block=Block{minecraft:granite} tool=minecraft:diamond_pickaxe slot=4 remaining=1370 required=route
[13:55:46] [Render thread/INFO] (lodekeeper) [Lodekeeper] PROGRESS elapsed_ms=483209 phase=traveling backend=baritone target=79,5,58 block=minecraft:diamond_ore navigation_elapsed_ms=169793 navigation_ticks=3396 searching=false path_index=0 path_length=35 retries=0 pending_route_events=0 dropped_route_events=0 status=mining_and_collecting_minecraft:diamond___12/32
[13:55:46] [Render thread/INFO] (lodekeeper) [Lodekeeper] BREAK target=Mutable{x=48, y=9, z=56} block=Block{minecraft:stone} tool=minecraft:diamond_pickaxe slot=4 remaining=1369 required=route
[13:55:47] [Render thread/INFO] (lodekeeper) [Lodekeeper] BREAK target=Mutable{x=49, y=10, z=56} block=Block{minecraft:granite} tool=minecraft:diamond_pickaxe slot=4 remaining=1368 required=route
[13:55:47] [Render thread/INFO] (lodekeeper) [Lodekeeper] BREAK target=Mutable{x=49, y=9, z=56} block=Block{minecraft:stone} tool=minecraft:diamond_pickaxe slot=4 remaining=1367 required=route
[13:55:48] [Render thread/INFO] (lodekeeper) [Lodekeeper] PROGRESS elapsed_ms=485261 phase=traveling backend=baritone target=79,5,58 block=minecraft:diamond_ore navigation_elapsed_ms=171803 navigation_ticks=3436 searching=false path_index=0 path_length=34 retries=0 pending_route_events=0 dropped_route_events=0 status=mining_and_collecting_minecraft:diamond___12/32
[13:55:48] [Render thread/INFO] (lodekeeper) [Lodekeeper] BREAK target=Mutable{x=50, y=10, z=56} block=Block{minecraft:granite} tool=minecraft:diamond_pickaxe slot=4 remaining=1366 required=route
[13:55:48] [Render thread/INFO] (lodekeeper) [Lodekeeper] BREAK target=Mutable{x=50, y=9, z=56} block=Block{minecraft:stone} tool=minecraft:diamond_pickaxe slot=4 remaining=1365 required=route
[13:55:49] [Render thread/INFO] (lodekeeper) [Lodekeeper] BREAK target=Mutable{x=51, y=10, z=56} block=Block{minecraft:stone} tool=minecraft:diamond_pickaxe slot=4 remaining=1364 required=route
[13:55:50] [Render thread/INFO] (lodekeeper) [Lodekeeper] BREAK target=Mutable{x=51, y=9, z=56} block=Block{minecraft:stone} tool=minecraft:diamond_pickaxe slot=4 remaining=1363 required=route
[13:55:50] [Render thread/INFO] (lodekeeper) [Lodekeeper] PROGRESS elapsed_ms=487312 phase=traveling backend=baritone target=79,5,58 block=minecraft:diamond_ore navigation_elapsed_ms=174001 navigation_ticks=3480 searching=false path_index=0 path_length=32 retries=0 pending_route_events=0 dropped_route_events=0 status=mining_and_collecting_minecraft:diamond___12/32
[13:55:50] [Render thread/INFO] (lodekeeper) [Lodekeeper] BREAK target=Mutable{x=52, y=10, z=56} block=Block{minecraft:stone} tool=minecraft:diamond_pickaxe slot=4 remaining=1362 required=route
[13:55:51] [Render thread/INFO] (lodekeeper) [Lodekeeper] BREAK target=Mutable{x=52, y=9, z=56} block=Block{minecraft:stone} tool=minecraft:diamond_pickaxe slot=4 remaining=1361 required=route
[13:55:51] [Render thread/INFO] (lodekeeper) [Lodekeeper] BREAK target=Mutable{x=53, y=10, z=56} block=Block{minecraft:stone} tool=minecraft:diamond_pickaxe slot=4 remaining=1360 required=route
[13:55:52] [Render thread/INFO] (lodekeeper) [Lodekeeper] PROGRESS elapsed_ms=489360 phase=traveling backend=baritone target=79,5,58 block=minecraft:diamond_ore navigation_elapsed_ms=175981 navigation_ticks=3520 searching=false path_index=0 path_length=30 retries=0 pending_route_events=0 dropped_route_events=0 status=mining_and_collecting_minecraft:diamond___12/32
[13:55:52] [Render thread/INFO] (lodekeeper) [Lodekeeper] BREAK target=Mutable{x=53, y=9, z=56} block=Block{minecraft:stone} tool=minecraft:diamond_pickaxe slot=4 remaining=1359 required=route
[13:55:53] [Render thread/INFO] (lodekeeper) [Lodekeeper] BREAK target=Mutable{x=53, y=8, z=56} block=Block{minecraft:stone} tool=minecraft:diamond_pickaxe slot=4 remaining=1358 required=route
[13:55:53] [Render thread/INFO] (lodekeeper) [Lodekeeper] BREAK target=Mutable{x=54, y=9, z=56} block=Block{minecraft:stone} tool=minecraft:diamond_pickaxe slot=4 remaining=1357 required=route
[13:55:54] [Render thread/INFO] (lodekeeper) [Lodekeeper] PROGRESS elapsed_ms=491413 phase=traveling backend=baritone target=79,5,58 block=minecraft:diamond_ore navigation_elapsed_ms=178001 navigation_ticks=3560 searching=false path_index=0 path_length=29 retries=0 pending_route_events=0 dropped_route_events=0 status=mining_and_collecting_minecraft:diamond___12/32
[13:55:54] [Render thread/INFO] (lodekeeper) [Lodekeeper] BREAK target=Mutable{x=54, y=8, z=56} block=Block{minecraft:stone} tool=minecraft:diamond_pickaxe slot=4 remaining=1356 required=route
[13:55:55] [Render thread/INFO] (lodekeeper) [Lodekeeper] BREAK target=Mutable{x=54, y=7, z=56} block=Block{minecraft:stone} tool=minecraft:diamond_pickaxe slot=4 remaining=1355 required=route
[13:55:55] [Render thread/INFO] (lodekeeper) [Lodekeeper] BREAK target=Mutable{x=55, y=8, z=56} block=Block{minecraft:stone} tool=minecraft:diamond_pickaxe slot=4 remaining=1354 required=route
[13:55:56] [Render thread/INFO] (lodekeeper) [Lodekeeper] PROGRESS elapsed_ms=493463 phase=traveling backend=baritone target=79,5,58 block=minecraft:diamond_ore navigation_elapsed_ms=179980 navigation_ticks=3600 searching=false path_index=0 path_length=28 retries=0 pending_route_events=0 dropped_route_events=0 status=mining_and_collecting_minecraft:diamond___12/32
[13:55:56] [Render thread/INFO] (lodekeeper) [Lodekeeper] BREAK target=Mutable{x=55, y=7, z=56} block=Block{minecraft:moss_block} tool=minecraft:andesite slot=0 remaining=-1 required=route
[13:55:56] [Render thread/INFO] (lodekeeper) [Lodekeeper] BREAK target=Mutable{x=55, y=6, z=56} block=Block{minecraft:moss_block} tool=minecraft:andesite slot=0 remaining=-1 required=route
[13:55:58] [Render thread/INFO] (lodekeeper) [Lodekeeper] PROGRESS elapsed_ms=495509 phase=traveling backend=baritone target=79,5,58 block=minecraft:diamond_ore navigation_elapsed_ms=182198 navigation_ticks=3644 searching=false path_index=0 path_length=24 retries=0 pending_route_events=0 dropped_route_events=0 status=mining_and_collecting_minecraft:diamond___12/32
[13:56:00] [Render thread/INFO] (lodekeeper) [Lodekeeper] PROGRESS elapsed_ms=497517 phase=traveling backend=baritone target=79,5,58 block=minecraft:diamond_ore navigation_elapsed_ms=184205 navigation_ticks=3684 searching=false path_index=0 path_length=15 retries=0 pending_route_events=0 dropped_route_events=0 status=mining_and_collecting_minecraft:diamond___12/32
[13:56:02] [Render thread/INFO] (lodekeeper) [Lodekeeper] PROGRESS elapsed_ms=499546 phase=traveling backend=baritone target=79,5,58 block=minecraft:diamond_ore navigation_elapsed_ms=186201 navigation_ticks=3724 searching=false path_index=0 path_length=7 retries=0 pending_route_events=0 dropped_route_events=0 status=mining_and_collecting_minecraft:diamond___12/32
[13:56:02] [Render thread/INFO] (lodekeeper) [Lodekeeper] BREAK target=Mutable{x=78, y=4, z=57} block=Block{minecraft:andesite} tool=minecraft:diamond_pickaxe slot=4 remaining=1353 required=route
[13:56:03] [Render thread/INFO] (lodekeeper) [Lodekeeper] BREAK target=Mutable{x=78, y=4, z=58} block=Block{minecraft:andesite} tool=minecraft:diamond_pickaxe slot=4 remaining=1352 required=route
[13:56:04] [Render thread/INFO] (lodekeeper) [Lodekeeper] BREAK target=Mutable{x=78, y=5, z=57} block=Block{minecraft:andesite} tool=minecraft:diamond_pickaxe slot=4 remaining=1351 required=route
[13:56:04] [Render thread/INFO] (lodekeeper) [Lodekeeper] PROGRESS elapsed_ms=501611 phase=traveling backend=baritone target=79,5,58 block=minecraft:diamond_ore navigation_elapsed_ms=188198 navigation_ticks=3764 searching=false path_index=0 path_length=3 retries=0 pending_route_events=0 dropped_route_events=0 status=mining_and_collecting_minecraft:diamond___12/32
[13:56:04] [Render thread/INFO] (lodekeeper) [Lodekeeper] BREAK target=Mutable{x=78, y=5, z=58} block=Block{minecraft:andesite} tool=minecraft:diamond_pickaxe slot=4 remaining=1350 required=route
[13:56:05] [Render thread/INFO] (lodekeeper) [Lodekeeper] BREAK target=Mutable{x=79, y=5, z=58} block=Block{minecraft:diamond_ore} tool=minecraft:diamond_pickaxe slot=4 remaining=1349 required=minecraft:diamond_pickaxe
[13:56:06] [Render thread/INFO] (lodekeeper) [Lodekeeper] NAV backend=baritone mode=MINE event=CALC_STARTED elapsedMs=190076
[13:56:06] [Render thread/INFO] (lodekeeper) [Lodekeeper] NAV calcTool=minecraft:diamond_pickaxe slot=4
[13:56:06] [Render thread/INFO] (lodekeeper) [Lodekeeper] NAV backend=baritone mode=MINE event=CALC_FINISHED_NOW_EXECUTING elapsedMs=190076
[13:56:06] [Render thread/INFO] (lodekeeper) [Lodekeeper] TARGET target=80,5,58 block=minecraft:diamond_ore
[13:56:06] [Render thread/INFO] (lodekeeper) [Lodekeeper] BREAK target=Mutable{x=79, y=4, z=58} block=Block{minecraft:andesite} tool=minecraft:diamond_pickaxe slot=4 remaining=1348 required=route
[13:56:06] [Render thread/INFO] (lodekeeper) [Lodekeeper] PROGRESS elapsed_ms=503659 phase=traveling backend=baritone target=80,5,58 block=minecraft:diamond_ore navigation_elapsed_ms=190178 navigation_ticks=3804 searching=false path_index=0 path_length=3 retries=0 pending_route_events=0 dropped_route_events=0 status=mining_and_collecting_minecraft:diamond___12/32
[13:56:07] [Render thread/INFO] (lodekeeper) [Lodekeeper] BREAK target=Mutable{x=80, y=5, z=58} block=Block{minecraft:diamond_ore} tool=minecraft:diamond_pickaxe slot=4 remaining=1347 required=minecraft:diamond_pickaxe
[13:56:07] [Render thread/INFO] (lodekeeper) [Lodekeeper] TARGET target=79,5,59 block=minecraft:diamond_ore
[13:56:07] [Render thread/INFO] (lodekeeper) [Lodekeeper] NAV backend=baritone mode=MINE event=CALC_STARTED elapsedMs=191577
[13:56:07] [Render thread/INFO] (lodekeeper) [Lodekeeper] NAV calcTool=minecraft:diamond_pickaxe slot=4
[13:56:07] [Render thread/INFO] (lodekeeper) [Lodekeeper] NAV backend=baritone mode=MINE event=CALC_FINISHED_NOW_EXECUTING elapsedMs=191577
[13:56:08] [Render thread/INFO] (lodekeeper) [Lodekeeper] BREAK target=Mutable{x=79, y=5, z=59} block=Block{minecraft:diamond_ore} tool=minecraft:diamond_pickaxe slot=4 remaining=1346 required=minecraft:diamond_pickaxe
[13:56:08] [Render thread/INFO] (lodekeeper) [Lodekeeper] PROGRESS elapsed_ms=505708 phase=traveling backend=baritone target=79,5,59 block=minecraft:diamond_ore navigation_elapsed_ms=192397 navigation_ticks=3848 searching=false path_index=0 path_length=2 retries=0 pending_route_events=0 dropped_route_events=0 status=mining_and_collecting_minecraft:diamond___14/32
[13:56:08] [Render thread/INFO] (lodekeeper) [Lodekeeper] NAV backend=baritone mode=MINE event=CALC_STARTED elapsedMs=192499
[13:56:08] [Render thread/INFO] (lodekeeper) [Lodekeeper] NAV calcTool=minecraft:diamond_pickaxe slot=4
[13:56:08] [Render thread/INFO] (lodekeeper) [Lodekeeper] NAV backend=baritone mode=MINE event=CALC_FINISHED_NOW_EXECUTING elapsedMs=192500
[13:56:08] [Render thread/INFO] (lodekeeper) [Lodekeeper] TARGET target=80,5,59 block=minecraft:diamond_ore
[13:56:08] [Render thread/INFO] (lodekeeper) [Lodekeeper] BREAK target=Mutable{x=79, y=4, z=59} block=Block{minecraft:andesite} tool=minecraft:diamond_pickaxe slot=4 remaining=1345 required=route
[13:56:09] [Render thread/INFO] (lodekeeper) [Lodekeeper] BREAK target=Mutable{x=80, y=5, z=59} block=Block{minecraft:diamond_ore} tool=minecraft:diamond_pickaxe slot=4 remaining=1344 required=minecraft:diamond_pickaxe
[13:56:10] [Render thread/INFO] (lodekeeper) [Lodekeeper] TARGET target=none
[13:56:10] [Render thread/INFO] (lodekeeper) [Lodekeeper] BREAK target=Mutable{x=80, y=4, z=59} block=Block{minecraft:andesite} tool=minecraft:diamond_pickaxe slot=4 remaining=1343 required=route
[13:56:10] [Render thread/INFO] (lodekeeper) [Lodekeeper] PROGRESS elapsed_ms=507714 phase=traveling backend=baritone target=none navigation_elapsed_ms=194403 navigation_ticks=3888 searching=false path_index=0 path_length=2 retries=0 pending_route_events=0 dropped_route_events=0 status=mining_and_collecting_minecraft:diamond___16/32
[13:56:10] [Render thread/INFO] (lodekeeper) [Lodekeeper] NAV backend=baritone mode=MINE event=CALC_STARTED elapsedMs=194437
[13:56:10] [Render thread/INFO] (lodekeeper) [Lodekeeper] NAV calcTool=minecraft:diamond_pickaxe slot=4
[13:56:10] [Render thread/INFO] (lodekeeper) [Lodekeeper] ROUTE_SEARCH kind=unknown anchor=unknown feet_y16=0 candidates=0 target=none elapsed_ms=507885
[13:56:11] [Render thread/INFO] (lodekeeper) [Lodekeeper] NAV backend=baritone mode=MINE event=CALC_FINISHED_NOW_EXECUTING elapsedMs=194926
[13:56:11] [Render thread/INFO] (lodekeeper) [Lodekeeper] NAV backend=baritone mode=MINE event=NEXT_SEGMENT_CALC_STARTED elapsedMs=194927
[13:56:11] [Render thread/INFO] (lodekeeper) [Lodekeeper] NAV backend=baritone mode=MINE event=NEXT_SEGMENT_CALC_FINISHED elapsedMs=195650
[13:56:12] [Render thread/INFO] (lodekeeper) [Lodekeeper] TARGET target=55,3,35 block=minecraft:diamond_ore
[13:56:12] [Render thread/INFO] (lodekeeper) [Lodekeeper] ROUTE_TRAVEL path_index=0 path_length=43 target=55,3,35 block=minecraft:diamond_ore elapsed_ms=509097
[13:56:12] [Render thread/INFO] (lodekeeper) [Lodekeeper] PROGRESS elapsed_ms=509715 phase=traveling backend=baritone target=55,3,35 block=minecraft:diamond_ore navigation_elapsed_ms=196403 navigation_ticks=3928 searching=false path_index=0 path_length=40 retries=0 pending_route_events=0 dropped_route_events=0 status=mining_and_collecting_minecraft:diamond___16/32
[13:56:14] [Render thread/INFO] (lodekeeper) [Lodekeeper] BREAK target=Mutable{x=70, y=7, z=54} block=Block{minecraft:flowering_azalea} tool=minecraft:andesite slot=0 remaining=-1 required=route
[13:56:14] [Render thread/INFO] (lodekeeper) [Lodekeeper] PROGRESS elapsed_ms=511762 phase=traveling backend=baritone target=55,3,35 block=minecraft:diamond_ore navigation_elapsed_ms=198383 navigation_ticks=3968 searching=false path_index=0 path_length=34 retries=0 pending_route_events=0 dropped_route_events=0 status=mining_and_collecting_minecraft:diamond___16/32
[13:56:16] [Render thread/INFO] (lodekeeper) [Lodekeeper] PROGRESS elapsed_ms=513815 phase=traveling backend=baritone target=55,3,35 block=minecraft:diamond_ore navigation_elapsed_ms=200399 navigation_ticks=4008 searching=false path_index=0 path_length=26 retries=0 pending_route_events=0 dropped_route_events=0 status=mining_and_collecting_minecraft:diamond___16/32
[13:56:18] [Render thread/INFO] (lodekeeper) [Lodekeeper] PROGRESS elapsed_ms=515857 phase=traveling backend=baritone target=55,3,35 block=minecraft:diamond_ore navigation_elapsed_ms=202377 navigation_ticks=4048 searching=false path_index=0 path_length=19 retries=0 pending_route_events=0 dropped_route_events=0 status=mining_and_collecting_minecraft:diamond___16/32
[13:56:19] [Render thread/INFO] (lodekeeper) [Lodekeeper] BREAK target=Mutable{x=55, y=8, z=50} block=Block{minecraft:stone} tool=minecraft:diamond_pickaxe slot=4 remaining=1343 required=route
[13:56:19] [Render thread/INFO] (lodekeeper) [Lodekeeper] BREAK target=Mutable{x=55, y=9, z=49} block=Block{minecraft:stone} tool=minecraft:diamond_pickaxe slot=4 remaining=1342 required=route
[13:56:20] [Render thread/INFO] (lodekeeper) [Lodekeeper] BREAK target=Mutable{x=55, y=8, z=49} block=Block{minecraft:stone} tool=minecraft:diamond_pickaxe slot=4 remaining=1341 required=route
[13:56:20] [Render thread/INFO] (lodekeeper) [Lodekeeper] PROGRESS elapsed_ms=517885 phase=traveling backend=baritone target=55,3,35 block=minecraft:diamond_ore navigation_elapsed_ms=204573 navigation_ticks=4092 searching=false path_index=0 path_length=16 retries=0 pending_route_events=0 dropped_route_events=0 status=mining_and_collecting_minecraft:diamond___16/32
[13:56:20] [Render thread/INFO] (lodekeeper) [Lodekeeper] BREAK target=Mutable{x=55, y=9, z=48} block=Block{minecraft:stone} tool=minecraft:diamond_pickaxe slot=4 remaining=1340 required=route
[13:56:21] [Render thread/INFO] (lodekeeper) [Lodekeeper] BREAK target=Mutable{x=55, y=8, z=48} block=Block{minecraft:stone} tool=minecraft:diamond_pickaxe slot=4 remaining=1339 required=route
[13:56:22] [Render thread/INFO] (lodekeeper) [Lodekeeper] BREAK target=Mutable{x=55, y=9, z=47} block=Block{minecraft:granite} tool=minecraft:diamond_pickaxe slot=4 remaining=1338 required=route
[13:56:22] [Render thread/INFO] (lodekeeper) [Lodekeeper] BREAK target=Mutable{x=55, y=8, z=47} block=Block{minecraft:stone} tool=minecraft:diamond_pickaxe slot=4 remaining=1337 required=route
[13:56:22] [Render thread/INFO] (lodekeeper) [Lodekeeper] PROGRESS elapsed_ms=519897 phase=traveling backend=baritone target=55,3,35 block=minecraft:diamond_ore navigation_elapsed_ms=206585 navigation_ticks=4132 searching=false path_index=0 path_length=15 retries=0 pending_route_events=0 dropped_route_events=0 status=mining_and_collecting_minecraft:diamond___16/32
[13:56:23] [Render thread/INFO] (lodekeeper) [Lodekeeper] BREAK target=Mutable{x=55, y=9, z=46} block=Block{minecraft:granite} tool=minecraft:diamond_pickaxe slot=4 remaining=1336 required=route
[13:56:23] [Render thread/INFO] (lodekeeper) [Lodekeeper] BREAK target=Mutable{x=55, y=8, z=46} block=Block{minecraft:stone} tool=minecraft:diamond_pickaxe slot=4 remaining=1335 required=route
[13:56:24] [Render thread/INFO] (lodekeeper) [Lodekeeper] BREAK target=Mutable{x=55, y=9, z=45} block=Block{minecraft:granite} tool=minecraft:diamond_pickaxe slot=4 remaining=1334 required=route
[13:56:24] [Render thread/INFO] (lodekeeper) [Lodekeeper] PROGRESS elapsed_ms=521914 phase=traveling backend=baritone target=55,3,35 block=minecraft:diamond_ore navigation_elapsed_ms=208602 navigation_ticks=4172 searching=false path_index=0 path_length=13 retries=0 pending_route_events=0 dropped_route_events=0 status=mining_and_collecting_minecraft:diamond___16/32
[13:56:25] [Render thread/INFO] (lodekeeper) [Lodekeeper] BREAK target=Mutable{x=55, y=8, z=45} block=Block{minecraft:stone} tool=minecraft:diamond_pickaxe slot=4 remaining=1333 required=route
[13:56:25] [Render thread/INFO] (lodekeeper) [Lodekeeper] BREAK target=Mutable{x=55, y=9, z=44} block=Block{minecraft:granite} tool=minecraft:diamond_pickaxe slot=4 remaining=1332 required=route
[13:56:26] [Render thread/INFO] (lodekeeper) [Lodekeeper] BREAK target=Mutable{x=55, y=8, z=44} block=Block{minecraft:stone} tool=minecraft:diamond_pickaxe slot=4 remaining=1331 required=route
[13:56:26] [Render thread/INFO] (lodekeeper) [Lodekeeper] PROGRESS elapsed_ms=523965 phase=traveling backend=baritone target=55,3,35 block=minecraft:diamond_ore navigation_elapsed_ms=210586 navigation_ticks=4212 searching=false path_index=0 path_length=11 retries=0 pending_route_events=0 dropped_route_events=0 status=mining_and_collecting_minecraft:diamond___16/32
[13:56:26] [Render thread/INFO] (lodekeeper) [Lodekeeper] BREAK target=Mutable{x=55, y=9, z=43} block=Block{minecraft:granite} tool=minecraft:diamond_pickaxe slot=4 remaining=1330 required=route
[13:56:27] [Render thread/INFO] (lodekeeper) [Lodekeeper] BREAK target=Mutable{x=55, y=8, z=43} block=Block{minecraft:granite} tool=minecraft:diamond_pickaxe slot=4 remaining=1329 required=route
[13:56:28] [Render thread/INFO] (lodekeeper) [Lodekeeper] BREAK target=Mutable{x=55, y=9, z=42} block=Block{minecraft:granite} tool=minecraft:diamond_pickaxe slot=4 remaining=1328 required=route
[13:56:28] [Render thread/INFO] (lodekeeper) [Lodekeeper] BREAK target=Mutable{x=55, y=8, z=42} block=Block{minecraft:granite} tool=minecraft:diamond_pickaxe slot=4 remaining=1327 required=route
[13:56:28] [Render thread/INFO] (lodekeeper) [Lodekeeper] PROGRESS elapsed_ms=525987 phase=traveling backend=baritone target=55,3,35 block=minecraft:diamond_ore navigation_elapsed_ms=212573 navigation_ticks=4252 searching=false path_index=0 path_length=10 retries=0 pending_route_events=0 dropped_route_events=0 status=mining_and_collecting_minecraft:diamond___16/32
[13:56:29] [Render thread/INFO] (lodekeeper) [Lodekeeper] BREAK target=Mutable{x=55, y=9, z=41} block=Block{minecraft:granite} tool=minecraft:diamond_pickaxe slot=4 remaining=1326 required=route
[13:56:29] [Render thread/INFO] (lodekeeper) [Lodekeeper] BREAK target=Mutable{x=55, y=8, z=41} block=Block{minecraft:granite} tool=minecraft:diamond_pickaxe slot=4 remaining=1325 required=route
[13:56:30] [Render thread/INFO] (lodekeeper) [Lodekeeper] BREAK target=Mutable{x=55, y=9, z=40} block=Block{minecraft:granite} tool=minecraft:diamond_pickaxe slot=4 remaining=1324 required=route
[13:56:30] [Render thread/INFO] (lodekeeper) [Lodekeeper] PROGRESS elapsed_ms=528000 phase=traveling backend=baritone target=55,3,35 block=minecraft:diamond_ore navigation_elapsed_ms=214585 navigation_ticks=4292 searching=false path_index=0 path_length=8 retries=0 pending_route_events=0 dropped_route_events=0 status=mining_and_collecting_minecraft:diamond___16/32
[13:56:31] [Render thread/INFO] (lodekeeper) [Lodekeeper] BREAK target=Mutable{x=55, y=8, z=40} block=Block{minecraft:stone} tool=minecraft:diamond_pickaxe slot=4 remaining=1323 required=route
[13:56:31] [Render thread/INFO] (lodekeeper) [Lodekeeper] BREAK target=Mutable{x=55, y=9, z=39} block=Block{minecraft:stone} tool=minecraft:diamond_pickaxe slot=4 remaining=1322 required=route
[13:56:32] [Render thread/INFO] (lodekeeper) [Lodekeeper] BREAK target=Mutable{x=55, y=8, z=39} block=Block{minecraft:stone} tool=minecraft:diamond_pickaxe slot=4 remaining=1321 required=route
[13:56:33] [Render thread/INFO] (lodekeeper) [Lodekeeper] PROGRESS elapsed_ms=530014 phase=traveling backend=baritone target=55,3,35 block=minecraft:diamond_ore navigation_elapsed_ms=216601 navigation_ticks=4332 searching=false path_index=0 path_length=6 retries=0 pending_route_events=0 dropped_route_events=0 status=mining_and_collecting_minecraft:diamond___16/32
[13:56:33] [Render thread/INFO] (lodekeeper) [Lodekeeper] BREAK target=Mutable{x=55, y=9, z=38} block=Block{minecraft:stone} tool=minecraft:diamond_pickaxe slot=4 remaining=1320 required=route
[13:56:33] [Render thread/INFO] (lodekeeper) [Lodekeeper] BREAK target=Mutable{x=55, y=8, z=38} block=Block{minecraft:stone} tool=minecraft:diamond_pickaxe slot=4 remaining=1319 required=route
[13:56:34] [Render thread/INFO] (lodekeeper) [Lodekeeper] BREAK target=Mutable{x=55, y=7, z=38} block=Block{minecraft:diorite} tool=minecraft:diamond_pickaxe slot=4 remaining=1318 required=route
[13:56:34] [Render thread/INFO] (lodekeeper) [Lodekeeper] BREAK target=Mutable{x=55, y=8, z=37} block=Block{minecraft:diorite} tool=minecraft:diamond_pickaxe slot=4 remaining=1317 required=route
[13:56:35] [Render thread/INFO] (lodekeeper) [Lodekeeper] PROGRESS elapsed_ms=532064 phase=traveling backend=baritone target=55,3,35 block=minecraft:diamond_ore navigation_elapsed_ms=218584 navigation_ticks=4372 searching=false path_index=0 path_length=6 retries=0 pending_route_events=0 dropped_route_events=0 status=mining_and_collecting_minecraft:diamond___16/32
[13:56:35] [Render thread/INFO] (lodekeeper) [Lodekeeper] BREAK target=Mutable{x=55, y=7, z=37} block=Block{minecraft:diorite} tool=minecraft:diamond_pickaxe slot=4 remaining=1316 required=route
[13:56:36] [Render thread/INFO] (lodekeeper) [Lodekeeper] BREAK target=Mutable{x=55, y=6, z=37} block=Block{minecraft:diorite} tool=minecraft:diamond_pickaxe slot=4 remaining=1315 required=route
[13:56:36] [Render thread/INFO] (lodekeeper) [Lodekeeper] BREAK target=Mutable{x=55, y=7, z=36} block=Block{minecraft:diorite} tool=minecraft:diamond_pickaxe slot=4 remaining=1314 required=route
[13:56:37] [Render thread/INFO] (lodekeeper) [Lodekeeper] PROGRESS elapsed_ms=534111 phase=traveling backend=baritone target=55,3,35 block=minecraft:diamond_ore navigation_elapsed_ms=220800 navigation_ticks=4416 searching=false path_index=0 path_length=4 retries=0 pending_route_events=0 dropped_route_events=0 status=mining_and_collecting_minecraft:diamond___16/32
[13:56:37] [Render thread/INFO] (lodekeeper) [Lodekeeper] BREAK target=Mutable{x=55, y=6, z=36} block=Block{minecraft:diorite} tool=minecraft:diamond_pickaxe slot=4 remaining=1313 required=route
[13:56:38] [Render thread/INFO] (lodekeeper) [Lodekeeper] BREAK target=Mutable{x=55, y=5, z=36} block=Block{minecraft:diorite} tool=minecraft:diamond_pickaxe slot=4 remaining=1312 required=route
[13:56:38] [Render thread/INFO] (lodekeeper) [Lodekeeper] BREAK target=Mutable{x=55, y=6, z=35} block=Block{minecraft:diorite} tool=minecraft:diamond_pickaxe slot=4 remaining=1311 required=route
[13:56:39] [Render thread/INFO] (lodekeeper) [Lodekeeper] PROGRESS elapsed_ms=536158 phase=traveling backend=baritone target=55,3,35 block=minecraft:diamond_ore navigation_elapsed_ms=222776 navigation_ticks=4456 searching=false path_index=0 path_length=3 retries=0 pending_route_events=0 dropped_route_events=0 status=mining_and_collecting_minecraft:diamond___16/32
[13:56:39] [Render thread/INFO] (lodekeeper) [Lodekeeper] BREAK target=Mutable{x=55, y=5, z=35} block=Block{minecraft:diorite} tool=minecraft:diamond_pickaxe slot=4 remaining=1310 required=route
[13:56:40] [Render thread/INFO] (lodekeeper) [Lodekeeper] BREAK target=Mutable{x=55, y=4, z=35} block=Block{minecraft:copper_ore} tool=minecraft:diamond_pickaxe slot=4 remaining=1309 required=route
[13:56:41] [Render thread/INFO] (lodekeeper) [Lodekeeper] PROGRESS elapsed_ms=538212 phase=traveling backend=baritone target=55,3,35 block=minecraft:diamond_ore navigation_elapsed_ms=224798 navigation_ticks=4496 searching=false path_index=0 path_length=3 retries=0 pending_route_events=0 dropped_route_events=0 status=mining_and_collecting_minecraft:diamond___16/32
[13:56:41] [Render thread/INFO] (lodekeeper) [Lodekeeper] BREAK target=Mutable{x=55, y=3, z=35} block=Block{minecraft:diamond_ore} tool=minecraft:diamond_pickaxe slot=4 remaining=1308 required=minecraft:diamond_pickaxe
[13:56:41] [Render thread/INFO] (lodekeeper) [Lodekeeper] TARGET target=56,3,35 block=minecraft:diamond_ore
[13:56:41] [Render thread/INFO] (lodekeeper) [Lodekeeper] NAV backend=baritone mode=MINE event=CALC_STARTED elapsedMs=225587
[13:56:41] [Render thread/INFO] (lodekeeper) [Lodekeeper] NAV calcTool=minecraft:diamond_pickaxe slot=4
[13:56:41] [Render thread/INFO] (lodekeeper) [Lodekeeper] NAV backend=baritone mode=MINE event=CALC_FINISHED_NOW_EXECUTING elapsedMs=225587
[13:56:42] [Render thread/INFO] (lodekeeper) [Lodekeeper] BREAK target=Mutable{x=56, y=4, z=35} block=Block{minecraft:diorite} tool=minecraft:diamond_pickaxe slot=4 remaining=1307 required=route
[13:56:42] [Render thread/INFO] (lodekeeper) [Lodekeeper] BREAK target=Mutable{x=56, y=3, z=35} block=Block{minecraft:diamond_ore} tool=minecraft:diamond_pickaxe slot=4 remaining=1306 required=minecraft:diamond_pickaxe
[13:56:43] [Render thread/INFO] (lodekeeper) [Lodekeeper] PROGRESS elapsed_ms=540261 phase=traveling backend=baritone target=56,3,35 block=minecraft:diamond_ore navigation_elapsed_ms=226778 navigation_ticks=4536 searching=false path_index=0 path_length=2 retries=0 pending_route_events=0 dropped_route_events=0 status=mining_and_collecting_minecraft:diamond___17/32
[13:56:43] [Render thread/INFO] (lodekeeper) [Lodekeeper] NAV backend=baritone mode=MINE event=CALC_STARTED elapsedMs=227086
[13:56:43] [Render thread/INFO] (lodekeeper) [Lodekeeper] NAV calcTool=minecraft:diamond_pickaxe slot=4
[13:56:43] [Render thread/INFO] (lodekeeper) [Lodekeeper] NAV backend=baritone mode=MINE event=CALC_FINISHED_NOW_EXECUTING elapsedMs=227101
[13:56:43] [Render thread/INFO] (lodekeeper) [Lodekeeper] TARGET target=55,3,34 block=minecraft:diamond_ore
[13:56:43] [Render thread/INFO] (lodekeeper) [Lodekeeper] BREAK target=Mutable{x=55, y=4, z=34} block=Block{minecraft:diorite} tool=minecraft:diamond_pickaxe slot=4 remaining=1305 required=route
[13:56:44] [Render thread/INFO] (lodekeeper) [Lodekeeper] BREAK target=Mutable{x=55, y=3, z=34} block=Block{minecraft:diamond_ore} tool=minecraft:diamond_pickaxe slot=4 remaining=1304 required=minecraft:diamond_pickaxe
[13:56:44] [Render thread/INFO] (lodekeeper) [Lodekeeper] TARGET target=56,3,34 block=minecraft:diamond_ore
[13:56:44] [Render thread/INFO] (lodekeeper) [Lodekeeper] NAV backend=baritone mode=MINE event=CALC_STARTED elapsedMs=228585
[13:56:44] [Render thread/INFO] (lodekeeper) [Lodekeeper] NAV calcTool=minecraft:diamond_pickaxe slot=4
[13:56:44] [Render thread/INFO] (lodekeeper) [Lodekeeper] NAV backend=baritone mode=MINE event=CALC_FINISHED_NOW_EXECUTING elapsedMs=228585
[13:56:45] [Render thread/INFO] (lodekeeper) [Lodekeeper] BREAK target=Mutable{x=56, y=4, z=34} block=Block{minecraft:diorite} tool=minecraft:diamond_pickaxe slot=4 remaining=1303 required=route
[13:56:45] [Render thread/INFO] (lodekeeper) [Lodekeeper] PROGRESS elapsed_ms=542267 phase=traveling backend=baritone target=56,3,34 block=minecraft:diamond_ore navigation_elapsed_ms=228796 navigation_ticks=4576 searching=false path_index=0 path_length=3 retries=0 pending_route_events=0 dropped_route_events=0 status=mining_and_collecting_minecraft:diamond___18/32
[13:56:45] [Render thread/INFO] (lodekeeper) [Lodekeeper] BREAK target=Mutable{x=56, y=3, z=34} block=Block{minecraft:diamond_ore} tool=minecraft:diamond_pickaxe slot=4 remaining=1302 required=minecraft:diamond_pickaxe
[13:56:46] [Render thread/INFO] (lodekeeper) [Lodekeeper] TARGET target=none
[13:56:46] [Render thread/INFO] (lodekeeper) [Lodekeeper] NAV backend=baritone mode=MINE event=AT_GOAL elapsedMs=230174
[13:56:46] [Render thread/INFO] (lodekeeper) [Lodekeeper] NAV backend=baritone mode=MINE event=CALC_STARTED elapsedMs=230547
[13:56:46] [Render thread/INFO] (lodekeeper) [Lodekeeper] NAV calcTool=minecraft:diamond_pickaxe slot=4
[13:56:46] [Render thread/INFO] (lodekeeper) [Lodekeeper] ROUTE_SEARCH kind=unknown anchor=unknown feet_y16=0 candidates=0 target=none elapsed_ms=543891
[13:56:47] [Render thread/INFO] (lodekeeper) [Lodekeeper] PROGRESS elapsed_ms=544295 phase=searching backend=baritone target=none navigation_elapsed_ms=230983 navigation_ticks=4620 searching=true path_index=0 path_length=0 retries=0 pending_route_events=0 dropped_route_events=0 status=mining_and_collecting_minecraft:diamond___20/32___planning_next_route
[13:56:47] [Render thread/INFO] (lodekeeper) [Lodekeeper] NAV backend=baritone mode=MINE event=CALC_FINISHED_NOW_EXECUTING elapsedMs=231052
[13:56:47] [Render thread/INFO] (lodekeeper) [Lodekeeper] ROUTE_TRAVEL path_index=0 path_length=52 target=none elapsed_ms=544499
[13:56:49] [Render thread/INFO] (lodekeeper) [Lodekeeper] PROGRESS elapsed_ms=546315 phase=traveling backend=baritone target=none navigation_elapsed_ms=233004 navigation_ticks=4660 searching=false path_index=0 path_length=48 retries=0 pending_route_events=0 dropped_route_events=0 status=mining_and_collecting_minecraft:diamond___20/32
[13:56:51] [Render thread/INFO] (lodekeeper) [Lodekeeper] PROGRESS elapsed_ms=548345 phase=traveling backend=baritone target=none navigation_elapsed_ms=234999 navigation_ticks=4700 searching=false path_index=0 path_length=38 retries=0 pending_route_events=0 dropped_route_events=0 status=mining_and_collecting_minecraft:diamond___20/32
[13:56:53] [Render thread/INFO] (lodekeeper) [Lodekeeper] NAV backend=baritone mode=MINE event=NEXT_SEGMENT_CALC_STARTED elapsedMs=236773
[13:56:53] [Render thread/INFO] (lodekeeper) [Lodekeeper] ROUTE_SEARCH kind=unknown anchor=unknown feet_y16=0 candidates=0 target=none elapsed_ms=550288
[13:56:53] [Render thread/INFO] (lodekeeper) [Lodekeeper] PROGRESS elapsed_ms=550357 phase=searching backend=baritone target=none navigation_elapsed_ms=236977 navigation_ticks=4740 searching=true path_index=0 path_length=31 retries=0 pending_route_events=0 dropped_route_events=0 status=mining_and_collecting_minecraft:diamond___20/32___planning_next_route
[13:56:55] [Render thread/INFO] (lodekeeper) [Lodekeeper] NAV backend=baritone mode=MINE event=NEXT_SEGMENT_CALC_FINISHED elapsedMs=238896
[13:56:55] [Render thread/INFO] (lodekeeper) [Lodekeeper] ROUTE_TRAVEL path_index=0 path_length=24 target=none elapsed_ms=552311
[13:56:55] [Render thread/INFO] (lodekeeper) [Lodekeeper] PROGRESS elapsed_ms=552414 phase=traveling backend=baritone target=none navigation_elapsed_ms=239000 navigation_ticks=4780 searching=false path_index=0 path_length=24 retries=0 pending_route_events=0 dropped_route_events=0 status=mining_and_collecting_minecraft:diamond___20/32
[13:56:57] [Render thread/INFO] (lodekeeper) [Lodekeeper] PROGRESS elapsed_ms=554442 phase=traveling backend=baritone target=none navigation_elapsed_ms=240994 navigation_ticks=4820 searching=false path_index=0 path_length=16 retries=0 pending_route_events=0 dropped_route_events=0 status=mining_and_collecting_minecraft:diamond___20/32
[13:56:58] [Render thread/INFO] (lodekeeper) [Lodekeeper] NAV backend=baritone mode=MINE event=SPLICING_ONTO_NEXT_EARLY elapsedMs=241949
[13:56:58] [Render thread/INFO] (lodekeeper) [Lodekeeper] TARGET target=111,-1,79 block=minecraft:diamond_ore
[13:56:59] [Render thread/INFO] (lodekeeper) [Lodekeeper] PROGRESS elapsed_ms=556452 phase=traveling backend=baritone target=111,-1,79 block=minecraft:diamond_ore navigation_elapsed_ms=243004 navigation_ticks=4860 searching=false path_index=0 path_length=60 retries=0 pending_route_events=0 dropped_route_events=0 status=mining_and_collecting_minecraft:diamond___20/32
[13:56:59] [Render thread/INFO] (lodekeeper) [Lodekeeper] BREAK target=Mutable{x=75, y=7, z=52} block=Block{minecraft:azalea} tool=minecraft:andesite slot=0 remaining=-1 required=route
[13:57:00] [Render thread/INFO] (lodekeeper) [Lodekeeper] BREAK target=Mutable{x=75, y=8, z=52} block=Block{minecraft:cave_vines} tool=minecraft:andesite slot=0 remaining=-1 required=route
[13:57:00] [Render thread/INFO] (lodekeeper) [Lodekeeper] BREAK target=Mutable{x=75, y=8, z=51} block=Block{minecraft:moss_block} tool=minecraft:andesite slot=0 remaining=-1 required=route
[13:57:01] [Render thread/INFO] (lodekeeper) [Lodekeeper] BREAK target=Mutable{x=76, y=10, z=51} block=Block{minecraft:moss_block} tool=minecraft:andesite slot=0 remaining=-1 required=route
[13:57:01] [Render thread/INFO] (lodekeeper) [Lodekeeper] PROGRESS elapsed_ms=558455 phase=traveling backend=baritone target=111,-1,79 block=minecraft:diamond_ore navigation_elapsed_ms=244973 navigation_ticks=4900 searching=false path_index=0 path_length=56 retries=0 pending_route_events=0 dropped_route_events=0 status=mining_and_collecting_minecraft:diamond___20/32
[13:57:01] [Render thread/INFO] (lodekeeper) [Lodekeeper] BREAK target=Mutable{x=76, y=10, z=52} block=Block{minecraft:moss_block} tool=minecraft:andesite slot=0 remaining=-1 required=route
[13:57:02] [Render thread/INFO] (lodekeeper) [Lodekeeper] BREAK target=Mutable{x=76, y=11, z=51} block=Block{minecraft:andesite} tool=minecraft:diamond_pickaxe slot=4 remaining=1301 required=route
[13:57:02] [Render thread/INFO] (lodekeeper) [Lodekeeper] BREAK target=Mutable{x=76, y=11, z=52} block=Block{minecraft:stone} tool=minecraft:diamond_pickaxe slot=4 remaining=1300 required=route
[13:57:03] [Render thread/INFO] (lodekeeper) [Lodekeeper] PROGRESS elapsed_ms=560509 phase=traveling backend=baritone target=111,-1,79 block=minecraft:diamond_ore navigation_elapsed_ms=247197 navigation_ticks=4944 searching=false path_index=0 path_length=55 retries=0 pending_route_events=0 dropped_route_events=0 status=mining_and_collecting_minecraft:diamond___20/32
[13:57:03] [Render thread/INFO] (lodekeeper) [Lodekeeper] BREAK target=Mutable{x=76, y=11, z=53} block=Block{minecraft:stone} tool=minecraft:diamond_pickaxe slot=4 remaining=1299 required=route
[13:57:04] [Render thread/INFO] (lodekeeper) [Lodekeeper] THREAT_RESPONSE outcome=started attacks=0 retreats=0 ticks=0 status=stopping movement before defense
[13:57:04] [Render thread/INFO] (lodekeeper) [Lodekeeper] TARGET target=none
[13:57:04] [Render thread/INFO] (lodekeeper) [Lodekeeper] NAV backend=baritone mode=IDLE event=CANCELED elapsedMs=248430
[13:57:04] [Render thread/INFO] (lodekeeper) [Lodekeeper] NAV backend=baritone mode=IDLE event=CANCELED elapsedMs=248430
[13:57:04] [Render thread/INFO] (lodekeeper) [Lodekeeper] NAV backend=baritone mode=IDLE event=CANCELED elapsedMs=248498
[13:57:04] [Render thread/INFO] (lodekeeper) [Lodekeeper] NAV backend=baritone mode=IDLE event=CANCELED elapsedMs=248528
[13:57:04] [Render thread/INFO] (lodekeeper) [Lodekeeper] NAV backend=baritone mode=IDLE event=CANCELED elapsedMs=248596
[13:57:05] [Render thread/INFO] (lodekeeper) [Lodekeeper] THREAT_RETREAT threats=[entity.minecraft.zombie@BlockPos{x=77, y=10, z=60}] dryGoals=[BlockPos{x=70, y=13, z=47}, BlockPos{x=66, y=9, z=54}, BlockPos{x=65, y=9, z=54}] rejected=[]
[13:57:05] [Render thread/INFO] (lodekeeper) [Lodekeeper] THREAT_RESPONSE outcome=retreat attacks=0 retreats=1 ticks=4 status=retreating from live threats 1
[13:57:05] [Render thread/INFO] (lodekeeper) [Lodekeeper] NAV backend=baritone mode=MOVE event=CALC_STARTED elapsedMs=21
[13:57:05] [Render thread/INFO] (lodekeeper) [Lodekeeper] NAV calcTool=minecraft:diamond_pickaxe slot=4
[13:57:05] [Render thread/INFO] (lodekeeper) [Lodekeeper] NAV backend=baritone mode=MOVE event=CALC_FINISHED_NOW_EXECUTING elapsedMs=63
[13:57:05] [Render thread/INFO] (lodekeeper) [Lodekeeper] PROGRESS elapsed_ms=562552 phase=traveling backend=baritone target=none navigation_elapsed_ms=603 navigation_ticks=12 searching=false path_index=0 path_length=13 retries=0 pending_route_events=0 dropped_route_events=0 status=retreating_from_live_threats_1
[13:57:07] [Render thread/INFO] (lodekeeper) [Lodekeeper] NAV backend=baritone mode=IDLE event=CANCELED elapsedMs=2439
[13:57:07] [Render thread/INFO] (lodekeeper) [Lodekeeper] NAV backend=baritone mode=IDLE event=CANCELED elapsedMs=2441
[13:57:07] [Render thread/INFO] (lodekeeper) [Lodekeeper] NAV backend=baritone mode=IDLE event=CANCELED elapsedMs=2507
[13:57:07] [Render thread/INFO] (lodekeeper) [Lodekeeper] NAV backend=baritone mode=IDLE event=CANCELED elapsedMs=2542
[13:57:07] [Render thread/INFO] (lodekeeper) [Lodekeeper] THREAT_RESPONSE outcome=cleared attacks=0 retreats=1 ticks=56 status=live threats cleared
[13:57:07] [Render thread/INFO] (lodekeeper) [Lodekeeper] PROGRESS elapsed_ms=564559 phase=working backend=baritone target=none navigation_elapsed_ms=0 navigation_ticks=0 searching=false path_index=0 path_length=0 retries=0 pending_route_events=0 dropped_route_events=0 status=checking_nearby_crafting_stations
[13:57:07] [lodekeeper-planner/INFO] (lodekeeper) [Lodekeeper] PROJECT_MATERIALS project=gear_diamond before=[gather:minecraft:birch_log:1, gather:minecraft:diamond_ore:2, gather:minecraft:diamond_ore:7, gather:minecraft:diamond_ore:1, gather:minecraft:diamond_ore:2] after=[gather:minecraft:birch_log:1, gather:minecraft:diamond_ore:2, gather:minecraft:diamond_ore:7, gather:minecraft:diamond_ore:1, gather:minecraft:diamond_ore:2]
[13:57:07] [lodekeeper-planner/INFO] (lodekeeper) [Lodekeeper] PLAN project=gear_diamond success=true steps=16 branches=72 elapsedMs=3.463323
[13:57:07] [Render thread/INFO] (lodekeeper) [Lodekeeper] STEP kind=GATHER source=gather:minecraft:birch_log output=minecraft:birch_log count=1 operations=1 auxiliary=false
[13:57:07] [Render thread/INFO] (lodekeeper) [Lodekeeper] NAV backend=baritone mode=MINE event=CALC_STARTED elapsedMs=1
[13:57:07] [Render thread/INFO] (lodekeeper) [Lodekeeper] NAV calcTool=minecraft:diamond_pickaxe slot=4
[13:57:07] [Render thread/INFO] (lodekeeper) [Lodekeeper] ROUTE_SEARCH kind=unknown anchor=unknown feet_y16=0 candidates=0 target=none elapsed_ms=564936
[13:57:08] [Render thread/INFO] (lodekeeper) [Lodekeeper] NAV backend=baritone mode=MINE event=CALC_FINISHED_NOW_EXECUTING elapsedMs=527
[13:57:08] [Render thread/INFO] (lodekeeper) [Lodekeeper] NAV backend=baritone mode=MINE event=NEXT_SEGMENT_CALC_STARTED elapsedMs=527
[13:57:09] [Render thread/INFO] (lodekeeper) [Lodekeeper] PROGRESS elapsed_ms=566560 phase=searching backend=baritone target=none navigation_elapsed_ms=1792 navigation_ticks=36 searching=true path_index=0 path_length=21 retries=0 pending_route_events=0 dropped_route_events=0 status=mining_and_collecting_minecraft:birch_log___0/1___planning_next_route
[13:57:11] [Render thread/INFO] (lodekeeper) [Lodekeeper] PROGRESS elapsed_ms=568611 phase=searching backend=baritone target=none navigation_elapsed_ms=3775 navigation_ticks=76 searching=true path_index=0 path_length=15 retries=0 pending_route_events=0 dropped_route_events=0 status=mining_and_collecting_minecraft:birch_log___0/1___planning_next_route
[13:57:12] [Render thread/INFO] (lodekeeper) [Lodekeeper] ROUTE_TRAVEL path_index=0 path_length=12 target=none elapsed_ms=569363
[13:57:12] [Render thread/INFO] (lodekeeper) [Lodekeeper] NAV backend=baritone mode=MINE event=NEXT_SEGMENT_CALC_FINISHED elapsedMs=4596
[13:57:13] [Render thread/INFO] (lodekeeper) [Lodekeeper] BREAK target=Mutable{x=67, y=19, z=41} block=Block{minecraft:stone} tool=minecraft:diamond_pickaxe slot=4 remaining=1298 required=route
[13:57:13] [Render thread/INFO] (lodekeeper) [Lodekeeper] PROGRESS elapsed_ms=570613 phase=traveling backend=baritone target=none navigation_elapsed_ms=5777 navigation_ticks=116 searching=false path_index=0 path_length=9 retries=0 pending_route_events=0 dropped_route_events=0 status=mining_and_collecting_minecraft:birch_log___0/1
[13:57:14] [Render thread/INFO] (lodekeeper) [Lodekeeper] BREAK target=Mutable{x=69, y=20, z=38} block=Block{minecraft:granite} tool=minecraft:diamond_pickaxe slot=4 remaining=1297 required=route
[13:57:15] [Render thread/INFO] (lodekeeper) [Lodekeeper] BREAK target=Mutable{x=69, y=21, z=36} block=Block{minecraft:granite} tool=minecraft:diamond_pickaxe slot=4 remaining=1296 required=route
[13:57:15] [Render thread/INFO] (lodekeeper) [Lodekeeper] PROGRESS elapsed_ms=572657 phase=traveling backend=baritone target=none navigation_elapsed_ms=7787 navigation_ticks=156 searching=false path_index=0 path_length=3 retries=0 pending_route_events=0 dropped_route_events=0 status=mining_and_collecting_minecraft:birch_log___0/1
[13:57:16] [Render thread/INFO] (lodekeeper) [Lodekeeper] NAV backend=baritone mode=MINE event=SPLICING_ONTO_NEXT_EARLY elapsedMs=8336
[13:57:16] [Render thread/INFO] (lodekeeper) [Lodekeeper] BREAK target=Mutable{x=70, y=22, z=33} block=Block{minecraft:granite} tool=minecraft:diamond_pickaxe slot=4 remaining=1295 required=route
[13:57:17] [Render thread/INFO] (lodekeeper) [Lodekeeper] PROGRESS elapsed_ms=574713 phase=traveling backend=baritone target=none navigation_elapsed_ms=9777 navigation_ticks=196 searching=false path_index=0 path_length=50 retries=0 pending_route_events=0 dropped_route_events=0 status=mining_and_collecting_minecraft:birch_log___0/1
[13:57:19] [Render thread/INFO] (lodekeeper) [Lodekeeper] PROGRESS elapsed_ms=576754 phase=traveling backend=baritone target=none navigation_elapsed_ms=11986 navigation_ticks=240 searching=false path_index=0 path_length=41 retries=0 pending_route_events=0 dropped_route_events=0 status=mining_and_collecting_minecraft:birch_log___0/1
[13:57:21] [Render thread/INFO] (lodekeeper) [Lodekeeper] PROGRESS elapsed_ms=578803 phase=traveling backend=baritone target=none navigation_elapsed_ms=13966 navigation_ticks=280 searching=false path_index=0 path_length=34 retries=0 pending_route_events=0 dropped_route_events=0 status=mining_and_collecting_minecraft:birch_log___0/1
[13:57:23] [Render thread/INFO] (lodekeeper) [Lodekeeper] PROGRESS elapsed_ms=580803 phase=traveling backend=baritone target=none navigation_elapsed_ms=15966 navigation_ticks=320 searching=false path_index=0 path_length=30 retries=0 pending_route_events=0 dropped_route_events=0 status=mining_and_collecting_minecraft:birch_log___0/1
[13:57:25] [Render thread/INFO] (lodekeeper) [Lodekeeper] PROGRESS elapsed_ms=582804 phase=traveling backend=baritone target=none navigation_elapsed_ms=17967 navigation_ticks=360 searching=false path_index=0 path_length=25 retries=0 pending_route_events=0 dropped_route_events=0 status=mining_and_collecting_minecraft:birch_log___0/1
[13:57:26] [Render thread/INFO] (lodekeeper) [Lodekeeper] BREAK target=Mutable{x=76, y=36, z=14} block=Block{minecraft:diorite} tool=minecraft:diamond_pickaxe slot=4 remaining=1294 required=route
[13:57:27] [Render thread/INFO] (lodekeeper) [Lodekeeper] BREAK target=Mutable{x=76, y=37, z=14} block=Block{minecraft:diorite} tool=minecraft:diamond_pickaxe slot=4 remaining=1293 required=route
[13:57:27] [Render thread/INFO] (lodekeeper) [Lodekeeper] PROGRESS elapsed_ms=584815 phase=traveling backend=baritone target=none navigation_elapsed_ms=19979 navigation_ticks=400 searching=false path_index=0 path_length=22 retries=0 pending_route_events=0 dropped_route_events=0 status=mining_and_collecting_minecraft:birch_log___0/1
[13:57:27] [Render thread/INFO] (lodekeeper) [Lodekeeper] BREAK target=Mutable{x=75, y=37, z=14} block=Block{minecraft:diorite} tool=minecraft:diamond_pickaxe slot=4 remaining=1292 required=route
[13:57:28] [Render thread/INFO] (lodekeeper) [Lodekeeper] BREAK target=Mutable{x=75, y=38, z=14} block=Block{minecraft:diorite} tool=minecraft:diamond_pickaxe slot=4 remaining=1291 required=route
[13:57:29] [Render thread/INFO] (lodekeeper) [Lodekeeper] BREAK target=Mutable{x=75, y=38, z=15} block=Block{minecraft:stone} tool=minecraft:diamond_pickaxe slot=4 remaining=1290 required=route
[13:57:29] [Render thread/INFO] (lodekeeper) [Lodekeeper] BREAK target=Mutable{x=75, y=39, z=14} block=Block{minecraft:diorite} tool=minecraft:diamond_pickaxe slot=4 remaining=1289 required=route
[13:57:29] [Render thread/INFO] (lodekeeper) [Lodekeeper] PROGRESS elapsed_ms=586866 phase=traveling backend=baritone target=none navigation_elapsed_ms=21994 navigation_ticks=440 searching=false path_index=0 path_length=20 retries=0 pending_route_events=0 dropped_route_events=0 status=mining_and_collecting_minecraft:birch_log___0/1
[13:57:30] [Render thread/INFO] (lodekeeper) [Lodekeeper] BREAK target=Mutable{x=75, y=39, z=15} block=Block{minecraft:stone} tool=minecraft:diamond_pickaxe slot=4 remaining=1288 required=route
[13:57:31] [Render thread/INFO] (lodekeeper) [Lodekeeper] BREAK target=Mutable{x=75, y=39, z=16} block=Block{minecraft:diorite} tool=minecraft:diamond_pickaxe slot=4 remaining=1287 required=route
[13:57:31] [Render thread/INFO] (lodekeeper) [Lodekeeper] BREAK target=Mutable{x=75, y=40, z=15} block=Block{minecraft:stone} tool=minecraft:diamond_pickaxe slot=4 remaining=1286 required=route
[13:57:31] [Render thread/INFO] (lodekeeper) [Lodekeeper] PROGRESS elapsed_ms=588888 phase=traveling backend=baritone target=none navigation_elapsed_ms=23985 navigation_ticks=480 searching=false path_index=0 path_length=19 retries=0 pending_route_events=0 dropped_route_events=0 status=mining_and_collecting_minecraft:birch_log___0/1
[13:57:32] [Render thread/INFO] (lodekeeper) [Lodekeeper] BREAK target=Mutable{x=75, y=40, z=16} block=Block{minecraft:stone} tool=minecraft:diamond_pickaxe slot=4 remaining=1285 required=route
[13:57:33] [Render thread/INFO] (lodekeeper) [Lodekeeper] BREAK target=Mutable{x=75, y=40, z=17} block=Block{minecraft:diorite} tool=minecraft:diamond_pickaxe slot=4 remaining=1284 required=route
[13:57:33] [Render thread/INFO] (lodekeeper) [Lodekeeper] BREAK target=Mutable{x=75, y=41, z=16} block=Block{minecraft:stone} tool=minecraft:diamond_pickaxe slot=4 remaining=1283 required=route
[13:57:33] [Render thread/INFO] (lodekeeper) [Lodekeeper] PROGRESS elapsed_ms=590907 phase=traveling backend=baritone target=none navigation_elapsed_ms=25969 navigation_ticks=520 searching=false path_index=0 path_length=18 retries=0 pending_route_events=0 dropped_route_events=0 status=mining_and_collecting_minecraft:birch_log___0/1
[13:57:34] [Render thread/INFO] (lodekeeper) [Lodekeeper] BREAK target=Mutable{x=75, y=41, z=17} block=Block{minecraft:stone} tool=minecraft:diamond_pickaxe slot=4 remaining=1282 required=route
[13:57:34] [Render thread/INFO] (lodekeeper) [Lodekeeper] BREAK target=Mutable{x=75, y=41, z=18} block=Block{minecraft:stone} tool=minecraft:diamond_pickaxe slot=4 remaining=1281 required=route
[13:57:35] [Render thread/INFO] (lodekeeper) [Lodekeeper] BREAK target=Mutable{x=75, y=42, z=17} block=Block{minecraft:stone} tool=minecraft:diamond_pickaxe slot=4 remaining=1280 required=route
[13:57:36] [Render thread/INFO] (lodekeeper) [Lodekeeper] PROGRESS elapsed_ms=592967 phase=traveling backend=baritone target=none navigation_elapsed_ms=28199 navigation_ticks=564 searching=false path_index=0 path_length=17 retries=0 pending_route_events=0 dropped_route_events=0 status=mining_and_collecting_minecraft:birch_log___0/1
[13:57:36] [Render thread/INFO] (lodekeeper) [Lodekeeper] BREAK target=Mutable{x=75, y=42, z=18} block=Block{minecraft:stone} tool=minecraft:diamond_pickaxe slot=4 remaining=1279 required=route
[13:57:36] [Render thread/INFO] (lodekeeper) [Lodekeeper] BREAK target=Mutable{x=75, y=42, z=19} block=Block{minecraft:stone} tool=minecraft:diamond_pickaxe slot=4 remaining=1278 required=route
[13:57:37] [Render thread/INFO] (lodekeeper) [Lodekeeper] BREAK target=Mutable{x=75, y=43, z=18} block=Block{minecraft:stone} tool=minecraft:diamond_pickaxe slot=4 remaining=1277 required=route
[13:57:38] [Render thread/INFO] (lodekeeper) [Lodekeeper] PROGRESS elapsed_ms=594985 phase=traveling backend=baritone target=none navigation_elapsed_ms=30182 navigation_ticks=604 searching=false path_index=0 path_length=16 retries=0 pending_route_events=0 dropped_route_events=0 status=mining_and_collecting_minecraft:birch_log___0/1
[13:57:38] [Render thread/INFO] (lodekeeper) [Lodekeeper] BREAK target=Mutable{x=75, y=43, z=19} block=Block{minecraft:stone} tool=minecraft:diamond_pickaxe slot=4 remaining=1276 required=route
[13:57:38] [Render thread/INFO] (lodekeeper) [Lodekeeper] BREAK target=Mutable{x=75, y=43, z=20} block=Block{minecraft:stone} tool=minecraft:diamond_pickaxe slot=4 remaining=1275 required=route
[13:57:39] [Render thread/INFO] (lodekeeper) [Lodekeeper] BREAK target=Mutable{x=75, y=44, z=19} block=Block{minecraft:stone} tool=minecraft:diamond_pickaxe slot=4 remaining=1274 required=route
[13:57:40] [Render thread/INFO] (lodekeeper) [Lodekeeper] PROGRESS elapsed_ms=597004 phase=traveling backend=baritone target=none navigation_elapsed_ms=32168 navigation_ticks=644 searching=false path_index=0 path_length=15 retries=0 pending_route_events=0 dropped_route_events=0 status=mining_and_collecting_minecraft:birch_log___0/1
[13:57:40] [Render thread/INFO] (lodekeeper) [Lodekeeper] BREAK target=Mutable{x=75, y=44, z=20} block=Block{minecraft:stone} tool=minecraft:diamond_pickaxe slot=4 remaining=1273 required=route
[13:57:40] [Render thread/INFO] (lodekeeper) [Lodekeeper] BREAK target=Mutable{x=75, y=44, z=21} block=Block{minecraft:stone} tool=minecraft:diamond_pickaxe slot=4 remaining=1272 required=route
[13:57:41] [Render thread/INFO] (lodekeeper) [Lodekeeper] BREAK target=Mutable{x=75, y=45, z=20} block=Block{minecraft:stone} tool=minecraft:diamond_pickaxe slot=4 remaining=1271 required=route
[13:57:42] [Render thread/INFO] (lodekeeper) [Lodekeeper] BREAK target=Mutable{x=75, y=45, z=21} block=Block{minecraft:stone} tool=minecraft:diamond_pickaxe slot=4 remaining=1270 required=route
[13:57:42] [Render thread/INFO] (lodekeeper) [Lodekeeper] PROGRESS elapsed_ms=599057 phase=traveling backend=baritone target=none navigation_elapsed_ms=34188 navigation_ticks=684 searching=false path_index=0 path_length=14 retries=0 pending_route_events=0 dropped_route_events=0 status=mining_and_collecting_minecraft:birch_log___0/1
[13:57:42] [Render thread/INFO] (lodekeeper) [Lodekeeper] BREAK target=Mutable{x=75, y=45, z=22} block=Block{minecraft:stone} tool=minecraft:diamond_pickaxe slot=4 remaining=1269 required=route
[13:57:43] [Render thread/INFO] (lodekeeper) [Lodekeeper] BREAK target=Mutable{x=75, y=46, z=21} block=Block{minecraft:stone} tool=minecraft:diamond_pickaxe slot=4 remaining=1268 required=route
[13:57:43] [Render thread/INFO] (lodekeeper) [Lodekeeper] BREAK target=Mutable{x=75, y=46, z=22} block=Block{minecraft:stone} tool=minecraft:diamond_pickaxe slot=4 remaining=1267 required=route
[13:57:44] [Render thread/INFO] (lodekeeper) [Lodekeeper] PROGRESS elapsed_ms=601108 phase=traveling backend=baritone target=none navigation_elapsed_ms=36170 navigation_ticks=724 searching=false path_index=0 path_length=13 retries=0 pending_route_events=0 dropped_route_events=0 status=mining_and_collecting_minecraft:birch_log___0/1
[13:57:44] [Render thread/INFO] (lodekeeper) [Lodekeeper] BREAK target=Mutable{x=75, y=46, z=23} block=Block{minecraft:stone} tool=minecraft:diamond_pickaxe slot=4 remaining=1266 required=route
[13:57:45] [Render thread/INFO] (lodekeeper) [Lodekeeper] BREAK target=Mutable{x=75, y=47, z=22} block=Block{minecraft:andesite} tool=minecraft:diamond_pickaxe slot=4 remaining=1265 required=route
[13:57:45] [Render thread/INFO] (lodekeeper) [Lodekeeper] BREAK target=Mutable{x=75, y=47, z=23} block=Block{minecraft:andesite} tool=minecraft:diamond_pickaxe slot=4 remaining=1264 required=route
[13:57:46] [Render thread/INFO] (lodekeeper) [Lodekeeper] PROGRESS elapsed_ms=603155 phase=traveling backend=baritone target=none navigation_elapsed_ms=38387 navigation_ticks=768 searching=false path_index=0 path_length=12 retries=0 pending_route_events=0 dropped_route_events=0 status=mining_and_collecting_minecraft:birch_log___0/1
[13:57:46] [Render thread/INFO] (lodekeeper) [Lodekeeper] BREAK target=Mutable{x=75, y=47, z=24} block=Block{minecraft:andesite} tool=minecraft:diamond_pickaxe slot=4 remaining=1263 required=route
[13:57:47] [Render thread/INFO] (lodekeeper) [Lodekeeper] BREAK target=Mutable{x=75, y=48, z=23} block=Block{minecraft:andesite} tool=minecraft:diamond_pickaxe slot=4 remaining=1262 required=route
[13:57:47] [Render thread/INFO] (lodekeeper) [Lodekeeper] BREAK target=Mutable{x=75, y=48, z=24} block=Block{minecraft:andesite} tool=minecraft:diamond_pickaxe slot=4 remaining=1261 required=route
[13:57:48] [Render thread/INFO] (lodekeeper) [Lodekeeper] PROGRESS elapsed_ms=605204 phase=traveling backend=baritone target=none navigation_elapsed_ms=40368 navigation_ticks=808 searching=false path_index=0 path_length=11 retries=0 pending_route_events=0 dropped_route_events=0 status=mining_and_collecting_minecraft:birch_log___0/1
[13:57:48] [Render thread/INFO] (lodekeeper) [Lodekeeper] BREAK target=Mutable{x=75, y=48, z=25} block=Block{minecraft:andesite} tool=minecraft:diamond_pickaxe slot=4 remaining=1260 required=route
[13:57:49] [Render thread/INFO] (lodekeeper) [Lodekeeper] BREAK target=Mutable{x=75, y=49, z=24} block=Block{minecraft:andesite} tool=minecraft:diamond_pickaxe slot=4 remaining=1259 required=route
[13:57:49] [Render thread/INFO] (lodekeeper) [Lodekeeper] BREAK target=Mutable{x=75, y=49, z=25} block=Block{minecraft:andesite} tool=minecraft:diamond_pickaxe slot=4 remaining=1258 required=route
[13:57:50] [Render thread/INFO] (lodekeeper) [Lodekeeper] PROGRESS elapsed_ms=607209 phase=traveling backend=baritone target=none navigation_elapsed_ms=42372 navigation_ticks=848 searching=false path_index=0 path_length=10 retries=0 pending_route_events=0 dropped_route_events=0 status=mining_and_collecting_minecraft:birch_log___0/1
[13:57:50] [Render thread/INFO] (lodekeeper) [Lodekeeper] BREAK target=Mutable{x=75, y=49, z=26} block=Block{minecraft:andesite} tool=minecraft:diamond_pickaxe slot=4 remaining=1257 required=route
[13:57:51] [Render thread/INFO] (lodekeeper) [Lodekeeper] BREAK target=Mutable{x=75, y=50, z=25} block=Block{minecraft:andesite} tool=minecraft:diamond_pickaxe slot=4 remaining=1256 required=route
[13:57:51] [Render thread/INFO] (lodekeeper) [Lodekeeper] BREAK target=Mutable{x=75, y=50, z=26} block=Block{minecraft:andesite} tool=minecraft:diamond_pickaxe slot=4 remaining=1255 required=route
[13:57:52] [Render thread/INFO] (lodekeeper) [Lodekeeper] PROGRESS elapsed_ms=609254 phase=traveling backend=baritone target=none navigation_elapsed_ms=44386 navigation_ticks=888 searching=false path_index=0 path_length=9 retries=0 pending_route_events=0 dropped_route_events=0 status=mining_and_collecting_minecraft:birch_log___0/1
[13:57:52] [Render thread/INFO] (lodekeeper) [Lodekeeper] BREAK target=Mutable{x=75, y=50, z=27} block=Block{minecraft:granite} tool=minecraft:diamond_pickaxe slot=4 remaining=1254 required=route
[13:57:52] [Render thread/INFO] (lodekeeper) [Lodekeeper] BREAK target=Mutable{x=75, y=51, z=26} block=Block{minecraft:granite} tool=minecraft:diamond_pickaxe slot=4 remaining=1253 required=route
[13:57:53] [Render thread/INFO] (lodekeeper) [Lodekeeper] BREAK target=Mutable{x=75, y=51, z=27} block=Block{minecraft:granite} tool=minecraft:diamond_pickaxe slot=4 remaining=1252 required=route
[13:57:54] [Render thread/INFO] (lodekeeper) [Lodekeeper] PROGRESS elapsed_ms=611262 phase=traveling backend=baritone target=none navigation_elapsed_ms=46390 navigation_ticks=928 searching=false path_index=0 path_length=8 retries=0 pending_route_events=0 dropped_route_events=0 status=mining_and_collecting_minecraft:birch_log___0/1
[13:57:54] [Render thread/INFO] (lodekeeper) [Lodekeeper] NAV backend=baritone mode=MINE event=NEXT_SEGMENT_CALC_STARTED elapsedMs=46495
[13:57:54] [Render thread/INFO] (lodekeeper) [Lodekeeper] BREAK target=Mutable{x=75, y=51, z=28} block=Block{minecraft:granite} tool=minecraft:diamond_pickaxe slot=4 remaining=1251 required=route
[13:57:54] [Render thread/INFO] (lodekeeper) [Lodekeeper] ROUTE_SEARCH kind=unknown anchor=unknown feet_y16=0 candidates=0 target=none elapsed_ms=611366
[13:57:54] [Render thread/INFO] (lodekeeper) [Lodekeeper] BREAK target=Mutable{x=75, y=52, z=27} block=Block{minecraft:granite} tool=minecraft:diamond_pickaxe slot=4 remaining=1250 required=route
[13:57:55] [Render thread/INFO] (lodekeeper) [Lodekeeper] NAV backend=baritone mode=MINE event=NEXT_SEGMENT_CALC_FINISHED elapsedMs=47248
[13:57:55] [Render thread/INFO] (lodekeeper) [Lodekeeper] TARGET target=68,73,35 block=minecraft:birch_log
[13:57:55] [Render thread/INFO] (lodekeeper) [Lodekeeper] ROUTE_TRAVEL path_index=0 path_length=27 target=68,73,35 block=minecraft:birch_log elapsed_ms=612151
[13:57:55] [Render thread/INFO] (lodekeeper) [Lodekeeper] BREAK target=Mutable{x=75, y=52, z=28} block=Block{minecraft:granite} tool=minecraft:diamond_pickaxe slot=4 remaining=1249 required=route
[13:57:56] [Render thread/INFO] (lodekeeper) [Lodekeeper] BREAK target=Mutable{x=75, y=52, z=29} block=Block{minecraft:granite} tool=minecraft:diamond_pickaxe slot=4 remaining=1248 required=route
[13:57:56] [Render thread/INFO] (lodekeeper) [Lodekeeper] PROGRESS elapsed_ms=613285 phase=traveling backend=baritone target=68,73,35 block=minecraft:birch_log navigation_elapsed_ms=48379 navigation_ticks=968 searching=false path_index=0 path_length=27 retries=0 pending_route_events=0 dropped_route_events=0 status=mining_and_collecting_minecraft:birch_log___0/1
[13:57:56] [Render thread/INFO] (lodekeeper) [Lodekeeper] BREAK target=Mutable{x=75, y=53, z=28} block=Block{minecraft:granite} tool=minecraft:diamond_pickaxe slot=4 remaining=1247 required=route
[13:57:57] [Render thread/INFO] (lodekeeper) [Lodekeeper] BREAK target=Mutable{x=75, y=53, z=29} block=Block{minecraft:granite} tool=minecraft:diamond_pickaxe slot=4 remaining=1246 required=route
[13:57:58] [Render thread/INFO] (lodekeeper) [Lodekeeper] BREAK target=Mutable{x=74, y=53, z=29} block=Block{minecraft:granite} tool=minecraft:diamond_pickaxe slot=4 remaining=1245 required=route
[13:57:58] [Render thread/INFO] (lodekeeper) [Lodekeeper] PROGRESS elapsed_ms=615308 phase=traveling backend=baritone target=68,73,35 block=minecraft:birch_log navigation_elapsed_ms=50370 navigation_ticks=1008 searching=false path_index=0 path_length=25 retries=0 pending_route_events=0 dropped_route_events=0 status=mining_and_collecting_minecraft:birch_log___0/1
[13:57:58] [Render thread/INFO] (lodekeeper) [Lodekeeper] BREAK target=Mutable{x=75, y=54, z=29} block=Block{minecraft:granite} tool=minecraft:diamond_pickaxe slot=4 remaining=1244 required=route
[13:57:59] [Render thread/INFO] (lodekeeper) [Lodekeeper] BREAK target=Mutable{x=74, y=54, z=29} block=Block{minecraft:granite} tool=minecraft:diamond_pickaxe slot=4 remaining=1243 required=route
[13:58:00] [Render thread/INFO] (lodekeeper) [Lodekeeper] BREAK target=Mutable{x=73, y=54, z=29} block=Block{minecraft:granite} tool=minecraft:diamond_pickaxe slot=4 remaining=1242 required=route
[13:58:00] [Render thread/INFO] (lodekeeper) [Lodekeeper] PROGRESS elapsed_ms=617362 phase=traveling backend=baritone target=68,73,35 block=minecraft:birch_log navigation_elapsed_ms=52594 navigation_ticks=1052 searching=false path_index=0 path_length=24 retries=0 pending_route_events=0 dropped_route_events=0 status=mining_and_collecting_minecraft:birch_log___0/1
[13:58:00] [Render thread/INFO] (lodekeeper) [Lodekeeper] BREAK target=Mutable{x=74, y=55, z=29} block=Block{minecraft:granite} tool=minecraft:diamond_pickaxe slot=4 remaining=1241 required=route
[13:58:01] [Render thread/INFO] (lodekeeper) [Lodekeeper] BREAK target=Mutable{x=73, y=55, z=29} block=Block{minecraft:granite} tool=minecraft:diamond_pickaxe slot=4 remaining=1240 required=route
[13:58:02] [Render thread/INFO] (lodekeeper) [Lodekeeper] BREAK target=Mutable{x=73, y=55, z=30} block=Block{minecraft:granite} tool=minecraft:diamond_pickaxe slot=4 remaining=1239 required=route
[13:58:02] [Render thread/INFO] (lodekeeper) [Lodekeeper] PROGRESS elapsed_ms=619385 phase=traveling backend=baritone target=68,73,35 block=minecraft:birch_log navigation_elapsed_ms=54582 navigation_ticks=1092 searching=false path_index=0 path_length=23 retries=0 pending_route_events=0 dropped_route_events=0 status=mining_and_collecting_minecraft:birch_log___0/1
[13:58:02] [Render thread/INFO] (lodekeeper) [Lodekeeper] BREAK target=Mutable{x=73, y=56, z=29} block=Block{minecraft:granite} tool=minecraft:diamond_pickaxe slot=4 remaining=1238 required=route
[13:58:03] [Render thread/INFO] (lodekeeper) [Lodekeeper] BREAK target=Mutable{x=73, y=56, z=30} block=Block{minecraft:granite} tool=minecraft:diamond_pickaxe slot=4 remaining=1237 required=route
[13:58:03] [Render thread/INFO] (lodekeeper) [Lodekeeper] BREAK target=Mutable{x=72, y=56, z=30} block=Block{minecraft:granite} tool=minecraft:diamond_pickaxe slot=4 remaining=1236 required=route
[13:58:04] [Render thread/INFO] (lodekeeper) [Lodekeeper] PROGRESS elapsed_ms=621408 phase=traveling backend=baritone target=68,73,35 block=minecraft:birch_log navigation_elapsed_ms=56572 navigation_ticks=1132 searching=false path_index=0 path_length=22 retries=0 pending_route_events=0 dropped_route_events=0 status=mining_and_collecting_minecraft:birch_log___0/1
[13:58:04] [Render thread/INFO] (lodekeeper) [Lodekeeper] BREAK target=Mutable{x=73, y=57, z=30} block=Block{minecraft:granite} tool=minecraft:diamond_pickaxe slot=4 remaining=1235 required=route
[13:58:05] [Render thread/INFO] (lodekeeper) [Lodekeeper] BREAK target=Mutable{x=72, y=57, z=30} block=Block{minecraft:granite} tool=minecraft:diamond_pickaxe slot=4 remaining=1234 required=route
[13:58:05] [Render thread/INFO] (lodekeeper) [Lodekeeper] BREAK target=Mutable{x=72, y=57, z=31} block=Block{minecraft:granite} tool=minecraft:diamond_pickaxe slot=4 remaining=1233 required=route
[13:58:06] [Render thread/INFO] (lodekeeper) [Lodekeeper] BREAK target=Mutable{x=72, y=58, z=30} block=Block{minecraft:stone} tool=minecraft:diamond_pickaxe slot=4 remaining=1232 required=route
[13:58:06] [Render thread/INFO] (lodekeeper) [Lodekeeper] PROGRESS elapsed_ms=623461 phase=traveling backend=baritone target=68,73,35 block=minecraft:birch_log navigation_elapsed_ms=58590 navigation_ticks=1172 searching=false path_index=0 path_length=21 retries=0 pending_route_events=0 dropped_route_events=0 status=mining_and_collecting_minecraft:birch_log___0/1
[13:58:07] [Render thread/INFO] (lodekeeper) [Lodekeeper] BREAK target=Mutable{x=72, y=58, z=31} block=Block{minecraft:stone} tool=minecraft:diamond_pickaxe slot=4 remaining=1231 required=route
[13:58:07] [Render thread/INFO] (lodekeeper) [Lodekeeper] BREAK target=Mutable{x=72, y=58, z=32} block=Block{minecraft:stone} tool=minecraft:diamond_pickaxe slot=4 remaining=1230 required=route
[13:58:08] [Render thread/INFO] (lodekeeper) [Lodekeeper] BREAK target=Mutable{x=72, y=59, z=31} block=Block{minecraft:stone} tool=minecraft:diamond_pickaxe slot=4 remaining=1229 required=route
[13:58:08] [Render thread/INFO] (lodekeeper) [Lodekeeper] PROGRESS elapsed_ms=625514 phase=traveling backend=baritone target=68,73,35 block=minecraft:birch_log navigation_elapsed_ms=60577 navigation_ticks=1212 searching=false path_index=0 path_length=20 retries=0 pending_route_events=0 dropped_route_events=0 status=mining_and_collecting_minecraft:birch_log___0/1
[13:58:08] [Render thread/INFO] (lodekeeper) [Lodekeeper] BREAK target=Mutable{x=72, y=59, z=32} block=Block{minecraft:stone} tool=minecraft:diamond_pickaxe slot=4 remaining=1228 required=route
[13:58:09] [Render thread/INFO] (lodekeeper) [Lodekeeper] BREAK target=Mutable{x=71, y=59, z=32} block=Block{minecraft:stone} tool=minecraft:diamond_pickaxe slot=4 remaining=1227 required=route
[13:58:10] [Render thread/INFO] (lodekeeper) [Lodekeeper] BREAK target=Mutable{x=72, y=60, z=32} block=Block{minecraft:stone} tool=minecraft:diamond_pickaxe slot=4 remaining=1226 required=route
[13:58:10] [Render thread/INFO] (lodekeeper) [Lodekeeper] PROGRESS elapsed_ms=627558 phase=traveling backend=baritone target=68,73,35 block=minecraft:birch_log navigation_elapsed_ms=62790 navigation_ticks=1256 searching=false path_index=0 path_length=19 retries=0 pending_route_events=0 dropped_route_events=0 status=mining_and_collecting_minecraft:birch_log___0/1
[13:58:10] [Render thread/INFO] (lodekeeper) [Lodekeeper] BREAK target=Mutable{x=71, y=60, z=32} block=Block{minecraft:stone} tool=minecraft:diamond_pickaxe slot=4 remaining=1225 required=route
[13:58:11] [Render thread/INFO] (lodekeeper) [Lodekeeper] BREAK target=Mutable{x=71, y=60, z=33} block=Block{minecraft:stone} tool=minecraft:diamond_pickaxe slot=4 remaining=1224 required=route
[13:58:12] [Render thread/INFO] (lodekeeper) [Lodekeeper] BREAK target=Mutable{x=71, y=61, z=32} block=Block{minecraft:stone} tool=minecraft:diamond_pickaxe slot=4 remaining=1223 required=route
[13:58:12] [Render thread/INFO] (lodekeeper) [Lodekeeper] PROGRESS elapsed_ms=629607 phase=traveling backend=baritone target=68,73,35 block=minecraft:birch_log navigation_elapsed_ms=64771 navigation_ticks=1296 searching=false path_index=0 path_length=18 retries=0 pending_route_events=0 dropped_route_events=0 status=mining_and_collecting_minecraft:birch_log___0/1
[13:58:12] [Render thread/INFO] (lodekeeper) [Lodekeeper] BREAK target=Mutable{x=71, y=61, z=33} block=Block{minecraft:stone} tool=minecraft:diamond_pickaxe slot=4 remaining=1222 required=route
[13:58:13] [Render thread/INFO] (lodekeeper) [Lodekeeper] BREAK target=Mutable{x=70, y=61, z=33} block=Block{minecraft:stone} tool=minecraft:diamond_pickaxe slot=4 remaining=1221 required=route
[13:58:14] [Render thread/INFO] (lodekeeper) [Lodekeeper] BREAK target=Mutable{x=71, y=62, z=33} block=Block{minecraft:stone} tool=minecraft:diamond_pickaxe slot=4 remaining=1220 required=route
[13:58:14] [Render thread/INFO] (lodekeeper) [Lodekeeper] PROGRESS elapsed_ms=631659 phase=traveling backend=baritone target=68,73,35 block=minecraft:birch_log navigation_elapsed_ms=66787 navigation_ticks=1336 searching=false path_index=0 path_length=17 retries=0 pending_route_events=0 dropped_route_events=0 status=mining_and_collecting_minecraft:birch_log___0/1
[13:58:14] [Render thread/INFO] (lodekeeper) [Lodekeeper] BREAK target=Mutable{x=70, y=62, z=33} block=Block{minecraft:stone} tool=minecraft:diamond_pickaxe slot=4 remaining=1219 required=route
[13:58:15] [Render thread/INFO] (lodekeeper) [Lodekeeper] BREAK target=Mutable{x=69, y=62, z=33} block=Block{minecraft:stone} tool=minecraft:diamond_pickaxe slot=4 remaining=1218 required=route
[13:58:16] [Render thread/INFO] (lodekeeper) [Lodekeeper] BREAK target=Mutable{x=70, y=63, z=33} block=Block{minecraft:stone} tool=minecraft:diamond_pickaxe slot=4 remaining=1217 required=route
[13:58:16] [Render thread/INFO] (lodekeeper) [Lodekeeper] BREAK target=Mutable{x=69, y=63, z=33} block=Block{minecraft:stone} tool=minecraft:diamond_pickaxe slot=4 remaining=1216 required=route
[13:58:16] [Render thread/INFO] (lodekeeper) [Lodekeeper] PROGRESS elapsed_ms=633715 phase=traveling backend=baritone target=68,73,35 block=minecraft:birch_log navigation_elapsed_ms=68775 navigation_ticks=1376 searching=false path_index=0 path_length=16 retries=0 pending_route_events=0 dropped_route_events=0 status=mining_and_collecting_minecraft:birch_log___0/1
[13:58:17] [Render thread/INFO] (lodekeeper) [Lodekeeper] BREAK target=Mutable{x=69, y=63, z=34} block=Block{minecraft:stone} tool=minecraft:diamond_pickaxe slot=4 remaining=1215 required=route
[13:58:17] [Render thread/INFO] (lodekeeper) [Lodekeeper] BREAK target=Mutable{x=69, y=64, z=33} block=Block{minecraft:stone} tool=minecraft:diamond_pickaxe slot=4 remaining=1214 required=route
[13:58:18] [Render thread/INFO] (lodekeeper) [Lodekeeper] BREAK target=Mutable{x=69, y=64, z=34} block=Block{minecraft:stone} tool=minecraft:diamond_pickaxe slot=4 remaining=1213 required=route
[13:58:18] [Render thread/INFO] (lodekeeper) [Lodekeeper] PROGRESS elapsed_ms=635765 phase=traveling backend=baritone target=68,73,35 block=minecraft:birch_log navigation_elapsed_ms=70997 navigation_ticks=1420 searching=false path_index=0 path_length=15 retries=0 pending_route_events=0 dropped_route_events=0 status=mining_and_collecting_minecraft:birch_log___0/1
[13:58:19] [Render thread/INFO] (lodekeeper) [Lodekeeper] BREAK target=Mutable{x=68, y=64, z=34} block=Block{minecraft:stone} tool=minecraft:diamond_pickaxe slot=4 remaining=1212 required=route
[13:58:19] [Render thread/INFO] (lodekeeper) [Lodekeeper] BREAK target=Mutable{x=69, y=65, z=34} block=Block{minecraft:stone} tool=minecraft:diamond_pickaxe slot=4 remaining=1211 required=route
[13:58:20] [Render thread/INFO] (lodekeeper) [Lodekeeper] BREAK target=Mutable{x=68, y=65, z=34} block=Block{minecraft:stone} tool=minecraft:diamond_pickaxe slot=4 remaining=1210 required=route
[13:58:20] [Render thread/INFO] (lodekeeper) [Lodekeeper] PROGRESS elapsed_ms=637788 phase=traveling backend=baritone target=68,73,35 block=minecraft:birch_log navigation_elapsed_ms=72987 navigation_ticks=1460 searching=false path_index=0 path_length=14 retries=0 pending_route_events=0 dropped_route_events=0 status=mining_and_collecting_minecraft:birch_log___0/1
[13:58:21] [Render thread/INFO] (lodekeeper) [Lodekeeper] BREAK target=Mutable{x=67, y=65, z=34} block=Block{minecraft:stone} tool=minecraft:diamond_pickaxe slot=4 remaining=1209 required=route
[13:58:21] [Render thread/INFO] (lodekeeper) [Lodekeeper] BREAK target=Mutable{x=68, y=66, z=34} block=Block{minecraft:stone} tool=minecraft:diamond_pickaxe slot=4 remaining=1208 required=route
[13:58:22] [Render thread/INFO] (lodekeeper) [Lodekeeper] BREAK target=Mutable{x=67, y=66, z=34} block=Block{minecraft:stone} tool=minecraft:diamond_pickaxe slot=4 remaining=1207 required=route
[13:58:22] [Render thread/INFO] (lodekeeper) [Lodekeeper] PROGRESS elapsed_ms=639801 phase=traveling backend=baritone target=68,73,35 block=minecraft:birch_log navigation_elapsed_ms=74965 navigation_ticks=1500 searching=false path_index=0 path_length=13 retries=0 pending_route_events=0 dropped_route_events=0 status=mining_and_collecting_minecraft:birch_log___0/1
[13:58:23] [Render thread/INFO] (lodekeeper) [Lodekeeper] BREAK target=Mutable{x=66, y=66, z=34} block=Block{minecraft:stone} tool=minecraft:diamond_pickaxe slot=4 remaining=1206 required=route
[13:58:23] [Render thread/INFO] (lodekeeper) [Lodekeeper] BREAK target=Mutable{x=67, y=67, z=34} block=Block{minecraft:stone} tool=minecraft:diamond_pickaxe slot=4 remaining=1205 required=route
[13:58:24] [Render thread/INFO] (lodekeeper) [Lodekeeper] BREAK target=Mutable{x=66, y=67, z=34} block=Block{minecraft:stone} tool=minecraft:diamond_pickaxe slot=4 remaining=1204 required=route
[13:58:24] [Render thread/INFO] (lodekeeper) [Lodekeeper] PROGRESS elapsed_ms=641857 phase=traveling backend=baritone target=68,73,35 block=minecraft:birch_log navigation_elapsed_ms=76988 navigation_ticks=1540 searching=false path_index=0 path_length=12 retries=0 pending_route_events=0 dropped_route_events=0 status=mining_and_collecting_minecraft:birch_log___0/1
[13:58:25] [Render thread/INFO] (lodekeeper) [Lodekeeper] BREAK target=Mutable{x=65, y=67, z=34} block=Block{minecraft:stone} tool=minecraft:diamond_pickaxe slot=4 remaining=1203 required=route
[13:58:25] [Render thread/INFO] (lodekeeper) [Lodekeeper] BREAK target=Mutable{x=66, y=68, z=34} block=Block{minecraft:stone} tool=minecraft:diamond_pickaxe slot=4 remaining=1202 required=route
[13:58:26] [Render thread/INFO] (lodekeeper) [Lodekeeper] BREAK target=Mutable{x=65, y=68, z=34} block=Block{minecraft:stone} tool=minecraft:diamond_pickaxe slot=4 remaining=1201 required=route
[13:58:26] [Render thread/INFO] (lodekeeper) [Lodekeeper] PROGRESS elapsed_ms=643867 phase=traveling backend=baritone target=68,73,35 block=minecraft:birch_log navigation_elapsed_ms=78996 navigation_ticks=1580 searching=false path_index=0 path_length=11 retries=0 pending_route_events=0 dropped_route_events=0 status=mining_and_collecting_minecraft:birch_log___0/1
[13:58:26] [Render thread/INFO] (lodekeeper) [Lodekeeper] BREAK target=Mutable{x=64, y=68, z=34} block=Block{minecraft:coal_ore} tool=minecraft:diamond_pickaxe slot=4 remaining=1200 required=route
[13:58:27] [Render thread/INFO] (lodekeeper) [Lodekeeper] BREAK target=Mutable{x=65, y=69, z=34} block=Block{minecraft:stone} tool=minecraft:diamond_pickaxe slot=4 remaining=1199 required=route
[13:58:28] [Render thread/INFO] (lodekeeper) [Lodekeeper] BREAK target=Mutable{x=64, y=69, z=34} block=Block{minecraft:dirt} tool=minecraft:andesite slot=0 remaining=-1 required=route
[13:58:28] [Render thread/INFO] (lodekeeper) [Lodekeeper] PROGRESS elapsed_ms=645885 phase=traveling backend=baritone target=68,73,35 block=minecraft:birch_log navigation_elapsed_ms=80979 navigation_ticks=1620 searching=false path_index=0 path_length=10 retries=0 pending_route_events=0 dropped_route_events=0 status=mining_and_collecting_minecraft:birch_log___0/1
[13:58:29] [Render thread/INFO] (lodekeeper) [Lodekeeper] BREAK target=Mutable{x=64, y=70, z=34} block=Block{minecraft:dirt} tool=minecraft:andesite slot=0 remaining=-1 required=route
[13:58:30] [Render thread/INFO] (lodekeeper) [Lodekeeper] BREAK target=Mutable{x=64, y=71, z=34} block=Block{minecraft:grass_block} tool=minecraft:andesite slot=0 remaining=-1 required=route
[13:58:30] [Render thread/INFO] (lodekeeper) [Lodekeeper] PROGRESS elapsed_ms=647903 phase=traveling backend=baritone target=68,73,35 block=minecraft:birch_log navigation_elapsed_ms=82997 navigation_ticks=1660 searching=false path_index=0 path_length=8 retries=0 pending_route_events=0 dropped_route_events=0 status=mining_and_collecting_minecraft:birch_log___0/1
[13:58:32] [Render thread/INFO] (lodekeeper) [Lodekeeper] PROGRESS elapsed_ms=649954 phase=traveling backend=baritone target=68,73,35 block=minecraft:birch_log navigation_elapsed_ms=85186 navigation_ticks=1704 searching=false path_index=0 path_length=6 retries=0 pending_route_events=0 dropped_route_events=0 status=mining_and_collecting_minecraft:birch_log___0/1
[13:58:33] [Render thread/INFO] (lodekeeper) [Lodekeeper] BREAK target=Mutable{x=68, y=74, z=35} block=Block{minecraft:birch_log} tool=minecraft:andesite slot=0 remaining=-1 required=route
[13:58:35] [Render thread/INFO] (lodekeeper) [Lodekeeper] PROGRESS elapsed_ms=652001 phase=traveling backend=baritone target=68,73,35 block=minecraft:birch_log navigation_elapsed_ms=87166 navigation_ticks=1744 searching=false path_index=0 path_length=2 retries=0 pending_route_events=0 dropped_route_events=0 status=mining_and_collecting_minecraft:birch_log___0/1
[13:58:37] [Render thread/INFO] (lodekeeper) [Lodekeeper] PROGRESS elapsed_ms=654061 phase=traveling backend=baritone target=68,73,35 block=minecraft:birch_log navigation_elapsed_ms=89189 navigation_ticks=1784 searching=false path_index=0 path_length=2 retries=0 pending_route_events=0 dropped_route_events=0 status=mining_and_collecting_minecraft:birch_log___0/1
[13:58:37] [Render thread/INFO] (lodekeeper) [Lodekeeper] BREAK target=Mutable{x=68, y=73, z=35} block=Block{minecraft:birch_log} tool=minecraft:andesite slot=0 remaining=-1 required=route
[13:58:37] [Render thread/INFO] (lodekeeper) [Lodekeeper] TARGET target=none
[13:58:37] [lodekeeper-planner/INFO] (lodekeeper) [Lodekeeper] PROJECT_MATERIALS project=gear_diamond before=[gather:minecraft:diamond_ore:2, gather:minecraft:diamond_ore:7, gather:minecraft:diamond_ore:1, gather:minecraft:diamond_ore:2] after=[gather:minecraft:diamond_ore:2, gather:minecraft:diamond_ore:7, gather:minecraft:diamond_ore:1, gather:minecraft:diamond_ore:2]
[13:58:37] [lodekeeper-planner/INFO] (lodekeeper) [Lodekeeper] PLAN project=gear_diamond success=true steps=15 branches=69 elapsedMs=2.631617
[13:58:37] [Render thread/INFO] (lodekeeper) [Lodekeeper] STEP kind=CRAFT source=minecraft:birch_planks output=minecraft:birch_planks count=4 operations=1 auxiliary=false
[13:58:38] [Render thread/INFO] (lodekeeper) [Lodekeeper] STATION_POLICY decision=replace_distant station=minecraft:crafting_table position=BlockPos{x=3, y=63, z=23}
[13:58:38] [lodekeeper-planner/INFO] (lodekeeper) [Lodekeeper] PROJECT_MATERIALS project=gear_diamond before=[gather:minecraft:birch_log:1, gather:minecraft:diamond_ore:2, gather:minecraft:diamond_ore:7, gather:minecraft:diamond_ore:1, gather:minecraft:diamond_ore:2] after=[gather:minecraft:birch_log:1, gather:minecraft:diamond_ore:2, gather:minecraft:diamond_ore:7, gather:minecraft:diamond_ore:1, gather:minecraft:diamond_ore:2]
[13:58:38] [lodekeeper-planner/INFO] (lodekeeper) [Lodekeeper] PLAN project=gear_diamond success=true steps=18 branches=76 elapsedMs=1.539712
[13:58:39] [Render thread/INFO] (lodekeeper) [Lodekeeper] STEP kind=CRAFT source=minecraft:stick output=minecraft:stick count=4 operations=1 auxiliary=false
[13:58:39] [Render thread/INFO] (lodekeeper) [Lodekeeper] PROGRESS elapsed_ms=656085 phase=crafting backend=baritone target=none navigation_elapsed_ms=0 navigation_ticks=0 searching=false path_index=0 path_length=0 retries=0 pending_route_events=0 dropped_route_events=0 status=CRAFT_minecraft:stick
[13:58:40] [lodekeeper-planner/INFO] (lodekeeper) [Lodekeeper] PROJECT_MATERIALS project=gear_diamond before=[gather:minecraft:diamond_ore:2, gather:minecraft:diamond_ore:7, gather:minecraft:diamond_ore:1, gather:minecraft:diamond_ore:2] after=[gather:minecraft:diamond_ore:2, gather:minecraft:diamond_ore:7, gather:minecraft:diamond_ore:1, gather:minecraft:diamond_ore:2]
[13:58:40] [lodekeeper-planner/INFO] (lodekeeper) [Lodekeeper] PLAN project=gear_diamond success=true steps=13 branches=60 elapsedMs=1.038954
[13:58:40] [Render thread/INFO] (lodekeeper) [Lodekeeper] STEP kind=CRAFT source=minecraft:diamond_axe output=minecraft:diamond_axe count=1 operations=1 auxiliary=false
[13:58:40] [Render thread/INFO] (lodekeeper) [Lodekeeper] NAV backend=baritone mode=MOVE event=CALC_STARTED elapsedMs=0
[13:58:40] [Render thread/INFO] (lodekeeper) [Lodekeeper] NAV calcTool=minecraft:andesite slot=0
[13:58:41] [Render thread/INFO] (lodekeeper) [Lodekeeper] NAV backend=baritone mode=MOVE event=CALC_FINISHED_NOW_EXECUTING elapsedMs=103
[13:58:41] [Render thread/INFO] (lodekeeper) [Lodekeeper] PROGRESS elapsed_ms=658101 phase=traveling backend=baritone target=none navigation_elapsed_ms=172 navigation_ticks=4 searching=false path_index=0 path_length=72 retries=0 pending_route_events=0 dropped_route_events=0 status=following_route
[13:58:43] [Render thread/INFO] (lodekeeper) [Lodekeeper] PROGRESS elapsed_ms=660153 phase=traveling backend=baritone target=none navigation_elapsed_ms=2191 navigation_ticks=44 searching=false path_index=0 path_length=65 retries=0 pending_route_events=0 dropped_route_events=0 status=following_route
[13:58:45] [Render thread/INFO] (lodekeeper) [Lodekeeper] PROGRESS elapsed_ms=662205 phase=traveling backend=baritone target=none navigation_elapsed_ms=4174 navigation_ticks=84 searching=false path_index=0 path_length=57 retries=0 pending_route_events=0 dropped_route_events=0 status=following_route
[13:58:47] [Render thread/INFO] (lodekeeper) [Lodekeeper] PROGRESS elapsed_ms=664251 phase=traveling backend=baritone target=none navigation_elapsed_ms=6389 navigation_ticks=128 searching=false path_index=0 path_length=45 retries=0 pending_route_events=0 dropped_route_events=0 status=following_route
[13:58:49] [Render thread/INFO] (lodekeeper) [Lodekeeper] PROGRESS elapsed_ms=666254 phase=traveling backend=baritone target=none navigation_elapsed_ms=8392 navigation_ticks=168 searching=false path_index=0 path_length=34 retries=0 pending_route_events=0 dropped_route_events=0 status=following_route
[13:58:51] [Render thread/INFO] (lodekeeper) [Lodekeeper] PROGRESS elapsed_ms=668304 phase=traveling backend=baritone target=none navigation_elapsed_ms=10374 navigation_ticks=208 searching=false path_index=0 path_length=24 retries=0 pending_route_events=0 dropped_route_events=0 status=following_route
[13:58:53] [Render thread/INFO] (lodekeeper) [Lodekeeper] PROGRESS elapsed_ms=670355 phase=traveling backend=baritone target=none navigation_elapsed_ms=12391 navigation_ticks=248 searching=false path_index=0 path_length=14 retries=0 pending_route_events=0 dropped_route_events=0 status=following_route
[13:58:55] [Render thread/INFO] (lodekeeper) [Lodekeeper] PROGRESS elapsed_ms=672416 phase=traveling backend=baritone target=none navigation_elapsed_ms=14384 navigation_ticks=288 searching=false path_index=0 path_length=9 retries=0 pending_route_events=0 dropped_route_events=0 status=following_route
[13:58:57] [Render thread/INFO] (lodekeeper) [Lodekeeper] PROGRESS elapsed_ms=674465 phase=traveling backend=baritone target=none navigation_elapsed_ms=16604 navigation_ticks=332 searching=false path_index=0 path_length=5 retries=0 pending_route_events=0 dropped_route_events=0 status=following_route
[13:58:59] [Render thread/INFO] (lodekeeper) [Lodekeeper] PROGRESS elapsed_ms=676511 phase=working backend=baritone target=none navigation_elapsed_ms=0 navigation_ticks=0 searching=false path_index=0 path_length=0 retries=0 pending_route_events=0 dropped_route_events=0 status=following_route
[13:59:01] [Render thread/INFO] (lodekeeper) [Lodekeeper] PROGRESS elapsed_ms=678552 phase=working backend=baritone target=none navigation_elapsed_ms=0 navigation_ticks=0 searching=false path_index=0 path_length=0 retries=0 pending_route_events=0 dropped_route_events=0 status=following_route
[13:59:03] [lodekeeper-planner/INFO] (lodekeeper) [Lodekeeper] PROJECT_MATERIALS project=gear_diamond before=[gather:minecraft:diamond_ore:2, gather:minecraft:diamond_ore:7, gather:minecraft:diamond_ore:1, gather:minecraft:diamond_ore:2] after=[gather:minecraft:diamond_ore:2, gather:minecraft:diamond_ore:7, gather:minecraft:diamond_ore:1, gather:minecraft:diamond_ore:2]
[13:59:03] [lodekeeper-planner/INFO] (lodekeeper) [Lodekeeper] PLAN project=gear_diamond success=true steps=12 branches=55 elapsedMs=1.193648
[13:59:03] [Render thread/INFO] (lodekeeper) [Lodekeeper] STEP kind=CRAFT source=minecraft:diamond_boots output=minecraft:diamond_boots count=1 operations=1 auxiliary=false
[13:59:03] [Render thread/INFO] (lodekeeper) [Lodekeeper] PROGRESS elapsed_ms=680605 phase=crafting backend=baritone target=none navigation_elapsed_ms=0 navigation_ticks=0 searching=false path_index=0 path_length=0 retries=0 pending_route_events=0 dropped_route_events=0 status=CRAFT_minecraft:diamond_boots
[13:59:05] [Render thread/INFO] (lodekeeper) [Lodekeeper] PROGRESS elapsed_ms=682616 phase=crafting backend=baritone target=none navigation_elapsed_ms=0 navigation_ticks=0 searching=false path_index=0 path_length=0 retries=0 pending_route_events=0 dropped_route_events=0 status=CRAFT_minecraft:diamond_boots
[13:59:06] [lodekeeper-planner/INFO] (lodekeeper) [Lodekeeper] PROJECT_MATERIALS project=gear_diamond before=[gather:minecraft:diamond_ore:2, gather:minecraft:diamond_ore:7, gather:minecraft:diamond_ore:1, gather:minecraft:diamond_ore:2] after=[gather:minecraft:diamond_ore:2, gather:minecraft:diamond_ore:7, gather:minecraft:diamond_ore:1, gather:minecraft:diamond_ore:2]
[13:59:06] [lodekeeper-planner/INFO] (lodekeeper) [Lodekeeper] PLAN project=gear_diamond success=true steps=11 branches=51 elapsedMs=0.947655
[13:59:06] [Render thread/INFO] (lodekeeper) [Lodekeeper] STEP kind=CRAFT source=minecraft:diamond_chestplate output=minecraft:diamond_chestplate count=1 operations=1 auxiliary=false
[13:59:07] [Render thread/INFO] (lodekeeper) [Lodekeeper] AIR event=begin phase=DRAINING air=200 maxAir=300 submerged=true attempts=0 elapsedMs=0 swimIndex=0 swimSteps=0 feet=4.474912161467213,58.76383450774093,23.552685608019925
[13:59:07] [Render thread/INFO] (lodekeeper) [Lodekeeper] PROGRESS elapsed_ms=684636 phase=working backend=baritone target=none navigation_elapsed_ms=0 navigation_ticks=0 searching=false path_index=0 path_length=0 retries=0 pending_route_events=0 dropped_route_events=0 status=draining_the_owned_transaction_before_air_escape
[13:59:07] [Render thread/INFO] (lodekeeper) [Lodekeeper] AIR event=swim phase=SWIMMING air=188 maxAir=300 submerged=true attempts=1 elapsedMs=587 swimIndex=0 swimSteps=4 feet=4.474912161467213,58.46383448985957,23.552685608019925
[13:59:09] [Render thread/INFO] (lodekeeper) [Lodekeeper] AIR event=route phase=ESCAPING air=183 maxAir=300 submerged=false attempts=1 elapsedMs=1858 swimIndex=4 swimSteps=4 feet=4.474912161467213,62.04185686547692,23.552685608019925
[13:59:09] [Render thread/INFO] (lodekeeper) [Lodekeeper] NAV backend=baritone mode=AIR event=CALC_STARTED elapsedMs=2
[13:59:09] [Render thread/INFO] (lodekeeper) [Lodekeeper] NAV calcTool=minecraft:andesite slot=0
[13:59:09] [Render thread/INFO] (lodekeeper) [Lodekeeper] NAV backend=baritone mode=AIR event=CALC_FINISHED_NOW_EXECUTING elapsedMs=24
[13:59:09] [Render thread/INFO] (lodekeeper) [Lodekeeper] PROGRESS elapsed_ms=686657 phase=working backend=baritone target=none navigation_elapsed_ms=0 navigation_ticks=0 searching=false path_index=0 path_length=0 retries=0 pending_route_events=0 dropped_route_events=0 status=recovering_air___escaping___235/300
[13:59:11] [Render thread/INFO] (lodekeeper) [Lodekeeper] PROGRESS elapsed_ms=688709 phase=working backend=baritone target=none navigation_elapsed_ms=0 navigation_ticks=0 searching=false path_index=0 path_length=0 retries=0 pending_route_events=0 dropped_route_events=0 status=recovering_air___escaping___300/300
[13:59:13] [Render thread/INFO] (lodekeeper) [Lodekeeper] PROGRESS elapsed_ms=690754 phase=working backend=baritone target=none navigation_elapsed_ms=0 navigation_ticks=0 searching=false path_index=0 path_length=0 retries=0 pending_route_events=0 dropped_route_events=0 status=recovering_air___escaping___300/300
[13:59:14] [Render thread/INFO] (lodekeeper) [Lodekeeper] AIR event=breathing phase=REFILLING air=300 maxAir=300 submerged=false attempts=1 elapsedMs=7036 swimIndex=4 swimSteps=4 feet=2.4739742431878167,63.0,31.844457606826584
[13:59:14] [Render thread/INFO] (lodekeeper) [Lodekeeper] NAV backend=baritone mode=IDLE event=CANCELED elapsedMs=5179
[13:59:14] [Render thread/INFO] (lodekeeper) [Lodekeeper] NAV backend=baritone mode=IDLE event=CANCELED elapsedMs=5179
[13:59:14] [Render thread/INFO] (lodekeeper) [Lodekeeper] NAV backend=baritone mode=IDLE event=CANCELED elapsedMs=5247
[13:59:14] [Render thread/INFO] (lodekeeper) [Lodekeeper] NAV backend=baritone mode=IDLE event=CANCELED elapsedMs=5283
[13:59:14] [Render thread/INFO] (lodekeeper) [Lodekeeper] AIR event=complete phase=REFILLING air=300 maxAir=300 submerged=false attempts=1 elapsedMs=7172 swimIndex=4 swimSteps=4 feet=2.470556447365896,63.0,32.04229837623735
[13:59:14] [lodekeeper-planner/INFO] (lodekeeper) [Lodekeeper] PROJECT_MATERIALS project=gear_diamond before=[gather:minecraft:diamond_ore:2, gather:minecraft:diamond_ore:7, gather:minecraft:diamond_ore:1, gather:minecraft:diamond_ore:2] after=[gather:minecraft:diamond_ore:2, gather:minecraft:diamond_ore:7, gather:minecraft:diamond_ore:1, gather:minecraft:diamond_ore:2]
[13:59:14] [lodekeeper-planner/INFO] (lodekeeper) [Lodekeeper] PLAN project=gear_diamond success=true steps=11 branches=51 elapsedMs=1.166692
[13:59:14] [Render thread/INFO] (lodekeeper) [Lodekeeper] STEP kind=CRAFT source=minecraft:diamond_chestplate output=minecraft:diamond_chestplate count=1 operations=1 auxiliary=false
[13:59:14] [Render thread/INFO] (lodekeeper) [Lodekeeper] NAV backend=baritone mode=MOVE event=CALC_STARTED elapsedMs=0
[13:59:14] [Render thread/INFO] (lodekeeper) [Lodekeeper] NAV calcTool=minecraft:andesite slot=0
[13:59:14] [Render thread/INFO] (lodekeeper) [Lodekeeper] NAV backend=baritone mode=MOVE event=CALC_FINISHED_NOW_EXECUTING elapsedMs=33
[13:59:15] [Render thread/INFO] (lodekeeper) [Lodekeeper] PROGRESS elapsed_ms=692804 phase=traveling backend=baritone target=none navigation_elapsed_ms=1193 navigation_ticks=24 searching=false path_index=0 path_length=8 retries=0 pending_route_events=0 dropped_route_events=0 status=following_route
[13:59:17] [Render thread/INFO] (lodekeeper) [Lodekeeper] PROGRESS elapsed_ms=694857 phase=traveling backend=baritone target=none navigation_elapsed_ms=3178 navigation_ticks=64 searching=false path_index=0 path_length=5 retries=0 pending_route_events=0 dropped_route_events=0 status=following_route
[13:59:19] [Render thread/INFO] (lodekeeper) [Lodekeeper] PROGRESS elapsed_ms=696910 phase=working backend=baritone target=none navigation_elapsed_ms=0 navigation_ticks=0 searching=false path_index=0 path_length=0 retries=0 pending_route_events=0 dropped_route_events=0 status=following_route
[13:59:22] [Render thread/INFO] (lodekeeper) [Lodekeeper] PROGRESS elapsed_ms=698960 phase=working backend=baritone target=none navigation_elapsed_ms=0 navigation_ticks=0 searching=false path_index=0 path_length=0 retries=0 pending_route_events=0 dropped_route_events=0 status=following_route
[13:59:24] [Render thread/INFO] (lodekeeper) [Lodekeeper] PROGRESS elapsed_ms=701012 phase=working backend=baritone target=none navigation_elapsed_ms=0 navigation_ticks=0 searching=false path_index=0 path_length=0 retries=0 pending_route_events=0 dropped_route_events=0 status=following_route
[13:59:25] [lodekeeper-planner/INFO] (lodekeeper) [Lodekeeper] PROJECT_MATERIALS project=gear_diamond before=[gather:minecraft:diamond_ore:2, gather:minecraft:diamond_ore:7, gather:minecraft:diamond_ore:1, gather:minecraft:diamond_ore:2] after=[gather:minecraft:diamond_ore:2, gather:minecraft:diamond_ore:7, gather:minecraft:diamond_ore:1, gather:minecraft:diamond_ore:2]
[13:59:25] [lodekeeper-planner/INFO] (lodekeeper) [Lodekeeper] PLAN project=gear_diamond success=true steps=10 branches=47 elapsedMs=0.84733
[13:59:25] [Render thread/INFO] (lodekeeper) [Lodekeeper] STEP kind=CRAFT source=minecraft:diamond_helmet output=minecraft:diamond_helmet count=1 operations=1 auxiliary=false
[13:59:26] [Render thread/INFO] (lodekeeper) [Lodekeeper] PROGRESS elapsed_ms=703062 phase=crafting backend=baritone target=none navigation_elapsed_ms=0 navigation_ticks=0 searching=false path_index=0 path_length=0 retries=0 pending_route_events=0 dropped_route_events=0 status=CRAFT_minecraft:diamond_helmet
[13:59:27] [Render thread/INFO] (lodekeeper) [Lodekeeper] AIR event=begin phase=DRAINING air=200 maxAir=300 submerged=true attempts=0 elapsedMs=0 swimIndex=0 swimSteps=0 feet=4.52243872137836,58.756094302832885,23.576399810413545
[13:59:28] [Render thread/INFO] (lodekeeper) [Lodekeeper] PROGRESS elapsed_ms=705107 phase=working backend=baritone target=none navigation_elapsed_ms=0 navigation_ticks=0 searching=false path_index=0 path_length=0 retries=0 pending_route_events=0 dropped_route_events=0 status=draining_the_owned_transaction_before_air_escape
[13:59:28] [Render thread/INFO] (lodekeeper) [Lodekeeper] AIR event=swim phase=SWIMMING air=183 maxAir=300 submerged=true attempts=1 elapsedMs=849 swimIndex=0 swimSteps=11 feet=4.52243872137836,58.33109427750096,23.576399810413545
[13:59:30] [Render thread/INFO] (lodekeeper) [Lodekeeper] PROGRESS elapsed_ms=707164 phase=working backend=baritone target=none navigation_elapsed_ms=0 navigation_ticks=0 searching=false path_index=0 path_length=0 retries=0 pending_route_events=0 dropped_route_events=0 status=recovering_air___swimming___217/300
[13:59:32] [Render thread/INFO] (lodekeeper) [Lodekeeper] PROGRESS elapsed_ms=709184 phase=working backend=baritone target=none navigation_elapsed_ms=0 navigation_ticks=0 searching=false path_index=0 path_length=0 retries=0 pending_route_events=0 dropped_route_events=0 status=recovering_air___swimming___300/300
[13:59:34] [Render thread/INFO] (lodekeeper) [Lodekeeper] PROGRESS elapsed_ms=711187 phase=working backend=baritone target=none navigation_elapsed_ms=0 navigation_ticks=0 searching=false path_index=0 path_length=0 retries=0 pending_route_events=0 dropped_route_events=0 status=recovering_air___swimming___300/300
[13:59:34] [Render thread/INFO] (lodekeeper) [Lodekeeper] AIR event=breathing phase=REFILLING air=300 maxAir=300 submerged=false attempts=1 elapsedMs=7172 swimIndex=10 swimSteps=11 feet=5.4991756574728,63.0,28.211047461684988
[13:59:34] [Render thread/INFO] (lodekeeper) [Lodekeeper] AIR event=complete phase=REFILLING air=300 maxAir=300 submerged=false attempts=1 elapsedMs=7172 swimIndex=10 swimSteps=11 feet=5.4991756574728,63.0,28.211047461684988
[13:59:34] [lodekeeper-planner/INFO] (lodekeeper) [Lodekeeper] PROJECT_MATERIALS project=gear_diamond before=[gather:minecraft:diamond_ore:2, gather:minecraft:diamond_ore:7, gather:minecraft:diamond_ore:1, gather:minecraft:diamond_ore:2] after=[gather:minecraft:diamond_ore:2, gather:minecraft:diamond_ore:7, gather:minecraft:diamond_ore:1, gather:minecraft:diamond_ore:2]
[13:59:34] [lodekeeper-planner/INFO] (lodekeeper) [Lodekeeper] PLAN project=gear_diamond success=true steps=10 branches=47 elapsedMs=0.929378
[13:59:34] [Render thread/INFO] (lodekeeper) [Lodekeeper] STEP kind=CRAFT source=minecraft:diamond_helmet output=minecraft:diamond_helmet count=1 operations=1 auxiliary=false
[13:59:34] [Render thread/INFO] (lodekeeper) [Lodekeeper] NAV backend=baritone mode=MOVE event=CALC_STARTED elapsedMs=0
[13:59:34] [Render thread/INFO] (lodekeeper) [Lodekeeper] NAV calcTool=minecraft:andesite slot=0
[13:59:34] [Render thread/INFO] (lodekeeper) [Lodekeeper] NAV backend=baritone mode=MOVE event=CALC_FINISHED_NOW_EXECUTING elapsedMs=34
[13:59:36] [Render thread/INFO] (lodekeeper) [Lodekeeper] PROGRESS elapsed_ms=713206 phase=traveling backend=baritone target=none navigation_elapsed_ms=1403 navigation_ticks=28 searching=false path_index=0 path_length=4 retries=0 pending_route_events=0 dropped_route_events=0 status=following_route
[13:59:38] [Render thread/INFO] (lodekeeper) [Lodekeeper] PROGRESS elapsed_ms=715255 phase=working backend=baritone target=none navigation_elapsed_ms=0 navigation_ticks=0 searching=false path_index=0 path_length=0 retries=0 pending_route_events=0 dropped_route_events=0 status=following_route
[13:59:40] [Render thread/INFO] (lodekeeper) [Lodekeeper] PROGRESS elapsed_ms=717289 phase=working backend=baritone target=none navigation_elapsed_ms=0 navigation_ticks=0 searching=false path_index=0 path_length=0 retries=0 pending_route_events=0 dropped_route_events=0 status=following_route
[13:59:41] [lodekeeper-planner/INFO] (lodekeeper) [Lodekeeper] PROJECT_MATERIALS project=gear_diamond before=[gather:minecraft:diamond_ore:2, gather:minecraft:diamond_ore:7, gather:minecraft:diamond_ore:1, gather:minecraft:diamond_ore:2] after=[gather:minecraft:diamond_ore:2, gather:minecraft:diamond_ore:7, gather:minecraft:diamond_ore:1, gather:minecraft:diamond_ore:2]
[13:59:41] [lodekeeper-planner/INFO] (lodekeeper) [Lodekeeper] PLAN project=gear_diamond success=true steps=9 branches=43 elapsedMs=1.059427
[13:59:41] [Render thread/INFO] (lodekeeper) [Lodekeeper] STEP kind=GATHER source=gather:minecraft:diamond_ore output=minecraft:diamond count=12 operations=12 auxiliary=false
[13:59:41] [Render thread/INFO] (lodekeeper) [Lodekeeper] NAV scan=native-mine durationNanos=6180169 hits=-1 requestTicks=0
[13:59:41] [Render thread/INFO] (lodekeeper) [Lodekeeper] NAV backend=baritone mode=MINE event=CALC_STARTED elapsedMs=7
[13:59:41] [Render thread/INFO] (lodekeeper) [Lodekeeper] NAV calcTool=minecraft:diamond_pickaxe slot=4
[13:59:41] [Render thread/INFO] (lodekeeper) [Lodekeeper] ROUTE_SEARCH kind=unknown anchor=unknown feet_y16=0 candidates=0 target=none elapsed_ms=718891
[13:59:42] [Render thread/INFO] (lodekeeper) [Lodekeeper] NAV backend=baritone mode=MINE event=CALC_FINISHED_NOW_EXECUTING elapsedMs=510
[13:59:42] [Render thread/INFO] (lodekeeper) [Lodekeeper] NAV backend=baritone mode=MINE event=NEXT_SEGMENT_CALC_STARTED elapsedMs=511
[13:59:42] [Render thread/INFO] (lodekeeper) [Lodekeeper] PROGRESS elapsed_ms=719300 phase=searching backend=baritone target=none navigation_elapsed_ms=614 navigation_ticks=12 searching=true path_index=0 path_length=21 retries=0 pending_route_events=0 dropped_route_events=0 status=mining_and_collecting_minecraft:diamond___0/12___planning_next_route
[13:59:44] [Render thread/INFO] (lodekeeper) [Lodekeeper] PROGRESS elapsed_ms=721313 phase=searching backend=baritone target=none navigation_elapsed_ms=2627 navigation_ticks=52 searching=true path_index=0 path_length=17 retries=0 pending_route_events=0 dropped_route_events=0 status=mining_and_collecting_minecraft:diamond___0/12___planning_next_route
[13:59:44] [Render thread/INFO] (lodekeeper) [Lodekeeper] NAV backend=baritone mode=IDLE event=CANCELED elapsedMs=2902
[13:59:44] [Render thread/INFO] (lodekeeper) [Lodekeeper] NAV backend=baritone mode=IDLE event=CANCELED elapsedMs=2902
[13:59:44] [Render thread/INFO] (lodekeeper) [Lodekeeper] FOOD_PURSUIT event=start target=fe75c153-4877-44c2-ad22-860c43ab56a9 routes=1 failedRoutes=0 attacks=0 health=10.0 closestBoxDistance=31.39 elapsedMs=2
[13:59:44] [Render thread/INFO] (lodekeeper) [Lodekeeper] NAV backend=baritone mode=FOLLOW event=CALC_STARTED elapsedMs=20
[13:59:44] [Render thread/INFO] (lodekeeper) [Lodekeeper] NAV calcTool=minecraft:iron_pickaxe slot=5
[13:59:44] [Render thread/INFO] (lodekeeper) [Lodekeeper] FOOD_PURSUIT event=abort target=fe75c153-4877-44c2-ad22-860c43ab56a9 routes=1 failedRoutes=0 attacks=0 health=10.0 closestBoxDistance=31.4 elapsedMs=28
[13:59:44] [Render thread/INFO] (Minecraft) [System] [CHAT] [Lodekeeper] Food acquisition is replanning: passive food action failed: tracked animal changed or became unsafe before attack
[13:59:44] [lodekeeper-planner/INFO] (lodekeeper) [Lodekeeper] PROJECT_MATERIALS project=gear_diamond before=[gather:minecraft:diamond_ore:2, gather:minecraft:diamond_ore:7, gather:minecraft:diamond_ore:1, gather:minecraft:diamond_ore:2] after=[gather:minecraft:diamond_ore:2, gather:minecraft:diamond_ore:7, gather:minecraft:diamond_ore:1, gather:minecraft:diamond_ore:2]
[13:59:44] [lodekeeper-planner/INFO] (lodekeeper) [Lodekeeper] PLAN project=gear_diamond success=true steps=9 branches=43 elapsedMs=1.605184
[13:59:44] [Render thread/INFO] (lodekeeper) [Lodekeeper] STEP kind=GATHER source=gather:minecraft:diamond_ore output=minecraft:diamond count=12 operations=12 auxiliary=false
[13:59:46] [Render thread/INFO] (lodekeeper) [Lodekeeper] PROGRESS elapsed_ms=723333 phase=gathering backend=baritone target=none navigation_elapsed_ms=0 navigation_ticks=0 searching=false path_index=0 path_length=0 retries=0 pending_route_events=0 dropped_route_events=0 status=mining_the_recorded_owned_crafting_table
[13:59:47] [Render thread/INFO] (lodekeeper) [Lodekeeper] NAV backend=baritone mode=PICKUP event=CALC_STARTED elapsedMs=0
[13:59:47] [Render thread/INFO] (lodekeeper) [Lodekeeper] NAV calcTool=minecraft:diamond_axe slot=4
[13:59:47] [Render thread/INFO] (lodekeeper) [Lodekeeper] NAV backend=baritone mode=PICKUP event=CALC_FINISHED_NOW_EXECUTING elapsedMs=68
[13:59:48] [Render thread/INFO] (lodekeeper) [Lodekeeper] PROGRESS elapsed_ms=725352 phase=traveling backend=baritone target=none navigation_elapsed_ms=1028 navigation_ticks=20 searching=false path_index=0 path_length=4 retries=0 pending_route_events=0 dropped_route_events=0 status=collecting_the_crafting-table_drop_at_the_owned_position
[13:59:48] [lodekeeper-planner/INFO] (lodekeeper) [Lodekeeper] PROJECT_MATERIALS project=gear_diamond before=[gather:minecraft:diamond_ore:2, gather:minecraft:diamond_ore:7, gather:minecraft:diamond_ore:1, gather:minecraft:diamond_ore:2] after=[gather:minecraft:diamond_ore:2, gather:minecraft:diamond_ore:7, gather:minecraft:diamond_ore:1, gather:minecraft:diamond_ore:2]
[13:59:48] [lodekeeper-planner/INFO] (lodekeeper) [Lodekeeper] PLAN project=gear_diamond success=true steps=10 branches=44 elapsedMs=0.914299
[13:59:48] [Render thread/INFO] (lodekeeper) [Lodekeeper] STEP kind=GATHER source=gather:minecraft:diamond_ore output=minecraft:diamond count=12 operations=12 auxiliary=false
[13:59:48] [Render thread/INFO] (lodekeeper) [Lodekeeper] NAV scan=native-mine durationNanos=3840024 hits=-1 requestTicks=0
[13:59:48] [Render thread/INFO] (lodekeeper) [Lodekeeper] NAV backend=baritone mode=MINE event=CALC_STARTED elapsedMs=4
[13:59:48] [Render thread/INFO] (lodekeeper) [Lodekeeper] NAV calcTool=minecraft:diamond_pickaxe slot=4
[13:59:48] [Render thread/INFO] (lodekeeper) [Lodekeeper] ROUTE_SEARCH kind=unknown anchor=unknown feet_y16=0 candidates=0 target=none elapsed_ms=725796
[13:59:48] [Render thread/INFO] (lodekeeper) [Lodekeeper] NAV backend=baritone mode=MINE event=CALC_STARTED elapsedMs=204
[13:59:48] [Render thread/INFO] (lodekeeper) [Lodekeeper] NAV calcTool=minecraft:diamond_pickaxe slot=4
[13:59:49] [Render thread/INFO] (lodekeeper) [Lodekeeper] NAV backend=baritone mode=MINE event=CALC_FINISHED_NOW_EXECUTING elapsedMs=715
[13:59:49] [Render thread/INFO] (lodekeeper) [Lodekeeper] NAV backend=baritone mode=MINE event=NEXT_SEGMENT_CALC_STARTED elapsedMs=716
[13:59:50] [Render thread/INFO] (lodekeeper) [Lodekeeper] PROGRESS elapsed_ms=727407 phase=searching backend=baritone target=none navigation_elapsed_ms=1814 navigation_ticks=36 searching=true path_index=0 path_length=17 retries=0 pending_route_events=0 dropped_route_events=0 status=mining_and_collecting_minecraft:diamond___0/12___planning_next_route
[13:59:52] [Render thread/INFO] (lodekeeper) [Lodekeeper] PROGRESS elapsed_ms=729464 phase=searching backend=baritone target=none navigation_elapsed_ms=3802 navigation_ticks=76 searching=true path_index=0 path_length=14 retries=0 pending_route_events=0 dropped_route_events=0 status=mining_and_collecting_minecraft:diamond___0/12___planning_next_route
[13:59:53] [Render thread/INFO] (lodekeeper) [Lodekeeper] NAV backend=baritone mode=MINE event=NEXT_SEGMENT_CALC_FINISHED elapsedMs=4768
[13:59:53] [Render thread/INFO] (lodekeeper) [Lodekeeper] ROUTE_TRAVEL path_index=0 path_length=62 target=none elapsed_ms=730395
[13:59:54] [Render thread/INFO] (lodekeeper) [Lodekeeper] PROGRESS elapsed_ms=731487 phase=traveling backend=baritone target=none navigation_elapsed_ms=5794 navigation_ticks=116 searching=false path_index=0 path_length=60 retries=0 pending_route_events=0 dropped_route_events=0 status=mining_and_collecting_minecraft:diamond___0/12
[13:59:54] [Render thread/INFO] (lodekeeper) [Lodekeeper] NAV backend=baritone mode=IDLE event=CANCELED elapsedMs=6098
[13:59:54] [Render thread/INFO] (lodekeeper) [Lodekeeper] NAV backend=baritone mode=IDLE event=CANCELED elapsedMs=6099
[13:59:54] [Render thread/INFO] (lodekeeper) [Lodekeeper] FOOD_PURSUIT event=start target=fe75c153-4877-44c2-ad22-860c43ab56a9 routes=1 failedRoutes=0 attacks=0 health=10.0 closestBoxDistance=27.02 elapsedMs=0
[13:59:54] [Render thread/INFO] (lodekeeper) [Lodekeeper] NAV backend=baritone mode=FOLLOW event=CALC_STARTED elapsedMs=1
[13:59:54] [Render thread/INFO] (lodekeeper) [Lodekeeper] NAV calcTool=minecraft:iron_pickaxe slot=5
[13:59:54] [Render thread/INFO] (lodekeeper) [Lodekeeper] NAV backend=baritone mode=FOLLOW event=CALC_FINISHED_NOW_EXECUTING elapsedMs=34
[13:59:56] [Render thread/INFO] (lodekeeper) [Lodekeeper] PROGRESS elapsed_ms=733505 phase=traveling backend=baritone target=none navigation_elapsed_ms=1572 navigation_ticks=32 searching=false path_index=0 path_length=39 retries=0 pending_route_events=0 dropped_route_events=0 status=pursuing_cow__1_
[13:59:57] [Render thread/INFO] (lodekeeper) [Lodekeeper] NAV backend=baritone mode=FOLLOW event=CALC_STARTED elapsedMs=2799
[13:59:57] [Render thread/INFO] (lodekeeper) [Lodekeeper] NAV calcTool=minecraft:cobblestone slot=1
[13:59:57] [Render thread/INFO] (lodekeeper) [Lodekeeper] NAV backend=baritone mode=FOLLOW event=CALC_FINISHED_NOW_EXECUTING elapsedMs=2800
[13:59:58] [Render thread/INFO] (lodekeeper) [Lodekeeper] PROGRESS elapsed_ms=735552 phase=traveling backend=baritone target=none navigation_elapsed_ms=3790 navigation_ticks=76 searching=false path_index=0 path_length=33 retries=0 pending_route_events=0 dropped_route_events=0 status=pursuing_cow__1_
[13:59:59] [Render thread/INFO] (lodekeeper) [Lodekeeper] NAV backend=baritone mode=FOLLOW event=NEXT_SEGMENT_CALC_STARTED elapsedMs=4543
[13:59:59] [Render thread/INFO] (lodekeeper) [Lodekeeper] BREAK target=Mutable{x=5, y=70, z=32} block=Block{minecraft:grass_block} tool=minecraft:andesite slot=0 remaining=-1 required=route
[13:59:59] [Render thread/INFO] (lodekeeper) [Lodekeeper] NAV backend=baritone mode=FOLLOW event=NEXT_SEGMENT_CALC_FINISHED elapsedMs=4577
[13:59:59] [Render thread/INFO] (lodekeeper) [Lodekeeper] NAV backend=baritone mode=FOLLOW event=CALC_STARTED elapsedMs=4577
[13:59:59] [Render thread/INFO] (lodekeeper) [Lodekeeper] NAV calcTool=minecraft:andesite slot=0
[13:59:59] [Render thread/INFO] (lodekeeper) [Lodekeeper] NAV backend=baritone mode=FOLLOW event=CALC_FINISHED_NOW_EXECUTING elapsedMs=4577
[14:00:00] [Render thread/INFO] (lodekeeper) [Lodekeeper] NAV backend=baritone mode=FOLLOW event=CALC_STARTED elapsedMs=5533
[14:00:00] [Render thread/INFO] (lodekeeper) [Lodekeeper] NAV calcTool=minecraft:andesite slot=0
[14:00:00] [Render thread/INFO] (lodekeeper) [Lodekeeper] NAV backend=baritone mode=FOLLOW event=CALC_FINISHED_NOW_EXECUTING elapsedMs=5533
[14:00:00] [Render thread/INFO] (lodekeeper) [Lodekeeper] PROGRESS elapsed_ms=737566 phase=traveling backend=baritone target=none navigation_elapsed_ms=5805 navigation_ticks=116 searching=false path_index=0 path_length=27 retries=0 pending_route_events=0 dropped_route_events=0 status=pursuing_cow__1_
[14:00:01] [Render thread/INFO] (lodekeeper) [Lodekeeper] NAV backend=baritone mode=FOLLOW event=CALC_STARTED elapsedMs=7133
[14:00:01] [Render thread/INFO] (lodekeeper) [Lodekeeper] NAV calcTool=minecraft:andesite slot=0
[14:00:01] [Render thread/INFO] (lodekeeper) [Lodekeeper] NAV backend=baritone mode=FOLLOW event=CALC_FINISHED_NOW_EXECUTING elapsedMs=7133
[14:00:02] [Render thread/INFO] (lodekeeper) [Lodekeeper] NAV backend=baritone mode=FOLLOW event=CALC_STARTED elapsedMs=7739
[14:00:02] [Render thread/INFO] (lodekeeper) [Lodekeeper] NAV calcTool=minecraft:andesite slot=0
[14:00:02] [Render thread/INFO] (lodekeeper) [Lodekeeper] NAV backend=baritone mode=FOLLOW event=CALC_FINISHED_NOW_EXECUTING elapsedMs=7739
[14:00:02] [Render thread/INFO] (lodekeeper) [Lodekeeper] PROGRESS elapsed_ms=739603 phase=traveling backend=baritone target=none navigation_elapsed_ms=7773 navigation_ticks=156 searching=false path_index=0 path_length=16 retries=0 pending_route_events=0 dropped_route_events=0 status=pursuing_cow__1_
[14:00:04] [Render thread/INFO] (lodekeeper) [Lodekeeper] PROGRESS elapsed_ms=741655 phase=traveling backend=baritone target=none navigation_elapsed_ms=9793 navigation_ticks=196 searching=false path_index=0 path_length=8 retries=0 pending_route_events=0 dropped_route_events=0 status=pursuing_cow__1_
[14:00:04] [Render thread/INFO] (lodekeeper) [Lodekeeper] NAV backend=baritone mode=FOLLOW event=CALC_STARTED elapsedMs=10133
[14:00:04] [Render thread/INFO] (lodekeeper) [Lodekeeper] NAV calcTool=minecraft:andesite slot=0
[14:00:04] [Render thread/INFO] (lodekeeper) [Lodekeeper] NAV backend=baritone mode=FOLLOW event=CALC_FINISHED_NOW_EXECUTING elapsedMs=10133
[14:00:05] [Render thread/INFO] (lodekeeper) [Lodekeeper] FOOD_PURSUIT event=in-reach target=fe75c153-4877-44c2-ad22-860c43ab56a9 routes=1 failedRoutes=0 attacks=0 health=10.0 closestBoxDistance=2.94 elapsedMs=10441
[14:00:05] [Render thread/INFO] (lodekeeper) [Lodekeeper] NAV backend=baritone mode=IDLE event=CANCELED elapsedMs=10442
[14:00:05] [Render thread/INFO] (lodekeeper) [Lodekeeper] NAV backend=baritone mode=IDLE event=CANCELED elapsedMs=10442
[14:00:05] [Render thread/INFO] (lodekeeper) [Lodekeeper] NAV backend=baritone mode=IDLE event=CANCELED elapsedMs=10475
[14:00:05] [Render thread/INFO] (lodekeeper) [Lodekeeper] NAV backend=baritone mode=IDLE event=CANCELED elapsedMs=10543
[14:00:05] [Render thread/INFO] (lodekeeper) [Lodekeeper] NAV backend=baritone mode=IDLE event=CANCELED elapsedMs=10578
[14:00:06] [Render thread/INFO] (lodekeeper) [Lodekeeper] FOOD_TOOL slot=5 item=minecraft:iron_pickaxe damage=4.0 wear=2 remainingDurability=168
[14:00:06] [Render thread/INFO] (lodekeeper) [Lodekeeper] FOOD_PURSUIT event=native-attack target=fe75c153-4877-44c2-ad22-860c43ab56a9 routes=1 failedRoutes=0 attacks=1 health=10.0 closestBoxDistance=1.5 elapsedMs=11608
[14:00:06] [Render thread/INFO] (lodekeeper) [Lodekeeper] FOOD_PURSUIT event=health-progress target=fe75c153-4877-44c2-ad22-860c43ab56a9 routes=1 failedRoutes=0 attacks=1 health=6.0 closestBoxDistance=1.42 elapsedMs=11640
[14:00:06] [Render thread/INFO] (lodekeeper) [Lodekeeper] PROGRESS elapsed_ms=743706 phase=waiting backend=baritone target=none navigation_elapsed_ms=0 navigation_ticks=0 searching=false path_index=0 path_length=0 retries=0 pending_route_events=0 dropped_route_events=0 status=waiting_for_native_attack_cooldown
[14:00:07] [Render thread/INFO] (lodekeeper) [Lodekeeper] FOOD_PURSUIT event=start target=fe75c153-4877-44c2-ad22-860c43ab56a9 routes=2 failedRoutes=0 attacks=1 health=6.0 closestBoxDistance=3.17 elapsedMs=12422
[14:00:07] [Render thread/INFO] (lodekeeper) [Lodekeeper] NAV backend=baritone mode=FOLLOW event=CALC_STARTED elapsedMs=1
[14:00:07] [Render thread/INFO] (lodekeeper) [Lodekeeper] NAV calcTool=minecraft:iron_pickaxe slot=5
[14:00:07] [Render thread/INFO] (lodekeeper) [Lodekeeper] NAV backend=baritone mode=FOLLOW event=CALC_FINISHED_NOW_EXECUTING elapsedMs=70
[14:00:07] [Render thread/INFO] (lodekeeper) [Lodekeeper] FOOD_PURSUIT event=in-reach target=fe75c153-4877-44c2-ad22-860c43ab56a9 routes=2 failedRoutes=0 attacks=1 health=6.0 closestBoxDistance=2.99 elapsedMs=12627
[14:00:07] [Render thread/INFO] (lodekeeper) [Lodekeeper] NAV backend=baritone mode=IDLE event=CANCELED elapsedMs=205
[14:00:07] [Render thread/INFO] (lodekeeper) [Lodekeeper] NAV backend=baritone mode=IDLE event=CANCELED elapsedMs=205
[14:00:07] [Render thread/INFO] (lodekeeper) [Lodekeeper] NAV backend=baritone mode=IDLE event=CANCELED elapsedMs=272
[14:00:07] [Render thread/INFO] (lodekeeper) [Lodekeeper] NAV backend=baritone mode=IDLE event=CANCELED elapsedMs=305
[14:00:07] [Render thread/INFO] (lodekeeper) [Lodekeeper] NAV backend=baritone mode=IDLE event=CANCELED elapsedMs=374
[14:00:07] [Render thread/INFO] (lodekeeper) [Lodekeeper] FOOD_PURSUIT event=start target=fe75c153-4877-44c2-ad22-860c43ab56a9 routes=3 failedRoutes=0 attacks=1 health=6.0 closestBoxDistance=3.47 elapsedMs=12830
[14:00:07] [Render thread/INFO] (lodekeeper) [Lodekeeper] NAV backend=baritone mode=FOLLOW event=CALC_STARTED elapsedMs=0
[14:00:07] [Render thread/INFO] (lodekeeper) [Lodekeeper] NAV calcTool=minecraft:iron_pickaxe slot=5
[14:00:07] [Render thread/INFO] (lodekeeper) [Lodekeeper] NAV backend=baritone mode=FOLLOW event=CALC_FINISHED_NOW_EXECUTING elapsedMs=68
[14:00:08] [Render thread/INFO] (lodekeeper) [Lodekeeper] FOOD_PURSUIT event=in-reach target=fe75c153-4877-44c2-ad22-860c43ab56a9 routes=3 failedRoutes=0 attacks=1 health=6.0 closestBoxDistance=2.74 elapsedMs=13240
[14:00:08] [Render thread/INFO] (lodekeeper) [Lodekeeper] NAV backend=baritone mode=IDLE event=CANCELED elapsedMs=410
[14:00:08] [Render thread/INFO] (lodekeeper) [Lodekeeper] NAV backend=baritone mode=IDLE event=CANCELED elapsedMs=410
[14:00:08] [Render thread/INFO] (lodekeeper) [Lodekeeper] NAV backend=baritone mode=IDLE event=CANCELED elapsedMs=444
[14:00:08] [Render thread/INFO] (lodekeeper) [Lodekeeper] NAV backend=baritone mode=IDLE event=CANCELED elapsedMs=513
[14:00:08] [Render thread/INFO] (lodekeeper) [Lodekeeper] NAV backend=baritone mode=IDLE event=CANCELED elapsedMs=547
[14:00:08] [Render thread/INFO] (lodekeeper) [Lodekeeper] NAV backend=baritone mode=IDLE event=CANCELED elapsedMs=616
[14:00:08] [Render thread/INFO] (lodekeeper) [Lodekeeper] NAV backend=baritone mode=IDLE event=CANCELED elapsedMs=651
[14:00:08] [Render thread/INFO] (lodekeeper) [Lodekeeper] NAV backend=baritone mode=IDLE event=CANCELED elapsedMs=720
[14:00:08] [Render thread/INFO] (lodekeeper) [Lodekeeper] FOOD_TOOL slot=5 item=minecraft:iron_pickaxe damage=4.0 wear=2 remainingDurability=166
[14:00:08] [Render thread/INFO] (lodekeeper) [Lodekeeper] FOOD_PURSUIT event=native-attack target=fe75c153-4877-44c2-ad22-860c43ab56a9 routes=3 failedRoutes=0 attacks=2 health=6.0 closestBoxDistance=1.87 elapsedMs=13628
[14:00:08] [Render thread/INFO] (lodekeeper) [Lodekeeper] FOOD_PURSUIT event=health-progress target=fe75c153-4877-44c2-ad22-860c43ab56a9 routes=3 failedRoutes=0 attacks=2 health=2.0 closestBoxDistance=1.79 elapsedMs=13695
[14:00:08] [Render thread/INFO] (lodekeeper) [Lodekeeper] PROGRESS elapsed_ms=745763 phase=waiting backend=baritone target=none navigation_elapsed_ms=0 navigation_ticks=0 searching=false path_index=0 path_length=0 retries=0 pending_route_events=0 dropped_route_events=0 status=waiting_for_native_attack_cooldown
[14:00:08] [Render thread/INFO] (lodekeeper) [Lodekeeper] FOOD_PURSUIT event=start target=fe75c153-4877-44c2-ad22-860c43ab56a9 routes=4 failedRoutes=0 attacks=2 health=2.0 closestBoxDistance=3.18 elapsedMs=14036
[14:00:08] [Render thread/INFO] (lodekeeper) [Lodekeeper] NAV backend=baritone mode=FOLLOW event=CALC_STARTED elapsedMs=0
[14:00:08] [Render thread/INFO] (lodekeeper) [Lodekeeper] NAV calcTool=minecraft:iron_pickaxe slot=5
[14:00:08] [Render thread/INFO] (lodekeeper) [Lodekeeper] NAV backend=baritone mode=FOLLOW event=CALC_FINISHED_NOW_EXECUTING elapsedMs=70
[14:00:09] [Render thread/INFO] (lodekeeper) [Lodekeeper] FOOD_PURSUIT event=in-reach target=fe75c153-4877-44c2-ad22-860c43ab56a9 routes=4 failedRoutes=0 attacks=2 health=2.0 closestBoxDistance=2.92 elapsedMs=14381
[14:00:09] [Render thread/INFO] (lodekeeper) [Lodekeeper] NAV backend=baritone mode=IDLE event=CALC_STARTED elapsedMs=345
[14:00:09] [Render thread/INFO] (lodekeeper) [Lodekeeper] NAV calcTool=minecraft:iron_pickaxe slot=5
[14:00:09] [Render thread/INFO] (lodekeeper) [Lodekeeper] NAV backend=baritone mode=IDLE event=CALC_FINISHED_NOW_EXECUTING elapsedMs=346
[14:00:09] [Render thread/INFO] (lodekeeper) [Lodekeeper] NAV backend=baritone mode=IDLE event=CANCELED elapsedMs=346
[14:00:09] [Render thread/INFO] (lodekeeper) [Lodekeeper] NAV backend=baritone mode=IDLE event=CANCELED elapsedMs=346
[14:00:09] [Render thread/INFO] (lodekeeper) [Lodekeeper] NAV backend=baritone mode=IDLE event=CANCELED elapsedMs=413
[14:00:09] [Render thread/INFO] (lodekeeper) [Lodekeeper] NAV backend=baritone mode=IDLE event=CANCELED elapsedMs=447
[14:00:09] [Render thread/INFO] (lodekeeper) [Lodekeeper] NAV backend=baritone mode=IDLE event=CANCELED elapsedMs=516
[14:00:09] [Render thread/INFO] (lodekeeper) [Lodekeeper] FOOD_TOOL slot=5 item=minecraft:iron_pickaxe damage=4.0 wear=2 remainingDurability=164
[14:00:09] [Render thread/INFO] (lodekeeper) [Lodekeeper] FOOD_PURSUIT event=native-attack target=fe75c153-4877-44c2-ad22-860c43ab56a9 routes=4 failedRoutes=0 attacks=3 health=2.0 closestBoxDistance=1.63 elapsedMs=14653
[14:00:09] [Render thread/INFO] (lodekeeper) [Lodekeeper] FOOD_PURSUIT event=health-progress target=fe75c153-4877-44c2-ad22-860c43ab56a9 routes=4 failedRoutes=0 attacks=3 health=0.0 closestBoxDistance=1.44 elapsedMs=14689
[14:00:09] [Render thread/INFO] (lodekeeper) [Lodekeeper] NAV backend=baritone mode=PICKUP event=CALC_STARTED elapsedMs=0
[14:00:09] [Render thread/INFO] (lodekeeper) [Lodekeeper] NAV calcTool=minecraft:iron_pickaxe slot=5
[14:00:09] [Render thread/INFO] (lodekeeper) [Lodekeeper] NAV backend=baritone mode=PICKUP event=CALC_FINISHED_NOW_EXECUTING elapsedMs=32
[14:00:09] [Render thread/INFO] (lodekeeper) [Lodekeeper] NAV backend=baritone mode=PICKUP event=CALC_STARTED elapsedMs=342
[14:00:09] [Render thread/INFO] (lodekeeper) [Lodekeeper] NAV calcTool=minecraft:iron_pickaxe slot=5
[14:00:09] [Render thread/INFO] (lodekeeper) [Lodekeeper] NAV backend=baritone mode=PICKUP event=CALC_FINISHED_NOW_EXECUTING elapsedMs=342
[14:00:09] [Render thread/INFO] (lodekeeper) [Lodekeeper] NAV backend=baritone mode=IDLE event=CANCELED elapsedMs=377
[14:00:09] [Render thread/INFO] (lodekeeper) [Lodekeeper] NAV backend=baritone mode=IDLE event=CANCELED elapsedMs=377
[14:00:10] [Render thread/INFO] (lodekeeper) [Lodekeeper] NAV backend=baritone mode=IDLE event=CANCELED elapsedMs=444
[14:00:10] [Render thread/INFO] (lodekeeper) [Lodekeeper] NAV backend=baritone mode=IDLE event=CANCELED elapsedMs=478
[14:00:10] [Render thread/INFO] (lodekeeper) [Lodekeeper] STATION_POLICY decision=replace_distant station=minecraft:furnace position=BlockPos{x=5, y=60, z=30}
[14:00:10] [Render thread/INFO] (lodekeeper) [Lodekeeper] FOOD_PREPARATION decision=batch_raw_food nutrition=3 cooked_potential=8 target=36
[14:00:10] [lodekeeper-planner/INFO] (lodekeeper) [Lodekeeper] PROJECT_MATERIALS project=gear_diamond before=[gather:minecraft:diamond_ore:2, gather:minecraft:diamond_ore:7, gather:minecraft:diamond_ore:1, gather:minecraft:diamond_ore:2] after=[gather:minecraft:diamond_ore:2, gather:minecraft:diamond_ore:7, gather:minecraft:diamond_ore:1, gather:minecraft:diamond_ore:2]
[14:00:10] [lodekeeper-planner/INFO] (lodekeeper) [Lodekeeper] PLAN project=gear_diamond success=true steps=10 branches=44 elapsedMs=1.860702
[14:00:10] [Render thread/INFO] (lodekeeper) [Lodekeeper] STEP kind=GATHER source=gather:minecraft:diamond_ore output=minecraft:diamond count=12 operations=12 auxiliary=false
[14:00:10] [Render thread/INFO] (lodekeeper) [Lodekeeper] NAV scan=native-mine durationNanos=3879134 hits=-1 requestTicks=0
[14:00:10] [Render thread/INFO] (lodekeeper) [Lodekeeper] NAV backend=baritone mode=MINE event=CALC_STARTED elapsedMs=4
[14:00:10] [Render thread/INFO] (lodekeeper) [Lodekeeper] NAV calcTool=minecraft:diamond_pickaxe slot=4
[14:00:10] [Render thread/INFO] (lodekeeper) [Lodekeeper] ROUTE_SEARCH kind=unknown anchor=unknown feet_y16=0 candidates=0 target=none elapsed_ms=747309
[14:00:10] [Render thread/INFO] (lodekeeper) [Lodekeeper] NAV backend=baritone mode=MINE event=CALC_FINISHED_NOW_EXECUTING elapsedMs=514
[14:00:10] [Render thread/INFO] (lodekeeper) [Lodekeeper] NAV backend=baritone mode=MINE event=NEXT_SEGMENT_CALC_STARTED elapsedMs=514
[14:00:10] [Render thread/INFO] (lodekeeper) [Lodekeeper] PROGRESS elapsed_ms=747788 phase=searching backend=baritone target=none navigation_elapsed_ms=582 navigation_ticks=12 searching=true path_index=0 path_length=17 retries=0 pending_route_events=0 dropped_route_events=0 status=mining_and_collecting_minecraft:diamond___0/12___planning_next_route
[14:00:11] [Render thread/INFO] (lodekeeper) [Lodekeeper] NAV backend=baritone mode=IDLE event=CANCELED elapsedMs=958
[14:00:11] [Render thread/INFO] (lodekeeper) [Lodekeeper] NAV backend=baritone mode=IDLE event=CANCELED elapsedMs=959
[14:00:11] [Render thread/INFO] (lodekeeper) [Lodekeeper] NAV backend=baritone mode=IDLE event=CANCELED elapsedMs=992
[14:00:11] [Render thread/INFO] (lodekeeper) [Lodekeeper] NAV backend=baritone mode=IDLE event=CANCELED elapsedMs=1059
[14:00:11] [Render thread/INFO] (lodekeeper) [Lodekeeper] NAV backend=baritone mode=IDLE event=CANCELED elapsedMs=1094
[14:00:11] [Render thread/INFO] (lodekeeper) [Lodekeeper] FOOD_PURSUIT event=start target=d8b77430-b812-453c-a46f-25cbc3f31dd4 routes=1 failedRoutes=0 attacks=0 health=10.0 closestBoxDistance=12.51 elapsedMs=0
[14:00:11] [Render thread/INFO] (lodekeeper) [Lodekeeper] NAV backend=baritone mode=FOLLOW event=CALC_STARTED elapsedMs=0
[14:00:11] [Render thread/INFO] (lodekeeper) [Lodekeeper] NAV calcTool=minecraft:iron_pickaxe slot=5
[14:00:11] [Render thread/INFO] (lodekeeper) [Lodekeeper] NAV backend=baritone mode=FOLLOW event=CALC_FINISHED_NOW_EXECUTING elapsedMs=34
[14:00:11] [Render thread/INFO] (lodekeeper) [Lodekeeper] NAV backend=baritone mode=FOLLOW event=CALC_STARTED elapsedMs=101
[14:00:11] [Render thread/INFO] (lodekeeper) [Lodekeeper] NAV calcTool=minecraft:iron_pickaxe slot=5
[14:00:11] [Render thread/INFO] (lodekeeper) [Lodekeeper] NAV backend=baritone mode=FOLLOW event=CALC_FINISHED_NOW_EXECUTING elapsedMs=101
[14:00:12] [Render thread/INFO] (lodekeeper) [Lodekeeper] PROGRESS elapsed_ms=749801 phase=traveling backend=baritone target=none navigation_elapsed_ms=1398 navigation_ticks=28 searching=false path_index=0 path_length=7 retries=0 pending_route_events=0 dropped_route_events=0 status=pursuing_cow__1_
[14:00:13] [Render thread/INFO] (lodekeeper) [Lodekeeper] FOOD_PURSUIT event=in-reach target=d8b77430-b812-453c-a46f-25cbc3f31dd4 routes=1 failedRoutes=0 attacks=0 health=10.0 closestBoxDistance=2.88 elapsedMs=2182
[14:00:13] [Render thread/INFO] (lodekeeper) [Lodekeeper] NAV backend=baritone mode=IDLE event=CANCELED elapsedMs=2183
[14:00:13] [Render thread/INFO] (lodekeeper) [Lodekeeper] NAV backend=baritone mode=IDLE event=CANCELED elapsedMs=2183
[14:00:13] [Render thread/INFO] (lodekeeper) [Lodekeeper] NAV backend=baritone mode=IDLE event=CANCELED elapsedMs=2250
[14:00:13] [Render thread/INFO] (lodekeeper) [Lodekeeper] NAV backend=baritone mode=IDLE event=CANCELED elapsedMs=2284
[14:00:13] [Render thread/INFO] (lodekeeper) [Lodekeeper] NAV backend=baritone mode=IDLE event=CANCELED elapsedMs=2317
[14:00:13] [Render thread/INFO] (lodekeeper) [Lodekeeper] FOOD_TOOL slot=5 item=minecraft:iron_pickaxe damage=4.0 wear=2 remainingDurability=162
[14:00:13] [Render thread/INFO] (lodekeeper) [Lodekeeper] FOOD_PURSUIT event=native-attack target=d8b77430-b812-453c-a46f-25cbc3f31dd4 routes=1 failedRoutes=0 attacks=1 health=10.0 closestBoxDistance=2.8 elapsedMs=2420
[14:00:13] [Render thread/INFO] (lodekeeper) [Lodekeeper] FOOD_PURSUIT event=health-progress target=d8b77430-b812-453c-a46f-25cbc3f31dd4 routes=1 failedRoutes=0 attacks=1 health=6.0 closestBoxDistance=2.75 elapsedMs=2489
[14:00:14] [Render thread/INFO] (lodekeeper) [Lodekeeper] FOOD_PURSUIT event=start target=d8b77430-b812-453c-a46f-25cbc3f31dd4 routes=2 failedRoutes=0 attacks=1 health=6.0 closestBoxDistance=3.1 elapsedMs=2693
[14:00:14] [Render thread/INFO] (lodekeeper) [Lodekeeper] NAV backend=baritone mode=FOLLOW event=CALC_STARTED elapsedMs=0
[14:00:14] [Render thread/INFO] (lodekeeper) [Lodekeeper] NAV calcTool=minecraft:iron_pickaxe slot=5
[14:00:14] [Render thread/INFO] (lodekeeper) [Lodekeeper] NAV backend=baritone mode=FOLLOW event=CALC_FINISHED_NOW_EXECUTING elapsedMs=34
[14:00:14] [Render thread/INFO] (lodekeeper) [Lodekeeper] NAV backend=baritone mode=FOLLOW event=CALC_STARTED elapsedMs=102
[14:00:14] [Render thread/INFO] (lodekeeper) [Lodekeeper] NAV calcTool=minecraft:iron_pickaxe slot=5
[14:00:14] [Render thread/INFO] (lodekeeper) [Lodekeeper] NAV backend=baritone mode=FOLLOW event=CALC_FINISHED_NOW_EXECUTING elapsedMs=103
[14:00:14] [Render thread/INFO] (lodekeeper) [Lodekeeper] FOOD_PURSUIT event=in-reach target=d8b77430-b812-453c-a46f-25cbc3f31dd4 routes=2 failedRoutes=0 attacks=1 health=6.0 closestBoxDistance=2.98 elapsedMs=3239
[14:00:14] [Render thread/INFO] (lodekeeper) [Lodekeeper] NAV backend=baritone mode=IDLE event=CANCELED elapsedMs=546
[14:00:14] [Render thread/INFO] (lodekeeper) [Lodekeeper] NAV backend=baritone mode=IDLE event=CANCELED elapsedMs=546
[14:00:14] [Render thread/INFO] (lodekeeper) [Lodekeeper] NAV backend=baritone mode=IDLE event=CANCELED elapsedMs=579
[14:00:14] [Render thread/INFO] (lodekeeper) [Lodekeeper] NAV backend=baritone mode=IDLE event=CANCELED elapsedMs=647
[14:00:14] [Render thread/INFO] (lodekeeper) [Lodekeeper] NAV backend=baritone mode=IDLE event=CANCELED elapsedMs=682
[14:00:14] [Render thread/INFO] (lodekeeper) [Lodekeeper] FOOD_TOOL slot=5 item=minecraft:iron_pickaxe damage=4.0 wear=2 remainingDurability=160
[14:00:14] [Render thread/INFO] (lodekeeper) [Lodekeeper] FOOD_PURSUIT event=native-attack target=d8b77430-b812-453c-a46f-25cbc3f31dd4 routes=2 failedRoutes=0 attacks=2 health=6.0 closestBoxDistance=2.12 elapsedMs=3476
[14:00:14] [Render thread/INFO] (lodekeeper) [Lodekeeper] FOOD_PURSUIT event=health-progress target=d8b77430-b812-453c-a46f-25cbc3f31dd4 routes=2 failedRoutes=0 attacks=2 health=2.0 closestBoxDistance=1.87 elapsedMs=3545
[14:00:14] [Render thread/INFO] (lodekeeper) [Lodekeeper] PROGRESS elapsed_ms=751812 phase=working backend=baritone target=none navigation_elapsed_ms=0 navigation_ticks=0 searching=false path_index=0 path_length=0 retries=0 pending_route_events=0 dropped_route_events=0 status=attacking_cow__2_
[14:00:15] [Render thread/INFO] (lodekeeper) [Lodekeeper] FOOD_PURSUIT event=start target=d8b77430-b812-453c-a46f-25cbc3f31dd4 routes=3 failedRoutes=0 attacks=2 health=2.0 closestBoxDistance=3.04 elapsedMs=4302
[14:00:15] [Render thread/INFO] (lodekeeper) [Lodekeeper] NAV backend=baritone mode=FOLLOW event=CALC_STARTED elapsedMs=0
[14:00:15] [Render thread/INFO] (lodekeeper) [Lodekeeper] NAV calcTool=minecraft:iron_pickaxe slot=5
[14:00:15] [Render thread/INFO] (lodekeeper) [Lodekeeper] NAV backend=baritone mode=FOLLOW event=CALC_FINISHED_NOW_EXECUTING elapsedMs=35
[14:00:15] [Render thread/INFO] (lodekeeper) [Lodekeeper] FOOD_PURSUIT event=in-reach target=d8b77430-b812-453c-a46f-25cbc3f31dd4 routes=3 failedRoutes=0 attacks=2 health=2.0 closestBoxDistance=2.94 elapsedMs=4441
[14:00:15] [Render thread/INFO] (lodekeeper) [Lodekeeper] NAV backend=baritone mode=IDLE event=CANCELED elapsedMs=140
[14:00:15] [Render thread/INFO] (lodekeeper) [Lodekeeper] NAV backend=baritone mode=IDLE event=CANCELED elapsedMs=140
[14:00:15] [Render thread/INFO] (lodekeeper) [Lodekeeper] NAV backend=baritone mode=IDLE event=CANCELED elapsedMs=173
[14:00:15] [Render thread/INFO] (lodekeeper) [Lodekeeper] NAV backend=baritone mode=IDLE event=CANCELED elapsedMs=241
[14:00:15] [Render thread/INFO] (lodekeeper) [Lodekeeper] FOOD_PURSUIT event=start target=d8b77430-b812-453c-a46f-25cbc3f31dd4 routes=4 failedRoutes=0 attacks=2 health=2.0 closestBoxDistance=3.38 elapsedMs=4577
[14:00:15] [Render thread/INFO] (lodekeeper) [Lodekeeper] NAV backend=baritone mode=FOLLOW event=CALC_STARTED elapsedMs=1
[14:00:15] [Render thread/INFO] (lodekeeper) [Lodekeeper] NAV calcTool=minecraft:iron_pickaxe slot=5
[14:00:15] [Render thread/INFO] (lodekeeper) [Lodekeeper] NAV backend=baritone mode=FOLLOW event=CALC_FINISHED_NOW_EXECUTING elapsedMs=67
[14:00:15] [Render thread/INFO] (lodekeeper) [Lodekeeper] NAV backend=baritone mode=FOLLOW event=CALC_STARTED elapsedMs=101
[14:00:15] [Render thread/INFO] (lodekeeper) [Lodekeeper] NAV calcTool=minecraft:iron_pickaxe slot=5
[14:00:15] [Render thread/INFO] (lodekeeper) [Lodekeeper] NAV backend=baritone mode=FOLLOW event=CALC_FINISHED_NOW_EXECUTING elapsedMs=101
[14:00:16] [Render thread/INFO] (lodekeeper) [Lodekeeper] NAV backend=baritone mode=FOLLOW event=CALC_STARTED elapsedMs=169
[14:00:16] [Render thread/INFO] (lodekeeper) [Lodekeeper] NAV calcTool=minecraft:iron_pickaxe slot=5
[14:00:16] [Render thread/INFO] (lodekeeper) [Lodekeeper] NAV backend=baritone mode=FOLLOW event=CALC_FINISHED_NOW_EXECUTING elapsedMs=169
[14:00:16] [Render thread/INFO] (lodekeeper) [Lodekeeper] FOOD_PURSUIT event=in-reach target=d8b77430-b812-453c-a46f-25cbc3f31dd4 routes=4 failedRoutes=0 attacks=2 health=2.0 closestBoxDistance=2.88 elapsedMs=5091
[14:00:16] [Render thread/INFO] (lodekeeper) [Lodekeeper] NAV backend=baritone mode=IDLE event=CANCELED elapsedMs=514
[14:00:16] [Render thread/INFO] (lodekeeper) [Lodekeeper] NAV backend=baritone mode=IDLE event=CANCELED elapsedMs=514
[14:00:16] [Render thread/INFO] (lodekeeper) [Lodekeeper] NAV backend=baritone mode=IDLE event=CANCELED elapsedMs=549
[14:00:16] [Render thread/INFO] (lodekeeper) [Lodekeeper] NAV backend=baritone mode=IDLE event=CANCELED elapsedMs=616
[14:00:16] [Render thread/INFO] (lodekeeper) [Lodekeeper] NAV backend=baritone mode=IDLE event=CANCELED elapsedMs=651
[14:00:16] [Render thread/INFO] (lodekeeper) [Lodekeeper] FOOD_PURSUIT event=start target=d8b77430-b812-453c-a46f-25cbc3f31dd4 routes=5 failedRoutes=0 attacks=2 health=2.0 closestBoxDistance=3.03 elapsedMs=5297
[14:00:16] [Render thread/INFO] (lodekeeper) [Lodekeeper] NAV backend=baritone mode=FOLLOW event=CALC_STARTED elapsedMs=0
[14:00:16] [Render thread/INFO] (lodekeeper) [Lodekeeper] NAV calcTool=minecraft:iron_pickaxe slot=5
[14:00:16] [Render thread/INFO] (lodekeeper) [Lodekeeper] NAV backend=baritone mode=FOLLOW event=CALC_FINISHED_NOW_EXECUTING elapsedMs=34
[14:00:16] [Render thread/INFO] (lodekeeper) [Lodekeeper] NAV backend=baritone mode=FOLLOW event=CALC_STARTED elapsedMs=103
[14:00:16] [Render thread/INFO] (lodekeeper) [Lodekeeper] NAV calcTool=minecraft:iron_pickaxe slot=5
[14:00:16] [Render thread/INFO] (lodekeeper) [Lodekeeper] NAV backend=baritone mode=FOLLOW event=CALC_FINISHED_NOW_EXECUTING elapsedMs=103
[14:00:16] [Render thread/INFO] (lodekeeper) [Lodekeeper] PROGRESS elapsed_ms=753834 phase=traveling backend=baritone target=none navigation_elapsed_ms=203 navigation_ticks=4 searching=false path_index=0 path_length=4 retries=0 pending_route_events=0 dropped_route_events=0 status=pursuing_cow__5_
[14:00:16] [Render thread/INFO] (lodekeeper) [Lodekeeper] NAV backend=baritone mode=FOLLOW event=CALC_STARTED elapsedMs=271
[14:00:16] [Render thread/INFO] (lodekeeper) [Lodekeeper] NAV calcTool=minecraft:iron_pickaxe slot=5
[14:00:16] [Render thread/INFO] (lodekeeper) [Lodekeeper] NAV backend=baritone mode=FOLLOW event=CALC_FINISHED_NOW_EXECUTING elapsedMs=272
[14:00:17] [Render thread/INFO] (lodekeeper) [Lodekeeper] FOOD_PURSUIT event=in-reach target=d8b77430-b812-453c-a46f-25cbc3f31dd4 routes=5 failedRoutes=0 attacks=2 health=2.0 closestBoxDistance=2.9 elapsedMs=5895
[14:00:17] [Render thread/INFO] (lodekeeper) [Lodekeeper] NAV backend=baritone mode=IDLE event=CANCELED elapsedMs=599
[14:00:17] [Render thread/INFO] (lodekeeper) [Lodekeeper] NAV backend=baritone mode=IDLE event=CANCELED elapsedMs=599
[14:00:17] [Render thread/INFO] (lodekeeper) [Lodekeeper] NAV backend=baritone mode=IDLE event=CANCELED elapsedMs=634
[14:00:17] [Render thread/INFO] (lodekeeper) [Lodekeeper] NAV backend=baritone mode=IDLE event=CANCELED elapsedMs=700
[14:00:17] [Render thread/INFO] (lodekeeper) [Lodekeeper] NAV backend=baritone mode=IDLE event=CANCELED elapsedMs=734
[14:00:17] [Render thread/INFO] (lodekeeper) [Lodekeeper] NAV backend=baritone mode=IDLE event=CANCELED elapsedMs=805
[14:00:17] [Render thread/INFO] (lodekeeper) [Lodekeeper] NAV backend=baritone mode=IDLE event=CANCELED elapsedMs=838
[14:00:17] [Render thread/INFO] (lodekeeper) [Lodekeeper] NAV backend=baritone mode=IDLE event=CANCELED elapsedMs=873
[14:00:17] [Render thread/INFO] (lodekeeper) [Lodekeeper] FOOD_TOOL slot=5 item=minecraft:iron_pickaxe damage=4.0 wear=2 remainingDurability=158
[14:00:17] [Render thread/INFO] (lodekeeper) [Lodekeeper] FOOD_PURSUIT event=native-attack target=d8b77430-b812-453c-a46f-25cbc3f31dd4 routes=5 failedRoutes=0 attacks=3 health=2.0 closestBoxDistance=2.51 elapsedMs=6272
[14:00:17] [Render thread/INFO] (lodekeeper) [Lodekeeper] FOOD_PURSUIT event=health-progress target=d8b77430-b812-453c-a46f-25cbc3f31dd4 routes=5 failedRoutes=0 attacks=3 health=0.0 closestBoxDistance=2.64 elapsedMs=6339
[14:00:17] [Render thread/INFO] (lodekeeper) [Lodekeeper] NAV backend=baritone mode=PICKUP event=CALC_STARTED elapsedMs=0
[14:00:17] [Render thread/INFO] (lodekeeper) [Lodekeeper] NAV calcTool=minecraft:iron_pickaxe slot=5
[14:00:17] [Render thread/INFO] (lodekeeper) [Lodekeeper] NAV backend=baritone mode=PICKUP event=CALC_FINISHED_NOW_EXECUTING elapsedMs=69
[14:00:17] [Render thread/INFO] (lodekeeper) [Lodekeeper] NAV backend=baritone mode=PICKUP event=CALC_STARTED elapsedMs=313
[14:00:17] [Render thread/INFO] (lodekeeper) [Lodekeeper] NAV calcTool=minecraft:iron_pickaxe slot=5
[14:00:17] [Render thread/INFO] (lodekeeper) [Lodekeeper] NAV backend=baritone mode=PICKUP event=CALC_FINISHED_NOW_EXECUTING elapsedMs=313
[14:00:18] [Render thread/INFO] (lodekeeper) [Lodekeeper] NAV backend=baritone mode=IDLE event=CANCELED elapsedMs=414
[14:00:18] [Render thread/INFO] (lodekeeper) [Lodekeeper] NAV backend=baritone mode=IDLE event=CANCELED elapsedMs=414
[14:00:18] [Render thread/INFO] (lodekeeper) [Lodekeeper] NAV backend=baritone mode=IDLE event=CANCELED elapsedMs=448
[14:00:18] [Render thread/INFO] (lodekeeper) [Lodekeeper] NAV backend=baritone mode=IDLE event=CANCELED elapsedMs=515
[14:00:18] [Render thread/INFO] (lodekeeper) [Lodekeeper] NAV backend=baritone mode=IDLE event=CANCELED elapsedMs=550
[14:00:18] [Render thread/INFO] (lodekeeper) [Lodekeeper] STATION_POLICY decision=replace_distant station=minecraft:furnace position=BlockPos{x=5, y=60, z=30}
[14:00:18] [Render thread/INFO] (lodekeeper) [Lodekeeper] FOOD_PREPARATION decision=cook_stored_food nutrition=6 cooked_potential=16 target=36
[14:00:18] [lodekeeper-planner/INFO] (lodekeeper) [Lodekeeper] PROJECT_MATERIALS project=gear_diamond before=[gather:minecraft:diamond_ore:2, gather:minecraft:diamond_ore:7, gather:minecraft:diamond_ore:1, gather:minecraft:diamond_ore:2] after=[gather:minecraft:diamond_ore:2, gather:minecraft:diamond_ore:7, gather:minecraft:diamond_ore:1, gather:minecraft:diamond_ore:2]
[14:00:18] [lodekeeper-planner/INFO] (lodekeeper) [Lodekeeper] PLAN project=gear_diamond success=true steps=10 branches=44 elapsedMs=1.160719
[14:00:18] [Render thread/INFO] (lodekeeper) [Lodekeeper] PROGRESS elapsed_ms=755838 phase=eating backend=baritone target=none navigation_elapsed_ms=0 navigation_ticks=0 searching=false path_index=0 path_length=0 retries=0 pending_route_events=0 dropped_route_events=0 status=eating_before_continuing_project_gear_diamond___minecraft:diamond_hoe
[14:00:19] [Render thread/INFO] (lodekeeper) [Lodekeeper] STATION_POLICY decision=replace_distant station=minecraft:furnace position=BlockPos{x=5, y=60, z=30}
[14:00:19] [Render thread/INFO] (lodekeeper) [Lodekeeper] FOOD_PREPARATION decision=batch_raw_food nutrition=3 cooked_potential=8 target=36
[14:00:19] [lodekeeper-planner/INFO] (lodekeeper) [Lodekeeper] PROJECT_MATERIALS project=gear_diamond before=[gather:minecraft:diamond_ore:2, gather:minecraft:diamond_ore:7, gather:minecraft:diamond_ore:1, gather:minecraft:diamond_ore:2] after=[gather:minecraft:diamond_ore:2, gather:minecraft:diamond_ore:7, gather:minecraft:diamond_ore:1, gather:minecraft:diamond_ore:2]
[14:00:19] [lodekeeper-planner/INFO] (lodekeeper) [Lodekeeper] PLAN project=gear_diamond success=true steps=10 branches=44 elapsedMs=1.174425
[14:00:19] [Render thread/INFO] (lodekeeper) [Lodekeeper] STEP kind=GATHER source=gather:minecraft:diamond_ore output=minecraft:diamond count=12 operations=12 auxiliary=false
[14:00:19] [Render thread/INFO] (lodekeeper) [Lodekeeper] NAV scan=native-mine durationNanos=3329747 hits=-1 requestTicks=0
[14:00:19] [Render thread/INFO] (lodekeeper) [Lodekeeper] NAV backend=baritone mode=MINE event=CALC_STARTED elapsedMs=4
[14:00:19] [Render thread/INFO] (lodekeeper) [Lodekeeper] NAV calcTool=minecraft:diamond_pickaxe slot=4
[14:00:20] [Render thread/INFO] (lodekeeper) [Lodekeeper] NAV backend=baritone mode=IDLE event=CANCELED elapsedMs=34
[14:00:20] [Render thread/INFO] (lodekeeper) [Lodekeeper] NAV backend=baritone mode=IDLE event=CANCELED elapsedMs=35
[14:00:20] [Render thread/INFO] (lodekeeper) [Lodekeeper] FOOD_PURSUIT event=start target=0683eebb-f12a-44ff-965f-ca00d1c77ca8 routes=1 failedRoutes=0 attacks=0 health=10.0 closestBoxDistance=7.58 elapsedMs=1
[14:00:20] [Render thread/INFO] (lodekeeper) [Lodekeeper] NAV backend=baritone mode=FOLLOW event=CALC_STARTED elapsedMs=1
[14:00:20] [Render thread/INFO] (lodekeeper) [Lodekeeper] NAV calcTool=minecraft:iron_pickaxe slot=5
[14:00:20] [Render thread/INFO] (lodekeeper) [Lodekeeper] NAV backend=baritone mode=FOLLOW event=CALC_FINISHED_NOW_EXECUTING elapsedMs=34
[14:00:20] [Render thread/INFO] (lodekeeper) [Lodekeeper] NAV backend=baritone mode=FOLLOW event=CALC_STARTED elapsedMs=251
[14:00:20] [Render thread/INFO] (lodekeeper) [Lodekeeper] NAV calcTool=minecraft:iron_pickaxe slot=5
[14:00:20] [Render thread/INFO] (lodekeeper) [Lodekeeper] NAV backend=baritone mode=FOLLOW event=CALC_FINISHED_NOW_EXECUTING elapsedMs=252
[14:00:20] [Render thread/INFO] (lodekeeper) [Lodekeeper] PROGRESS elapsed_ms=757851 phase=traveling backend=baritone target=none navigation_elapsed_ms=797 navigation_ticks=16 searching=false path_index=0 path_length=6 retries=0 pending_route_events=0 dropped_route_events=0 status=pursuing_cow__1_
[14:00:21] [Render thread/INFO] (lodekeeper) [Lodekeeper] FOOD_PURSUIT event=in-reach target=0683eebb-f12a-44ff-965f-ca00d1c77ca8 routes=1 failedRoutes=0 attacks=0 health=10.0 closestBoxDistance=2.92 elapsedMs=1346
[14:00:21] [Render thread/INFO] (lodekeeper) [Lodekeeper] NAV backend=baritone mode=IDLE event=CANCELED elapsedMs=1346
[14:00:21] [Render thread/INFO] (lodekeeper) [Lodekeeper] NAV backend=baritone mode=IDLE event=CANCELED elapsedMs=1346
[14:00:21] [Render thread/INFO] (lodekeeper) [Lodekeeper] NAV backend=baritone mode=IDLE event=CANCELED elapsedMs=1379
[14:00:21] [Render thread/INFO] (lodekeeper) [Lodekeeper] NAV backend=baritone mode=IDLE event=CANCELED elapsedMs=1447
[14:00:21] [Render thread/INFO] (lodekeeper) [Lodekeeper] FOOD_TOOL slot=5 item=minecraft:iron_pickaxe damage=4.0 wear=2 remainingDurability=156
[14:00:21] [Render thread/INFO] (lodekeeper) [Lodekeeper] FOOD_PURSUIT event=native-attack target=0683eebb-f12a-44ff-965f-ca00d1c77ca8 routes=1 failedRoutes=0 attacks=1 health=10.0 closestBoxDistance=2.82 elapsedMs=1551
[14:00:21] [Render thread/INFO] (lodekeeper) [Lodekeeper] FOOD_PURSUIT event=health-progress target=0683eebb-f12a-44ff-965f-ca00d1c77ca8 routes=1 failedRoutes=0 attacks=1 health=6.0 closestBoxDistance=2.81 elapsedMs=1587
[14:00:21] [Render thread/INFO] (lodekeeper) [Lodekeeper] FOOD_PURSUIT event=start target=0683eebb-f12a-44ff-965f-ca00d1c77ca8 routes=2 failedRoutes=0 attacks=1 health=6.0 closestBoxDistance=3.01 elapsedMs=1759
[14:00:21] [Render thread/INFO] (lodekeeper) [Lodekeeper] NAV backend=baritone mode=FOLLOW event=CALC_STARTED elapsedMs=0
[14:00:21] [Render thread/INFO] (lodekeeper) [Lodekeeper] NAV calcTool=minecraft:iron_pickaxe slot=5
[14:00:21] [Render thread/INFO] (lodekeeper) [Lodekeeper] NAV backend=baritone mode=FOLLOW event=CALC_FINISHED_NOW_EXECUTING elapsedMs=34
[14:00:22] [Render thread/INFO] (lodekeeper) [Lodekeeper] NAV backend=baritone mode=FOLLOW event=CALC_STARTED elapsedMs=241
[14:00:22] [Render thread/INFO] (lodekeeper) [Lodekeeper] NAV calcTool=minecraft:iron_pickaxe slot=5
[14:00:22] [Render thread/INFO] (lodekeeper) [Lodekeeper] NAV backend=baritone mode=FOLLOW event=CALC_FINISHED_NOW_EXECUTING elapsedMs=241
[14:00:22] [Render thread/INFO] (lodekeeper) [Lodekeeper] FOOD_PURSUIT event=in-reach target=0683eebb-f12a-44ff-965f-ca00d1c77ca8 routes=2 failedRoutes=0 attacks=1 health=6.0 closestBoxDistance=2.88 elapsedMs=2103
[14:00:22] [Render thread/INFO] (lodekeeper) [Lodekeeper] NAV backend=baritone mode=IDLE event=CALC_STARTED elapsedMs=345
[14:00:22] [Render thread/INFO] (lodekeeper) [Lodekeeper] NAV calcTool=minecraft:iron_pickaxe slot=5
[14:00:22] [Render thread/INFO] (lodekeeper) [Lodekeeper] NAV backend=baritone mode=IDLE event=CALC_FINISHED_NOW_EXECUTING elapsedMs=345
[14:00:22] [Render thread/INFO] (lodekeeper) [Lodekeeper] NAV backend=baritone mode=IDLE event=CANCELED elapsedMs=345
[14:00:22] [Render thread/INFO] (lodekeeper) [Lodekeeper] NAV backend=baritone mode=IDLE event=CANCELED elapsedMs=345
[14:00:22] [Render thread/INFO] (lodekeeper) [Lodekeeper] NAV backend=baritone mode=IDLE event=CANCELED elapsedMs=378
[14:00:22] [Render thread/INFO] (lodekeeper) [Lodekeeper] NAV backend=baritone mode=IDLE event=CANCELED elapsedMs=445
[14:00:22] [Render thread/INFO] (lodekeeper) [Lodekeeper] NAV backend=baritone mode=IDLE event=CANCELED elapsedMs=479
[14:00:22] [Render thread/INFO] (lodekeeper) [Lodekeeper] FOOD_PURSUIT event=start target=0683eebb-f12a-44ff-965f-ca00d1c77ca8 routes=3 failedRoutes=0 attacks=1 health=6.0 closestBoxDistance=3.03 elapsedMs=2309
[14:00:22] [Render thread/INFO] (lodekeeper) [Lodekeeper] NAV backend=baritone mode=FOLLOW event=CALC_STARTED elapsedMs=0
[14:00:22] [Render thread/INFO] (lodekeeper) [Lodekeeper] NAV calcTool=minecraft:iron_pickaxe slot=5
[14:00:22] [Render thread/INFO] (lodekeeper) [Lodekeeper] NAV backend=baritone mode=FOLLOW event=CALC_FINISHED_NOW_EXECUTING elapsedMs=35
[14:00:22] [Render thread/INFO] (lodekeeper) [Lodekeeper] FOOD_PURSUIT event=in-reach target=0683eebb-f12a-44ff-965f-ca00d1c77ca8 routes=3 failedRoutes=0 attacks=1 health=6.0 closestBoxDistance=2.92 elapsedMs=2446
[14:00:22] [Render thread/INFO] (lodekeeper) [Lodekeeper] NAV backend=baritone mode=IDLE event=CANCELED elapsedMs=137
[14:00:22] [Render thread/INFO] (lodekeeper) [Lodekeeper] NAV backend=baritone mode=IDLE event=CANCELED elapsedMs=137
[14:00:22] [Render thread/INFO] (lodekeeper) [Lodekeeper] NAV backend=baritone mode=IDLE event=CANCELED elapsedMs=170
[14:00:22] [Render thread/INFO] (lodekeeper) [Lodekeeper] NAV backend=baritone mode=IDLE event=CANCELED elapsedMs=238
[14:00:22] [Render thread/INFO] (lodekeeper) [Lodekeeper] FOOD_PURSUIT event=start target=0683eebb-f12a-44ff-965f-ca00d1c77ca8 routes=4 failedRoutes=0 attacks=1 health=6.0 closestBoxDistance=3.51 elapsedMs=2582
[14:00:22] [Render thread/INFO] (lodekeeper) [Lodekeeper] NAV backend=baritone mode=FOLLOW event=CALC_STARTED elapsedMs=0
[14:00:22] [Render thread/INFO] (lodekeeper) [Lodekeeper] NAV calcTool=minecraft:iron_pickaxe slot=5
[14:00:22] [Render thread/INFO] (lodekeeper) [Lodekeeper] NAV backend=baritone mode=FOLLOW event=CALC_FINISHED_NOW_EXECUTING elapsedMs=69
[14:00:22] [Render thread/INFO] (lodekeeper) [Lodekeeper] PROGRESS elapsed_ms=759912 phase=traveling backend=baritone target=none navigation_elapsed_ms=208 navigation_ticks=4 searching=false path_index=0 path_length=4 retries=0 pending_route_events=0 dropped_route_events=0 status=pursuing_cow__4_
[14:00:22] [Render thread/INFO] (lodekeeper) [Lodekeeper] FOOD_PURSUIT event=in-reach target=0683eebb-f12a-44ff-965f-ca00d1c77ca8 routes=4 failedRoutes=0 attacks=1 health=6.0 closestBoxDistance=2.9 elapsedMs=2892
[14:00:22] [Render thread/INFO] (lodekeeper) [Lodekeeper] NAV backend=baritone mode=IDLE event=CANCELED elapsedMs=311
[14:00:22] [Render thread/INFO] (lodekeeper) [Lodekeeper] NAV backend=baritone mode=IDLE event=CANCELED elapsedMs=311
[14:00:23] [Render thread/INFO] (lodekeeper) [Lodekeeper] NAV backend=baritone mode=IDLE event=CANCELED elapsedMs=381
[14:00:23] [Render thread/INFO] (lodekeeper) [Lodekeeper] NAV backend=baritone mode=IDLE event=CANCELED elapsedMs=415
[14:00:23] [Render thread/INFO] (lodekeeper) [Lodekeeper] NAV backend=baritone mode=IDLE event=CANCELED elapsedMs=450
[14:00:23] [Render thread/INFO] (lodekeeper) [Lodekeeper] FOOD_TOOL slot=5 item=minecraft:iron_pickaxe damage=4.0 wear=2 remainingDurability=154
[14:00:23] [Render thread/INFO] (lodekeeper) [Lodekeeper] FOOD_PURSUIT event=native-attack target=0683eebb-f12a-44ff-965f-ca00d1c77ca8 routes=4 failedRoutes=0 attacks=2 health=6.0 closestBoxDistance=2.77 elapsedMs=3136
[14:00:23] [Render thread/INFO] (lodekeeper) [Lodekeeper] FOOD_PURSUIT event=health-progress target=0683eebb-f12a-44ff-965f-ca00d1c77ca8 routes=4 failedRoutes=0 attacks=2 health=2.0 closestBoxDistance=2.85 elapsedMs=3203
[14:00:23] [Render thread/INFO] (lodekeeper) [Lodekeeper] FOOD_PURSUIT event=start target=0683eebb-f12a-44ff-965f-ca00d1c77ca8 routes=5 failedRoutes=0 attacks=2 health=2.0 closestBoxDistance=3.14 elapsedMs=3238
[14:00:23] [Render thread/INFO] (lodekeeper) [Lodekeeper] NAV backend=baritone mode=FOLLOW event=CALC_STARTED elapsedMs=0
[14:00:23] [Render thread/INFO] (lodekeeper) [Lodekeeper] NAV calcTool=minecraft:iron_pickaxe slot=5
[14:00:23] [Render thread/INFO] (lodekeeper) [Lodekeeper] NAV backend=baritone mode=FOLLOW event=CALC_FINISHED_NOW_EXECUTING elapsedMs=68
[14:00:23] [Render thread/INFO] (lodekeeper) [Lodekeeper] NAV backend=baritone mode=FOLLOW event=CALC_STARTED elapsedMs=270
[14:00:23] [Render thread/INFO] (lodekeeper) [Lodekeeper] NAV calcTool=minecraft:iron_pickaxe slot=5
[14:00:23] [Render thread/INFO] (lodekeeper) [Lodekeeper] NAV backend=baritone mode=FOLLOW event=CALC_FINISHED_NOW_EXECUTING elapsedMs=270
[14:00:23] [Render thread/INFO] (lodekeeper) [Lodekeeper] FOOD_PURSUIT event=in-reach target=0683eebb-f12a-44ff-965f-ca00d1c77ca8 routes=5 failedRoutes=0 attacks=2 health=2.0 closestBoxDistance=2.95 elapsedMs=3850
[14:00:23] [Render thread/INFO] (lodekeeper) [Lodekeeper] NAV backend=baritone mode=IDLE event=CANCELED elapsedMs=612
[14:00:23] [Render thread/INFO] (lodekeeper) [Lodekeeper] NAV backend=baritone mode=IDLE event=CANCELED elapsedMs=612
[14:00:23] [Render thread/INFO] (lodekeeper) [Lodekeeper] NAV backend=baritone mode=IDLE event=CANCELED elapsedMs=645
[14:00:24] [Render thread/INFO] (lodekeeper) [Lodekeeper] NAV backend=baritone mode=IDLE event=CANCELED elapsedMs=714
[14:00:24] [Render thread/INFO] (lodekeeper) [Lodekeeper] NAV backend=baritone mode=IDLE event=CANCELED elapsedMs=748
[14:00:24] [Render thread/INFO] (lodekeeper) [Lodekeeper] NAV backend=baritone mode=IDLE event=CANCELED elapsedMs=817
[14:00:24] [Render thread/INFO] (lodekeeper) [Lodekeeper] NAV backend=baritone mode=IDLE event=CANCELED elapsedMs=851
[14:00:24] [Render thread/INFO] (lodekeeper) [Lodekeeper] NAV backend=baritone mode=IDLE event=CANCELED elapsedMs=919
[14:00:24] [Render thread/INFO] (lodekeeper) [Lodekeeper] NAV backend=baritone mode=IDLE event=CANCELED elapsedMs=954
[14:00:24] [Render thread/INFO] (lodekeeper) [Lodekeeper] NAV backend=baritone mode=IDLE event=CANCELED elapsedMs=1023
[14:00:24] [Render thread/INFO] (lodekeeper) [Lodekeeper] NAV backend=baritone mode=IDLE event=CANCELED elapsedMs=1058
[14:00:24] [Render thread/INFO] (lodekeeper) [Lodekeeper] FOOD_TOOL slot=5 item=minecraft:iron_pickaxe damage=4.0 wear=2 remainingDurability=152
[14:00:24] [Render thread/INFO] (lodekeeper) [Lodekeeper] FOOD_PURSUIT event=native-attack target=0683eebb-f12a-44ff-965f-ca00d1c77ca8 routes=5 failedRoutes=0 attacks=3 health=2.0 closestBoxDistance=2.54 elapsedMs=4382
[14:00:24] [Render thread/INFO] (lodekeeper) [Lodekeeper] FOOD_PURSUIT event=health-progress target=0683eebb-f12a-44ff-965f-ca00d1c77ca8 routes=5 failedRoutes=0 attacks=3 health=0.0 closestBoxDistance=2.65 elapsedMs=4449
[14:00:24] [Render thread/INFO] (lodekeeper) [Lodekeeper] NAV backend=baritone mode=PICKUP event=CALC_STARTED elapsedMs=0
[14:00:24] [Render thread/INFO] (lodekeeper) [Lodekeeper] NAV calcTool=minecraft:iron_pickaxe slot=5
[14:00:24] [Render thread/INFO] (lodekeeper) [Lodekeeper] NAV backend=baritone mode=PICKUP event=CALC_FINISHED_NOW_EXECUTING elapsedMs=69
[14:00:24] [Render thread/INFO] (lodekeeper) [Lodekeeper] PROGRESS elapsed_ms=761914 phase=traveling backend=baritone target=none navigation_elapsed_ms=205 navigation_ticks=4 searching=false path_index=0 path_length=4 retries=0 pending_route_events=0 dropped_route_events=0 status=collecting_minecraft:beef
[14:00:25] [Render thread/INFO] (lodekeeper) [Lodekeeper] NAV backend=baritone mode=IDLE event=CANCELED elapsedMs=617
[14:00:25] [Render thread/INFO] (lodekeeper) [Lodekeeper] NAV backend=baritone mode=IDLE event=CANCELED elapsedMs=618
[14:00:25] [Render thread/INFO] (lodekeeper) [Lodekeeper] NAV backend=baritone mode=IDLE event=CANCELED elapsedMs=653
[14:00:25] [Render thread/INFO] (lodekeeper) [Lodekeeper] NAV backend=baritone mode=IDLE event=CANCELED elapsedMs=720
[14:00:25] [Render thread/INFO] (lodekeeper) [Lodekeeper] NAV backend=baritone mode=IDLE event=CANCELED elapsedMs=754
[14:00:25] [Render thread/INFO] (lodekeeper) [Lodekeeper] STATION_POLICY decision=replace_distant station=minecraft:furnace position=BlockPos{x=5, y=60, z=30}
[14:00:25] [Render thread/INFO] (lodekeeper) [Lodekeeper] FOOD_PREPARATION decision=cook_stored_food nutrition=9 cooked_potential=24 target=36
[14:00:25] [lodekeeper-planner/INFO] (lodekeeper) [Lodekeeper] PROJECT_MATERIALS project=gear_diamond before=[gather:minecraft:diamond_ore:2, gather:minecraft:diamond_ore:7, gather:minecraft:diamond_ore:1, gather:minecraft:diamond_ore:2] after=[gather:minecraft:diamond_ore:2, gather:minecraft:diamond_ore:7, gather:minecraft:diamond_ore:1, gather:minecraft:diamond_ore:2]
[14:00:25] [lodekeeper-planner/INFO] (lodekeeper) [Lodekeeper] PLAN project=gear_diamond success=true steps=10 branches=44 elapsedMs=1.106128
[14:00:25] [Render thread/INFO] (lodekeeper) [Lodekeeper] STEP kind=GATHER source=gather:minecraft:diamond_ore output=minecraft:diamond count=12 operations=12 auxiliary=false
[14:00:25] [Render thread/INFO] (lodekeeper) [Lodekeeper] NAV scan=native-mine durationNanos=3404924 hits=-1 requestTicks=0
[14:00:25] [Render thread/INFO] (lodekeeper) [Lodekeeper] NAV backend=baritone mode=MINE event=CALC_STARTED elapsedMs=4
[14:00:25] [Render thread/INFO] (lodekeeper) [Lodekeeper] NAV calcTool=minecraft:diamond_pickaxe slot=4
[14:00:25] [Render thread/INFO] (lodekeeper) [Lodekeeper] ROUTE_SEARCH kind=unknown anchor=unknown feet_y16=0 candidates=0 target=none elapsed_ms=762595
[14:00:25] [Render thread/INFO] (lodekeeper) [Lodekeeper] NAV backend=baritone mode=MINE event=CALC_FINISHED_NOW_EXECUTING elapsedMs=507
[14:00:25] [Render thread/INFO] (lodekeeper) [Lodekeeper] NAV backend=baritone mode=MINE event=NEXT_SEGMENT_CALC_STARTED elapsedMs=508
[14:00:27] [Render thread/INFO] (lodekeeper) [Lodekeeper] PROGRESS elapsed_ms=763962 phase=searching backend=baritone target=none navigation_elapsed_ms=1395 navigation_ticks=28 searching=true path_index=0 path_length=7 retries=0 pending_route_events=0 dropped_route_events=0 status=mining_and_collecting_minecraft:diamond___0/12___planning_next_route
[14:00:28] [Render thread/INFO] (lodekeeper) [Lodekeeper] NAV backend=baritone mode=MINE event=PATH_FINISHED_NEXT_STILL_CALCULATING elapsedMs=2801
[14:00:29] [Render thread/INFO] (lodekeeper) [Lodekeeper] PROGRESS elapsed_ms=766017 phase=searching backend=baritone target=none navigation_elapsed_ms=3622 navigation_ticks=72 searching=true path_index=0 path_length=0 retries=0 pending_route_events=0 dropped_route_events=0 status=mining_and_collecting_minecraft:diamond___0/12___planning_next_route
[14:00:29] [Render thread/INFO] (lodekeeper) [Lodekeeper] NAV backend=baritone mode=MINE event=CALC_FINISHED_NOW_EXECUTING elapsedMs=4511
[14:00:29] [Render thread/INFO] (lodekeeper) [Lodekeeper] NAV backend=baritone mode=MINE event=NEXT_SEGMENT_CALC_STARTED elapsedMs=4512
[14:00:29] [Render thread/INFO] (lodekeeper) [Lodekeeper] NAV backend=baritone mode=IDLE event=CANCELED elapsedMs=4546
[14:00:29] [Render thread/INFO] (lodekeeper) [Lodekeeper] NAV backend=baritone mode=IDLE event=CANCELED elapsedMs=4546
[14:00:30] [Render thread/INFO] (lodekeeper) [Lodekeeper] NAV backend=baritone mode=IDLE event=CANCELED elapsedMs=4614
[14:00:30] [Render thread/INFO] (lodekeeper) [Lodekeeper] NAV backend=baritone mode=IDLE event=CANCELED elapsedMs=4648
[14:00:30] [Render thread/INFO] (lodekeeper) [Lodekeeper] NAV backend=baritone mode=IDLE event=CANCELED elapsedMs=4717
[14:00:30] [Render thread/INFO] (lodekeeper) [Lodekeeper] NAV backend=baritone mode=IDLE event=CANCELED elapsedMs=4751
[14:00:30] [Render thread/INFO] (lodekeeper) [Lodekeeper] NAV backend=baritone mode=IDLE event=CANCELED elapsedMs=4820
[14:00:30] [Render thread/INFO] (lodekeeper) [Lodekeeper] NAV backend=baritone mode=IDLE event=CANCELED elapsedMs=4854
[14:00:30] [Render thread/INFO] (lodekeeper) [Lodekeeper] NAV backend=baritone mode=IDLE event=CANCELED elapsedMs=4924
[14:00:30] [Render thread/INFO] (lodekeeper) [Lodekeeper] NAV backend=baritone mode=IDLE event=CANCELED elapsedMs=4958
[14:00:30] [Render thread/INFO] (lodekeeper) [Lodekeeper] FOOD_PURSUIT event=start target=2603565d-e99a-4ee0-a8b3-ee0f63bfd500 routes=1 failedRoutes=0 attacks=0 health=10.0 closestBoxDistance=30.84 elapsedMs=0
[14:00:30] [Render thread/INFO] (lodekeeper) [Lodekeeper] NAV backend=baritone mode=FOLLOW event=CALC_STARTED elapsedMs=0
[14:00:30] [Render thread/INFO] (lodekeeper) [Lodekeeper] NAV calcTool=minecraft:iron_pickaxe slot=5
[14:00:30] [Render thread/INFO] (lodekeeper) [Lodekeeper] NAV backend=baritone mode=FOLLOW event=CALC_FINISHED_NOW_EXECUTING elapsedMs=68
[14:00:31] [Render thread/INFO] (lodekeeper) [Lodekeeper] PROGRESS elapsed_ms=768037 phase=traveling backend=baritone target=none navigation_elapsed_ms=616 navigation_ticks=12 searching=false path_index=0 path_length=29 retries=0 pending_route_events=0 dropped_route_events=0 status=pursuing_cow__1_
[14:00:32] [Render thread/INFO] (lodekeeper) [Lodekeeper] NAV backend=baritone mode=FOLLOW event=CALC_STARTED elapsedMs=2198
[14:00:32] [Render thread/INFO] (lodekeeper) [Lodekeeper] NAV calcTool=minecraft:iron_pickaxe slot=5
[14:00:32] [Render thread/INFO] (lodekeeper) [Lodekeeper] NAV backend=baritone mode=FOLLOW event=CALC_FINISHED_NOW_EXECUTING elapsedMs=2198
[14:00:33] [Render thread/INFO] (lodekeeper) [Lodekeeper] FOOD_PURSUIT event=abort target=2603565d-e99a-4ee0-a8b3-ee0f63bfd500 routes=1 failedRoutes=0 attacks=0 health=10.0 closestBoxDistance=20.03 elapsedMs=2608
[14:00:33] [Render thread/INFO] (Minecraft) [System] [CHAT] [Lodekeeper] Food acquisition is replanning: passive food action failed: tracked animal changed or became unsafe before attack; movement cancellation remains pending
[14:00:33] [Render thread/INFO] (lodekeeper) [Lodekeeper] STATION_POLICY decision=replace_distant station=minecraft:furnace position=BlockPos{x=5, y=60, z=30}
[14:00:33] [Render thread/INFO] (lodekeeper) [Lodekeeper] FOOD_PREPARATION decision=batch_raw_food nutrition=9 cooked_potential=24 target=36
[14:00:33] [Render thread/INFO] (lodekeeper) [Lodekeeper] NAV backend=baritone mode=IDLE event=CALC_STARTED elapsedMs=2610
[14:00:33] [Render thread/INFO] (lodekeeper) [Lodekeeper] NAV calcTool=minecraft:diamond_pickaxe slot=4
[14:00:33] [Render thread/INFO] (lodekeeper) [Lodekeeper] NAV backend=baritone mode=IDLE event=CALC_FINISHED_NOW_EXECUTING elapsedMs=2610
[14:00:33] [Render thread/INFO] (lodekeeper) [Lodekeeper] NAV backend=baritone mode=IDLE event=CANCELED elapsedMs=2610
[14:00:33] [Render thread/INFO] (lodekeeper) [Lodekeeper] NAV backend=baritone mode=IDLE event=CANCELED elapsedMs=2611
[14:00:33] [lodekeeper-planner/INFO] (lodekeeper) [Lodekeeper] PROJECT_MATERIALS project=gear_diamond before=[gather:minecraft:diamond_ore:2, gather:minecraft:diamond_ore:7, gather:minecraft:diamond_ore:1, gather:minecraft:diamond_ore:2] after=[gather:minecraft:diamond_ore:2, gather:minecraft:diamond_ore:7, gather:minecraft:diamond_ore:1, gather:minecraft:diamond_ore:2]
[14:00:33] [lodekeeper-planner/INFO] (lodekeeper) [Lodekeeper] PLAN project=gear_diamond success=true steps=10 branches=44 elapsedMs=0.891763
[14:00:33] [Render thread/INFO] (lodekeeper) [Lodekeeper] PROGRESS elapsed_ms=770064 phase=working backend=baritone target=none navigation_elapsed_ms=0 navigation_ticks=0 searching=false path_index=0 path_length=0 retries=0 pending_route_events=0 dropped_route_events=0 status=finishing_movement_before_inventory_actions
[14:00:33] [Render thread/INFO] (lodekeeper) [Lodekeeper] NAV backend=baritone mode=IDLE event=CANCELED elapsedMs=2677
[14:00:33] [Render thread/INFO] (lodekeeper) [Lodekeeper] NAV backend=baritone mode=IDLE event=CANCELED elapsedMs=2711
[14:00:33] [Render thread/INFO] (lodekeeper) [Lodekeeper] NAV backend=baritone mode=IDLE event=CANCELED elapsedMs=2778
[14:00:33] [Render thread/INFO] (lodekeeper) [Lodekeeper] STEP kind=GATHER source=gather:minecraft:diamond_ore output=minecraft:diamond count=12 operations=12 auxiliary=false
[14:00:33] [Render thread/INFO] (lodekeeper) [Lodekeeper] NAV scan=native-mine durationNanos=4553320 hits=-1 requestTicks=0
[14:00:33] [Render thread/INFO] (lodekeeper) [Lodekeeper] NAV backend=baritone mode=MINE event=CALC_STARTED elapsedMs=5
[14:00:33] [Render thread/INFO] (lodekeeper) [Lodekeeper] NAV calcTool=minecraft:diamond_pickaxe slot=4
[14:00:33] [Render thread/INFO] (lodekeeper) [Lodekeeper] ROUTE_SEARCH kind=unknown anchor=unknown feet_y16=0 candidates=0 target=none elapsed_ms=770421
[14:00:33] [Render thread/INFO] (lodekeeper) [Lodekeeper] NAV backend=baritone mode=MINE event=CALC_FINISHED_NOW_EXECUTING elapsedMs=563
[14:00:33] [Render thread/INFO] (lodekeeper) [Lodekeeper] NAV backend=baritone mode=MINE event=NEXT_SEGMENT_CALC_STARTED elapsedMs=564
[14:00:35] [Render thread/INFO] (lodekeeper) [Lodekeeper] PROGRESS elapsed_ms=772066 phase=searching backend=baritone target=none navigation_elapsed_ms=1798 navigation_ticks=36 searching=true path_index=0 path_length=5 retries=0 pending_route_events=0 dropped_route_events=0 status=mining_and_collecting_minecraft:diamond___0/12___planning_next_route
[14:00:35] [Render thread/INFO] (lodekeeper) [Lodekeeper] NAV backend=baritone mode=MINE event=PATH_FINISHED_NEXT_STILL_CALCULATING elapsedMs=2344
[14:00:37] [Render thread/INFO] (lodekeeper) [Lodekeeper] PROGRESS elapsed_ms=774091 phase=searching backend=baritone target=none navigation_elapsed_ms=3786 navigation_ticks=76 searching=true path_index=0 path_length=0 retries=0 pending_route_events=0 dropped_route_events=0 status=mining_and_collecting_minecraft:diamond___0/12___planning_next_route
[14:00:37] [Render thread/INFO] (lodekeeper) [Lodekeeper] ROUTE_TRAVEL path_index=0 path_length=50 target=none elapsed_ms=774814
[14:00:37] [Render thread/INFO] (lodekeeper) [Lodekeeper] NAV backend=baritone mode=MINE event=CALC_FINISHED_NOW_EXECUTING elapsedMs=4615
[14:00:38] [Render thread/INFO] (lodekeeper) [Lodekeeper] BREAK target=Mutable{x=-5, y=69, z=62} block=Block{minecraft:grass_block} tool=minecraft:andesite slot=0 remaining=-1 required=route
[14:00:39] [Render thread/INFO] (lodekeeper) [Lodekeeper] PROGRESS elapsed_ms=776126 phase=traveling backend=baritone target=none navigation_elapsed_ms=5811 navigation_ticks=116 searching=false path_index=0 path_length=47 retries=0 pending_route_events=0 dropped_route_events=0 status=mining_and_collecting_minecraft:diamond___0/12
[14:00:39] [Render thread/INFO] (lodekeeper) [Lodekeeper] BREAK target=Mutable{x=-5, y=68, z=62} block=Block{minecraft:dirt} tool=minecraft:andesite slot=0 remaining=-1 required=route
[14:00:40] [Render thread/INFO] (lodekeeper) [Lodekeeper] NAV discovered=2 retained=58 rejected=0 requestTicks=139 phase=MINE
[14:00:40] [Render thread/INFO] (lodekeeper) [Lodekeeper] BREAK target=Mutable{x=-5, y=67, z=62} block=Block{minecraft:dirt} tool=minecraft:andesite slot=0 remaining=-1 required=route
[14:00:41] [Render thread/INFO] (lodekeeper) [Lodekeeper] PROGRESS elapsed_ms=778149 phase=traveling backend=baritone target=none navigation_elapsed_ms=7811 navigation_ticks=156 searching=false path_index=0 path_length=46 retries=0 pending_route_events=0 dropped_route_events=0 status=mining_and_collecting_minecraft:diamond___0/12
[14:00:42] [Render thread/INFO] (lodekeeper) [Lodekeeper] BREAK target=Mutable{x=-5, y=66, z=62} block=Block{minecraft:stone} tool=minecraft:diamond_pickaxe slot=4 remaining=1198 required=route
[14:00:42] [Render thread/INFO] (lodekeeper) [Lodekeeper] BREAK target=Mutable{x=-5, y=65, z=62} block=Block{minecraft:stone} tool=minecraft:diamond_pickaxe slot=4 remaining=1197 required=route
[14:00:43] [Render thread/INFO] (lodekeeper) [Lodekeeper] NAV backend=baritone mode=IDLE event=CANCELED elapsedMs=9945
[14:00:43] [Render thread/INFO] (lodekeeper) [Lodekeeper] NAV backend=baritone mode=IDLE event=CANCELED elapsedMs=9945
[14:00:43] [Render thread/INFO] (lodekeeper) [Lodekeeper] FOOD_PURSUIT event=start target=2603565d-e99a-4ee0-a8b3-ee0f63bfd500 routes=1 failedRoutes=0 attacks=0 health=10.0 closestBoxDistance=26.09 elapsedMs=0
[14:00:43] [Render thread/INFO] (lodekeeper) [Lodekeeper] PROGRESS elapsed_ms=780213 phase=working backend=baritone target=none navigation_elapsed_ms=0 navigation_ticks=0 searching=false path_index=0 path_length=0 retries=0 pending_route_events=0 dropped_route_events=0 status=pursuing_cow__1_
[14:00:43] [Render thread/INFO] (lodekeeper) [Lodekeeper] NAV backend=baritone mode=FOLLOW event=CALC_STARTED elapsedMs=1
[14:00:43] [Render thread/INFO] (lodekeeper) [Lodekeeper] NAV calcTool=minecraft:iron_pickaxe slot=5
[14:00:43] [Render thread/INFO] (lodekeeper) [Lodekeeper] NAV backend=baritone mode=FOLLOW event=CALC_FINISHED_NOW_EXECUTING elapsedMs=35
[14:00:43] [Render thread/INFO] (lodekeeper) [Lodekeeper] NAV backend=baritone mode=FOLLOW event=CALC_STARTED elapsedMs=104
[14:00:43] [Render thread/INFO] (lodekeeper) [Lodekeeper] NAV calcTool=minecraft:cobblestone slot=1
[14:00:43] [Render thread/INFO] (lodekeeper) [Lodekeeper] NAV backend=baritone mode=FOLLOW event=CALC_FINISHED_NOW_EXECUTING elapsedMs=105
[14:00:43] [Render thread/INFO] (lodekeeper) [Lodekeeper] NAV backend=baritone mode=FOLLOW event=CALC_STARTED elapsedMs=683
[14:00:43] [Render thread/INFO] (lodekeeper) [Lodekeeper] NAV calcTool=minecraft:cobblestone slot=1
[14:00:43] [Render thread/INFO] (lodekeeper) [Lodekeeper] NAV backend=baritone mode=FOLLOW event=CALC_FINISHED_NOW_EXECUTING elapsedMs=683
[14:00:44] [Render thread/INFO] (lodekeeper) [Lodekeeper] BREAK target=Mutable{x=-6, y=68, z=62} block=Block{minecraft:grass_block} tool=minecraft:andesite slot=0 remaining=-1 required=route
[14:00:45] [Render thread/INFO] (lodekeeper) [Lodekeeper] PROGRESS elapsed_ms=782262 phase=traveling backend=baritone target=none navigation_elapsed_ms=1981 navigation_ticks=40 searching=false path_index=0 path_length=38 retries=0 pending_route_events=0 dropped_route_events=0 status=pursuing_cow__1_
[14:00:46] [Render thread/INFO] (lodekeeper) [Lodekeeper] NAV backend=baritone mode=FOLLOW event=CALC_STARTED elapsedMs=3630
[14:00:46] [Render thread/INFO] (lodekeeper) [Lodekeeper] NAV calcTool=minecraft:andesite slot=0
[14:00:46] [Render thread/INFO] (lodekeeper) [Lodekeeper] NAV backend=baritone mode=FOLLOW event=CALC_FINISHED_NOW_EXECUTING elapsedMs=3630
[14:00:47] [Render thread/INFO] (lodekeeper) [Lodekeeper] PROGRESS elapsed_ms=784285 phase=traveling backend=baritone target=none navigation_elapsed_ms=3970 navigation_ticks=80 searching=false path_index=0 path_length=29 retries=0 pending_route_events=0 dropped_route_events=0 status=pursuing_cow__1_
[14:00:48] [Render thread/INFO] (lodekeeper) [Lodekeeper] NAV backend=baritone mode=FOLLOW event=CALC_STARTED elapsedMs=4976
[14:00:48] [Render thread/INFO] (lodekeeper) [Lodekeeper] NAV calcTool=minecraft:andesite slot=0
[14:00:48] [Render thread/INFO] (lodekeeper) [Lodekeeper] NAV backend=baritone mode=FOLLOW event=CALC_FINISHED_NOW_EXECUTING elapsedMs=4977
[14:00:48] [Render thread/INFO] (lodekeeper) [Lodekeeper] NAV backend=baritone mode=FOLLOW event=CALC_STARTED elapsedMs=5523
[14:00:48] [Render thread/INFO] (lodekeeper) [Lodekeeper] NAV calcTool=minecraft:andesite slot=0
[14:00:48] [Render thread/INFO] (lodekeeper) [Lodekeeper] NAV backend=baritone mode=FOLLOW event=CALC_FINISHED_NOW_EXECUTING elapsedMs=5523
[14:00:49] [Render thread/INFO] (lodekeeper) [Lodekeeper] PROGRESS elapsed_ms=786286 phase=traveling backend=baritone target=none navigation_elapsed_ms=6003 navigation_ticks=120 searching=false path_index=0 path_length=23 retries=0 pending_route_events=0 dropped_route_events=0 status=pursuing_cow__1_
[14:00:50] [Render thread/INFO] (lodekeeper) [Lodekeeper] NAV backend=baritone mode=FOLLOW event=CALC_STARTED elapsedMs=6895
[14:00:50] [Render thread/INFO] (lodekeeper) [Lodekeeper] NAV calcTool=minecraft:andesite slot=0
[14:00:50] [Render thread/INFO] (lodekeeper) [Lodekeeper] NAV backend=baritone mode=FOLLOW event=CALC_FINISHED_NOW_EXECUTING elapsedMs=6896
[14:00:50] [Render thread/INFO] (lodekeeper) [Lodekeeper] NAV backend=baritone mode=FOLLOW event=CALC_STARTED elapsedMs=7450
[14:00:50] [Render thread/INFO] (lodekeeper) [Lodekeeper] NAV calcTool=minecraft:andesite slot=0
[14:00:50] [Render thread/INFO] (lodekeeper) [Lodekeeper] NAV backend=baritone mode=FOLLOW event=CALC_FINISHED_NOW_EXECUTING elapsedMs=7450
[14:00:51] [Render thread/INFO] (lodekeeper) [Lodekeeper] PROGRESS elapsed_ms=788315 phase=traveling backend=baritone target=none navigation_elapsed_ms=7999 navigation_ticks=160 searching=false path_index=0 path_length=17 retries=0 pending_route_events=0 dropped_route_events=0 status=pursuing_cow__1_
[14:00:51] [Render thread/INFO] (lodekeeper) [Lodekeeper] NAV backend=baritone mode=FOLLOW event=CALC_STARTED elapsedMs=8649
[14:00:51] [Render thread/INFO] (lodekeeper) [Lodekeeper] NAV calcTool=minecraft:andesite slot=0
[14:00:51] [Render thread/INFO] (lodekeeper) [Lodekeeper] NAV backend=baritone mode=FOLLOW event=CALC_FINISHED_NOW_EXECUTING elapsedMs=8649
[14:00:52] [Render thread/INFO] (lodekeeper) [Lodekeeper] NAV backend=baritone mode=FOLLOW event=CALC_STARTED elapsedMs=8753
[14:00:52] [Render thread/INFO] (lodekeeper) [Lodekeeper] NAV calcTool=minecraft:andesite slot=0
[14:00:52] [Render thread/INFO] (lodekeeper) [Lodekeeper] NAV backend=baritone mode=FOLLOW event=CALC_FINISHED_NOW_EXECUTING elapsedMs=8753
[14:00:53] [Render thread/INFO] (lodekeeper) [Lodekeeper] PROGRESS elapsed_ms=790365 phase=traveling backend=baritone target=none navigation_elapsed_ms=9980 navigation_ticks=200 searching=false path_index=0 path_length=11 retries=0 pending_route_events=0 dropped_route_events=0 status=pursuing_cow__1_
[14:00:55] [Render thread/INFO] (lodekeeper) [Lodekeeper] FOOD_PURSUIT event=in-reach target=2603565d-e99a-4ee0-a8b3-ee0f63bfd500 routes=1 failedRoutes=0 attacks=0 health=10.0 closestBoxDistance=2.9 elapsedMs=11925
[14:00:55] [Render thread/INFO] (lodekeeper) [Lodekeeper] NAV backend=baritone mode=IDLE event=CANCELED elapsedMs=11926
[14:00:55] [Render thread/INFO] (lodekeeper) [Lodekeeper] NAV backend=baritone mode=IDLE event=CANCELED elapsedMs=11926
[14:00:55] [Render thread/INFO] (lodekeeper) [Lodekeeper] NAV backend=baritone mode=IDLE event=CANCELED elapsedMs=11994
[14:00:55] [Render thread/INFO] (lodekeeper) [Lodekeeper] NAV backend=baritone mode=IDLE event=CANCELED elapsedMs=12029
[14:00:55] [Render thread/INFO] (lodekeeper) [Lodekeeper] NAV backend=baritone mode=IDLE event=CANCELED elapsedMs=12096
[14:00:55] [Render thread/INFO] (lodekeeper) [Lodekeeper] PROGRESS elapsed_ms=792409 phase=working backend=baritone target=none navigation_elapsed_ms=0 navigation_ticks=0 searching=false path_index=0 path_length=0 retries=0 pending_route_events=0 dropped_route_events=0 status=attacking_cow
[14:00:56] [Render thread/INFO] (lodekeeper) [Lodekeeper] FOOD_TOOL slot=5 item=minecraft:iron_pickaxe damage=4.0 wear=2 remainingDurability=150
[14:00:56] [Render thread/INFO] (lodekeeper) [Lodekeeper] FOOD_PURSUIT event=native-attack target=2603565d-e99a-4ee0-a8b3-ee0f63bfd500 routes=1 failedRoutes=0 attacks=1 health=10.0 closestBoxDistance=1.41 elapsedMs=13096
[14:00:56] [Render thread/INFO] (lodekeeper) [Lodekeeper] FOOD_PURSUIT event=health-progress target=2603565d-e99a-4ee0-a8b3-ee0f63bfd500 routes=1 failedRoutes=0 attacks=1 health=4.0 closestBoxDistance=1.25 elapsedMs=13155
[14:00:57] [Render thread/INFO] (lodekeeper) [Lodekeeper] FOOD_TOOL slot=5 item=minecraft:iron_pickaxe damage=4.0 wear=2 remainingDurability=148
[14:00:57] [Render thread/INFO] (lodekeeper) [Lodekeeper] FOOD_PURSUIT event=native-attack target=2603565d-e99a-4ee0-a8b3-ee0f63bfd500 routes=1 failedRoutes=0 attacks=2 health=4.0 closestBoxDistance=0.7 elapsedMs=13930
[14:00:57] [Render thread/INFO] (lodekeeper) [Lodekeeper] FOOD_PURSUIT event=health-progress target=2603565d-e99a-4ee0-a8b3-ee0f63bfd500 routes=1 failedRoutes=0 attacks=2 health=0.0 closestBoxDistance=0.62 elapsedMs=13997
[14:00:57] [Render thread/INFO] (lodekeeper) [Lodekeeper] NAV backend=baritone mode=PICKUP event=CALC_STARTED elapsedMs=0
[14:00:57] [Render thread/INFO] (lodekeeper) [Lodekeeper] NAV calcTool=minecraft:iron_pickaxe slot=5
[14:00:57] [Render thread/INFO] (lodekeeper) [Lodekeeper] NAV backend=baritone mode=PICKUP event=CALC_FINISHED_NOW_EXECUTING elapsedMs=68
[14:00:57] [Render thread/INFO] (lodekeeper) [Lodekeeper] PROGRESS elapsed_ms=794412 phase=working backend=baritone target=none navigation_elapsed_ms=0 navigation_ticks=0 searching=false path_index=0 path_length=0 retries=0 pending_route_events=0 dropped_route_events=0 status=collecting_minecraft:beef
[14:00:57] [Render thread/INFO] (lodekeeper) [Lodekeeper] NAV backend=baritone mode=IDLE event=CANCELED elapsedMs=411
[14:00:57] [Render thread/INFO] (lodekeeper) [Lodekeeper] NAV backend=baritone mode=IDLE event=CANCELED elapsedMs=411
[14:00:57] [Render thread/INFO] (lodekeeper) [Lodekeeper] NAV backend=baritone mode=IDLE event=CANCELED elapsedMs=444
[14:00:57] [Render thread/INFO] (lodekeeper) [Lodekeeper] NAV backend=baritone mode=IDLE event=CANCELED elapsedMs=512
[14:00:57] [Render thread/INFO] (lodekeeper) [Lodekeeper] NAV backend=baritone mode=IDLE event=CANCELED elapsedMs=547
[14:00:57] [Render thread/INFO] (lodekeeper) [Lodekeeper] NAV backend=baritone mode=IDLE event=CANCELED elapsedMs=615
[14:00:57] [Render thread/INFO] (lodekeeper) [Lodekeeper] NAV backend=baritone mode=IDLE event=CANCELED elapsedMs=649
[14:00:58] [Render thread/INFO] (lodekeeper) [Lodekeeper] NAV backend=baritone mode=IDLE event=CANCELED elapsedMs=719
[14:00:58] [Render thread/INFO] (lodekeeper) [Lodekeeper] NAV backend=baritone mode=IDLE event=CANCELED elapsedMs=754
[14:00:58] [Render thread/INFO] (lodekeeper) [Lodekeeper] NAV backend=baritone mode=IDLE event=CANCELED elapsedMs=790
[14:00:58] [Render thread/INFO] (lodekeeper) [Lodekeeper] NAV backend=baritone mode=IDLE event=CANCELED elapsedMs=859
[14:00:58] [Render thread/INFO] (lodekeeper) [Lodekeeper] NAV backend=baritone mode=IDLE event=CANCELED elapsedMs=893
[14:00:58] [Render thread/INFO] (lodekeeper) [Lodekeeper] NAV backend=baritone mode=IDLE event=CANCELED elapsedMs=961
[14:00:58] [Render thread/INFO] (lodekeeper) [Lodekeeper] NAV backend=baritone mode=IDLE event=CANCELED elapsedMs=995
[14:00:58] [Render thread/INFO] (lodekeeper) [Lodekeeper] NAV backend=baritone mode=IDLE event=CANCELED elapsedMs=1065
[14:00:58] [Render thread/INFO] (lodekeeper) [Lodekeeper] NAV backend=baritone mode=IDLE event=CANCELED elapsedMs=1099
[14:00:58] [Render thread/INFO] (lodekeeper) [Lodekeeper] NAV backend=baritone mode=IDLE event=CANCELED elapsedMs=1167
[14:00:58] [Render thread/INFO] (lodekeeper) [Lodekeeper] NAV backend=baritone mode=IDLE event=CANCELED elapsedMs=1202
[14:00:58] [Render thread/INFO] (lodekeeper) [Lodekeeper] NAV backend=baritone mode=IDLE event=CANCELED elapsedMs=1271
[14:00:58] [Render thread/INFO] (lodekeeper) [Lodekeeper] NAV backend=baritone mode=IDLE event=CANCELED elapsedMs=1305
[14:00:58] [Render thread/INFO] (lodekeeper) [Lodekeeper] NAV backend=baritone mode=IDLE event=CANCELED elapsedMs=1339
[14:00:58] [Render thread/INFO] (lodekeeper) [Lodekeeper] NAV backend=baritone mode=IDLE event=CANCELED elapsedMs=1407
[14:00:58] [Render thread/INFO] (lodekeeper) [Lodekeeper] NAV backend=baritone mode=IDLE event=CANCELED elapsedMs=1441
[14:00:58] [Render thread/INFO] (lodekeeper) [Lodekeeper] NAV backend=baritone mode=IDLE event=CANCELED elapsedMs=1511
[14:00:58] [Render thread/INFO] (lodekeeper) [Lodekeeper] STATION_POLICY decision=replace_distant station=minecraft:furnace position=BlockPos{x=5, y=60, z=30}
[14:00:58] [Render thread/INFO] (lodekeeper) [Lodekeeper] FOOD_PREPARATION decision=cook_stored_food nutrition=15 cooked_potential=40 target=36
[14:00:58] [lodekeeper-planner/INFO] (lodekeeper) [Lodekeeper] PROJECT_MATERIALS project=gear_diamond before=[gather:minecraft:diamond_ore:2, gather:minecraft:diamond_ore:7, gather:minecraft:diamond_ore:1, gather:minecraft:diamond_ore:2] after=[gather:minecraft:diamond_ore:2, gather:minecraft:diamond_ore:7, gather:minecraft:diamond_ore:1, gather:minecraft:diamond_ore:2]
[14:00:58] [lodekeeper-planner/INFO] (lodekeeper) [Lodekeeper] PLAN project=gear_diamond success=true steps=10 branches=44 elapsedMs=0.957126
[14:00:59] [Render thread/INFO] (lodekeeper) [Lodekeeper] PROGRESS elapsed_ms=796437 phase=eating backend=baritone target=none navigation_elapsed_ms=0 navigation_ticks=0 searching=false path_index=0 path_length=0 retries=0 pending_route_events=0 dropped_route_events=0 status=eating_before_continuing_project_gear_diamond___minecraft:diamond_hoe
[14:01:00] [Render thread/INFO] (lodekeeper) [Lodekeeper] STATION_POLICY decision=replace_distant station=minecraft:furnace position=BlockPos{x=5, y=60, z=30}
[14:01:00] [Render thread/INFO] (lodekeeper) [Lodekeeper] FOOD_PREPARATION decision=batch_raw_food nutrition=12 cooked_potential=32 target=36
[14:01:00] [lodekeeper-planner/INFO] (lodekeeper) [Lodekeeper] PROJECT_MATERIALS project=gear_diamond before=[gather:minecraft:diamond_ore:2, gather:minecraft:diamond_ore:7, gather:minecraft:diamond_ore:1, gather:minecraft:diamond_ore:2] after=[gather:minecraft:diamond_ore:2, gather:minecraft:diamond_ore:7, gather:minecraft:diamond_ore:1, gather:minecraft:diamond_ore:2]
[14:01:00] [lodekeeper-planner/INFO] (lodekeeper) [Lodekeeper] PLAN project=gear_diamond success=true steps=10 branches=44 elapsedMs=1.28626
[14:01:00] [Render thread/INFO] (lodekeeper) [Lodekeeper] STEP kind=GATHER source=gather:minecraft:diamond_ore output=minecraft:diamond count=12 operations=12 auxiliary=false
[14:01:00] [Render thread/INFO] (lodekeeper) [Lodekeeper] NAV scan=native-mine durationNanos=4914675 hits=-1 requestTicks=0
[14:01:00] [Render thread/INFO] (lodekeeper) [Lodekeeper] NAV backend=baritone mode=MINE event=CALC_STARTED elapsedMs=5
[14:01:00] [Render thread/INFO] (lodekeeper) [Lodekeeper] NAV calcTool=minecraft:diamond_pickaxe slot=4
[14:01:00] [Render thread/INFO] (lodekeeper) [Lodekeeper] NAV backend=baritone mode=IDLE event=CANCELED elapsedMs=66
[14:01:00] [Render thread/INFO] (lodekeeper) [Lodekeeper] NAV backend=baritone mode=IDLE event=CANCELED elapsedMs=66
[14:01:00] [Render thread/INFO] (lodekeeper) [Lodekeeper] NAV backend=baritone mode=IDLE event=CANCELED elapsedMs=99
[14:01:00] [Render thread/INFO] (lodekeeper) [Lodekeeper] FOOD_PURSUIT event=start target=a6e8f754-1765-4e62-a14c-12098b8276bb routes=1 failedRoutes=0 attacks=0 health=10.0 closestBoxDistance=20.51 elapsedMs=0
[14:01:00] [Render thread/INFO] (lodekeeper) [Lodekeeper] NAV backend=baritone mode=FOLLOW event=CALC_STARTED elapsedMs=0
[14:01:00] [Render thread/INFO] (lodekeeper) [Lodekeeper] NAV calcTool=minecraft:iron_pickaxe slot=5
[14:01:00] [Render thread/INFO] (lodekeeper) [Lodekeeper] NAV backend=baritone mode=FOLLOW event=CALC_FINISHED_NOW_EXECUTING elapsedMs=33
[14:01:01] [Render thread/INFO] (lodekeeper) [Lodekeeper] PROGRESS elapsed_ms=798458 phase=traveling backend=baritone target=none navigation_elapsed_ms=581 navigation_ticks=12 searching=false path_index=0 path_length=20 retries=0 pending_route_events=0 dropped_route_events=0 status=pursuing_cow__1_
[14:01:03] [Render thread/INFO] (lodekeeper) [Lodekeeper] PROGRESS elapsed_ms=800506 phase=traveling backend=baritone target=none navigation_elapsed_ms=2798 navigation_ticks=56 searching=false path_index=0 path_length=12 retries=0 pending_route_events=0 dropped_route_events=0 status=pursuing_cow__1_
[14:01:03] [Render thread/INFO] (lodekeeper) [Lodekeeper] NAV backend=baritone mode=FOLLOW event=CALC_STARTED elapsedMs=3003
[14:01:03] [Render thread/INFO] (lodekeeper) [Lodekeeper] NAV calcTool=minecraft:iron_pickaxe slot=5
[14:01:03] [Render thread/INFO] (lodekeeper) [Lodekeeper] NAV backend=baritone mode=FOLLOW event=CALC_FINISHED_NOW_EXECUTING elapsedMs=3003
[14:01:04] [Render thread/INFO] (lodekeeper) [Lodekeeper] NAV backend=baritone mode=FOLLOW event=CALC_STARTED elapsedMs=4096
[14:01:04] [Render thread/INFO] (lodekeeper) [Lodekeeper] NAV calcTool=minecraft:iron_pickaxe slot=5
[14:01:04] [Render thread/INFO] (lodekeeper) [Lodekeeper] NAV backend=baritone mode=FOLLOW event=CALC_FINISHED_NOW_EXECUTING elapsedMs=4096
[14:01:05] [Render thread/INFO] (lodekeeper) [Lodekeeper] FOOD_PURSUIT event=in-reach target=a6e8f754-1765-4e62-a14c-12098b8276bb routes=1 failedRoutes=0 attacks=0 health=10.0 closestBoxDistance=2.95 elapsedMs=4783
[14:01:05] [Render thread/INFO] (lodekeeper) [Lodekeeper] NAV backend=baritone mode=IDLE event=CANCELED elapsedMs=4784
[14:01:05] [Render thread/INFO] (lodekeeper) [Lodekeeper] NAV backend=baritone mode=IDLE event=CANCELED elapsedMs=4784
[14:01:05] [Render thread/INFO] (lodekeeper) [Lodekeeper] PROGRESS elapsed_ms=802558 phase=working backend=baritone target=none navigation_elapsed_ms=0 navigation_ticks=0 searching=false path_index=0 path_length=0 retries=0 pending_route_events=0 dropped_route_events=0 status=finishing_movement_before_inventory_actions
[14:01:05] [Render thread/INFO] (lodekeeper) [Lodekeeper] NAV backend=baritone mode=IDLE event=CANCELED elapsedMs=4851
[14:01:05] [Render thread/INFO] (lodekeeper) [Lodekeeper] NAV backend=baritone mode=IDLE event=CANCELED elapsedMs=4885
[14:01:05] [Render thread/INFO] (lodekeeper) [Lodekeeper] FOOD_TOOL slot=5 item=minecraft:iron_pickaxe damage=4.0 wear=2 remainingDurability=146
[14:01:05] [Render thread/INFO] (lodekeeper) [Lodekeeper] FOOD_PURSUIT event=native-attack target=a6e8f754-1765-4e62-a14c-12098b8276bb routes=1 failedRoutes=0 attacks=1 health=10.0 closestBoxDistance=2.98 elapsedMs=4987
[14:01:05] [Render thread/INFO] (lodekeeper) [Lodekeeper] FOOD_PURSUIT event=health-progress target=a6e8f754-1765-4e62-a14c-12098b8276bb routes=1 failedRoutes=0 attacks=1 health=6.0 closestBoxDistance=3.02 elapsedMs=5057
[14:01:05] [Render thread/INFO] (lodekeeper) [Lodekeeper] FOOD_PURSUIT event=start target=a6e8f754-1765-4e62-a14c-12098b8276bb routes=2 failedRoutes=0 attacks=1 health=6.0 closestBoxDistance=3.02 elapsedMs=5057
[14:01:05] [Render thread/INFO] (lodekeeper) [Lodekeeper] NAV backend=baritone mode=FOLLOW event=CALC_STARTED elapsedMs=0
[14:01:05] [Render thread/INFO] (lodekeeper) [Lodekeeper] NAV calcTool=minecraft:iron_pickaxe slot=5
[14:01:05] [Render thread/INFO] (lodekeeper) [Lodekeeper] NAV backend=baritone mode=FOLLOW event=CALC_FINISHED_NOW_EXECUTING elapsedMs=36
[14:01:05] [Render thread/INFO] (lodekeeper) [Lodekeeper] FOOD_PURSUIT event=in-reach target=a6e8f754-1765-4e62-a14c-12098b8276bb routes=2 failedRoutes=0 attacks=1 health=6.0 closestBoxDistance=2.99 elapsedMs=5127
[14:01:05] [Render thread/INFO] (lodekeeper) [Lodekeeper] NAV backend=baritone mode=IDLE event=CANCELED elapsedMs=70
[14:01:05] [Render thread/INFO] (lodekeeper) [Lodekeeper] NAV backend=baritone mode=IDLE event=CANCELED elapsedMs=70
[14:01:05] [Render thread/INFO] (lodekeeper) [Lodekeeper] NAV backend=baritone mode=IDLE event=CANCELED elapsedMs=137
[14:01:05] [Render thread/INFO] (lodekeeper) [Lodekeeper] NAV backend=baritone mode=IDLE event=CANCELED elapsedMs=171
[14:01:06] [Render thread/INFO] (lodekeeper) [Lodekeeper] FOOD_PURSUIT event=start target=a6e8f754-1765-4e62-a14c-12098b8276bb routes=3 failedRoutes=0 attacks=1 health=6.0 closestBoxDistance=3.26 elapsedMs=5296
[14:01:06] [Render thread/INFO] (lodekeeper) [Lodekeeper] NAV backend=baritone mode=FOLLOW event=CALC_STARTED elapsedMs=0
[14:01:06] [Render thread/INFO] (lodekeeper) [Lodekeeper] NAV calcTool=minecraft:iron_pickaxe slot=5
[14:01:06] [Render thread/INFO] (lodekeeper) [Lodekeeper] NAV backend=baritone mode=FOLLOW event=CALC_FINISHED_NOW_EXECUTING elapsedMs=33
[14:01:06] [Render thread/INFO] (lodekeeper) [Lodekeeper] FOOD_PURSUIT event=in-reach target=a6e8f754-1765-4e62-a14c-12098b8276bb routes=3 failedRoutes=0 attacks=1 health=6.0 closestBoxDistance=2.93 elapsedMs=5499
[14:01:06] [Render thread/INFO] (lodekeeper) [Lodekeeper] NAV backend=baritone mode=IDLE event=CANCELED elapsedMs=204
[14:01:06] [Render thread/INFO] (lodekeeper) [Lodekeeper] NAV backend=baritone mode=IDLE event=CANCELED elapsedMs=204
[14:01:06] [Render thread/INFO] (lodekeeper) [Lodekeeper] NAV backend=baritone mode=IDLE event=CANCELED elapsedMs=238
[14:01:06] [Render thread/INFO] (lodekeeper) [Lodekeeper] NAV backend=baritone mode=IDLE event=CANCELED elapsedMs=308
[14:01:06] [Render thread/INFO] (lodekeeper) [Lodekeeper] NAV backend=baritone mode=IDLE event=CANCELED elapsedMs=341
[14:01:06] [Render thread/INFO] (lodekeeper) [Lodekeeper] FOOD_TOOL slot=5 item=minecraft:iron_pickaxe damage=4.0 wear=2 remainingDurability=144
[14:01:06] [Render thread/INFO] (lodekeeper) [Lodekeeper] FOOD_PURSUIT event=native-attack target=a6e8f754-1765-4e62-a14c-12098b8276bb routes=3 failedRoutes=0 attacks=2 health=6.0 closestBoxDistance=2.87 elapsedMs=5840
[14:01:06] [Render thread/INFO] (lodekeeper) [Lodekeeper] FOOD_PURSUIT event=health-progress target=a6e8f754-1765-4e62-a14c-12098b8276bb routes=3 failedRoutes=0 attacks=2 health=2.0 closestBoxDistance=2.95 elapsedMs=5908
[14:01:06] [Render thread/INFO] (lodekeeper) [Lodekeeper] FOOD_PURSUIT event=start target=a6e8f754-1765-4e62-a14c-12098b8276bb routes=4 failedRoutes=0 attacks=2 health=2.0 closestBoxDistance=3.05 elapsedMs=5942
[14:01:06] [Render thread/INFO] (lodekeeper) [Lodekeeper] NAV backend=baritone mode=FOLLOW event=CALC_STARTED elapsedMs=0
[14:01:06] [Render thread/INFO] (lodekeeper) [Lodekeeper] NAV calcTool=minecraft:iron_pickaxe slot=5
[14:01:06] [Render thread/INFO] (lodekeeper) [Lodekeeper] NAV backend=baritone mode=FOLLOW event=CALC_FINISHED_NOW_EXECUTING elapsedMs=35
[14:01:06] [Render thread/INFO] (lodekeeper) [Lodekeeper] NAV backend=baritone mode=FOLLOW event=CALC_STARTED elapsedMs=139
[14:01:06] [Render thread/INFO] (lodekeeper) [Lodekeeper] NAV calcTool=minecraft:iron_pickaxe slot=5
[14:01:06] [Render thread/INFO] (lodekeeper) [Lodekeeper] NAV backend=baritone mode=FOLLOW event=CALC_FINISHED_NOW_EXECUTING elapsedMs=139
[14:01:06] [Render thread/INFO] (lodekeeper) [Lodekeeper] NAV backend=baritone mode=FOLLOW event=CALC_STARTED elapsedMs=244
[14:01:06] [Render thread/INFO] (lodekeeper) [Lodekeeper] NAV calcTool=minecraft:iron_pickaxe slot=5
[14:01:06] [Render thread/INFO] (lodekeeper) [Lodekeeper] NAV backend=baritone mode=FOLLOW event=CALC_FINISHED_NOW_EXECUTING elapsedMs=244
[14:01:07] [Render thread/INFO] (lodekeeper) [Lodekeeper] NAV backend=baritone mode=FOLLOW event=CALC_STARTED elapsedMs=312
[14:01:07] [Render thread/INFO] (lodekeeper) [Lodekeeper] NAV calcTool=minecraft:iron_pickaxe slot=5
[14:01:07] [Render thread/INFO] (lodekeeper) [Lodekeeper] NAV backend=baritone mode=FOLLOW event=CALC_FINISHED_NOW_EXECUTING elapsedMs=314
[14:01:07] [Render thread/INFO] (lodekeeper) [Lodekeeper] NAV backend=baritone mode=FOLLOW event=CALC_STARTED elapsedMs=517
[14:01:07] [Render thread/INFO] (lodekeeper) [Lodekeeper] NAV calcTool=minecraft:iron_pickaxe slot=5
[14:01:07] [Render thread/INFO] (lodekeeper) [Lodekeeper] NAV backend=baritone mode=FOLLOW event=CALC_FINISHED_NOW_EXECUTING elapsedMs=518
[14:01:07] [Render thread/INFO] (lodekeeper) [Lodekeeper] NAV backend=baritone mode=FOLLOW event=CALC_STARTED elapsedMs=793
[14:01:07] [Render thread/INFO] (lodekeeper) [Lodekeeper] NAV calcTool=minecraft:iron_pickaxe slot=5
[14:01:07] [Render thread/INFO] (lodekeeper) [Lodekeeper] NAV backend=baritone mode=FOLLOW event=CALC_FINISHED_NOW_EXECUTING elapsedMs=793
[14:01:07] [Render thread/INFO] (lodekeeper) [Lodekeeper] PROGRESS elapsed_ms=804614 phase=traveling backend=baritone target=none navigation_elapsed_ms=792 navigation_ticks=16 searching=false path_index=0 path_length=6 retries=0 pending_route_events=0 dropped_route_events=0 status=pursuing_cow__4_
[14:01:08] [Render thread/INFO] (lodekeeper) [Lodekeeper] FOOD_PURSUIT event=in-reach target=a6e8f754-1765-4e62-a14c-12098b8276bb routes=4 failedRoutes=0 attacks=2 health=2.0 closestBoxDistance=1.86 elapsedMs=7353
[14:01:08] [Render thread/INFO] (lodekeeper) [Lodekeeper] NAV backend=baritone mode=IDLE event=CANCELED elapsedMs=1411
[14:01:08] [Render thread/INFO] (lodekeeper) [Lodekeeper] NAV backend=baritone mode=IDLE event=CANCELED elapsedMs=1411
[14:01:08] [Render thread/INFO] (lodekeeper) [Lodekeeper] NAV backend=baritone mode=IDLE event=CANCELED elapsedMs=1445
[14:01:08] [Render thread/INFO] (lodekeeper) [Lodekeeper] NAV backend=baritone mode=IDLE event=CANCELED elapsedMs=1512
[14:01:08] [Render thread/INFO] (lodekeeper) [Lodekeeper] FOOD_TOOL slot=5 item=minecraft:iron_pickaxe damage=4.0 wear=2 remainingDurability=142
[14:01:08] [Render thread/INFO] (lodekeeper) [Lodekeeper] FOOD_PURSUIT event=native-attack target=a6e8f754-1765-4e62-a14c-12098b8276bb routes=4 failedRoutes=0 attacks=3 health=2.0 closestBoxDistance=1.69 elapsedMs=7556
[14:01:08] [Render thread/INFO] (lodekeeper) [Lodekeeper] FOOD_PURSUIT event=health-progress target=a6e8f754-1765-4e62-a14c-12098b8276bb routes=4 failedRoutes=0 attacks=3 health=0.0 closestBoxDistance=1.57 elapsedMs=7590
[14:01:08] [Render thread/INFO] (lodekeeper) [Lodekeeper] NAV backend=baritone mode=PICKUP event=CALC_STARTED elapsedMs=1
[14:01:08] [Render thread/INFO] (lodekeeper) [Lodekeeper] NAV calcTool=minecraft:iron_pickaxe slot=5
[14:01:08] [Render thread/INFO] (lodekeeper) [Lodekeeper] NAV backend=baritone mode=PICKUP event=CALC_FINISHED_NOW_EXECUTING elapsedMs=34
[14:01:08] [Render thread/INFO] (lodekeeper) [Lodekeeper] NAV backend=baritone mode=PICKUP event=AT_GOAL elapsedMs=342
[14:01:08] [Render thread/INFO] (lodekeeper) [Lodekeeper] NAV backend=baritone mode=IDLE event=CANCELED elapsedMs=378
[14:01:08] [Render thread/INFO] (lodekeeper) [Lodekeeper] NAV backend=baritone mode=IDLE event=CANCELED elapsedMs=378
[14:01:08] [Render thread/INFO] (lodekeeper) [Lodekeeper] NAV backend=baritone mode=IDLE event=CANCELED elapsedMs=446
[14:01:08] [Render thread/INFO] (lodekeeper) [Lodekeeper] NAV backend=baritone mode=IDLE event=CANCELED elapsedMs=480
[14:01:08] [Render thread/INFO] (lodekeeper) [Lodekeeper] STATION_POLICY decision=replace_distant station=minecraft:furnace position=BlockPos{x=5, y=60, z=30}
[14:01:08] [Render thread/INFO] (lodekeeper) [Lodekeeper] FOOD_PREPARATION decision=cook_stored_food nutrition=21 cooked_potential=56 target=36
[14:01:08] [lodekeeper-planner/INFO] (lodekeeper) [Lodekeeper] PROJECT_MATERIALS project=gear_diamond before=[gather:minecraft:diamond_ore:2, gather:minecraft:diamond_ore:7, gather:minecraft:diamond_ore:1, gather:minecraft:diamond_ore:2] after=[gather:minecraft:diamond_ore:2, gather:minecraft:diamond_ore:7, gather:minecraft:diamond_ore:1, gather:minecraft:diamond_ore:2]
[14:01:08] [lodekeeper-planner/INFO] (lodekeeper) [Lodekeeper] PLAN project=gear_diamond success=true steps=10 branches=44 elapsedMs=1.13428
[14:01:09] [Render thread/INFO] (lodekeeper) [Lodekeeper] PROGRESS elapsed_ms=806667 phase=eating backend=baritone target=none navigation_elapsed_ms=0 navigation_ticks=0 searching=false path_index=0 path_length=0 retries=0 pending_route_events=0 dropped_route_events=0 status=eating_before_continuing_project_gear_diamond___minecraft:diamond_hoe
[14:01:10] [Render thread/INFO] (lodekeeper) [Lodekeeper] STATION_POLICY decision=replace_distant station=minecraft:furnace position=BlockPos{x=5, y=60, z=30}
[14:01:10] [lodekeeper-planner/INFO] (lodekeeper) [Lodekeeper] PROJECT_MATERIALS project=gear_diamond before=[gather:minecraft:diamond_ore:2, gather:minecraft:diamond_ore:7, gather:minecraft:diamond_ore:1, gather:minecraft:diamond_ore:2] after=[gather:minecraft:diamond_ore:2, gather:minecraft:diamond_ore:7, gather:minecraft:diamond_ore:1, gather:minecraft:diamond_ore:2]
[14:01:10] [lodekeeper-planner/INFO] (lodekeeper) [Lodekeeper] PLAN project=gear_diamond success=true steps=10 branches=44 elapsedMs=0.80092
[14:01:10] [Render thread/INFO] (lodekeeper) [Lodekeeper] STEP kind=GATHER source=gather:minecraft:diamond_ore output=minecraft:diamond count=12 operations=12 auxiliary=false
[14:01:10] [Render thread/INFO] (lodekeeper) [Lodekeeper] NAV scan=native-mine durationNanos=3561591 hits=-1 requestTicks=0
[14:01:10] [Render thread/INFO] (lodekeeper) [Lodekeeper] NAV backend=baritone mode=MINE event=CALC_STARTED elapsedMs=4
[14:01:10] [Render thread/INFO] (lodekeeper) [Lodekeeper] NAV calcTool=minecraft:diamond_pickaxe slot=4
[14:01:10] [Render thread/INFO] (lodekeeper) [Lodekeeper] ROUTE_SEARCH kind=unknown anchor=unknown feet_y16=0 candidates=0 target=none elapsed_ms=807799
[14:01:11] [Render thread/INFO] (lodekeeper) [Lodekeeper] NAV backend=baritone mode=MINE event=CALC_FINISHED_NOW_EXECUTING elapsedMs=562
[14:01:11] [Render thread/INFO] (lodekeeper) [Lodekeeper] NAV backend=baritone mode=MINE event=NEXT_SEGMENT_CALC_STARTED elapsedMs=562
[14:01:11] [Render thread/INFO] (lodekeeper) [Lodekeeper] PROGRESS elapsed_ms=808707 phase=searching backend=baritone target=none navigation_elapsed_ms=1011 navigation_ticks=20 searching=true path_index=0 path_length=12 retries=0 pending_route_events=0 dropped_route_events=0 status=mining_and_collecting_minecraft:diamond___0/12___planning_next_route
[14:01:13] [Render thread/INFO] (lodekeeper) [Lodekeeper] NAV backend=baritone mode=MINE event=PATH_FINISHED_NEXT_STILL_CALCULATING elapsedMs=2971
[14:01:13] [Render thread/INFO] (lodekeeper) [Lodekeeper] PROGRESS elapsed_ms=810765 phase=searching backend=baritone target=none navigation_elapsed_ms=3002 navigation_ticks=60 searching=true path_index=0 path_length=0 retries=0 pending_route_events=0 dropped_route_events=0 status=mining_and_collecting_minecraft:diamond___0/12___planning_next_route
[14:01:15] [Render thread/INFO] (lodekeeper) [Lodekeeper] ROUTE_TRAVEL path_index=0 path_length=22 target=none elapsed_ms=812204
[14:01:15] [Render thread/INFO] (lodekeeper) [Lodekeeper] NAV backend=baritone mode=MINE event=CALC_FINISHED_NOW_EXECUTING elapsedMs=4612
[14:01:15] [Render thread/INFO] (lodekeeper) [Lodekeeper] NAV backend=baritone mode=MINE event=NEXT_SEGMENT_CALC_STARTED elapsedMs=4613
[14:01:15] [Render thread/INFO] (lodekeeper) [Lodekeeper] ROUTE_SEARCH kind=unknown anchor=unknown feet_y16=0 candidates=0 target=none elapsed_ms=812407
[14:01:15] [Render thread/INFO] (lodekeeper) [Lodekeeper] NAV discovered=2 retained=58 rejected=0 requestTicks=99 phase=MINE
[14:01:15] [Render thread/INFO] (lodekeeper) [Lodekeeper] PROGRESS elapsed_ms=812787 phase=searching backend=baritone target=none navigation_elapsed_ms=5021 navigation_ticks=100 searching=true path_index=0 path_length=21 retries=0 pending_route_events=0 dropped_route_events=0 status=mining_and_collecting_minecraft:diamond___0/12___planning_next_route
[14:01:16] [Render thread/INFO] (lodekeeper) [Lodekeeper] NAV backend=baritone mode=IDLE event=CANCELED elapsedMs=5950
[14:01:16] [Render thread/INFO] (lodekeeper) [Lodekeeper] NAV backend=baritone mode=IDLE event=CANCELED elapsedMs=5950
[14:01:16] [Render thread/INFO] (lodekeeper) [Lodekeeper] NAV backend=baritone mode=IDLE event=CANCELED elapsedMs=6017
[14:01:16] [Render thread/INFO] (lodekeeper) [Lodekeeper] NAV backend=baritone mode=IDLE event=CANCELED elapsedMs=6051
[14:01:16] [Render thread/INFO] (lodekeeper) [Lodekeeper] NAV backend=baritone mode=IDLE event=CANCELED elapsedMs=6119
[14:01:16] [Render thread/INFO] (lodekeeper) [Lodekeeper] STATION_POLICY decision=replace_distant station=minecraft:furnace position=BlockPos{x=5, y=60, z=30}
[14:01:16] [lodekeeper-planner/INFO] (lodekeeper) [Lodekeeper] PROJECT_MATERIALS project=gear_diamond before=[gather:minecraft:diamond_ore:2, gather:minecraft:diamond_ore:7, gather:minecraft:diamond_ore:1, gather:minecraft:diamond_ore:2] after=[gather:minecraft:diamond_ore:2, gather:minecraft:diamond_ore:7, gather:minecraft:diamond_ore:1, gather:minecraft:diamond_ore:2]
[14:01:16] [lodekeeper-planner/INFO] (lodekeeper) [Lodekeeper] PLAN project=gear_diamond success=true steps=10 branches=44 elapsedMs=1.032362
[14:01:17] [Render thread/INFO] (lodekeeper) [Lodekeeper] PROGRESS elapsed_ms=814804 phase=eating backend=baritone target=none navigation_elapsed_ms=0 navigation_ticks=0 searching=false path_index=0 path_length=0 retries=0 pending_route_events=0 dropped_route_events=0 status=eating_before_continuing_project_gear_diamond___minecraft:diamond_hoe
[14:01:18] [Render thread/INFO] (lodekeeper) [Lodekeeper] STATION_POLICY decision=replace_distant station=minecraft:furnace position=BlockPos{x=5, y=60, z=30}
[14:01:18] [lodekeeper-planner/INFO] (lodekeeper) [Lodekeeper] PROJECT_MATERIALS project=gear_diamond before=[gather:minecraft:diamond_ore:2, gather:minecraft:diamond_ore:7, gather:minecraft:diamond_ore:1, gather:minecraft:diamond_ore:2] after=[gather:minecraft:diamond_ore:2, gather:minecraft:diamond_ore:7, gather:minecraft:diamond_ore:1, gather:minecraft:diamond_ore:2]
[14:01:18] [lodekeeper-planner/INFO] (lodekeeper) [Lodekeeper] PLAN project=gear_diamond success=true steps=10 branches=44 elapsedMs=1.074291
[14:01:18] [Render thread/INFO] (lodekeeper) [Lodekeeper] STEP kind=GATHER source=gather:minecraft:diamond_ore output=minecraft:diamond count=12 operations=12 auxiliary=false
[14:01:18] [Render thread/INFO] (lodekeeper) [Lodekeeper] NAV scan=native-mine durationNanos=3587259 hits=-1 requestTicks=0
[14:01:18] [Render thread/INFO] (lodekeeper) [Lodekeeper] NAV backend=baritone mode=MINE event=CALC_STARTED elapsedMs=4
[14:01:18] [Render thread/INFO] (lodekeeper) [Lodekeeper] NAV calcTool=minecraft:diamond_pickaxe slot=4
[14:01:18] [Render thread/INFO] (lodekeeper) [Lodekeeper] ROUTE_SEARCH kind=unknown anchor=unknown feet_y16=0 candidates=0 target=none elapsed_ms=815659
[14:01:19] [Render thread/INFO] (lodekeeper) [Lodekeeper] NAV backend=baritone mode=MINE event=CALC_FINISHED_NOW_EXECUTING elapsedMs=516
[14:01:19] [Render thread/INFO] (lodekeeper) [Lodekeeper] NAV backend=baritone mode=MINE event=NEXT_SEGMENT_CALC_STARTED elapsedMs=517
[14:01:19] [Render thread/INFO] (lodekeeper) [Lodekeeper] PROGRESS elapsed_ms=816859 phase=searching backend=baritone target=none navigation_elapsed_ms=1407 navigation_ticks=28 searching=true path_index=0 path_length=10 retries=0 pending_route_events=0 dropped_route_events=0 status=mining_and_collecting_minecraft:diamond___0/12___planning_next_route
[14:01:21] [Render thread/INFO] (lodekeeper) [Lodekeeper] PROGRESS elapsed_ms=818860 phase=searching backend=baritone target=none navigation_elapsed_ms=3408 navigation_ticks=68 searching=true path_index=0 path_length=3 retries=0 pending_route_events=0 dropped_route_events=0 status=mining_and_collecting_minecraft:diamond___0/12___planning_next_route
[14:01:22] [Render thread/INFO] (lodekeeper) [Lodekeeper] NAV backend=baritone mode=MINE event=PATH_FINISHED_NEXT_STILL_CALCULATING elapsedMs=3613
[14:01:23] [Render thread/INFO] (lodekeeper) [Lodekeeper] NAV backend=baritone mode=MINE event=CALC_FINISHED_NOW_EXECUTING elapsedMs=4536
[14:01:23] [Render thread/INFO] (lodekeeper) [Lodekeeper] ROUTE_TRAVEL path_index=0 path_length=54 target=none elapsed_ms=820056
[14:01:23] [Render thread/INFO] (lodekeeper) [Lodekeeper] PROGRESS elapsed_ms=820908 phase=traveling backend=baritone target=none navigation_elapsed_ms=5389 navigation_ticks=108 searching=false path_index=0 path_length=51 retries=0 pending_route_events=0 dropped_route_events=0 status=mining_and_collecting_minecraft:diamond___0/12
[14:01:24] [Render thread/INFO] (lodekeeper) [Lodekeeper] BREAK target=Mutable{x=-5, y=66, z=62} block=Block{minecraft:cobblestone} tool=minecraft:diamond_pickaxe slot=4 remaining=1196 required=route
[14:01:25] [Render thread/INFO] (lodekeeper) [Lodekeeper] PROGRESS elapsed_ms=822933 phase=eating backend=baritone target=none navigation_elapsed_ms=0 navigation_ticks=0 searching=false path_index=0 path_length=0 retries=0 pending_route_events=0 dropped_route_events=0 status=eating_before_continuing_project_gear_diamond___minecraft:diamond_hoe
[14:01:26] [Render thread/INFO] (lodekeeper) [Lodekeeper] STATION_POLICY decision=replace_distant station=minecraft:furnace position=BlockPos{x=5, y=60, z=30}
[14:01:26] [Render thread/INFO] (lodekeeper) [Lodekeeper] FOOD_PREPARATION decision=batch_raw_food nutrition=12 cooked_potential=32 target=36
[14:01:26] [lodekeeper-planner/INFO] (lodekeeper) [Lodekeeper] PROJECT_MATERIALS project=gear_diamond before=[gather:minecraft:diamond_ore:2, gather:minecraft:diamond_ore:7, gather:minecraft:diamond_ore:1, gather:minecraft:diamond_ore:2] after=[gather:minecraft:diamond_ore:2, gather:minecraft:diamond_ore:7, gather:minecraft:diamond_ore:1, gather:minecraft:diamond_ore:2]
[14:01:26] [lodekeeper-planner/INFO] (lodekeeper) [Lodekeeper] PLAN project=gear_diamond success=true steps=10 branches=44 elapsedMs=0.96455
[14:01:26] [Render thread/INFO] (lodekeeper) [Lodekeeper] THREAT_RESPONSE outcome=started attacks=0 retreats=0 ticks=0 status=stopping movement before defense
[14:01:26] [Render thread/INFO] (lodekeeper) [Lodekeeper] THREAT_RESPONSE outcome=melee attacks=0 retreats=0 ticks=1 status=native melee defense
[14:01:26] [Render thread/INFO] (lodekeeper) [Lodekeeper] THREAT_RESPONSE outcome=failed attacks=0 retreats=1 ticks=6 status=threat response failed: NavigationFailure: No safe dry retreat stance remains within the bounded search
[14:01:26] [Render thread/INFO] (Minecraft) [System] [CHAT] [Lodekeeper] Paused: Threat response needs attention: threat response failed: NavigationFailure: No safe dry retreat stance remains within the bounded search. Use resume or stop.
[14:01:26] [Render thread/INFO] (Minecraft) [STDOUT]: [Lodekeeper natural verification] failed; evidence: /private/tmp/lodekeeper-8efb9c9-natural-diamond-1211/run/verification/evidence
[14:01:27] [Server thread/INFO] (Minecraft) Saving chunks for level 'ServerLevel[Lodekeeper natural verification d872ba5f]'/minecraft:overworld
[14:01:27] [Server thread/INFO] (Minecraft) Saving chunks for level 'ServerLevel[Lodekeeper natural verification d872ba5f]'/minecraft:the_end
[14:01:27] [Server thread/INFO] (Minecraft) Saving chunks for level 'ServerLevel[Lodekeeper natural verification d872ba5f]'/minecraft:the_nether
