[15:20:05] [Render thread/INFO] (Minecraft) [STDOUT]: [Lodekeeper natural verification] Starting gear_diamond in a normal survival world; evidence under /private/tmp/lodekeeper-preview10-fuel-fixed-natural-1211/run/verification/evidence
[15:20:05] [Render thread/INFO] (lodekeeper) [Lodekeeper] INIT mod=0.1.0-preview.10 minecraft=1.21.1
[15:20:37] [Render thread/INFO] (Minecraft) [System] [CHAT] [Lodekeeper] Queued project gear_diamond (9 inventory targets; A full diamond tool and armor set (35 diamonds in recipes).)
[15:20:37] [Render thread/INFO] (Minecraft) [STDOUT]: [Lodekeeper natural verification] Sent !lk project gear_diamond at server tick 133
[15:20:37] [Render thread/INFO] (lodekeeper) [Lodekeeper] BEGIN label=gear_diamond___diamond_pickaxe goal=1 inventory=0 startfeet=10,87,35 elapsed_ms=0 continued=false
[15:20:38] [lodekeeper-planner/INFO] (lodekeeper) [Lodekeeper] PLAN project=gear_diamond success=false steps=0 branches=45 elapsedMs=22.305841
[15:20:38] [lodekeeper-planner/INFO] (lodekeeper) [Lodekeeper] PROJECT_MATERIALS project=gear_diamond before=[gather:minecraft:birch_log:1, gather:minecraft:birch_log:1, gather:minecraft:birch_log:1, gather:minecraft:stone:3, gather:minecraft:iron_ore:3, gather:minecraft:stone:8, gather:minecraft:birch_log:1, gather:minecraft:diamond_ore:3, gather:minecraft:diamond_ore:3, gather:minecraft:diamond_ore:4, gather:minecraft:diamond_ore:8, gather:minecraft:diamond_ore:5, gather:minecraft:diamond_ore:2, gather:minecraft:diamond_ore:7, gather:minecraft:diamond_ore:1, gather:minecraft:acacia_log:1, gather:minecraft:diamond_ore:2] after=[gather:minecraft:birch_log:1, gather:minecraft:birch_log:1, gather:minecraft:birch_log:1, gather:minecraft:stone:3, gather:minecraft:iron_ore:3, gather:minecraft:stone:8, gather:minecraft:birch_log:1, gather:minecraft:diamond_ore:3, gather:minecraft:diamond_ore:3, gather:minecraft:diamond_ore:4, gather:minecraft:diamond_ore:8, gather:minecraft:diamond_ore:5, gather:minecraft:diamond_ore:2, gather:minecraft:diamond_ore:7, gather:minecraft:diamond_ore:1, gather:minecraft:birch_log:1, gather:minecraft:diamond_ore:2]
[15:20:38] [lodekeeper-planner/INFO] (lodekeeper) [Lodekeeper] PLAN project=gear_diamond success=true steps=43 branches=424 elapsedMs=38.774292
[15:20:38] [Render thread/INFO] (lodekeeper) [Lodekeeper] STEP kind=GATHER source=gather:minecraft:birch_log output=minecraft:birch_log count=5 operations=5 auxiliary=false
[15:20:38] [Render thread/INFO] (lodekeeper) [Lodekeeper] MINING_DEPTH policy=NEAREST desiredY=-2147483648 ceiling=2031 deficit=5 phase=MINE blocks=[Block{minecraft:birch_log}]
[15:20:38] [Render thread/INFO] (lodekeeper) [Lodekeeper] NAV scan=native-mine durationNanos=578208073 hits=-1 requestTicks=0
[15:20:38] [Render thread/INFO] (lodekeeper) [Lodekeeper] NAV backend=baritone mode=MINE event=CALC_STARTED elapsedMs=595
[15:20:38] [Render thread/INFO] (lodekeeper) [Lodekeeper] NAV calcTool=minecraft:air slot=0
[15:20:38] [Render thread/INFO] (lodekeeper) [Lodekeeper] ROUTE_SEARCH kind=unknown anchor=unknown feet_y16=0 candidates=0 target=none elapsed_ms=1005
[15:20:38] [Render thread/INFO] (lodekeeper) [Lodekeeper] NAV backend=baritone mode=MINE event=CALC_FINISHED_NOW_EXECUTING elapsedMs=725
[15:20:38] [Render thread/INFO] (lodekeeper) [Lodekeeper] BREAK target=Mutable{x=10, y=88, z=36} block=Block{minecraft:birch_leaves} tool=minecraft:air slot=0 remaining=-1 required=route
[15:20:39] [Render thread/INFO] (lodekeeper) [Lodekeeper] TARGET target=10,86,37 block=minecraft:birch_log
[15:20:39] [Render thread/INFO] (lodekeeper) [Lodekeeper] ROUTE_TRAVEL path_index=0 path_length=4 target=10,86,37 block=minecraft:birch_log elapsed_ms=1272
[15:20:39] [Render thread/INFO] (lodekeeper) [Lodekeeper] BREAK target=Mutable{x=10, y=88, z=37} block=Block{minecraft:birch_leaves} tool=minecraft:air slot=0 remaining=-1 required=route
[15:20:39] [Render thread/INFO] (lodekeeper) [Lodekeeper] PROGRESS elapsed_ms=2005 phase=traveling backend=baritone target=10,86,37 block=minecraft:birch_log navigation_elapsed_ms=1483 navigation_ticks=28 searching=false path_index=0 path_length=3 retries=0 pending_route_events=0 dropped_route_events=0 status=mining_and_collecting_minecraft:birch_log___0/5
[15:20:40] [Render thread/INFO] (lodekeeper) [Lodekeeper] BREAK target=Mutable{x=10, y=87, z=37} block=Block{minecraft:birch_log} tool=minecraft:air slot=0 remaining=-1 required=route
[15:20:41] [Render thread/INFO] (lodekeeper) [Lodekeeper] PROGRESS elapsed_ms=4009 phase=traveling backend=baritone target=10,86,37 block=minecraft:birch_log navigation_elapsed_ms=3496 navigation_ticks=68 searching=false path_index=0 path_length=3 retries=0 pending_route_events=0 dropped_route_events=0 status=mining_and_collecting_minecraft:birch_log___0/5
[15:20:43] [Render thread/INFO] (lodekeeper) [Lodekeeper] PROGRESS elapsed_ms=6023 phase=traveling backend=baritone target=10,86,37 block=minecraft:birch_log navigation_elapsed_ms=5475 navigation_ticks=108 searching=false path_index=0 path_length=3 retries=0 pending_route_events=0 dropped_route_events=0 status=mining_and_collecting_minecraft:birch_log___1/5
[15:20:43] [Render thread/INFO] (lodekeeper) [Lodekeeper] BREAK target=Mutable{x=10, y=86, z=37} block=Block{minecraft:birch_log} tool=minecraft:birch_log slot=0 remaining=-1 required=route
[15:20:45] [Render thread/INFO] (lodekeeper) [Lodekeeper] PROGRESS elapsed_ms=8060 phase=traveling backend=baritone target=10,86,37 block=minecraft:birch_log navigation_elapsed_ms=7687 navigation_ticks=152 searching=false path_index=0 path_length=2 retries=0 pending_route_events=0 dropped_route_events=0 status=mining_and_collecting_minecraft:birch_log___1/5
[15:20:47] [Render thread/INFO] (lodekeeper) [Lodekeeper] NAV backend=baritone mode=MINE event=CALC_STARTED elapsedMs=8840
[15:20:47] [Render thread/INFO] (lodekeeper) [Lodekeeper] NAV calcTool=minecraft:birch_log slot=0
[15:20:47] [Render thread/INFO] (lodekeeper) [Lodekeeper] NAV backend=baritone mode=MINE event=CALC_FINISHED_NOW_EXECUTING elapsedMs=8840
[15:20:47] [Render thread/INFO] (lodekeeper) [Lodekeeper] TARGET target=10,85,37 block=minecraft:birch_log
[15:20:47] [Render thread/INFO] (lodekeeper) [Lodekeeper] BREAK target=Mutable{x=10, y=85, z=37} block=Block{minecraft:birch_log} tool=minecraft:birch_log slot=0 remaining=-1 required=route
[15:20:47] [Render thread/INFO] (lodekeeper) [Lodekeeper] PROGRESS elapsed_ms=10116 phase=traveling backend=baritone target=10,85,37 block=minecraft:birch_log navigation_elapsed_ms=9674 navigation_ticks=192 searching=false path_index=0 path_length=2 retries=0 pending_route_events=0 dropped_route_events=0 status=mining_and_collecting_minecraft:birch_log___2/5
[15:20:50] [Render thread/INFO] (lodekeeper) [Lodekeeper] PROGRESS elapsed_ms=12168 phase=traveling backend=baritone target=10,85,37 block=minecraft:birch_log navigation_elapsed_ms=11692 navigation_ticks=232 searching=false path_index=0 path_length=2 retries=0 pending_route_events=0 dropped_route_events=0 status=mining_and_collecting_minecraft:birch_log___2/5
[15:20:50] [Render thread/INFO] (lodekeeper) [Lodekeeper] NAV backend=baritone mode=MINE event=CALC_STARTED elapsedMs=12176
[15:20:50] [Render thread/INFO] (lodekeeper) [Lodekeeper] NAV calcTool=minecraft:birch_log slot=0
[15:20:50] [Render thread/INFO] (lodekeeper) [Lodekeeper] NAV backend=baritone mode=MINE event=CALC_FINISHED_NOW_EXECUTING elapsedMs=12176
[15:20:50] [Render thread/INFO] (lodekeeper) [Lodekeeper] TARGET target=10,84,37 block=minecraft:birch_log
[15:20:50] [Render thread/INFO] (lodekeeper) [Lodekeeper] BREAK target=Mutable{x=10, y=84, z=37} block=Block{minecraft:birch_log} tool=minecraft:birch_log slot=0 remaining=-1 required=route
[15:20:52] [Render thread/INFO] (lodekeeper) [Lodekeeper] PROGRESS elapsed_ms=14204 phase=traveling backend=baritone target=10,84,37 block=minecraft:birch_log navigation_elapsed_ms=13690 navigation_ticks=272 searching=false path_index=0 path_length=2 retries=0 pending_route_events=0 dropped_route_events=0 status=mining_and_collecting_minecraft:birch_log___3/5
[15:20:53] [Render thread/INFO] (lodekeeper) [Lodekeeper] TARGET target=10,83,37 block=minecraft:birch_log
[15:20:53] [Render thread/INFO] (lodekeeper) [Lodekeeper] NAV backend=baritone mode=MINE event=CALC_STARTED elapsedMs=15533
[15:20:53] [Render thread/INFO] (lodekeeper) [Lodekeeper] NAV calcTool=minecraft:birch_log slot=0
[15:20:53] [Render thread/INFO] (lodekeeper) [Lodekeeper] NAV backend=baritone mode=MINE event=CALC_FINISHED_NOW_EXECUTING elapsedMs=15533
[15:20:54] [Render thread/INFO] (lodekeeper) [Lodekeeper] BREAK target=Mutable{x=10, y=83, z=37} block=Block{minecraft:birch_log} tool=minecraft:birch_log slot=0 remaining=-1 required=route
[15:20:54] [Render thread/INFO] (lodekeeper) [Lodekeeper] PROGRESS elapsed_ms=16219 phase=traveling backend=baritone target=10,83,37 block=minecraft:birch_log navigation_elapsed_ms=15676 navigation_ticks=312 searching=false path_index=0 path_length=2 retries=0 pending_route_events=0 dropped_route_events=0 status=mining_and_collecting_minecraft:birch_log___3/5
[15:20:56] [Render thread/INFO] (lodekeeper) [Lodekeeper] PROGRESS elapsed_ms=18273 phase=traveling backend=baritone target=10,83,37 block=minecraft:birch_log navigation_elapsed_ms=17900 navigation_ticks=356 searching=false path_index=0 path_length=2 retries=0 pending_route_events=0 dropped_route_events=0 status=mining_and_collecting_minecraft:birch_log___4/5
[15:20:57] [Render thread/INFO] (lodekeeper) [Lodekeeper] TARGET target=10,82,37 block=minecraft:birch_log
[15:20:57] [Render thread/INFO] (lodekeeper) [Lodekeeper] NAV backend=baritone mode=MINE event=CALC_STARTED elapsedMs=18890
[15:20:57] [Render thread/INFO] (lodekeeper) [Lodekeeper] NAV calcTool=minecraft:birch_log slot=0
[15:20:57] [Render thread/INFO] (lodekeeper) [Lodekeeper] NAV backend=baritone mode=MINE event=CALC_FINISHED_NOW_EXECUTING elapsedMs=18890
[15:20:57] [Render thread/INFO] (lodekeeper) [Lodekeeper] BREAK target=Mutable{x=10, y=82, z=37} block=Block{minecraft:birch_log} tool=minecraft:birch_log slot=0 remaining=-1 required=route
[15:20:57] [Render thread/INFO] (lodekeeper) [Lodekeeper] TARGET target=none
[15:20:57] [lodekeeper-planner/INFO] (lodekeeper) [Lodekeeper] PROJECT_MATERIALS project=gear_diamond before=[gather:minecraft:stone:3, gather:minecraft:iron_ore:3, gather:minecraft:stone:8, gather:minecraft:diamond_ore:3, gather:minecraft:diamond_ore:3, gather:minecraft:birch_log:1, gather:minecraft:diamond_ore:4, gather:minecraft:diamond_ore:8, gather:minecraft:diamond_ore:5, gather:minecraft:diamond_ore:2, gather:minecraft:diamond_ore:7, gather:minecraft:diamond_ore:1, gather:minecraft:diamond_ore:2] after=[gather:minecraft:stone:3, gather:minecraft:iron_ore:3, gather:minecraft:stone:8, gather:minecraft:diamond_ore:3, gather:minecraft:diamond_ore:3, gather:minecraft:birch_log:1, gather:minecraft:diamond_ore:4, gather:minecraft:diamond_ore:8, gather:minecraft:diamond_ore:5, gather:minecraft:diamond_ore:2, gather:minecraft:diamond_ore:7, gather:minecraft:diamond_ore:1, gather:minecraft:diamond_ore:2]
[15:20:57] [lodekeeper-planner/INFO] (lodekeeper) [Lodekeeper] PLAN project=gear_diamond success=true steps=38 branches=176 elapsedMs=9.543119
[15:20:57] [Render thread/INFO] (lodekeeper) [Lodekeeper] STEP kind=CRAFT source=minecraft:birch_planks output=minecraft:birch_planks count=4 operations=1 auxiliary=false
[15:20:58] [Render thread/INFO] (lodekeeper) [Lodekeeper] PROGRESS elapsed_ms=20302 phase=crafting backend=baritone target=none navigation_elapsed_ms=0 navigation_ticks=0 searching=false path_index=0 path_length=0 retries=0 pending_route_events=0 dropped_route_events=0 status=CRAFT_minecraft:birch_planks
[15:20:59] [lodekeeper-planner/INFO] (lodekeeper) [Lodekeeper] PROJECT_MATERIALS project=gear_diamond before=[gather:minecraft:stone:3, gather:minecraft:iron_ore:3, gather:minecraft:stone:8, gather:minecraft:diamond_ore:3, gather:minecraft:diamond_ore:3, gather:minecraft:birch_log:1, gather:minecraft:diamond_ore:4, gather:minecraft:diamond_ore:8, gather:minecraft:diamond_ore:5, gather:minecraft:diamond_ore:2, gather:minecraft:diamond_ore:7, gather:minecraft:diamond_ore:1, gather:minecraft:diamond_ore:2] after=[gather:minecraft:stone:3, gather:minecraft:iron_ore:3, gather:minecraft:stone:8, gather:minecraft:diamond_ore:3, gather:minecraft:diamond_ore:3, gather:minecraft:birch_log:1, gather:minecraft:diamond_ore:4, gather:minecraft:diamond_ore:8, gather:minecraft:diamond_ore:5, gather:minecraft:diamond_ore:2, gather:minecraft:diamond_ore:7, gather:minecraft:diamond_ore:1, gather:minecraft:diamond_ore:2]
[15:20:59] [lodekeeper-planner/INFO] (lodekeeper) [Lodekeeper] PLAN project=gear_diamond success=true steps=37 branches=172 elapsedMs=7.0187
[15:20:59] [Render thread/INFO] (lodekeeper) [Lodekeeper] STEP kind=CRAFT source=minecraft:stick output=minecraft:stick count=4 operations=1 auxiliary=false
[15:21:00] [Render thread/INFO] (lodekeeper) [Lodekeeper] PROGRESS elapsed_ms=22368 phase=crafting backend=baritone target=none navigation_elapsed_ms=0 navigation_ticks=0 searching=false path_index=0 path_length=0 retries=0 pending_route_events=0 dropped_route_events=0 status=CRAFT_minecraft:stick
[15:21:00] [lodekeeper-planner/INFO] (lodekeeper) [Lodekeeper] PROJECT_MATERIALS project=gear_diamond before=[gather:minecraft:stone:3, gather:minecraft:iron_ore:3, gather:minecraft:stone:8, gather:minecraft:diamond_ore:3, gather:minecraft:diamond_ore:3, gather:minecraft:birch_log:1, gather:minecraft:diamond_ore:4, gather:minecraft:diamond_ore:8, gather:minecraft:diamond_ore:5, gather:minecraft:diamond_ore:2, gather:minecraft:diamond_ore:7, gather:minecraft:diamond_ore:1, gather:minecraft:diamond_ore:2] after=[gather:minecraft:stone:3, gather:minecraft:iron_ore:3, gather:minecraft:stone:8, gather:minecraft:diamond_ore:3, gather:minecraft:diamond_ore:3, gather:minecraft:birch_log:1, gather:minecraft:diamond_ore:4, gather:minecraft:diamond_ore:8, gather:minecraft:diamond_ore:5, gather:minecraft:diamond_ore:2, gather:minecraft:diamond_ore:7, gather:minecraft:diamond_ore:1, gather:minecraft:diamond_ore:2]
[15:21:00] [lodekeeper-planner/INFO] (lodekeeper) [Lodekeeper] PLAN project=gear_diamond success=true steps=36 branches=168 elapsedMs=8.745957
[15:21:00] [Render thread/INFO] (lodekeeper) [Lodekeeper] STEP kind=CRAFT source=minecraft:birch_planks output=minecraft:birch_planks count=4 operations=1 auxiliary=false
[15:21:02] [lodekeeper-planner/INFO] (lodekeeper) [Lodekeeper] PROJECT_MATERIALS project=gear_diamond before=[gather:minecraft:stone:3, gather:minecraft:iron_ore:3, gather:minecraft:stone:8, gather:minecraft:diamond_ore:3, gather:minecraft:diamond_ore:3, gather:minecraft:birch_log:1, gather:minecraft:diamond_ore:4, gather:minecraft:diamond_ore:8, gather:minecraft:diamond_ore:5, gather:minecraft:diamond_ore:2, gather:minecraft:diamond_ore:7, gather:minecraft:diamond_ore:1, gather:minecraft:diamond_ore:2] after=[gather:minecraft:stone:3, gather:minecraft:iron_ore:3, gather:minecraft:stone:8, gather:minecraft:diamond_ore:3, gather:minecraft:diamond_ore:3, gather:minecraft:birch_log:1, gather:minecraft:diamond_ore:4, gather:minecraft:diamond_ore:8, gather:minecraft:diamond_ore:5, gather:minecraft:diamond_ore:2, gather:minecraft:diamond_ore:7, gather:minecraft:diamond_ore:1, gather:minecraft:diamond_ore:2]
[15:21:02] [lodekeeper-planner/INFO] (lodekeeper) [Lodekeeper] PLAN project=gear_diamond success=true steps=35 branches=163 elapsedMs=5.838474
[15:21:02] [Render thread/INFO] (lodekeeper) [Lodekeeper] STEP kind=CRAFT source=minecraft:birch_planks output=minecraft:birch_planks count=4 operations=1 auxiliary=false
[15:21:02] [Render thread/INFO] (lodekeeper) [Lodekeeper] PROGRESS elapsed_ms=24410 phase=crafting backend=baritone target=none navigation_elapsed_ms=0 navigation_ticks=0 searching=false path_index=0 path_length=0 retries=0 pending_route_events=0 dropped_route_events=0 status=CRAFT_minecraft:birch_planks
[15:21:03] [lodekeeper-planner/INFO] (lodekeeper) [Lodekeeper] PROJECT_MATERIALS project=gear_diamond before=[gather:minecraft:stone:3, gather:minecraft:iron_ore:3, gather:minecraft:stone:8, gather:minecraft:diamond_ore:3, gather:minecraft:diamond_ore:3, gather:minecraft:birch_log:1, gather:minecraft:diamond_ore:4, gather:minecraft:diamond_ore:8, gather:minecraft:diamond_ore:5, gather:minecraft:diamond_ore:2, gather:minecraft:diamond_ore:7, gather:minecraft:diamond_ore:1, gather:minecraft:diamond_ore:2] after=[gather:minecraft:stone:3, gather:minecraft:iron_ore:3, gather:minecraft:stone:8, gather:minecraft:diamond_ore:3, gather:minecraft:diamond_ore:3, gather:minecraft:birch_log:1, gather:minecraft:diamond_ore:4, gather:minecraft:diamond_ore:8, gather:minecraft:diamond_ore:5, gather:minecraft:diamond_ore:2, gather:minecraft:diamond_ore:7, gather:minecraft:diamond_ore:1, gather:minecraft:diamond_ore:2]
[15:21:03] [lodekeeper-planner/INFO] (lodekeeper) [Lodekeeper] PLAN project=gear_diamond success=true steps=34 branches=158 elapsedMs=5.069596
[15:21:03] [Render thread/INFO] (lodekeeper) [Lodekeeper] STEP kind=CRAFT source=minecraft:crafting_table output=minecraft:crafting_table count=1 operations=1 auxiliary=false
[15:21:04] [Render thread/INFO] (lodekeeper) [Lodekeeper] PROGRESS elapsed_ms=26421 phase=crafting backend=baritone target=none navigation_elapsed_ms=0 navigation_ticks=0 searching=false path_index=0 path_length=0 retries=0 pending_route_events=0 dropped_route_events=0 status=CRAFT_minecraft:crafting_table
[15:21:06] [Render thread/INFO] (lodekeeper) [Lodekeeper] PROGRESS elapsed_ms=28471 phase=crafting backend=baritone target=none navigation_elapsed_ms=0 navigation_ticks=0 searching=false path_index=0 path_length=0 retries=0 pending_route_events=0 dropped_route_events=0 status=CRAFT_minecraft:crafting_table
[15:21:06] [lodekeeper-planner/INFO] (lodekeeper) [Lodekeeper] PROJECT_MATERIALS project=gear_diamond before=[gather:minecraft:stone:3, gather:minecraft:iron_ore:3, gather:minecraft:stone:8, gather:minecraft:diamond_ore:3, gather:minecraft:diamond_ore:3, gather:minecraft:birch_log:1, gather:minecraft:diamond_ore:4, gather:minecraft:diamond_ore:8, gather:minecraft:diamond_ore:5, gather:minecraft:diamond_ore:2, gather:minecraft:diamond_ore:7, gather:minecraft:diamond_ore:1, gather:minecraft:diamond_ore:2] after=[gather:minecraft:stone:3, gather:minecraft:iron_ore:3, gather:minecraft:stone:8, gather:minecraft:diamond_ore:3, gather:minecraft:diamond_ore:3, gather:minecraft:birch_log:1, gather:minecraft:diamond_ore:4, gather:minecraft:diamond_ore:8, gather:minecraft:diamond_ore:5, gather:minecraft:diamond_ore:2, gather:minecraft:diamond_ore:7, gather:minecraft:diamond_ore:1, gather:minecraft:diamond_ore:2]
[15:21:06] [lodekeeper-planner/INFO] (lodekeeper) [Lodekeeper] PLAN project=gear_diamond success=true steps=33 branches=155 elapsedMs=5.125919
[15:21:06] [Render thread/INFO] (lodekeeper) [Lodekeeper] STEP kind=PLACE_STATION source=place:minecraft:crafting_table output=null count=0 operations=1 auxiliary=false
[15:21:06] [Render thread/INFO] (lodekeeper) [Lodekeeper] TARGET target=9,82,37 block=minecraft:crafting_table
[15:21:06] [Render thread/INFO] (lodekeeper) [Lodekeeper] TARGET target=none
[15:21:06] [lodekeeper-planner/INFO] (lodekeeper) [Lodekeeper] PROJECT_MATERIALS project=gear_diamond before=[gather:minecraft:stone:3, gather:minecraft:iron_ore:3, gather:minecraft:stone:8, gather:minecraft:diamond_ore:3, gather:minecraft:diamond_ore:3, gather:minecraft:birch_log:1, gather:minecraft:diamond_ore:4, gather:minecraft:diamond_ore:8, gather:minecraft:diamond_ore:5, gather:minecraft:diamond_ore:2, gather:minecraft:diamond_ore:7, gather:minecraft:diamond_ore:1, gather:minecraft:diamond_ore:2] after=[gather:minecraft:stone:3, gather:minecraft:iron_ore:3, gather:minecraft:stone:8, gather:minecraft:diamond_ore:3, gather:minecraft:diamond_ore:3, gather:minecraft:birch_log:1, gather:minecraft:diamond_ore:4, gather:minecraft:diamond_ore:8, gather:minecraft:diamond_ore:5, gather:minecraft:diamond_ore:2, gather:minecraft:diamond_ore:7, gather:minecraft:diamond_ore:1, gather:minecraft:diamond_ore:2]
[15:21:06] [lodekeeper-planner/INFO] (lodekeeper) [Lodekeeper] PLAN project=gear_diamond success=true steps=32 branches=154 elapsedMs=4.590358
[15:21:06] [Render thread/INFO] (lodekeeper) [Lodekeeper] STEP kind=CRAFT source=minecraft:wooden_pickaxe output=minecraft:wooden_pickaxe count=1 operations=1 auxiliary=false
[15:21:08] [Render thread/INFO] (lodekeeper) [Lodekeeper] PROGRESS elapsed_ms=30504 phase=crafting backend=baritone target=none navigation_elapsed_ms=0 navigation_ticks=0 searching=false path_index=0 path_length=0 retries=0 pending_route_events=0 dropped_route_events=0 status=CRAFT_minecraft:wooden_pickaxe
[15:21:10] [Render thread/INFO] (lodekeeper) [Lodekeeper] PROGRESS elapsed_ms=32561 phase=crafting backend=baritone target=none navigation_elapsed_ms=0 navigation_ticks=0 searching=false path_index=0 path_length=0 retries=0 pending_route_events=0 dropped_route_events=0 status=CRAFT_minecraft:wooden_pickaxe
[15:21:10] [lodekeeper-planner/INFO] (lodekeeper) [Lodekeeper] PROJECT_MATERIALS project=gear_diamond before=[gather:minecraft:stone:3, gather:minecraft:iron_ore:3, gather:minecraft:stone:8, gather:minecraft:diamond_ore:3, gather:minecraft:diamond_ore:3, gather:minecraft:birch_log:1, gather:minecraft:diamond_ore:4, gather:minecraft:diamond_ore:8, gather:minecraft:diamond_ore:5, gather:minecraft:diamond_ore:2, gather:minecraft:diamond_ore:7, gather:minecraft:diamond_ore:1, gather:minecraft:diamond_ore:2] after=[gather:minecraft:stone:3, gather:minecraft:iron_ore:3, gather:minecraft:stone:8, gather:minecraft:diamond_ore:3, gather:minecraft:diamond_ore:3, gather:minecraft:birch_log:1, gather:minecraft:diamond_ore:4, gather:minecraft:diamond_ore:8, gather:minecraft:diamond_ore:5, gather:minecraft:diamond_ore:2, gather:minecraft:diamond_ore:7, gather:minecraft:diamond_ore:1, gather:minecraft:diamond_ore:2]
[15:21:10] [lodekeeper-planner/INFO] (lodekeeper) [Lodekeeper] PLAN project=gear_diamond success=true steps=31 branches=149 elapsedMs=6.586992
[15:21:10] [Render thread/INFO] (lodekeeper) [Lodekeeper] STEP kind=GATHER source=gather:minecraft:stone output=minecraft:cobblestone count=3 operations=3 auxiliary=false
[15:21:12] [Render thread/INFO] (lodekeeper) [Lodekeeper] PROGRESS elapsed_ms=34613 phase=gathering backend=baritone target=none navigation_elapsed_ms=0 navigation_ticks=0 searching=false path_index=0 path_length=0 retries=0 pending_route_events=0 dropped_route_events=0 status=mining_the_recorded_owned_crafting_table
[15:21:14] [Render thread/INFO] (lodekeeper) [Lodekeeper] NAV backend=baritone mode=PICKUP event=CALC_STARTED elapsedMs=5
[15:21:14] [Render thread/INFO] (lodekeeper) [Lodekeeper] NAV calcTool=minecraft:birch_log slot=0
[15:21:14] [Render thread/INFO] (lodekeeper) [Lodekeeper] PROGRESS elapsed_ms=36663 phase=working backend=baritone target=none navigation_elapsed_ms=0 navigation_ticks=0 searching=false path_index=0 path_length=0 retries=0 pending_route_events=0 dropped_route_events=0 status=collecting_the_crafting-table_drop_at_the_owned_position
[15:21:14] [Render thread/INFO] (lodekeeper) [Lodekeeper] NAV backend=baritone mode=PICKUP event=CALC_FINISHED_NOW_EXECUTING elapsedMs=65
[15:21:14] [Render thread/INFO] (lodekeeper) [Lodekeeper] NAV backend=baritone mode=IDLE event=CANCELED elapsedMs=472
[15:21:14] [Render thread/INFO] (lodekeeper) [Lodekeeper] NAV backend=baritone mode=IDLE event=CANCELED elapsedMs=472
[15:21:14] [Render thread/INFO] (lodekeeper) [Lodekeeper] NAV backend=baritone mode=IDLE event=CANCELED elapsedMs=505
[15:21:15] [Render thread/INFO] (lodekeeper) [Lodekeeper] NAV backend=baritone mode=IDLE event=CANCELED elapsedMs=572
[15:21:15] [Render thread/INFO] (lodekeeper) [Lodekeeper] NAV backend=baritone mode=IDLE event=CANCELED elapsedMs=607
[15:21:15] [Render thread/INFO] (lodekeeper) [Lodekeeper] NAV backend=baritone mode=IDLE event=CANCELED elapsedMs=674
[15:21:15] [lodekeeper-planner/INFO] (lodekeeper) [Lodekeeper] PROJECT_MATERIALS project=gear_diamond before=[gather:minecraft:stone:3, gather:minecraft:iron_ore:3, gather:minecraft:stone:8, gather:minecraft:diamond_ore:3, gather:minecraft:diamond_ore:3, gather:minecraft:birch_log:1, gather:minecraft:diamond_ore:4, gather:minecraft:diamond_ore:8, gather:minecraft:diamond_ore:5, gather:minecraft:diamond_ore:2, gather:minecraft:diamond_ore:7, gather:minecraft:diamond_ore:1, gather:minecraft:diamond_ore:2] after=[gather:minecraft:stone:3, gather:minecraft:iron_ore:3, gather:minecraft:stone:8, gather:minecraft:diamond_ore:3, gather:minecraft:diamond_ore:3, gather:minecraft:birch_log:1, gather:minecraft:diamond_ore:4, gather:minecraft:diamond_ore:8, gather:minecraft:diamond_ore:5, gather:minecraft:diamond_ore:2, gather:minecraft:diamond_ore:7, gather:minecraft:diamond_ore:1, gather:minecraft:diamond_ore:2]
[15:21:15] [lodekeeper-planner/INFO] (lodekeeper) [Lodekeeper] PLAN project=gear_diamond success=true steps=32 branches=150 elapsedMs=4.641888
[15:21:15] [Render thread/INFO] (lodekeeper) [Lodekeeper] STEP kind=GATHER source=gather:minecraft:stone output=minecraft:cobblestone count=3 operations=3 auxiliary=false
[15:21:15] [Render thread/INFO] (lodekeeper) [Lodekeeper] MINING_DEPTH policy=NEAREST desiredY=-2147483648 ceiling=2031 deficit=3 phase=MINE blocks=[Block{minecraft:stone}]
[15:21:15] [Render thread/INFO] (lodekeeper) [Lodekeeper] NAV scan=native-mine durationNanos=2862633 hits=-1 requestTicks=0
[15:21:15] [Render thread/INFO] (lodekeeper) [Lodekeeper] NAV backend=baritone mode=MINE event=CALC_STARTED elapsedMs=4
[15:21:15] [Render thread/INFO] (lodekeeper) [Lodekeeper] NAV calcTool=minecraft:wooden_pickaxe slot=6
[15:21:15] [Render thread/INFO] (lodekeeper) [Lodekeeper] NAV backend=baritone mode=MINE event=CALC_FINISHED_NOW_EXECUTING elapsedMs=134
[15:21:15] [Render thread/INFO] (lodekeeper) [Lodekeeper] TARGET target=8,64,39 block=minecraft:stone
[15:21:16] [Render thread/INFO] (lodekeeper) [Lodekeeper] PROGRESS elapsed_ms=38694 phase=traveling backend=baritone target=8,64,39 block=minecraft:stone navigation_elapsed_ms=1183 navigation_ticks=24 searching=false path_index=0 path_length=22 retries=0 pending_route_events=0 dropped_route_events=0 status=mining_and_collecting_minecraft:cobblestone___0/3
[15:21:18] [Render thread/INFO] (lodekeeper) [Lodekeeper] PROGRESS elapsed_ms=40694 phase=traveling backend=baritone target=8,64,39 block=minecraft:stone navigation_elapsed_ms=3184 navigation_ticks=64 searching=false path_index=0 path_length=18 retries=0 pending_route_events=0 dropped_route_events=0 status=mining_and_collecting_minecraft:cobblestone___0/3
[15:21:18] [Render thread/INFO] (lodekeeper) [Lodekeeper] BREAK target=Mutable{x=6, y=71, z=34} block=Block{minecraft:grass_block} tool=minecraft:birch_log slot=0 remaining=-1 required=route
[15:21:19] [Render thread/INFO] (lodekeeper) [Lodekeeper] NAV backend=baritone mode=MINE event=CALC_STARTED elapsedMs=4670
[15:21:19] [Render thread/INFO] (lodekeeper) [Lodekeeper] NAV calcTool=minecraft:birch_log slot=0
[15:21:19] [Render thread/INFO] (lodekeeper) [Lodekeeper] NAV backend=baritone mode=MINE event=CALC_FINISHED_NOW_EXECUTING elapsedMs=4737
[15:21:20] [Render thread/INFO] (lodekeeper) [Lodekeeper] PROGRESS elapsed_ms=42723 phase=traveling backend=baritone target=8,64,39 block=minecraft:stone navigation_elapsed_ms=5180 navigation_ticks=104 searching=false path_index=0 path_length=16 retries=0 pending_route_events=0 dropped_route_events=0 status=mining_and_collecting_minecraft:cobblestone___0/3
[15:21:22] [Render thread/INFO] (lodekeeper) [Lodekeeper] PROGRESS elapsed_ms=44769 phase=traveling backend=baritone target=8,64,39 block=minecraft:stone navigation_elapsed_ms=7394 navigation_ticks=148 searching=false path_index=0 path_length=7 retries=0 pending_route_events=0 dropped_route_events=0 status=mining_and_collecting_minecraft:cobblestone___0/3
[15:21:24] [Render thread/INFO] (lodekeeper) [Lodekeeper] PROGRESS elapsed_ms=46819 phase=traveling backend=baritone target=8,64,39 block=minecraft:stone navigation_elapsed_ms=9376 navigation_ticks=188 searching=false path_index=0 path_length=5 retries=0 pending_route_events=0 dropped_route_events=0 status=mining_and_collecting_minecraft:cobblestone___0/3
[15:21:26] [Render thread/INFO] (lodekeeper) [Lodekeeper] PROGRESS elapsed_ms=48842 phase=traveling backend=baritone target=8,64,39 block=minecraft:stone navigation_elapsed_ms=11398 navigation_ticks=228 searching=false path_index=0 path_length=6 retries=0 pending_route_events=0 dropped_route_events=0 status=mining_and_collecting_minecraft:cobblestone___0/3
[15:21:28] [Render thread/INFO] (lodekeeper) [Lodekeeper] PROGRESS elapsed_ms=50850 phase=traveling backend=baritone target=8,64,39 block=minecraft:stone navigation_elapsed_ms=13374 navigation_ticks=268 searching=false path_index=0 path_length=5 retries=0 pending_route_events=0 dropped_route_events=0 status=mining_and_collecting_minecraft:cobblestone___0/3
[15:21:30] [Render thread/INFO] (lodekeeper) [Lodekeeper] PROGRESS elapsed_ms=52865 phase=traveling backend=baritone target=8,64,39 block=minecraft:stone navigation_elapsed_ms=15389 navigation_ticks=308 searching=false path_index=0 path_length=6 retries=0 pending_route_events=0 dropped_route_events=0 status=mining_and_collecting_minecraft:cobblestone___0/3
[15:21:32] [Render thread/INFO] (lodekeeper) [Lodekeeper] PROGRESS elapsed_ms=54871 phase=traveling backend=baritone target=8,64,39 block=minecraft:stone navigation_elapsed_ms=17395 navigation_ticks=348 searching=false path_index=0 path_length=5 retries=0 pending_route_events=0 dropped_route_events=0 status=mining_and_collecting_minecraft:cobblestone___0/3
[15:21:34] [Render thread/INFO] (lodekeeper) [Lodekeeper] PROGRESS elapsed_ms=56918 phase=traveling backend=baritone target=8,64,39 block=minecraft:stone navigation_elapsed_ms=19368 navigation_ticks=388 searching=false path_index=0 path_length=6 retries=0 pending_route_events=0 dropped_route_events=0 status=mining_and_collecting_minecraft:cobblestone___0/3
[15:21:36] [Render thread/INFO] (lodekeeper) [Lodekeeper] PROGRESS elapsed_ms=58946 phase=traveling backend=baritone target=8,64,39 block=minecraft:stone navigation_elapsed_ms=21571 navigation_ticks=432 searching=false path_index=0 path_length=6 retries=0 pending_route_events=0 dropped_route_events=0 status=mining_and_collecting_minecraft:cobblestone___0/3
[15:21:38] [Render thread/INFO] (lodekeeper) [Lodekeeper] PROGRESS elapsed_ms=60948 phase=traveling backend=baritone target=8,64,39 block=minecraft:stone navigation_elapsed_ms=23573 navigation_ticks=472 searching=false path_index=0 path_length=6 retries=0 pending_route_events=0 dropped_route_events=0 status=mining_and_collecting_minecraft:cobblestone___0/3
[15:21:40] [Render thread/INFO] (lodekeeper) [Lodekeeper] PROGRESS elapsed_ms=62967 phase=traveling backend=baritone target=8,64,39 block=minecraft:stone navigation_elapsed_ms=25592 navigation_ticks=512 searching=false path_index=0 path_length=6 retries=0 pending_route_events=0 dropped_route_events=0 status=mining_and_collecting_minecraft:cobblestone___0/3
[15:21:42] [Render thread/INFO] (lodekeeper) [Lodekeeper] PROGRESS elapsed_ms=65010 phase=traveling backend=baritone target=8,64,39 block=minecraft:stone navigation_elapsed_ms=27568 navigation_ticks=552 searching=false path_index=0 path_length=5 retries=0 pending_route_events=0 dropped_route_events=0 status=mining_and_collecting_minecraft:cobblestone___0/3
[15:21:44] [Render thread/INFO] (lodekeeper) [Lodekeeper] PROGRESS elapsed_ms=67016 phase=traveling backend=baritone target=8,64,39 block=minecraft:stone navigation_elapsed_ms=29584 navigation_ticks=592 searching=false path_index=0 path_length=6 retries=0 pending_route_events=0 dropped_route_events=0 status=mining_and_collecting_minecraft:cobblestone___0/3
[15:21:46] [Render thread/INFO] (lodekeeper) [Lodekeeper] PROGRESS elapsed_ms=69062 phase=traveling backend=baritone target=8,64,39 block=minecraft:stone navigation_elapsed_ms=31583 navigation_ticks=632 searching=false path_index=0 path_length=6 retries=0 pending_route_events=0 dropped_route_events=0 status=mining_and_collecting_minecraft:cobblestone___0/3
[15:21:48] [Render thread/INFO] (lodekeeper) [Lodekeeper] PROGRESS elapsed_ms=71117 phase=traveling backend=baritone target=8,64,39 block=minecraft:stone navigation_elapsed_ms=33572 navigation_ticks=672 searching=false path_index=0 path_length=6 retries=0 pending_route_events=0 dropped_route_events=0 status=mining_and_collecting_minecraft:cobblestone___0/3
[15:21:51] [Render thread/INFO] (lodekeeper) [Lodekeeper] PROGRESS elapsed_ms=73146 phase=traveling backend=baritone target=8,64,39 block=minecraft:stone navigation_elapsed_ms=35771 navigation_ticks=716 searching=false path_index=0 path_length=5 retries=0 pending_route_events=0 dropped_route_events=0 status=mining_and_collecting_minecraft:cobblestone___0/3
[15:21:53] [Render thread/INFO] (lodekeeper) [Lodekeeper] PROGRESS elapsed_ms=75148 phase=traveling backend=baritone target=8,64,39 block=minecraft:stone navigation_elapsed_ms=37773 navigation_ticks=756 searching=false path_index=0 path_length=6 retries=0 pending_route_events=0 dropped_route_events=0 status=mining_and_collecting_minecraft:cobblestone___0/3
[15:21:55] [Render thread/INFO] (lodekeeper) [Lodekeeper] PROGRESS elapsed_ms=77152 phase=traveling backend=baritone target=8,64,39 block=minecraft:stone navigation_elapsed_ms=39777 navigation_ticks=796 searching=false path_index=0 path_length=5 retries=0 pending_route_events=0 dropped_route_events=0 status=mining_and_collecting_minecraft:cobblestone___0/3
[15:21:57] [Render thread/INFO] (lodekeeper) [Lodekeeper] PROGRESS elapsed_ms=79212 phase=traveling backend=baritone target=8,64,39 block=minecraft:stone navigation_elapsed_ms=41769 navigation_ticks=836 searching=false path_index=0 path_length=6 retries=0 pending_route_events=0 dropped_route_events=0 status=mining_and_collecting_minecraft:cobblestone___0/3
[15:21:59] [Render thread/INFO] (lodekeeper) [Lodekeeper] PROGRESS elapsed_ms=81263 phase=traveling backend=baritone target=8,64,39 block=minecraft:stone navigation_elapsed_ms=43787 navigation_ticks=876 searching=false path_index=0 path_length=5 retries=0 pending_route_events=0 dropped_route_events=0 status=mining_and_collecting_minecraft:cobblestone___0/3
[15:22:01] [Render thread/INFO] (lodekeeper) [Lodekeeper] PROGRESS elapsed_ms=83319 phase=traveling backend=baritone target=8,64,39 block=minecraft:stone navigation_elapsed_ms=45772 navigation_ticks=916 searching=false path_index=0 path_length=4 retries=0 pending_route_events=0 dropped_route_events=0 status=mining_and_collecting_minecraft:cobblestone___0/3
[15:22:01] [Render thread/INFO] (lodekeeper) [Lodekeeper] BREAK target=Mutable{x=8, y=64, z=39} block=Block{minecraft:stone} tool=minecraft:wooden_pickaxe slot=6 remaining=59 required=minecraft:wooden_pickaxe
[15:22:03] [Render thread/INFO] (lodekeeper) [Lodekeeper] PROGRESS elapsed_ms=85363 phase=traveling backend=baritone target=8,64,39 block=minecraft:stone navigation_elapsed_ms=47988 navigation_ticks=960 searching=false path_index=0 path_length=2 retries=0 pending_route_events=0 dropped_route_events=0 status=mining_and_collecting_minecraft:cobblestone___0/3
[15:22:05] [Render thread/INFO] (lodekeeper) [Lodekeeper] PROGRESS elapsed_ms=87418 phase=traveling backend=baritone target=8,64,39 block=minecraft:stone navigation_elapsed_ms=49976 navigation_ticks=1000 searching=false path_index=0 path_length=2 retries=0 pending_route_events=0 dropped_route_events=0 status=mining_and_collecting_minecraft:cobblestone___0/3
[15:22:07] [Render thread/INFO] (lodekeeper) [Lodekeeper] PROGRESS elapsed_ms=89471 phase=traveling backend=baritone target=8,64,39 block=minecraft:stone navigation_elapsed_ms=51992 navigation_ticks=1040 searching=false path_index=0 path_length=2 retries=0 pending_route_events=0 dropped_route_events=0 status=mining_and_collecting_minecraft:cobblestone___0/3
[15:22:08] [Render thread/INFO] (lodekeeper) [Lodekeeper] NAV backend=baritone mode=MINE event=CALC_STARTED elapsedMs=53186
[15:22:08] [Render thread/INFO] (lodekeeper) [Lodekeeper] NAV calcTool=minecraft:wooden_pickaxe slot=6
[15:22:08] [Render thread/INFO] (lodekeeper) [Lodekeeper] NAV backend=baritone mode=MINE event=CALC_FINISHED_NOW_EXECUTING elapsedMs=53219
[15:22:09] [Render thread/INFO] (lodekeeper) [Lodekeeper] PROGRESS elapsed_ms=91517 phase=traveling backend=baritone target=8,64,39 block=minecraft:stone navigation_elapsed_ms=53972 navigation_ticks=1080 searching=false path_index=0 path_length=2 retries=0 pending_route_events=0 dropped_route_events=0 status=mining_and_collecting_minecraft:cobblestone___0/3
[15:22:11] [Render thread/INFO] (lodekeeper) [Lodekeeper] PROGRESS elapsed_ms=93569 phase=traveling backend=baritone target=8,64,39 block=minecraft:stone navigation_elapsed_ms=56194 navigation_ticks=1124 searching=false path_index=0 path_length=2 retries=0 pending_route_events=0 dropped_route_events=0 status=mining_and_collecting_minecraft:cobblestone___0/3
[15:22:13] [Render thread/INFO] (lodekeeper) [Lodekeeper] PROGRESS elapsed_ms=95593 phase=traveling backend=baritone target=8,64,39 block=minecraft:stone navigation_elapsed_ms=58185 navigation_ticks=1164 searching=false path_index=0 path_length=2 retries=0 pending_route_events=0 dropped_route_events=0 status=mining_and_collecting_minecraft:cobblestone___0/3
[15:22:14] [Render thread/INFO] (lodekeeper) [Lodekeeper] TARGET target=9,64,39 block=minecraft:stone
[15:22:14] [Render thread/INFO] (lodekeeper) [Lodekeeper] NAV backend=baritone mode=MINE event=CALC_STARTED elapsedMs=58974
[15:22:14] [Render thread/INFO] (lodekeeper) [Lodekeeper] NAV calcTool=minecraft:wooden_pickaxe slot=6
[15:22:14] [Render thread/INFO] (lodekeeper) [Lodekeeper] NAV backend=baritone mode=MINE event=CALC_FINISHED_NOW_EXECUTING elapsedMs=58974
[15:22:14] [Render thread/INFO] (lodekeeper) [Lodekeeper] BREAK target=Mutable{x=9, y=64, z=39} block=Block{minecraft:stone} tool=minecraft:wooden_pickaxe slot=6 remaining=58 required=minecraft:wooden_pickaxe
[15:22:15] [Render thread/INFO] (lodekeeper) [Lodekeeper] PROGRESS elapsed_ms=97608 phase=traveling backend=baritone target=9,64,39 block=minecraft:stone navigation_elapsed_ms=60199 navigation_ticks=1204 searching=false path_index=0 path_length=2 retries=0 pending_route_events=0 dropped_route_events=0 status=mining_and_collecting_minecraft:cobblestone___1/3
[15:22:16] [Render thread/INFO] (lodekeeper) [Lodekeeper] TARGET target=8,64,38 block=minecraft:stone
[15:22:16] [Render thread/INFO] (lodekeeper) [Lodekeeper] NAV backend=baritone mode=MINE event=CALC_STARTED elapsedMs=60779
[15:22:16] [Render thread/INFO] (lodekeeper) [Lodekeeper] NAV calcTool=minecraft:wooden_pickaxe slot=6
[15:22:16] [Render thread/INFO] (lodekeeper) [Lodekeeper] NAV backend=baritone mode=MINE event=CALC_FINISHED_NOW_EXECUTING elapsedMs=60779
[15:22:16] [Render thread/INFO] (lodekeeper) [Lodekeeper] BREAK target=Mutable{x=8, y=64, z=38} block=Block{minecraft:stone} tool=minecraft:wooden_pickaxe slot=6 remaining=57 required=minecraft:wooden_pickaxe
[15:22:17] [Render thread/INFO] (lodekeeper) [Lodekeeper] TARGET target=8,65,38 block=minecraft:stone
[15:22:17] [Render thread/INFO] (lodekeeper) [Lodekeeper] PROGRESS elapsed_ms=99619 phase=traveling backend=baritone target=8,65,38 block=minecraft:stone navigation_elapsed_ms=62176 navigation_ticks=1244 searching=false path_index=0 path_length=2 retries=0 pending_route_events=0 dropped_route_events=0 status=mining_and_collecting_minecraft:cobblestone___2/3
[15:22:17] [Render thread/INFO] (lodekeeper) [Lodekeeper] NAV backend=baritone mode=MINE event=CALC_STARTED elapsedMs=62245
[15:22:17] [Render thread/INFO] (lodekeeper) [Lodekeeper] NAV calcTool=minecraft:wooden_pickaxe slot=6
[15:22:17] [Render thread/INFO] (lodekeeper) [Lodekeeper] NAV backend=baritone mode=MINE event=CALC_FINISHED_NOW_EXECUTING elapsedMs=62245
[15:22:17] [Render thread/INFO] (lodekeeper) [Lodekeeper] TARGET target=9,64,38 block=minecraft:stone
[15:22:17] [Render thread/INFO] (lodekeeper) [Lodekeeper] BREAK target=Mutable{x=9, y=64, z=38} block=Block{minecraft:stone} tool=minecraft:wooden_pickaxe slot=6 remaining=56 required=minecraft:wooden_pickaxe
[15:22:17] [Render thread/INFO] (lodekeeper) [Lodekeeper] TARGET target=none
[15:22:18] [lodekeeper-planner/INFO] (lodekeeper) [Lodekeeper] PROJECT_MATERIALS project=gear_diamond before=[gather:minecraft:iron_ore:3, gather:minecraft:stone:8, gather:minecraft:diamond_ore:3, gather:minecraft:diamond_ore:3, gather:minecraft:birch_log:1, gather:minecraft:diamond_ore:4, gather:minecraft:diamond_ore:8, gather:minecraft:diamond_ore:5, gather:minecraft:diamond_ore:2, gather:minecraft:diamond_ore:7, gather:minecraft:diamond_ore:1, gather:minecraft:diamond_ore:2] after=[gather:minecraft:iron_ore:3, gather:minecraft:stone:8, gather:minecraft:diamond_ore:3, gather:minecraft:diamond_ore:3, gather:minecraft:birch_log:1, gather:minecraft:diamond_ore:4, gather:minecraft:diamond_ore:8, gather:minecraft:diamond_ore:5, gather:minecraft:diamond_ore:2, gather:minecraft:diamond_ore:7, gather:minecraft:diamond_ore:1, gather:minecraft:diamond_ore:2]
[15:22:18] [lodekeeper-planner/INFO] (lodekeeper) [Lodekeeper] PLAN project=gear_diamond success=true steps=31 branches=145 elapsedMs=5.36463
[15:22:18] [Render thread/INFO] (lodekeeper) [Lodekeeper] STEP kind=PLACE_STATION source=place:minecraft:crafting_table output=null count=0 operations=1 auxiliary=false
[15:22:18] [Render thread/INFO] (lodekeeper) [Lodekeeper] TARGET target=8,63,39 block=minecraft:crafting_table
[15:22:18] [Render thread/INFO] (lodekeeper) [Lodekeeper] TARGET target=none
[15:22:18] [lodekeeper-planner/INFO] (lodekeeper) [Lodekeeper] PROJECT_MATERIALS project=gear_diamond before=[gather:minecraft:iron_ore:3, gather:minecraft:stone:8, gather:minecraft:diamond_ore:3, gather:minecraft:diamond_ore:3, gather:minecraft:birch_log:1, gather:minecraft:diamond_ore:4, gather:minecraft:diamond_ore:8, gather:minecraft:diamond_ore:5, gather:minecraft:diamond_ore:2, gather:minecraft:diamond_ore:7, gather:minecraft:diamond_ore:1, gather:minecraft:diamond_ore:2] after=[gather:minecraft:iron_ore:3, gather:minecraft:stone:8, gather:minecraft:diamond_ore:3, gather:minecraft:diamond_ore:3, gather:minecraft:birch_log:1, gather:minecraft:diamond_ore:4, gather:minecraft:diamond_ore:8, gather:minecraft:diamond_ore:5, gather:minecraft:diamond_ore:2, gather:minecraft:diamond_ore:7, gather:minecraft:diamond_ore:1, gather:minecraft:diamond_ore:2]
[15:22:18] [lodekeeper-planner/INFO] (lodekeeper) [Lodekeeper] PLAN project=gear_diamond success=true steps=30 branches=144 elapsedMs=5.677524
[15:22:18] [Render thread/INFO] (lodekeeper) [Lodekeeper] STEP kind=CRAFT source=minecraft:stone_pickaxe output=minecraft:stone_pickaxe count=1 operations=1 auxiliary=false
[15:22:19] [Render thread/INFO] (lodekeeper) [Lodekeeper] PROGRESS elapsed_ms=101667 phase=crafting backend=baritone target=none navigation_elapsed_ms=0 navigation_ticks=0 searching=false path_index=0 path_length=0 retries=0 pending_route_events=0 dropped_route_events=0 status=CRAFT_minecraft:stone_pickaxe
[15:22:21] [Render thread/INFO] (lodekeeper) [Lodekeeper] PROGRESS elapsed_ms=103720 phase=crafting backend=baritone target=none navigation_elapsed_ms=0 navigation_ticks=0 searching=false path_index=0 path_length=0 retries=0 pending_route_events=0 dropped_route_events=0 status=CRAFT_minecraft:stone_pickaxe
[15:22:22] [lodekeeper-planner/INFO] (lodekeeper) [Lodekeeper] PROJECT_MATERIALS project=gear_diamond before=[gather:minecraft:iron_ore:3, gather:minecraft:stone:8, gather:minecraft:diamond_ore:3, gather:minecraft:diamond_ore:3, gather:minecraft:birch_log:1, gather:minecraft:diamond_ore:4, gather:minecraft:diamond_ore:8, gather:minecraft:diamond_ore:5, gather:minecraft:diamond_ore:2, gather:minecraft:diamond_ore:7, gather:minecraft:diamond_ore:1, gather:minecraft:diamond_ore:2] after=[gather:minecraft:iron_ore:3, gather:minecraft:stone:8, gather:minecraft:diamond_ore:3, gather:minecraft:diamond_ore:3, gather:minecraft:birch_log:1, gather:minecraft:diamond_ore:4, gather:minecraft:diamond_ore:8, gather:minecraft:diamond_ore:5, gather:minecraft:diamond_ore:2, gather:minecraft:diamond_ore:7, gather:minecraft:diamond_ore:1, gather:minecraft:diamond_ore:2]
[15:22:22] [lodekeeper-planner/INFO] (lodekeeper) [Lodekeeper] PLAN project=gear_diamond success=true steps=29 branches=139 elapsedMs=4.432393
[15:22:22] [Render thread/INFO] (lodekeeper) [Lodekeeper] STEP kind=GATHER source=gather:minecraft:iron_ore output=minecraft:raw_iron count=3 operations=3 auxiliary=false
[15:22:23] [Render thread/INFO] (lodekeeper) [Lodekeeper] PROGRESS elapsed_ms=105766 phase=gathering backend=baritone target=none navigation_elapsed_ms=0 navigation_ticks=0 searching=false path_index=0 path_length=0 retries=0 pending_route_events=0 dropped_route_events=0 status=mining_the_recorded_owned_crafting_table
[15:22:25] [Render thread/INFO] (lodekeeper) [Lodekeeper] PROGRESS elapsed_ms=107771 phase=gathering backend=baritone target=none navigation_elapsed_ms=0 navigation_ticks=0 searching=false path_index=0 path_length=0 retries=0 pending_route_events=0 dropped_route_events=0 status=mining_the_recorded_owned_crafting_table
[15:22:26] [Render thread/INFO] (lodekeeper) [Lodekeeper] NAV backend=baritone mode=PICKUP event=CALC_STARTED elapsedMs=1
[15:22:26] [Render thread/INFO] (lodekeeper) [Lodekeeper] NAV calcTool=minecraft:birch_log slot=0
[15:22:26] [Render thread/INFO] (lodekeeper) [Lodekeeper] NAV backend=baritone mode=PICKUP event=CALC_FINISHED_NOW_EXECUTING elapsedMs=67
[15:22:26] [Render thread/INFO] (lodekeeper) [Lodekeeper] NAV backend=baritone mode=PICKUP event=AT_GOAL elapsedMs=206
[15:22:26] [Render thread/INFO] (lodekeeper) [Lodekeeper] NAV backend=baritone mode=PICKUP event=CALC_STARTED elapsedMs=240
[15:22:26] [Render thread/INFO] (lodekeeper) [Lodekeeper] NAV calcTool=minecraft:birch_log slot=0
[15:22:26] [Render thread/INFO] (lodekeeper) [Lodekeeper] NAV backend=baritone mode=PICKUP event=CALC_FINISHED_NOW_EXECUTING elapsedMs=308
[15:22:26] [Render thread/INFO] (lodekeeper) [Lodekeeper] NAV backend=baritone mode=IDLE event=CANCELED elapsedMs=513
[15:22:26] [Render thread/INFO] (lodekeeper) [Lodekeeper] NAV backend=baritone mode=IDLE event=CANCELED elapsedMs=513
[15:22:26] [Render thread/INFO] (lodekeeper) [Lodekeeper] NAV backend=baritone mode=IDLE event=CANCELED elapsedMs=547
[15:22:26] [lodekeeper-planner/INFO] (lodekeeper) [Lodekeeper] PROJECT_MATERIALS project=gear_diamond before=[gather:minecraft:iron_ore:3, gather:minecraft:stone:8, gather:minecraft:diamond_ore:3, gather:minecraft:diamond_ore:3, gather:minecraft:birch_log:1, gather:minecraft:diamond_ore:4, gather:minecraft:diamond_ore:8, gather:minecraft:diamond_ore:5, gather:minecraft:diamond_ore:2, gather:minecraft:diamond_ore:7, gather:minecraft:diamond_ore:1, gather:minecraft:diamond_ore:2] after=[gather:minecraft:iron_ore:3, gather:minecraft:stone:8, gather:minecraft:diamond_ore:3, gather:minecraft:diamond_ore:3, gather:minecraft:birch_log:1, gather:minecraft:diamond_ore:4, gather:minecraft:diamond_ore:8, gather:minecraft:diamond_ore:5, gather:minecraft:diamond_ore:2, gather:minecraft:diamond_ore:7, gather:minecraft:diamond_ore:1, gather:minecraft:diamond_ore:2]
[15:22:26] [lodekeeper-planner/INFO] (lodekeeper) [Lodekeeper] PLAN project=gear_diamond success=true steps=30 branches=140 elapsedMs=15.278278
[15:22:27] [Render thread/INFO] (lodekeeper) [Lodekeeper] FOOD_PURSUIT event=start target=4a44f550-1105-48f2-870c-4efa7a10556d routes=1 failedRoutes=0 attacks=0 health=10.0 closestBoxDistance=21.05 elapsedMs=0
[15:22:27] [Render thread/INFO] (lodekeeper) [Lodekeeper] NAV backend=baritone mode=FOLLOW event=CALC_STARTED elapsedMs=4
[15:22:27] [Render thread/INFO] (lodekeeper) [Lodekeeper] NAV calcTool=minecraft:stone_pickaxe slot=7
[15:22:27] [Render thread/INFO] (lodekeeper) [Lodekeeper] NAV backend=baritone mode=FOLLOW event=CALC_FINISHED_NOW_EXECUTING elapsedMs=33
[15:22:27] [Render thread/INFO] (lodekeeper) [Lodekeeper] NAV backend=baritone mode=FOLLOW event=CALC_STARTED elapsedMs=376
[15:22:27] [Render thread/INFO] (lodekeeper) [Lodekeeper] NAV calcTool=minecraft:stone_pickaxe slot=7
[15:22:27] [Render thread/INFO] (lodekeeper) [Lodekeeper] NAV backend=baritone mode=FOLLOW event=CALC_FINISHED_NOW_EXECUTING elapsedMs=376
[15:22:27] [Render thread/INFO] (lodekeeper) [Lodekeeper] PROGRESS elapsed_ms=109824 phase=traveling backend=baritone target=none navigation_elapsed_ms=579 navigation_ticks=12 searching=false path_index=0 path_length=33 retries=0 pending_route_events=0 dropped_route_events=0 status=pursuing_cow__1_
[15:22:27] [Render thread/INFO] (lodekeeper) [Lodekeeper] NAV backend=baritone mode=FOLLOW event=CALC_STARTED elapsedMs=820
[15:22:27] [Render thread/INFO] (lodekeeper) [Lodekeeper] NAV calcTool=minecraft:stone_pickaxe slot=7
[15:22:27] [Render thread/INFO] (lodekeeper) [Lodekeeper] NAV backend=baritone mode=FOLLOW event=CALC_FINISHED_NOW_EXECUTING elapsedMs=820
[15:22:29] [Render thread/INFO] (lodekeeper) [Lodekeeper] PROGRESS elapsed_ms=111871 phase=traveling backend=baritone target=none navigation_elapsed_ms=2594 navigation_ticks=52 searching=false path_index=0 path_length=32 retries=0 pending_route_events=0 dropped_route_events=0 status=pursuing_cow__1_
[15:22:30] [Render thread/INFO] (lodekeeper) [Lodekeeper] NAV backend=baritone mode=FOLLOW event=CALC_STARTED elapsedMs=3830
[15:22:30] [Render thread/INFO] (lodekeeper) [Lodekeeper] NAV calcTool=minecraft:stone_pickaxe slot=7
[15:22:30] [Render thread/INFO] (lodekeeper) [Lodekeeper] NAV backend=baritone mode=FOLLOW event=CALC_FINISHED_NOW_EXECUTING elapsedMs=3831
[15:22:31] [Render thread/INFO] (lodekeeper) [Lodekeeper] NAV backend=baritone mode=FOLLOW event=CALC_STARTED elapsedMs=4583
[15:22:31] [Render thread/INFO] (lodekeeper) [Lodekeeper] NAV calcTool=minecraft:stone_pickaxe slot=7
[15:22:31] [Render thread/INFO] (lodekeeper) [Lodekeeper] NAV backend=baritone mode=FOLLOW event=CALC_FINISHED_NOW_EXECUTING elapsedMs=4583
[15:22:31] [Render thread/INFO] (lodekeeper) [Lodekeeper] PROGRESS elapsed_ms=113896 phase=traveling backend=baritone target=none navigation_elapsed_ms=4582 navigation_ticks=92 searching=false path_index=0 path_length=33 retries=0 pending_route_events=0 dropped_route_events=0 status=pursuing_cow__1_
[15:22:32] [Render thread/INFO] (lodekeeper) [Lodekeeper] NAV backend=baritone mode=FOLLOW event=CALC_STARTED elapsedMs=5272
[15:22:32] [Render thread/INFO] (lodekeeper) [Lodekeeper] NAV calcTool=minecraft:stone_pickaxe slot=7
[15:22:32] [Render thread/INFO] (lodekeeper) [Lodekeeper] NAV backend=baritone mode=FOLLOW event=CALC_FINISHED_NOW_EXECUTING elapsedMs=5273
[15:22:33] [Render thread/INFO] (lodekeeper) [Lodekeeper] NAV backend=baritone mode=FOLLOW event=CALC_STARTED elapsedMs=6570
[15:22:33] [Render thread/INFO] (lodekeeper) [Lodekeeper] NAV calcTool=minecraft:stone_pickaxe slot=7
[15:22:33] [Render thread/INFO] (lodekeeper) [Lodekeeper] NAV backend=baritone mode=FOLLOW event=CALC_FINISHED_NOW_EXECUTING elapsedMs=6570
[15:22:33] [Render thread/INFO] (lodekeeper) [Lodekeeper] PROGRESS elapsed_ms=115918 phase=traveling backend=baritone target=none navigation_elapsed_ms=6569 navigation_ticks=132 searching=false path_index=0 path_length=34 retries=0 pending_route_events=0 dropped_route_events=0 status=pursuing_cow__1_
[15:22:35] [Render thread/INFO] (lodekeeper) [Lodekeeper] PROGRESS elapsed_ms=117974 phase=traveling backend=baritone target=none navigation_elapsed_ms=8799 navigation_ticks=176 searching=false path_index=0 path_length=34 retries=0 pending_route_events=0 dropped_route_events=0 status=pursuing_cow__1_
[15:22:37] [Render thread/INFO] (lodekeeper) [Lodekeeper] PROGRESS elapsed_ms=119992 phase=traveling backend=baritone target=none navigation_elapsed_ms=10783 navigation_ticks=216 searching=false path_index=0 path_length=34 retries=0 pending_route_events=0 dropped_route_events=0 status=pursuing_cow__1_
[15:22:38] [Render thread/INFO] (lodekeeper) [Lodekeeper] NAV backend=baritone mode=FOLLOW event=CALC_STARTED elapsedMs=11777
[15:22:38] [Render thread/INFO] (lodekeeper) [Lodekeeper] NAV calcTool=minecraft:stone_pickaxe slot=7
[15:22:38] [Render thread/INFO] (lodekeeper) [Lodekeeper] NAV backend=baritone mode=FOLLOW event=CALC_FINISHED_NOW_EXECUTING elapsedMs=11843
[15:22:39] [Render thread/INFO] (lodekeeper) [Lodekeeper] PROGRESS elapsed_ms=122010 phase=traveling backend=baritone target=none navigation_elapsed_ms=12800 navigation_ticks=256 searching=false path_index=0 path_length=34 retries=0 pending_route_events=0 dropped_route_events=0 status=pursuing_cow__1_
[15:22:41] [Render thread/INFO] (lodekeeper) [Lodekeeper] PROGRESS elapsed_ms=124065 phase=traveling backend=baritone target=none navigation_elapsed_ms=14788 navigation_ticks=296 searching=false path_index=0 path_length=34 retries=0 pending_route_events=0 dropped_route_events=0 status=pursuing_cow__1_
[15:22:43] [Render thread/INFO] (lodekeeper) [Lodekeeper] PROGRESS elapsed_ms=126115 phase=traveling backend=baritone target=none navigation_elapsed_ms=16774 navigation_ticks=336 searching=false path_index=0 path_length=34 retries=0 pending_route_events=0 dropped_route_events=0 status=pursuing_cow__1_
[15:22:44] [Render thread/INFO] (lodekeeper) [Lodekeeper] NAV backend=baritone mode=FOLLOW event=CALC_STARTED elapsedMs=17043
[15:22:44] [Render thread/INFO] (lodekeeper) [Lodekeeper] NAV calcTool=minecraft:stone_pickaxe slot=7
[15:22:44] [Render thread/INFO] (lodekeeper) [Lodekeeper] NAV backend=baritone mode=FOLLOW event=CALC_FINISHED_NOW_EXECUTING elapsedMs=17075
[15:22:45] [Render thread/INFO] (lodekeeper) [Lodekeeper] NAV backend=baritone mode=FOLLOW event=CALC_STARTED elapsedMs=18131
[15:22:45] [Render thread/INFO] (lodekeeper) [Lodekeeper] NAV calcTool=minecraft:stone_pickaxe slot=7
[15:22:45] [Render thread/INFO] (lodekeeper) [Lodekeeper] NAV backend=baritone mode=FOLLOW event=CALC_FINISHED_NOW_EXECUTING elapsedMs=18131
[15:22:46] [Render thread/INFO] (lodekeeper) [Lodekeeper] PROGRESS elapsed_ms=128163 phase=traveling backend=baritone target=none navigation_elapsed_ms=18988 navigation_ticks=380 searching=false path_index=0 path_length=32 retries=0 pending_route_events=0 dropped_route_events=0 status=pursuing_cow__1_
[15:22:46] [Render thread/INFO] (lodekeeper) [Lodekeeper] NAV backend=baritone mode=FOLLOW event=CALC_STARTED elapsedMs=19192
[15:22:46] [Render thread/INFO] (lodekeeper) [Lodekeeper] NAV calcTool=minecraft:stone_pickaxe slot=7
[15:22:46] [Render thread/INFO] (lodekeeper) [Lodekeeper] NAV backend=baritone mode=FOLLOW event=CALC_FINISHED_NOW_EXECUTING elapsedMs=19192
[15:22:47] [Render thread/INFO] (lodekeeper) [Lodekeeper] NAV backend=baritone mode=FOLLOW event=CALC_STARTED elapsedMs=20929
[15:22:47] [Render thread/INFO] (lodekeeper) [Lodekeeper] NAV calcTool=minecraft:stone_pickaxe slot=7
[15:22:47] [Render thread/INFO] (lodekeeper) [Lodekeeper] NAV backend=baritone mode=FOLLOW event=CALC_FINISHED_NOW_EXECUTING elapsedMs=20929
[15:22:48] [Render thread/INFO] (lodekeeper) [Lodekeeper] PROGRESS elapsed_ms=130170 phase=traveling backend=baritone target=none navigation_elapsed_ms=20996 navigation_ticks=420 searching=false path_index=0 path_length=30 retries=0 pending_route_events=0 dropped_route_events=0 status=pursuing_cow__1_
[15:22:48] [Render thread/INFO] (lodekeeper) [Lodekeeper] NAV backend=baritone mode=FOLLOW event=CALC_STARTED elapsedMs=20996
[15:22:48] [Render thread/INFO] (lodekeeper) [Lodekeeper] NAV calcTool=minecraft:stone_pickaxe slot=7
[15:22:48] [Render thread/INFO] (lodekeeper) [Lodekeeper] NAV backend=baritone mode=FOLLOW event=CALC_FINISHED_NOW_EXECUTING elapsedMs=20997
[15:22:50] [Render thread/INFO] (lodekeeper) [Lodekeeper] PROGRESS elapsed_ms=132216 phase=traveling backend=baritone target=none navigation_elapsed_ms=22974 navigation_ticks=460 searching=false path_index=0 path_length=30 retries=0 pending_route_events=0 dropped_route_events=0 status=pursuing_cow__1_
[15:22:52] [Render thread/INFO] (lodekeeper) [Lodekeeper] PROGRESS elapsed_ms=134262 phase=traveling backend=baritone target=none navigation_elapsed_ms=24986 navigation_ticks=500 searching=false path_index=0 path_length=30 retries=0 pending_route_events=0 dropped_route_events=0 status=pursuing_cow__1_
[15:22:53] [Render thread/INFO] (lodekeeper) [Lodekeeper] NAV backend=baritone mode=FOLLOW event=CALC_STARTED elapsedMs=26185
[15:22:53] [Render thread/INFO] (lodekeeper) [Lodekeeper] NAV calcTool=minecraft:stone_pickaxe slot=7
[15:22:53] [Render thread/INFO] (lodekeeper) [Lodekeeper] NAV backend=baritone mode=FOLLOW event=CALC_FINISHED_NOW_EXECUTING elapsedMs=26229
[15:22:54] [Render thread/INFO] (lodekeeper) [Lodekeeper] PROGRESS elapsed_ms=136311 phase=traveling backend=baritone target=none navigation_elapsed_ms=26967 navigation_ticks=540 searching=false path_index=0 path_length=30 retries=0 pending_route_events=0 dropped_route_events=0 status=pursuing_cow__1_
[15:22:56] [Render thread/INFO] (lodekeeper) [Lodekeeper] PROGRESS elapsed_ms=138361 phase=traveling backend=baritone target=none navigation_elapsed_ms=29186 navigation_ticks=584 searching=false path_index=0 path_length=30 retries=0 pending_route_events=0 dropped_route_events=0 status=pursuing_cow__1_
[15:22:58] [Render thread/INFO] (lodekeeper) [Lodekeeper] PROGRESS elapsed_ms=140374 phase=traveling backend=baritone target=none navigation_elapsed_ms=31199 navigation_ticks=624 searching=false path_index=0 path_length=30 retries=0 pending_route_events=0 dropped_route_events=0 status=pursuing_cow__1_
[15:22:58] [Render thread/INFO] (lodekeeper) [Lodekeeper] NAV backend=baritone mode=FOLLOW event=CALC_STARTED elapsedMs=31439
[15:22:58] [Render thread/INFO] (lodekeeper) [Lodekeeper] NAV calcTool=minecraft:stone_pickaxe slot=7
[15:22:58] [Render thread/INFO] (lodekeeper) [Lodekeeper] NAV backend=baritone mode=FOLLOW event=CALC_FINISHED_NOW_EXECUTING elapsedMs=31475
[15:23:00] [Render thread/INFO] (lodekeeper) [Lodekeeper] PROGRESS elapsed_ms=142422 phase=traveling backend=baritone target=none navigation_elapsed_ms=33180 navigation_ticks=664 searching=false path_index=0 path_length=30 retries=0 pending_route_events=0 dropped_route_events=0 status=pursuing_cow__1_
[15:23:02] [Render thread/INFO] (lodekeeper) [Lodekeeper] PROGRESS elapsed_ms=144464 phase=traveling backend=baritone target=none navigation_elapsed_ms=35187 navigation_ticks=704 searching=false path_index=0 path_length=30 retries=0 pending_route_events=0 dropped_route_events=0 status=pursuing_cow__1_
[15:23:02] [Render thread/INFO] (lodekeeper) [Lodekeeper] NAV backend=baritone mode=FOLLOW event=CALC_STARTED elapsedMs=35699
[15:23:02] [Render thread/INFO] (lodekeeper) [Lodekeeper] NAV calcTool=minecraft:stone_pickaxe slot=7
[15:23:02] [Render thread/INFO] (lodekeeper) [Lodekeeper] NAV backend=baritone mode=FOLLOW event=CALC_FINISHED_NOW_EXECUTING elapsedMs=35700
[15:23:03] [Render thread/INFO] (lodekeeper) [Lodekeeper] NAV backend=baritone mode=FOLLOW event=CALC_STARTED elapsedMs=36075
[15:23:03] [Render thread/INFO] (lodekeeper) [Lodekeeper] NAV calcTool=minecraft:stone_pickaxe slot=7
[15:23:03] [Render thread/INFO] (lodekeeper) [Lodekeeper] NAV backend=baritone mode=FOLLOW event=CALC_FINISHED_NOW_EXECUTING elapsedMs=36075
[15:23:04] [Render thread/INFO] (lodekeeper) [Lodekeeper] PROGRESS elapsed_ms=146519 phase=traveling backend=baritone target=none navigation_elapsed_ms=37175 navigation_ticks=744 searching=false path_index=0 path_length=32 retries=0 pending_route_events=0 dropped_route_events=0 status=pursuing_cow__1_
[15:23:04] [Render thread/INFO] (lodekeeper) [Lodekeeper] NAV backend=baritone mode=FOLLOW event=CALC_STARTED elapsedMs=37822
[15:23:04] [Render thread/INFO] (lodekeeper) [Lodekeeper] NAV calcTool=minecraft:stone_pickaxe slot=7
[15:23:04] [Render thread/INFO] (lodekeeper) [Lodekeeper] NAV backend=baritone mode=FOLLOW event=CALC_FINISHED_NOW_EXECUTING elapsedMs=37823
[15:23:05] [Render thread/INFO] (lodekeeper) [Lodekeeper] NAV backend=baritone mode=FOLLOW event=CALC_STARTED elapsedMs=38370
[15:23:05] [Render thread/INFO] (lodekeeper) [Lodekeeper] NAV calcTool=minecraft:stone_pickaxe slot=7
[15:23:05] [Render thread/INFO] (lodekeeper) [Lodekeeper] NAV backend=baritone mode=FOLLOW event=CALC_FINISHED_NOW_EXECUTING elapsedMs=38371
[15:23:06] [Render thread/INFO] (lodekeeper) [Lodekeeper] PROGRESS elapsed_ms=148565 phase=traveling backend=baritone target=none navigation_elapsed_ms=39390 navigation_ticks=788 searching=false path_index=0 path_length=33 retries=0 pending_route_events=0 dropped_route_events=0 status=pursuing_cow__1_
[15:23:06] [Render thread/INFO] (lodekeeper) [Lodekeeper] NAV backend=baritone mode=FOLLOW event=CALC_STARTED elapsedMs=39492
[15:23:06] [Render thread/INFO] (lodekeeper) [Lodekeeper] NAV calcTool=minecraft:stone_pickaxe slot=7
[15:23:06] [Render thread/INFO] (lodekeeper) [Lodekeeper] NAV backend=baritone mode=FOLLOW event=CALC_FINISHED_NOW_EXECUTING elapsedMs=39545
[15:23:07] [Render thread/INFO] (lodekeeper) [Lodekeeper] NAV backend=baritone mode=FOLLOW event=CALC_STARTED elapsedMs=40037
[15:23:07] [Render thread/INFO] (lodekeeper) [Lodekeeper] NAV calcTool=minecraft:stone_pickaxe slot=7
[15:23:07] [Render thread/INFO] (lodekeeper) [Lodekeeper] NAV backend=baritone mode=FOLLOW event=CALC_FINISHED_NOW_EXECUTING elapsedMs=40037
[15:23:07] [Render thread/INFO] (lodekeeper) [Lodekeeper] NAV backend=baritone mode=FOLLOW event=CALC_STARTED elapsedMs=40845
[15:23:07] [Render thread/INFO] (lodekeeper) [Lodekeeper] NAV calcTool=minecraft:stone_pickaxe slot=7
[15:23:07] [Render thread/INFO] (lodekeeper) [Lodekeeper] NAV backend=baritone mode=FOLLOW event=CALC_FINISHED_NOW_EXECUTING elapsedMs=40846
[15:23:08] [Render thread/INFO] (lodekeeper) [Lodekeeper] PROGRESS elapsed_ms=150569 phase=traveling backend=baritone target=none navigation_elapsed_ms=41394 navigation_ticks=828 searching=false path_index=0 path_length=35 retries=0 pending_route_events=0 dropped_route_events=0 status=pursuing_cow__1_
[15:23:08] [Render thread/INFO] (lodekeeper) [Lodekeeper] NAV backend=baritone mode=FOLLOW event=CALC_STARTED elapsedMs=41600
[15:23:08] [Render thread/INFO] (lodekeeper) [Lodekeeper] NAV calcTool=minecraft:stone_pickaxe slot=7
[15:23:08] [Render thread/INFO] (lodekeeper) [Lodekeeper] NAV backend=baritone mode=FOLLOW event=CALC_FINISHED_NOW_EXECUTING elapsedMs=41601
[15:23:08] [Render thread/INFO] (lodekeeper) [Lodekeeper] NAV backend=baritone mode=FOLLOW event=CALC_STARTED elapsedMs=41943
[15:23:08] [Render thread/INFO] (lodekeeper) [Lodekeeper] NAV calcTool=minecraft:stone_pickaxe slot=7
[15:23:08] [Render thread/INFO] (lodekeeper) [Lodekeeper] NAV backend=baritone mode=FOLLOW event=CALC_FINISHED_NOW_EXECUTING elapsedMs=41944
[15:23:09] [Render thread/INFO] (lodekeeper) [Lodekeeper] NAV backend=baritone mode=FOLLOW event=CALC_STARTED elapsedMs=42323
[15:23:09] [Render thread/INFO] (lodekeeper) [Lodekeeper] NAV calcTool=minecraft:stone_pickaxe slot=7
[15:23:09] [Render thread/INFO] (lodekeeper) [Lodekeeper] NAV backend=baritone mode=FOLLOW event=CALC_FINISHED_NOW_EXECUTING elapsedMs=42323
[15:23:09] [Render thread/INFO] (lodekeeper) [Lodekeeper] NAV backend=baritone mode=FOLLOW event=CALC_STARTED elapsedMs=42869
[15:23:09] [Render thread/INFO] (lodekeeper) [Lodekeeper] NAV calcTool=minecraft:stone_pickaxe slot=7
[15:23:09] [Render thread/INFO] (lodekeeper) [Lodekeeper] NAV backend=baritone mode=FOLLOW event=CALC_FINISHED_NOW_EXECUTING elapsedMs=42870
[15:23:10] [Render thread/INFO] (lodekeeper) [Lodekeeper] PROGRESS elapsed_ms=152623 phase=traveling backend=baritone target=none navigation_elapsed_ms=43380 navigation_ticks=868 searching=false path_index=0 path_length=38 retries=0 pending_route_events=0 dropped_route_events=0 status=pursuing_cow__1_
[15:23:10] [Render thread/INFO] (lodekeeper) [Lodekeeper] NAV backend=baritone mode=FOLLOW event=CALC_STARTED elapsedMs=43620
[15:23:10] [Render thread/INFO] (lodekeeper) [Lodekeeper] NAV calcTool=minecraft:stone_pickaxe slot=7
[15:23:10] [Render thread/INFO] (lodekeeper) [Lodekeeper] NAV backend=baritone mode=FOLLOW event=CALC_FINISHED_NOW_EXECUTING elapsedMs=43620
[15:23:11] [Render thread/INFO] (lodekeeper) [Lodekeeper] NAV backend=baritone mode=FOLLOW event=CALC_STARTED elapsedMs=44675
[15:23:11] [Render thread/INFO] (lodekeeper) [Lodekeeper] NAV calcTool=minecraft:stone_pickaxe slot=7
[15:23:11] [Render thread/INFO] (lodekeeper) [Lodekeeper] NAV backend=baritone mode=FOLLOW event=CALC_FINISHED_NOW_EXECUTING elapsedMs=44676
[15:23:12] [Render thread/INFO] (lodekeeper) [Lodekeeper] PROGRESS elapsed_ms=154671 phase=traveling backend=baritone target=none navigation_elapsed_ms=45392 navigation_ticks=908 searching=false path_index=0 path_length=39 retries=0 pending_route_events=0 dropped_route_events=0 status=pursuing_cow__1_
[15:23:14] [Render thread/INFO] (lodekeeper) [Lodekeeper] PROGRESS elapsed_ms=156716 phase=traveling backend=baritone target=none navigation_elapsed_ms=47371 navigation_ticks=948 searching=false path_index=0 path_length=39 retries=0 pending_route_events=0 dropped_route_events=0 status=pursuing_cow__1_
[15:23:16] [Render thread/INFO] (lodekeeper) [Lodekeeper] PROGRESS elapsed_ms=158761 phase=traveling backend=baritone target=none navigation_elapsed_ms=49586 navigation_ticks=992 searching=false path_index=0 path_length=39 retries=0 pending_route_events=0 dropped_route_events=0 status=pursuing_cow__1_
[15:23:16] [Render thread/INFO] (lodekeeper) [Lodekeeper] NAV backend=baritone mode=FOLLOW event=CALC_STARTED elapsedMs=49892
[15:23:16] [Render thread/INFO] (lodekeeper) [Lodekeeper] NAV calcTool=minecraft:stone_pickaxe slot=7
[15:23:16] [Render thread/INFO] (lodekeeper) [Lodekeeper] NAV backend=baritone mode=FOLLOW event=CALC_FINISHED_NOW_EXECUTING elapsedMs=49926
[15:23:18] [Render thread/INFO] (lodekeeper) [Lodekeeper] PROGRESS elapsed_ms=160812 phase=traveling backend=baritone target=none navigation_elapsed_ms=51569 navigation_ticks=1032 searching=false path_index=0 path_length=39 retries=0 pending_route_events=0 dropped_route_events=0 status=pursuing_cow__1_
[15:23:20] [Render thread/INFO] (lodekeeper) [Lodekeeper] PROGRESS elapsed_ms=162824 phase=traveling backend=baritone target=none navigation_elapsed_ms=53578 navigation_ticks=1072 searching=false path_index=0 path_length=39 retries=0 pending_route_events=0 dropped_route_events=0 status=pursuing_cow__1_
[15:23:20] [Render thread/INFO] (lodekeeper) [Lodekeeper] NAV backend=baritone mode=FOLLOW event=CALC_STARTED elapsedMs=53821
[15:23:20] [Render thread/INFO] (lodekeeper) [Lodekeeper] NAV calcTool=minecraft:stone_pickaxe slot=7
[15:23:20] [Render thread/INFO] (lodekeeper) [Lodekeeper] NAV backend=baritone mode=FOLLOW event=CALC_FINISHED_NOW_EXECUTING elapsedMs=53822
[15:23:21] [Render thread/INFO] (lodekeeper) [Lodekeeper] NAV backend=baritone mode=FOLLOW event=CALC_STARTED elapsedMs=54438
[15:23:21] [Render thread/INFO] (lodekeeper) [Lodekeeper] NAV calcTool=minecraft:stone_pickaxe slot=7
[15:23:21] [Render thread/INFO] (lodekeeper) [Lodekeeper] NAV backend=baritone mode=FOLLOW event=CALC_FINISHED_NOW_EXECUTING elapsedMs=54438
[15:23:22] [Render thread/INFO] (lodekeeper) [Lodekeeper] NAV backend=baritone mode=FOLLOW event=CALC_STARTED elapsedMs=55574
[15:23:22] [Render thread/INFO] (lodekeeper) [Lodekeeper] NAV calcTool=minecraft:stone_pickaxe slot=7
[15:23:22] [Render thread/INFO] (lodekeeper) [Lodekeeper] NAV backend=baritone mode=FOLLOW event=CALC_FINISHED_NOW_EXECUTING elapsedMs=55574
[15:23:22] [Render thread/INFO] (lodekeeper) [Lodekeeper] PROGRESS elapsed_ms=164851 phase=traveling backend=baritone target=none navigation_elapsed_ms=55573 navigation_ticks=1112 searching=false path_index=0 path_length=35 retries=0 pending_route_events=0 dropped_route_events=0 status=pursuing_cow__1_
[15:23:22] [Render thread/INFO] (lodekeeper) [Lodekeeper] NAV backend=baritone mode=FOLLOW event=CALC_STARTED elapsedMs=55880
[15:23:22] [Render thread/INFO] (lodekeeper) [Lodekeeper] NAV calcTool=minecraft:stone_pickaxe slot=7
[15:23:22] [Render thread/INFO] (lodekeeper) [Lodekeeper] NAV backend=baritone mode=FOLLOW event=CALC_FINISHED_NOW_EXECUTING elapsedMs=55880
[15:23:23] [Render thread/INFO] (lodekeeper) [Lodekeeper] NAV backend=baritone mode=FOLLOW event=CALC_STARTED elapsedMs=56397
[15:23:23] [Render thread/INFO] (lodekeeper) [Lodekeeper] NAV calcTool=minecraft:stone_pickaxe slot=7
[15:23:23] [Render thread/INFO] (lodekeeper) [Lodekeeper] NAV backend=baritone mode=FOLLOW event=CALC_FINISHED_NOW_EXECUTING elapsedMs=56397
[15:23:24] [Render thread/INFO] (lodekeeper) [Lodekeeper] NAV backend=baritone mode=FOLLOW event=CALC_STARTED elapsedMs=57281
[15:23:24] [Render thread/INFO] (lodekeeper) [Lodekeeper] NAV calcTool=minecraft:stone_pickaxe slot=7
[15:23:24] [Render thread/INFO] (lodekeeper) [Lodekeeper] NAV backend=baritone mode=FOLLOW event=CALC_FINISHED_NOW_EXECUTING elapsedMs=57297
[15:23:24] [Render thread/INFO] (lodekeeper) [Lodekeeper] PROGRESS elapsed_ms=166873 phase=traveling backend=baritone target=none navigation_elapsed_ms=57596 navigation_ticks=1152 searching=false path_index=0 path_length=38 retries=0 pending_route_events=0 dropped_route_events=0 status=pursuing_cow__1_
[15:23:26] [Render thread/INFO] (lodekeeper) [Lodekeeper] NAV backend=baritone mode=FOLLOW event=CALC_STARTED elapsedMs=59480
[15:23:26] [Render thread/INFO] (lodekeeper) [Lodekeeper] NAV calcTool=minecraft:stone_pickaxe slot=7
[15:23:26] [Render thread/INFO] (lodekeeper) [Lodekeeper] NAV backend=baritone mode=FOLLOW event=CALC_FINISHED_NOW_EXECUTING elapsedMs=59480
[15:23:26] [Render thread/INFO] (lodekeeper) [Lodekeeper] PROGRESS elapsed_ms=168894 phase=traveling backend=baritone target=none navigation_elapsed_ms=59584 navigation_ticks=1192 searching=false path_index=0 path_length=39 retries=0 pending_route_events=0 dropped_route_events=0 status=pursuing_cow__1_
[15:23:27] [Render thread/INFO] (lodekeeper) [Lodekeeper] FOOD_PURSUIT event=abort target=4a44f550-1105-48f2-870c-4efa7a10556d routes=1 failedRoutes=0 attacks=0 health=10.0 closestBoxDistance=23.54 elapsedMs=60027
[15:23:27] [Render thread/INFO] (Minecraft) [System] [CHAT] [Lodekeeper] Food acquisition is replanning: passive food action failed: passive food action exceeded 60 seconds
[15:23:27] [lodekeeper-planner/INFO] (lodekeeper) [Lodekeeper] PROJECT_MATERIALS project=gear_diamond before=[gather:minecraft:iron_ore:3, gather:minecraft:stone:8, gather:minecraft:diamond_ore:3, gather:minecraft:diamond_ore:3, gather:minecraft:birch_log:1, gather:minecraft:diamond_ore:4, gather:minecraft:diamond_ore:8, gather:minecraft:diamond_ore:5, gather:minecraft:diamond_ore:2, gather:minecraft:diamond_ore:7, gather:minecraft:diamond_ore:1, gather:minecraft:diamond_ore:2] after=[gather:minecraft:iron_ore:3, gather:minecraft:stone:8, gather:minecraft:diamond_ore:3, gather:minecraft:diamond_ore:3, gather:minecraft:birch_log:1, gather:minecraft:diamond_ore:4, gather:minecraft:diamond_ore:8, gather:minecraft:diamond_ore:5, gather:minecraft:diamond_ore:2, gather:minecraft:diamond_ore:7, gather:minecraft:diamond_ore:1, gather:minecraft:diamond_ore:2]
[15:23:27] [lodekeeper-planner/INFO] (lodekeeper) [Lodekeeper] PLAN project=gear_diamond success=true steps=30 branches=140 elapsedMs=4.572848
[15:23:27] [Render thread/INFO] (lodekeeper) [Lodekeeper] STEP kind=GATHER source=gather:minecraft:iron_ore output=minecraft:raw_iron count=3 operations=3 auxiliary=false
[15:23:27] [Render thread/INFO] (lodekeeper) [Lodekeeper] MINING_DEPTH policy=NEAREST desiredY=16 ceiling=2031 deficit=3 phase=MINE blocks=[Block{minecraft:iron_ore}, Block{minecraft:deepslate_iron_ore}]
[15:23:27] [Render thread/INFO] (lodekeeper) [Lodekeeper] NAV scan=native-mine durationNanos=3221043 hits=-1 requestTicks=0
[15:23:27] [Render thread/INFO] (lodekeeper) [Lodekeeper] NAV backend=baritone mode=MINE event=CALC_STARTED elapsedMs=4
[15:23:27] [Render thread/INFO] (lodekeeper) [Lodekeeper] NAV calcTool=minecraft:stone_pickaxe slot=7
[15:23:27] [Render thread/INFO] (lodekeeper) [Lodekeeper] NAV backend=baritone mode=MINE event=CALC_FINISHED_NOW_EXECUTING elapsedMs=137
[15:23:27] [Render thread/INFO] (lodekeeper) [Lodekeeper] NAV discovered=2 retained=64 rejected=0 requestTicks=4 phase=MINE
[15:23:27] [Render thread/INFO] (lodekeeper) [Lodekeeper] TARGET target=7,49,44 block=minecraft:iron_ore
[15:23:27] [Render thread/INFO] (lodekeeper) [Lodekeeper] NAV discovered=2 retained=64 rejected=0 requestTicks=8 phase=MINE
[15:23:27] [Render thread/INFO] (lodekeeper) [Lodekeeper] NAV discovered=1 retained=64 rejected=0 requestTicks=12 phase=MINE
[15:23:27] [Render thread/INFO] (lodekeeper) [Lodekeeper] BREAK target=Mutable{x=7, y=63, z=43} block=Block{minecraft:stone} tool=minecraft:stone_pickaxe slot=7 remaining=131 required=route
[15:23:28] [Render thread/INFO] (lodekeeper) [Lodekeeper] PROGRESS elapsed_ms=170908 phase=traveling backend=baritone target=7,49,44 block=minecraft:iron_ore navigation_elapsed_ms=1601 navigation_ticks=32 searching=false path_index=0 path_length=16 retries=0 pending_route_events=0 dropped_route_events=0 status=mining_and_collecting_minecraft:raw_iron___0/3
[15:23:30] [Render thread/INFO] (lodekeeper) [Lodekeeper] PROGRESS elapsed_ms=172925 phase=traveling backend=baritone target=7,49,44 block=minecraft:iron_ore navigation_elapsed_ms=3585 navigation_ticks=72 searching=false path_index=0 path_length=16 retries=0 pending_route_events=0 dropped_route_events=0 status=mining_and_collecting_minecraft:raw_iron___0/3
[15:23:31] [Render thread/INFO] (lodekeeper) [Lodekeeper] BREAK target=Mutable{x=7, y=64, z=42} block=Block{minecraft:dirt} tool=minecraft:birch_log slot=0 remaining=-1 required=route
[15:23:32] [Render thread/INFO] (lodekeeper) [Lodekeeper] PROGRESS elapsed_ms=174953 phase=traveling backend=baritone target=7,49,44 block=minecraft:iron_ore navigation_elapsed_ms=5579 navigation_ticks=112 searching=false path_index=0 path_length=16 retries=0 pending_route_events=0 dropped_route_events=0 status=mining_and_collecting_minecraft:raw_iron___0/3
[15:23:34] [Render thread/INFO] (lodekeeper) [Lodekeeper] PROGRESS elapsed_ms=177009 phase=traveling backend=baritone target=7,49,44 block=minecraft:iron_ore navigation_elapsed_ms=7601 navigation_ticks=152 searching=false path_index=0 path_length=16 retries=0 pending_route_events=0 dropped_route_events=0 status=mining_and_collecting_minecraft:raw_iron___0/3
[15:23:35] [Render thread/INFO] (lodekeeper) [Lodekeeper] BREAK target=Mutable{x=7, y=64, z=43} block=Block{minecraft:dirt} tool=minecraft:birch_log slot=0 remaining=-1 required=route
[15:23:35] [Render thread/INFO] (lodekeeper) [Lodekeeper] NAV backend=baritone mode=MINE event=CALC_STARTED elapsedMs=8254
[15:23:35] [Render thread/INFO] (lodekeeper) [Lodekeeper] NAV calcTool=minecraft:birch_log slot=0
[15:23:35] [Render thread/INFO] (lodekeeper) [Lodekeeper] NAV backend=baritone mode=MINE event=CALC_FINISHED_NOW_EXECUTING elapsedMs=8392
[15:23:36] [Render thread/INFO] (lodekeeper) [Lodekeeper] PROGRESS elapsed_ms=179065 phase=traveling backend=baritone target=7,49,44 block=minecraft:iron_ore navigation_elapsed_ms=9793 navigation_ticks=196 searching=false path_index=0 path_length=16 retries=0 pending_route_events=0 dropped_route_events=0 status=mining_and_collecting_minecraft:raw_iron___0/3
[15:23:37] [Render thread/INFO] (lodekeeper) [Lodekeeper] TARGET target=none
[15:23:37] [Render thread/INFO] (lodekeeper) [Lodekeeper] NAV backend=baritone mode=IDLE event=CANCELED elapsedMs=9931
[15:23:37] [Render thread/INFO] (lodekeeper) [Lodekeeper] NAV backend=baritone mode=IDLE event=CANCELED elapsedMs=9931
[15:23:37] [Render thread/INFO] (lodekeeper) [Lodekeeper] FOOD_PURSUIT event=start target=4a44f550-1105-48f2-870c-4efa7a10556d routes=1 failedRoutes=0 attacks=0 health=10.0 closestBoxDistance=22.41 elapsedMs=0
[15:23:37] [Render thread/INFO] (lodekeeper) [Lodekeeper] NAV backend=baritone mode=FOLLOW event=CALC_STARTED elapsedMs=0
[15:23:37] [Render thread/INFO] (lodekeeper) [Lodekeeper] NAV calcTool=minecraft:stone_pickaxe slot=7
[15:23:37] [Render thread/INFO] (lodekeeper) [Lodekeeper] NAV backend=baritone mode=FOLLOW event=CALC_FINISHED_NOW_EXECUTING elapsedMs=33
[15:23:38] [Render thread/INFO] (lodekeeper) [Lodekeeper] PROGRESS elapsed_ms=181117 phase=traveling backend=baritone target=none navigation_elapsed_ms=1777 navigation_ticks=36 searching=false path_index=0 path_length=37 retries=0 pending_route_events=0 dropped_route_events=0 status=pursuing_cow__1_
[15:23:39] [Render thread/INFO] (lodekeeper) [Lodekeeper] NAV backend=baritone mode=FOLLOW event=CALC_STARTED elapsedMs=2154
[15:23:39] [Render thread/INFO] (lodekeeper) [Lodekeeper] NAV calcTool=minecraft:stone_pickaxe slot=7
[15:23:39] [Render thread/INFO] (lodekeeper) [Lodekeeper] NAV backend=baritone mode=FOLLOW event=CALC_FINISHED_NOW_EXECUTING elapsedMs=2154
[15:23:39] [Render thread/INFO] (lodekeeper) [Lodekeeper] NAV backend=baritone mode=FOLLOW event=CALC_STARTED elapsedMs=2736
[15:23:39] [Render thread/INFO] (lodekeeper) [Lodekeeper] NAV calcTool=minecraft:stone_pickaxe slot=7
[15:23:39] [Render thread/INFO] (lodekeeper) [Lodekeeper] NAV backend=baritone mode=FOLLOW event=CALC_FINISHED_NOW_EXECUTING elapsedMs=2737
[15:23:41] [Render thread/INFO] (lodekeeper) [Lodekeeper] PROGRESS elapsed_ms=183142 phase=traveling backend=baritone target=none navigation_elapsed_ms=3800 navigation_ticks=76 searching=false path_index=0 path_length=39 retries=0 pending_route_events=0 dropped_route_events=0 status=pursuing_cow__1_
[15:23:43] [Render thread/INFO] (lodekeeper) [Lodekeeper] PROGRESS elapsed_ms=185151 phase=traveling backend=baritone target=none navigation_elapsed_ms=5777 navigation_ticks=116 searching=false path_index=0 path_length=39 retries=0 pending_route_events=0 dropped_route_events=0 status=pursuing_cow__1_
[15:23:45] [Render thread/INFO] (lodekeeper) [Lodekeeper] PROGRESS elapsed_ms=187169 phase=traveling backend=baritone target=none navigation_elapsed_ms=7796 navigation_ticks=156 searching=false path_index=0 path_length=39 retries=0 pending_route_events=0 dropped_route_events=0 status=pursuing_cow__1_
[15:23:45] [Render thread/INFO] (lodekeeper) [Lodekeeper] NAV backend=baritone mode=FOLLOW event=CALC_STARTED elapsedMs=7932
[15:23:45] [Render thread/INFO] (lodekeeper) [Lodekeeper] NAV calcTool=minecraft:stone_pickaxe slot=7
[15:23:45] [Render thread/INFO] (lodekeeper) [Lodekeeper] NAV backend=baritone mode=FOLLOW event=CALC_FINISHED_NOW_EXECUTING elapsedMs=8000
[15:23:47] [Render thread/INFO] (lodekeeper) [Lodekeeper] PROGRESS elapsed_ms=189222 phase=traveling backend=baritone target=none navigation_elapsed_ms=9779 navigation_ticks=196 searching=false path_index=0 path_length=37 retries=0 pending_route_events=0 dropped_route_events=0 status=pursuing_cow__1_
[15:23:49] [Render thread/INFO] (lodekeeper) [Lodekeeper] PROGRESS elapsed_ms=191265 phase=traveling backend=baritone target=none navigation_elapsed_ms=11994 navigation_ticks=240 searching=false path_index=0 path_length=34 retries=0 pending_route_events=0 dropped_route_events=0 status=pursuing_cow__1_
[15:23:49] [Render thread/INFO] (lodekeeper) [Lodekeeper] NAV backend=baritone mode=FOLLOW event=CALC_STARTED elapsedMs=12641
[15:23:49] [Render thread/INFO] (lodekeeper) [Lodekeeper] NAV calcTool=minecraft:stone_pickaxe slot=7
[15:23:49] [Render thread/INFO] (lodekeeper) [Lodekeeper] NAV backend=baritone mode=FOLLOW event=CALC_FINISHED_NOW_EXECUTING elapsedMs=12641
[15:23:51] [Render thread/INFO] (lodekeeper) [Lodekeeper] PROGRESS elapsed_ms=193274 phase=traveling backend=baritone target=none navigation_elapsed_ms=14002 navigation_ticks=280 searching=false path_index=0 path_length=26 retries=0 pending_route_events=0 dropped_route_events=0 status=pursuing_cow__1_
[15:23:53] [Render thread/INFO] (lodekeeper) [Lodekeeper] PROGRESS elapsed_ms=195275 phase=traveling backend=baritone target=none navigation_elapsed_ms=16003 navigation_ticks=320 searching=false path_index=0 path_length=19 retries=0 pending_route_events=0 dropped_route_events=0 status=pursuing_cow__1_
[15:23:55] [Render thread/INFO] (lodekeeper) [Lodekeeper] PROGRESS elapsed_ms=197303 phase=traveling backend=baritone target=none navigation_elapsed_ms=17998 navigation_ticks=360 searching=false path_index=0 path_length=12 retries=0 pending_route_events=0 dropped_route_events=0 status=pursuing_cow__1_
[15:23:57] [Render thread/INFO] (lodekeeper) [Lodekeeper] PROGRESS elapsed_ms=199311 phase=traveling backend=baritone target=none navigation_elapsed_ms=19971 navigation_ticks=400 searching=false path_index=0 path_length=8 retries=0 pending_route_events=0 dropped_route_events=0 status=pursuing_cow__1_
[15:23:58] [Render thread/INFO] (lodekeeper) [Lodekeeper] FOOD_PURSUIT event=in-reach target=4a44f550-1105-48f2-870c-4efa7a10556d routes=1 failedRoutes=0 attacks=0 health=10.0 closestBoxDistance=2.96 elapsedMs=21843
[15:23:58] [Render thread/INFO] (lodekeeper) [Lodekeeper] NAV backend=baritone mode=IDLE event=CANCELED elapsedMs=21844
[15:23:58] [Render thread/INFO] (lodekeeper) [Lodekeeper] NAV backend=baritone mode=IDLE event=CANCELED elapsedMs=21844
[15:23:59] [Render thread/INFO] (lodekeeper) [Lodekeeper] NAV backend=baritone mode=IDLE event=CANCELED elapsedMs=21878
[15:23:59] [Render thread/INFO] (lodekeeper) [Lodekeeper] NAV backend=baritone mode=IDLE event=CANCELED elapsedMs=21948
[15:23:59] [Render thread/INFO] (lodekeeper) [Lodekeeper] NAV backend=baritone mode=IDLE event=CANCELED elapsedMs=21982
[15:23:59] [Render thread/INFO] (lodekeeper) [Lodekeeper] PROGRESS elapsed_ms=201320 phase=working backend=baritone target=none navigation_elapsed_ms=0 navigation_ticks=0 searching=false path_index=0 path_length=0 retries=0 pending_route_events=0 dropped_route_events=0 status=stopping_movement_before_attack
[15:24:00] [Render thread/INFO] (lodekeeper) [Lodekeeper] FOOD_TOOL slot=7 item=minecraft:stone_pickaxe damage=3.0 wear=2 remainingDurability=130
[15:24:00] [Render thread/INFO] (lodekeeper) [Lodekeeper] FOOD_PURSUIT event=native-attack target=4a44f550-1105-48f2-870c-4efa7a10556d routes=1 failedRoutes=0 attacks=1 health=10.0 closestBoxDistance=2.67 elapsedMs=23004
[15:24:00] [Render thread/INFO] (lodekeeper) [Lodekeeper] FOOD_PURSUIT event=health-progress target=4a44f550-1105-48f2-870c-4efa7a10556d routes=1 failedRoutes=0 attacks=1 health=7.0 closestBoxDistance=2.67 elapsedMs=23102
[15:24:00] [Render thread/INFO] (lodekeeper) [Lodekeeper] FOOD_PURSUIT event=start target=4a44f550-1105-48f2-870c-4efa7a10556d routes=2 failedRoutes=0 attacks=1 health=7.0 closestBoxDistance=3.07 elapsedMs=23273
[15:24:00] [Render thread/INFO] (lodekeeper) [Lodekeeper] NAV backend=baritone mode=FOLLOW event=CALC_STARTED elapsedMs=1
[15:24:00] [Render thread/INFO] (lodekeeper) [Lodekeeper] NAV calcTool=minecraft:stone_pickaxe slot=7
[15:24:00] [Render thread/INFO] (lodekeeper) [Lodekeeper] NAV backend=baritone mode=FOLLOW event=CALC_FINISHED_NOW_EXECUTING elapsedMs=68
[15:24:00] [Render thread/INFO] (lodekeeper) [Lodekeeper] NAV backend=baritone mode=FOLLOW event=CALC_STARTED elapsedMs=274
[15:24:00] [Render thread/INFO] (lodekeeper) [Lodekeeper] NAV calcTool=minecraft:stone_pickaxe slot=7
[15:24:00] [Render thread/INFO] (lodekeeper) [Lodekeeper] NAV backend=baritone mode=FOLLOW event=CALC_FINISHED_NOW_EXECUTING elapsedMs=275
[15:24:00] [Render thread/INFO] (lodekeeper) [Lodekeeper] FOOD_PURSUIT event=in-reach target=4a44f550-1105-48f2-870c-4efa7a10556d routes=2 failedRoutes=0 attacks=1 health=7.0 closestBoxDistance=2.99 elapsedMs=23582
[15:24:00] [Render thread/INFO] (lodekeeper) [Lodekeeper] NAV backend=baritone mode=IDLE event=CALC_STARTED elapsedMs=309
[15:24:00] [Render thread/INFO] (lodekeeper) [Lodekeeper] NAV calcTool=minecraft:stone_pickaxe slot=7
[15:24:00] [Render thread/INFO] (lodekeeper) [Lodekeeper] NAV backend=baritone mode=IDLE event=CALC_FINISHED_NOW_EXECUTING elapsedMs=309
[15:24:00] [Render thread/INFO] (lodekeeper) [Lodekeeper] NAV backend=baritone mode=IDLE event=CANCELED elapsedMs=309
[15:24:00] [Render thread/INFO] (lodekeeper) [Lodekeeper] NAV backend=baritone mode=IDLE event=CANCELED elapsedMs=309
[15:24:00] [Render thread/INFO] (lodekeeper) [Lodekeeper] NAV backend=baritone mode=IDLE event=CANCELED elapsedMs=376
[15:24:00] [Render thread/INFO] (lodekeeper) [Lodekeeper] NAV backend=baritone mode=IDLE event=CANCELED elapsedMs=410
[15:24:00] [Render thread/INFO] (lodekeeper) [Lodekeeper] NAV backend=baritone mode=IDLE event=CANCELED elapsedMs=478
[15:24:00] [Render thread/INFO] (lodekeeper) [Lodekeeper] FOOD_PURSUIT event=start target=4a44f550-1105-48f2-870c-4efa7a10556d routes=3 failedRoutes=0 attacks=1 health=7.0 closestBoxDistance=3.12 elapsedMs=23785
[15:24:00] [Render thread/INFO] (lodekeeper) [Lodekeeper] NAV backend=baritone mode=FOLLOW event=CALC_STARTED elapsedMs=1
[15:24:00] [Render thread/INFO] (lodekeeper) [Lodekeeper] NAV calcTool=minecraft:stone_pickaxe slot=7
[15:24:01] [Render thread/INFO] (lodekeeper) [Lodekeeper] NAV backend=baritone mode=FOLLOW event=CALC_FINISHED_NOW_EXECUTING elapsedMs=69
[15:24:01] [Render thread/INFO] (lodekeeper) [Lodekeeper] NAV backend=baritone mode=FOLLOW event=CALC_STARTED elapsedMs=207
[15:24:01] [Render thread/INFO] (lodekeeper) [Lodekeeper] NAV calcTool=minecraft:stone_pickaxe slot=7
[15:24:01] [Render thread/INFO] (lodekeeper) [Lodekeeper] NAV backend=baritone mode=FOLLOW event=CALC_FINISHED_NOW_EXECUTING elapsedMs=208
[15:24:01] [Render thread/INFO] (lodekeeper) [Lodekeeper] PROGRESS elapsed_ms=203366 phase=traveling backend=baritone target=none navigation_elapsed_ms=207 navigation_ticks=4 searching=false path_index=0 path_length=4 retries=0 pending_route_events=0 dropped_route_events=0 status=pursuing_cow__3_
[15:24:01] [Render thread/INFO] (lodekeeper) [Lodekeeper] NAV backend=baritone mode=FOLLOW event=CALC_STARTED elapsedMs=448
[15:24:01] [Render thread/INFO] (lodekeeper) [Lodekeeper] NAV calcTool=minecraft:stone_pickaxe slot=7
[15:24:01] [Render thread/INFO] (lodekeeper) [Lodekeeper] NAV backend=baritone mode=FOLLOW event=CALC_FINISHED_NOW_EXECUTING elapsedMs=449
[15:24:01] [Render thread/INFO] (lodekeeper) [Lodekeeper] NAV backend=baritone mode=FOLLOW event=CALC_STARTED elapsedMs=755
[15:24:01] [Render thread/INFO] (lodekeeper) [Lodekeeper] NAV calcTool=minecraft:stone_pickaxe slot=7
[15:24:01] [Render thread/INFO] (lodekeeper) [Lodekeeper] NAV backend=baritone mode=FOLLOW event=CALC_FINISHED_NOW_EXECUTING elapsedMs=756
[15:24:01] [Render thread/INFO] (lodekeeper) [Lodekeeper] FOOD_PURSUIT event=in-reach target=4a44f550-1105-48f2-870c-4efa7a10556d routes=3 failedRoutes=0 attacks=1 health=7.0 closestBoxDistance=2.85 elapsedMs=24574
[15:24:01] [Render thread/INFO] (lodekeeper) [Lodekeeper] NAV backend=baritone mode=IDLE event=CANCELED elapsedMs=790
[15:24:01] [Render thread/INFO] (lodekeeper) [Lodekeeper] NAV backend=baritone mode=IDLE event=CANCELED elapsedMs=790
[15:24:01] [Render thread/INFO] (lodekeeper) [Lodekeeper] NAV backend=baritone mode=IDLE event=CANCELED elapsedMs=859
[15:24:01] [Render thread/INFO] (lodekeeper) [Lodekeeper] NAV backend=baritone mode=IDLE event=CANCELED elapsedMs=892
[15:24:01] [Render thread/INFO] (lodekeeper) [Lodekeeper] NAV backend=baritone mode=IDLE event=CANCELED elapsedMs=959
[15:24:01] [Render thread/INFO] (lodekeeper) [Lodekeeper] FOOD_PURSUIT event=start target=4a44f550-1105-48f2-870c-4efa7a10556d routes=4 failedRoutes=0 attacks=1 health=7.0 closestBoxDistance=3.32 elapsedMs=24778
[15:24:01] [Render thread/INFO] (lodekeeper) [Lodekeeper] NAV backend=baritone mode=FOLLOW event=CALC_STARTED elapsedMs=0
[15:24:01] [Render thread/INFO] (lodekeeper) [Lodekeeper] NAV calcTool=minecraft:stone_pickaxe slot=7
[15:24:01] [Render thread/INFO] (lodekeeper) [Lodekeeper] NAV backend=baritone mode=FOLLOW event=CALC_FINISHED_NOW_EXECUTING elapsedMs=68
[15:24:02] [Render thread/INFO] (lodekeeper) [Lodekeeper] NAV backend=baritone mode=FOLLOW event=CALC_STARTED elapsedMs=307
[15:24:02] [Render thread/INFO] (lodekeeper) [Lodekeeper] NAV calcTool=minecraft:stone_pickaxe slot=7
[15:24:02] [Render thread/INFO] (lodekeeper) [Lodekeeper] NAV backend=baritone mode=FOLLOW event=CALC_FINISHED_NOW_EXECUTING elapsedMs=307
[15:24:02] [Render thread/INFO] (lodekeeper) [Lodekeeper] NAV backend=baritone mode=FOLLOW event=CALC_STARTED elapsedMs=516
[15:24:02] [Render thread/INFO] (lodekeeper) [Lodekeeper] NAV calcTool=minecraft:stone_pickaxe slot=7
[15:24:02] [Render thread/INFO] (lodekeeper) [Lodekeeper] NAV backend=baritone mode=FOLLOW event=CALC_FINISHED_NOW_EXECUTING elapsedMs=516
[15:24:02] [Render thread/INFO] (lodekeeper) [Lodekeeper] FOOD_PURSUIT event=in-reach target=4a44f550-1105-48f2-870c-4efa7a10556d routes=4 failedRoutes=0 attacks=1 health=7.0 closestBoxDistance=2.85 elapsedMs=25635
[15:24:02] [Render thread/INFO] (lodekeeper) [Lodekeeper] NAV backend=baritone mode=IDLE event=CANCELED elapsedMs=858
[15:24:02] [Render thread/INFO] (lodekeeper) [Lodekeeper] NAV backend=baritone mode=IDLE event=CANCELED elapsedMs=858
[15:24:02] [Render thread/INFO] (lodekeeper) [Lodekeeper] NAV backend=baritone mode=IDLE event=CANCELED elapsedMs=927
[15:24:02] [Render thread/INFO] (lodekeeper) [Lodekeeper] NAV backend=baritone mode=IDLE event=CANCELED elapsedMs=961
[15:24:02] [Render thread/INFO] (lodekeeper) [Lodekeeper] NAV backend=baritone mode=IDLE event=CANCELED elapsedMs=994
[15:24:03] [Render thread/INFO] (lodekeeper) [Lodekeeper] FOOD_TOOL slot=7 item=minecraft:stone_pickaxe damage=3.0 wear=2 remainingDurability=128
[15:24:03] [Render thread/INFO] (lodekeeper) [Lodekeeper] FOOD_PURSUIT event=native-attack target=4a44f550-1105-48f2-870c-4efa7a10556d routes=4 failedRoutes=0 attacks=2 health=7.0 closestBoxDistance=2.59 elapsedMs=25875
[15:24:03] [Render thread/INFO] (lodekeeper) [Lodekeeper] FOOD_PURSUIT event=health-progress target=4a44f550-1105-48f2-870c-4efa7a10556d routes=4 failedRoutes=0 attacks=2 health=4.0 closestBoxDistance=2.59 elapsedMs=25942
[15:24:03] [Render thread/INFO] (lodekeeper) [Lodekeeper] FOOD_PURSUIT event=start target=4a44f550-1105-48f2-870c-4efa7a10556d routes=5 failedRoutes=0 attacks=2 health=4.0 closestBoxDistance=3.03 elapsedMs=26145
[15:24:03] [Render thread/INFO] (lodekeeper) [Lodekeeper] PROGRESS elapsed_ms=205417 phase=waiting backend=baritone target=none navigation_elapsed_ms=0 navigation_ticks=0 searching=false path_index=0 path_length=0 retries=0 pending_route_events=0 dropped_route_events=0 status=waiting_for_native_attack_cooldown
[15:24:03] [Render thread/INFO] (lodekeeper) [Lodekeeper] NAV backend=baritone mode=FOLLOW event=CALC_STARTED elapsedMs=1
[15:24:03] [Render thread/INFO] (lodekeeper) [Lodekeeper] NAV calcTool=minecraft:stone_pickaxe slot=7
[15:24:03] [Render thread/INFO] (lodekeeper) [Lodekeeper] NAV backend=baritone mode=FOLLOW event=CALC_FINISHED_NOW_EXECUTING elapsedMs=34
[15:24:03] [Render thread/INFO] (lodekeeper) [Lodekeeper] NAV backend=baritone mode=FOLLOW event=CALC_STARTED elapsedMs=308
[15:24:03] [Render thread/INFO] (lodekeeper) [Lodekeeper] NAV calcTool=minecraft:stone_pickaxe slot=7
[15:24:03] [Render thread/INFO] (lodekeeper) [Lodekeeper] NAV backend=baritone mode=FOLLOW event=CALC_FINISHED_NOW_EXECUTING elapsedMs=328
[15:24:03] [Render thread/INFO] (lodekeeper) [Lodekeeper] FOOD_PURSUIT event=in-reach target=4a44f550-1105-48f2-870c-4efa7a10556d routes=5 failedRoutes=0 attacks=2 health=4.0 closestBoxDistance=2.87 elapsedMs=26501
[15:24:03] [Render thread/INFO] (lodekeeper) [Lodekeeper] NAV backend=baritone mode=IDLE event=CANCELED elapsedMs=369
[15:24:03] [Render thread/INFO] (lodekeeper) [Lodekeeper] NAV backend=baritone mode=IDLE event=CANCELED elapsedMs=369
[15:24:03] [Render thread/INFO] (lodekeeper) [Lodekeeper] NAV backend=baritone mode=IDLE event=CANCELED elapsedMs=391
[15:24:03] [Render thread/INFO] (lodekeeper) [Lodekeeper] NAV backend=baritone mode=IDLE event=CANCELED elapsedMs=426
[15:24:03] [Render thread/INFO] (lodekeeper) [Lodekeeper] NAV backend=baritone mode=IDLE event=CANCELED elapsedMs=496
[15:24:03] [Render thread/INFO] (lodekeeper) [Lodekeeper] FOOD_TOOL slot=7 item=minecraft:stone_pickaxe damage=3.0 wear=2 remainingDurability=126
[15:24:03] [Render thread/INFO] (lodekeeper) [Lodekeeper] FOOD_PURSUIT event=native-attack target=4a44f550-1105-48f2-870c-4efa7a10556d routes=5 failedRoutes=0 attacks=3 health=4.0 closestBoxDistance=2.36 elapsedMs=26743
[15:24:03] [Render thread/INFO] (lodekeeper) [Lodekeeper] FOOD_PURSUIT event=health-progress target=4a44f550-1105-48f2-870c-4efa7a10556d routes=5 failedRoutes=0 attacks=3 health=1.0 closestBoxDistance=2.09 elapsedMs=26847
[15:24:04] [Render thread/INFO] (lodekeeper) [Lodekeeper] FOOD_PURSUIT event=start target=4a44f550-1105-48f2-870c-4efa7a10556d routes=6 failedRoutes=0 attacks=3 health=1.0 closestBoxDistance=3.02 elapsedMs=27088
[15:24:04] [Render thread/INFO] (lodekeeper) [Lodekeeper] NAV backend=baritone mode=FOLLOW event=CALC_STARTED elapsedMs=0
[15:24:04] [Render thread/INFO] (lodekeeper) [Lodekeeper] NAV calcTool=minecraft:stone_pickaxe slot=7
[15:24:04] [Render thread/INFO] (lodekeeper) [Lodekeeper] NAV backend=baritone mode=FOLLOW event=CALC_FINISHED_NOW_EXECUTING elapsedMs=36
[15:24:04] [Render thread/INFO] (lodekeeper) [Lodekeeper] NAV backend=baritone mode=FOLLOW event=CALC_STARTED elapsedMs=105
[15:24:04] [Render thread/INFO] (lodekeeper) [Lodekeeper] NAV calcTool=minecraft:stone_pickaxe slot=7
[15:24:04] [Render thread/INFO] (lodekeeper) [Lodekeeper] NAV backend=baritone mode=FOLLOW event=CALC_FINISHED_NOW_EXECUTING elapsedMs=115
[15:24:04] [Render thread/INFO] (lodekeeper) [Lodekeeper] NAV backend=baritone mode=FOLLOW event=CALC_STARTED elapsedMs=308
[15:24:04] [Render thread/INFO] (lodekeeper) [Lodekeeper] NAV calcTool=minecraft:stone_pickaxe slot=7
[15:24:04] [Render thread/INFO] (lodekeeper) [Lodekeeper] NAV backend=baritone mode=FOLLOW event=CALC_FINISHED_NOW_EXECUTING elapsedMs=309
[15:24:04] [Render thread/INFO] (lodekeeper) [Lodekeeper] FOOD_PURSUIT event=in-reach target=4a44f550-1105-48f2-870c-4efa7a10556d routes=6 failedRoutes=0 attacks=3 health=1.0 closestBoxDistance=2.95 elapsedMs=27531
[15:24:04] [Render thread/INFO] (lodekeeper) [Lodekeeper] NAV backend=baritone mode=IDLE event=CANCELED elapsedMs=444
[15:24:04] [Render thread/INFO] (lodekeeper) [Lodekeeper] NAV backend=baritone mode=IDLE event=CANCELED elapsedMs=444
[15:24:04] [Render thread/INFO] (lodekeeper) [Lodekeeper] NAV backend=baritone mode=IDLE event=CANCELED elapsedMs=511
[15:24:04] [Render thread/INFO] (lodekeeper) [Lodekeeper] NAV backend=baritone mode=IDLE event=CANCELED elapsedMs=545
[15:24:04] [Render thread/INFO] (lodekeeper) [Lodekeeper] NAV backend=baritone mode=IDLE event=CANCELED elapsedMs=614
[15:24:04] [Render thread/INFO] (lodekeeper) [Lodekeeper] FOOD_TOOL slot=7 item=minecraft:stone_pickaxe damage=3.0 wear=2 remainingDurability=124
[15:24:04] [Render thread/INFO] (lodekeeper) [Lodekeeper] FOOD_PURSUIT event=native-attack target=4a44f550-1105-48f2-870c-4efa7a10556d routes=6 failedRoutes=0 attacks=4 health=1.0 closestBoxDistance=2.77 elapsedMs=27805
[15:24:04] [Render thread/INFO] (lodekeeper) [Lodekeeper] FOOD_PURSUIT event=health-progress target=4a44f550-1105-48f2-870c-4efa7a10556d routes=6 failedRoutes=0 attacks=4 health=0.0 closestBoxDistance=2.63 elapsedMs=27838
[15:24:05] [Render thread/INFO] (lodekeeper) [Lodekeeper] NAV backend=baritone mode=PICKUP event=CALC_STARTED elapsedMs=0
[15:24:05] [Render thread/INFO] (lodekeeper) [Lodekeeper] NAV calcTool=minecraft:stone_pickaxe slot=7
[15:24:05] [Render thread/INFO] (lodekeeper) [Lodekeeper] NAV backend=baritone mode=PICKUP event=CALC_FINISHED_NOW_EXECUTING elapsedMs=67
[15:24:05] [Render thread/INFO] (lodekeeper) [Lodekeeper] PROGRESS elapsed_ms=207451 phase=traveling backend=baritone target=none navigation_elapsed_ms=202 navigation_ticks=4 searching=false path_index=0 path_length=4 retries=0 pending_route_events=0 dropped_route_events=0 status=collecting_minecraft:beef
[15:24:05] [Render thread/INFO] (lodekeeper) [Lodekeeper] NAV backend=baritone mode=IDLE event=CANCELED elapsedMs=719
[15:24:05] [Render thread/INFO] (lodekeeper) [Lodekeeper] NAV backend=baritone mode=IDLE event=CANCELED elapsedMs=719
[15:24:05] [Render thread/INFO] (lodekeeper) [Lodekeeper] NAV backend=baritone mode=IDLE event=CANCELED elapsedMs=752
[15:24:05] [Render thread/INFO] (lodekeeper) [Lodekeeper] NAV backend=baritone mode=IDLE event=CANCELED elapsedMs=821
[15:24:05] [Render thread/INFO] (lodekeeper) [Lodekeeper] NAV backend=baritone mode=IDLE event=CANCELED elapsedMs=855
[15:24:05] [Render thread/INFO] (lodekeeper) [Lodekeeper] NAV backend=baritone mode=IDLE event=CANCELED elapsedMs=923
[15:24:05] [Render thread/INFO] (lodekeeper) [Lodekeeper] FOOD_PREPARATION decision=cook_stored_food nutrition=3 cooked_potential=8 target=36
[15:24:06] [lodekeeper-planner/INFO] (lodekeeper) [Lodekeeper] PROJECT_MATERIALS project=gear_diamond before=[gather:minecraft:iron_ore:3, gather:minecraft:stone:7, gather:minecraft:diamond_ore:3, gather:minecraft:diamond_ore:3, gather:minecraft:birch_log:1, gather:minecraft:diamond_ore:4, gather:minecraft:diamond_ore:8, gather:minecraft:diamond_ore:5, gather:minecraft:diamond_ore:2, gather:minecraft:diamond_ore:7, gather:minecraft:diamond_ore:1, gather:minecraft:diamond_ore:2] after=[gather:minecraft:iron_ore:3, gather:minecraft:stone:7, gather:minecraft:diamond_ore:3, gather:minecraft:diamond_ore:3, gather:minecraft:birch_log:1, gather:minecraft:diamond_ore:4, gather:minecraft:diamond_ore:8, gather:minecraft:diamond_ore:5, gather:minecraft:diamond_ore:2, gather:minecraft:diamond_ore:7, gather:minecraft:diamond_ore:1, gather:minecraft:diamond_ore:2]
[15:24:06] [lodekeeper-planner/INFO] (lodekeeper) [Lodekeeper] PLAN project=gear_diamond success=true steps=30 branches=141 elapsedMs=5.744675
[15:24:06] [Render thread/INFO] (lodekeeper) [Lodekeeper] STEP kind=GATHER source=gather:minecraft:iron_ore output=minecraft:raw_iron count=3 operations=3 auxiliary=false
[15:24:06] [Render thread/INFO] (lodekeeper) [Lodekeeper] MINING_DEPTH policy=NEAREST desiredY=16 ceiling=2031 deficit=3 phase=MINE blocks=[Block{minecraft:iron_ore}, Block{minecraft:deepslate_iron_ore}]
[15:24:06] [Render thread/INFO] (lodekeeper) [Lodekeeper] NAV backend=baritone mode=MINE event=CALC_STARTED elapsedMs=2
[15:24:06] [Render thread/INFO] (lodekeeper) [Lodekeeper] NAV calcTool=minecraft:stone_pickaxe slot=7
[15:24:06] [Render thread/INFO] (lodekeeper) [Lodekeeper] NAV discovered=1 retained=64 rejected=0 requestTicks=2 phase=MINE
[15:24:06] [Render thread/INFO] (lodekeeper) [Lodekeeper] ROUTE_SEARCH kind=unknown anchor=unknown feet_y16=0 candidates=0 target=none elapsed_ms=208372
[15:24:06] [Render thread/INFO] (lodekeeper) [Lodekeeper] NAV discovered=1 retained=64 rejected=0 requestTicks=6 phase=MINE
[15:24:06] [Render thread/INFO] (lodekeeper) [Lodekeeper] NAV backend=baritone mode=MINE event=CALC_FINISHED_NOW_EXECUTING elapsedMs=303
[15:24:06] [Render thread/INFO] (lodekeeper) [Lodekeeper] TARGET target=17,65,25 block=minecraft:iron_ore
[15:24:06] [Render thread/INFO] (lodekeeper) [Lodekeeper] ROUTE_TRAVEL path_index=0 path_length=24 target=17,65,25 block=minecraft:iron_ore elapsed_ms=208574
[15:24:07] [Render thread/INFO] (lodekeeper) [Lodekeeper] PROGRESS elapsed_ms=209458 phase=traveling backend=baritone target=17,65,25 block=minecraft:iron_ore navigation_elapsed_ms=1185 navigation_ticks=24 searching=false path_index=0 path_length=21 retries=0 pending_route_events=0 dropped_route_events=0 status=mining_and_collecting_minecraft:raw_iron___0/3
[15:24:09] [Render thread/INFO] (lodekeeper) [Lodekeeper] PROGRESS elapsed_ms=211475 phase=traveling backend=baritone target=17,65,25 block=minecraft:iron_ore navigation_elapsed_ms=3201 navigation_ticks=64 searching=false path_index=0 path_length=16 retries=0 pending_route_events=0 dropped_route_events=0 status=mining_and_collecting_minecraft:raw_iron___0/3
[15:24:11] [Render thread/INFO] (lodekeeper) [Lodekeeper] PROGRESS elapsed_ms=213494 phase=traveling backend=baritone target=17,65,25 block=minecraft:iron_ore navigation_elapsed_ms=5187 navigation_ticks=104 searching=false path_index=0 path_length=11 retries=0 pending_route_events=0 dropped_route_events=0 status=mining_and_collecting_minecraft:raw_iron___0/3
[15:24:12] [Render thread/INFO] (lodekeeper) [Lodekeeper] BREAK target=Mutable{x=19, y=66, z=24} block=Block{minecraft:stone} tool=minecraft:stone_pickaxe slot=7 remaining=122 required=route
[15:24:13] [Render thread/INFO] (lodekeeper) [Lodekeeper] PROGRESS elapsed_ms=215508 phase=traveling backend=baritone target=17,65,25 block=minecraft:iron_ore navigation_elapsed_ms=7201 navigation_ticks=144 searching=false path_index=0 path_length=5 retries=0 pending_route_events=0 dropped_route_events=0 status=mining_and_collecting_minecraft:raw_iron___0/3
[15:24:13] [Render thread/INFO] (lodekeeper) [Lodekeeper] BREAK target=Mutable{x=19, y=65, z=24} block=Block{minecraft:stone} tool=minecraft:stone_pickaxe slot=7 remaining=121 required=route
[15:24:14] [Render thread/INFO] (lodekeeper) [Lodekeeper] BREAK target=Mutable{x=18, y=66, z=24} block=Block{minecraft:stone} tool=minecraft:stone_pickaxe slot=7 remaining=120 required=route
[15:24:15] [Render thread/INFO] (lodekeeper) [Lodekeeper] BREAK target=Mutable{x=18, y=65, z=24} block=Block{minecraft:stone} tool=minecraft:stone_pickaxe slot=7 remaining=119 required=route
[15:24:15] [Render thread/INFO] (lodekeeper) [Lodekeeper] PROGRESS elapsed_ms=217564 phase=traveling backend=baritone target=17,65,25 block=minecraft:iron_ore navigation_elapsed_ms=9393 navigation_ticks=188 searching=false path_index=0 path_length=4 retries=0 pending_route_events=0 dropped_route_events=0 status=mining_and_collecting_minecraft:raw_iron___0/3
[15:24:16] [Render thread/INFO] (lodekeeper) [Lodekeeper] BREAK target=Mutable{x=18, y=66, z=25} block=Block{minecraft:stone} tool=minecraft:stone_pickaxe slot=7 remaining=118 required=route
[15:24:17] [Render thread/INFO] (lodekeeper) [Lodekeeper] BREAK target=Mutable{x=18, y=65, z=25} block=Block{minecraft:stone} tool=minecraft:stone_pickaxe slot=7 remaining=117 required=route
[15:24:17] [Render thread/INFO] (lodekeeper) [Lodekeeper] PROGRESS elapsed_ms=219615 phase=traveling backend=baritone target=17,65,25 block=minecraft:iron_ore navigation_elapsed_ms=11376 navigation_ticks=228 searching=false path_index=0 path_length=3 retries=0 pending_route_events=0 dropped_route_events=0 status=mining_and_collecting_minecraft:raw_iron___0/3
[15:24:17] [Render thread/INFO] (lodekeeper) [Lodekeeper] BREAK target=Mutable{x=17, y=66, z=25} block=Block{minecraft:stone} tool=minecraft:stone_pickaxe slot=7 remaining=116 required=route
[15:24:18] [Render thread/INFO] (lodekeeper) [Lodekeeper] BREAK target=Mutable{x=17, y=65, z=25} block=Block{minecraft:iron_ore} tool=minecraft:stone_pickaxe slot=7 remaining=115 required=minecraft:stone_pickaxe
[15:24:19] [Render thread/INFO] (lodekeeper) [Lodekeeper] PROGRESS elapsed_ms=221672 phase=traveling backend=baritone target=17,65,25 block=minecraft:iron_ore navigation_elapsed_ms=13397 navigation_ticks=268 searching=false path_index=0 path_length=2 retries=0 pending_route_events=0 dropped_route_events=0 status=mining_and_collecting_minecraft:raw_iron___0/3
[15:24:20] [Render thread/INFO] (lodekeeper) [Lodekeeper] TARGET target=none
[15:24:20] [Render thread/INFO] (lodekeeper) [Lodekeeper] NAV discovered=1 retained=64 rejected=0 requestTicks=281 phase=MINE
[15:24:20] [Render thread/INFO] (lodekeeper) [Lodekeeper] NAV backend=baritone mode=MINE event=CALC_STARTED elapsedMs=14054
[15:24:20] [Render thread/INFO] (lodekeeper) [Lodekeeper] NAV calcTool=minecraft:stone_pickaxe slot=7
[15:24:20] [Render thread/INFO] (lodekeeper) [Lodekeeper] NAV backend=baritone mode=MINE event=CALC_FINISHED_NOW_EXECUTING elapsedMs=14054
[15:24:20] [Render thread/INFO] (lodekeeper) [Lodekeeper] TARGET target=17,65,26 block=minecraft:iron_ore
[15:24:20] [Render thread/INFO] (lodekeeper) [Lodekeeper] BREAK target=Mutable{x=17, y=66, z=26} block=Block{minecraft:stone} tool=minecraft:stone_pickaxe slot=7 remaining=114 required=route
[15:24:21] [Render thread/INFO] (lodekeeper) [Lodekeeper] BREAK target=Mutable{x=17, y=65, z=26} block=Block{minecraft:iron_ore} tool=minecraft:stone_pickaxe slot=7 remaining=113 required=minecraft:stone_pickaxe
[15:24:21] [Render thread/INFO] (lodekeeper) [Lodekeeper] PROGRESS elapsed_ms=223693 phase=traveling backend=baritone target=17,65,26 block=minecraft:iron_ore navigation_elapsed_ms=15385 navigation_ticks=308 searching=false path_index=0 path_length=2 retries=0 pending_route_events=0 dropped_route_events=0 status=mining_and_collecting_minecraft:raw_iron___1/3
[15:24:22] [Render thread/INFO] (lodekeeper) [Lodekeeper] NAV discovered=1 retained=64 rejected=0 requestTicks=328 phase=MINE
[15:24:22] [Render thread/INFO] (lodekeeper) [Lodekeeper] TARGET target=16,66,25 block=minecraft:iron_ore
[15:24:22] [Render thread/INFO] (lodekeeper) [Lodekeeper] NAV backend=baritone mode=MINE event=CALC_STARTED elapsedMs=16405
[15:24:22] [Render thread/INFO] (lodekeeper) [Lodekeeper] NAV calcTool=minecraft:stone_pickaxe slot=7
[15:24:22] [Render thread/INFO] (lodekeeper) [Lodekeeper] NAV backend=baritone mode=MINE event=CALC_FINISHED_NOW_EXECUTING elapsedMs=16405
[15:24:22] [Render thread/INFO] (lodekeeper) [Lodekeeper] BREAK target=Mutable{x=16, y=66, z=25} block=Block{minecraft:iron_ore} tool=minecraft:stone_pickaxe slot=7 remaining=112 required=minecraft:stone_pickaxe
[15:24:23] [Render thread/INFO] (lodekeeper) [Lodekeeper] PROGRESS elapsed_ms=225696 phase=traveling backend=baritone target=16,66,25 block=minecraft:iron_ore navigation_elapsed_ms=17387 navigation_ticks=348 searching=false path_index=0 path_length=2 retries=0 pending_route_events=0 dropped_route_events=0 status=mining_and_collecting_minecraft:raw_iron___2/3
[15:24:23] [Render thread/INFO] (lodekeeper) [Lodekeeper] TARGET target=none
[15:24:23] [Render thread/INFO] (lodekeeper) [Lodekeeper] NAV discovered=1 retained=64 rejected=0 requestTicks=357 phase=MINE
[15:24:23] [Render thread/INFO] (lodekeeper) [Lodekeeper] NAV backend=baritone mode=MINE event=CALC_STARTED elapsedMs=17829
[15:24:23] [Render thread/INFO] (lodekeeper) [Lodekeeper] NAV calcTool=minecraft:stone_pickaxe slot=7
[15:24:23] [Render thread/INFO] (lodekeeper) [Lodekeeper] NAV backend=baritone mode=MINE event=CALC_FINISHED_NOW_EXECUTING elapsedMs=17830
[15:24:24] [Render thread/INFO] (lodekeeper) [Lodekeeper] TARGET target=16,66,26 block=minecraft:iron_ore
[15:24:24] [Render thread/INFO] (lodekeeper) [Lodekeeper] BREAK target=Mutable{x=16, y=66, z=26} block=Block{minecraft:iron_ore} tool=minecraft:stone_pickaxe slot=7 remaining=111 required=minecraft:stone_pickaxe
[15:24:24] [Render thread/INFO] (lodekeeper) [Lodekeeper] TARGET target=none
[15:24:24] [lodekeeper-planner/INFO] (lodekeeper) [Lodekeeper] PROJECT_MATERIALS project=gear_diamond before=[gather:minecraft:diamond_ore:3, gather:minecraft:diamond_ore:3, gather:minecraft:birch_log:1, gather:minecraft:diamond_ore:4, gather:minecraft:diamond_ore:8, gather:minecraft:diamond_ore:5, gather:minecraft:diamond_ore:2, gather:minecraft:diamond_ore:7, gather:minecraft:diamond_ore:1, gather:minecraft:diamond_ore:2] after=[gather:minecraft:diamond_ore:3, gather:minecraft:diamond_ore:3, gather:minecraft:birch_log:1, gather:minecraft:diamond_ore:4, gather:minecraft:diamond_ore:8, gather:minecraft:diamond_ore:5, gather:minecraft:diamond_ore:2, gather:minecraft:diamond_ore:7, gather:minecraft:diamond_ore:1, gather:minecraft:diamond_ore:2]
[15:24:24] [lodekeeper-planner/INFO] (lodekeeper) [Lodekeeper] PLAN project=gear_diamond success=true steps=28 branches=131 elapsedMs=6.281146
[15:24:24] [Render thread/INFO] (lodekeeper) [Lodekeeper] STEP kind=PLACE_STATION source=place:minecraft:crafting_table output=null count=0 operations=1 auxiliary=false
[15:24:24] [Render thread/INFO] (lodekeeper) [Lodekeeper] TARGET target=17,65,25 block=minecraft:crafting_table
[15:24:24] [Render thread/INFO] (lodekeeper) [Lodekeeper] TARGET target=none
[15:24:24] [lodekeeper-planner/INFO] (lodekeeper) [Lodekeeper] PROJECT_MATERIALS project=gear_diamond before=[gather:minecraft:diamond_ore:3, gather:minecraft:diamond_ore:3, gather:minecraft:birch_log:1, gather:minecraft:diamond_ore:4, gather:minecraft:diamond_ore:8, gather:minecraft:diamond_ore:5, gather:minecraft:diamond_ore:2, gather:minecraft:diamond_ore:7, gather:minecraft:diamond_ore:1, gather:minecraft:diamond_ore:2] after=[gather:minecraft:diamond_ore:3, gather:minecraft:diamond_ore:3, gather:minecraft:birch_log:1, gather:minecraft:diamond_ore:4, gather:minecraft:diamond_ore:8, gather:minecraft:diamond_ore:5, gather:minecraft:diamond_ore:2, gather:minecraft:diamond_ore:7, gather:minecraft:diamond_ore:1, gather:minecraft:diamond_ore:2]
[15:24:24] [lodekeeper-planner/INFO] (lodekeeper) [Lodekeeper] PLAN project=gear_diamond success=true steps=27 branches=130 elapsedMs=5.306118
[15:24:24] [Render thread/INFO] (lodekeeper) [Lodekeeper] STEP kind=CRAFT source=minecraft:furnace output=minecraft:furnace count=1 operations=1 auxiliary=false
[15:24:25] [Render thread/INFO] (lodekeeper) [Lodekeeper] PROGRESS elapsed_ms=227710 phase=crafting backend=baritone target=none navigation_elapsed_ms=0 navigation_ticks=0 searching=false path_index=0 path_length=0 retries=0 pending_route_events=0 dropped_route_events=0 status=CRAFT_minecraft:furnace
[15:24:27] [Render thread/INFO] (lodekeeper) [Lodekeeper] PROGRESS elapsed_ms=229765 phase=crafting backend=baritone target=none navigation_elapsed_ms=0 navigation_ticks=0 searching=false path_index=0 path_length=0 retries=0 pending_route_events=0 dropped_route_events=0 status=CRAFT_minecraft:furnace
[15:24:29] [Render thread/INFO] (lodekeeper) [Lodekeeper] PROGRESS elapsed_ms=231814 phase=crafting backend=baritone target=none navigation_elapsed_ms=0 navigation_ticks=0 searching=false path_index=0 path_length=0 retries=0 pending_route_events=0 dropped_route_events=0 status=CRAFT_minecraft:furnace
[15:24:30] [lodekeeper-planner/INFO] (lodekeeper) [Lodekeeper] PROJECT_MATERIALS project=gear_diamond before=[gather:minecraft:diamond_ore:3, gather:minecraft:diamond_ore:3, gather:minecraft:birch_log:1, gather:minecraft:diamond_ore:4, gather:minecraft:diamond_ore:8, gather:minecraft:diamond_ore:5, gather:minecraft:diamond_ore:2, gather:minecraft:diamond_ore:7, gather:minecraft:diamond_ore:1, gather:minecraft:diamond_ore:2] after=[gather:minecraft:diamond_ore:3, gather:minecraft:diamond_ore:3, gather:minecraft:birch_log:1, gather:minecraft:diamond_ore:4, gather:minecraft:diamond_ore:8, gather:minecraft:diamond_ore:5, gather:minecraft:diamond_ore:2, gather:minecraft:diamond_ore:7, gather:minecraft:diamond_ore:1, gather:minecraft:diamond_ore:2]
[15:24:30] [lodekeeper-planner/INFO] (lodekeeper) [Lodekeeper] PLAN project=gear_diamond success=true steps=26 branches=127 elapsedMs=3.739233
[15:24:30] [Render thread/INFO] (lodekeeper) [Lodekeeper] STEP kind=PLACE_STATION source=place:minecraft:furnace output=null count=0 operations=1 auxiliary=false
[15:24:30] [Render thread/INFO] (lodekeeper) [Lodekeeper] TARGET target=16,66,25 block=minecraft:furnace
[15:24:30] [Render thread/INFO] (lodekeeper) [Lodekeeper] TARGET target=none
[15:24:30] [Render thread/INFO] (lodekeeper) [Lodekeeper] SMELT_REQUIREMENTS source=minecraft:cooked_beef selected=[SelectedItemRequirement[item=minecraft:beef, count=1, consumed=true, purpose=smelting input, recipeSlot=-1], SelectedItemRequirement[item=minecraft:wooden_pickaxe, count=1, consumed=true, purpose=smelting fuel, recipeSlot=-1], SelectedStationRequirement[station=minecraft:furnace, purpose=use station]]
[15:24:30] [Render thread/INFO] (lodekeeper) [Lodekeeper] STEP kind=SMELT source=minecraft:cooked_beef output=minecraft:cooked_beef count=1 operations=1 auxiliary=true
[15:24:31] [Render thread/INFO] (lodekeeper) [Lodekeeper] PROGRESS elapsed_ms=233824 phase=working backend=baritone target=none navigation_elapsed_ms=0 navigation_ticks=0 searching=false path_index=0 path_length=0 retries=0 pending_route_events=0 dropped_route_events=0 status=preparing_for_task___SMELT_minecraft:cooked_beef
[15:24:33] [Render thread/INFO] (lodekeeper) [Lodekeeper] PROGRESS elapsed_ms=235843 phase=working backend=baritone target=none navigation_elapsed_ms=0 navigation_ticks=0 searching=false path_index=0 path_length=0 retries=0 pending_route_events=0 dropped_route_events=0 status=preparing_for_task___SMELT_minecraft:cooked_beef
[15:24:35] [Render thread/INFO] (lodekeeper) [Lodekeeper] PROGRESS elapsed_ms=237854 phase=working backend=baritone target=none navigation_elapsed_ms=0 navigation_ticks=0 searching=false path_index=0 path_length=0 retries=0 pending_route_events=0 dropped_route_events=0 status=preparing_for_task___SMELT_minecraft:cooked_beef
[15:24:37] [Render thread/INFO] (lodekeeper) [Lodekeeper] PROGRESS elapsed_ms=239869 phase=working backend=baritone target=none navigation_elapsed_ms=0 navigation_ticks=0 searching=false path_index=0 path_length=0 retries=0 pending_route_events=0 dropped_route_events=0 status=preparing_for_task___SMELT_minecraft:cooked_beef
[15:24:39] [Render thread/INFO] (lodekeeper) [Lodekeeper] PROGRESS elapsed_ms=241914 phase=working backend=baritone target=none navigation_elapsed_ms=0 navigation_ticks=0 searching=false path_index=0 path_length=0 retries=0 pending_route_events=0 dropped_route_events=0 status=preparing_for_task___SMELT_minecraft:cooked_beef
[15:24:41] [Render thread/INFO] (lodekeeper) [Lodekeeper] PROGRESS elapsed_ms=243962 phase=working backend=baritone target=none navigation_elapsed_ms=0 navigation_ticks=0 searching=false path_index=0 path_length=0 retries=0 pending_route_events=0 dropped_route_events=0 status=preparing_for_task___SMELT_minecraft:cooked_beef
[15:24:42] [lodekeeper-planner/INFO] (lodekeeper) [Lodekeeper] PROJECT_MATERIALS project=gear_diamond before=[gather:minecraft:diamond_ore:3, gather:minecraft:diamond_ore:3, gather:minecraft:birch_log:1, gather:minecraft:diamond_ore:4, gather:minecraft:diamond_ore:8, gather:minecraft:diamond_ore:5, gather:minecraft:diamond_ore:2, gather:minecraft:diamond_ore:7, gather:minecraft:diamond_ore:1, gather:minecraft:diamond_ore:2] after=[gather:minecraft:diamond_ore:3, gather:minecraft:diamond_ore:3, gather:minecraft:birch_log:1, gather:minecraft:diamond_ore:4, gather:minecraft:diamond_ore:8, gather:minecraft:diamond_ore:5, gather:minecraft:diamond_ore:2, gather:minecraft:diamond_ore:7, gather:minecraft:diamond_ore:1, gather:minecraft:diamond_ore:2]
[15:24:42] [lodekeeper-planner/INFO] (lodekeeper) [Lodekeeper] PLAN project=gear_diamond success=true steps=25 branches=126 elapsedMs=4.140511
[15:24:42] [Render thread/INFO] (lodekeeper) [Lodekeeper] SMELT_REQUIREMENTS source=minecraft:iron_ingot_from_smelting_raw_iron selected=[SelectedItemRequirement[item=minecraft:raw_iron, count=3, consumed=true, purpose=smelting input, recipeSlot=-1], SelectedItemRequirement[item=minecraft:birch_log, count=2, consumed=true, purpose=smelting fuel, recipeSlot=-1], SelectedStationRequirement[station=minecraft:furnace, purpose=use station]]
[15:24:42] [Render thread/INFO] (lodekeeper) [Lodekeeper] STEP kind=SMELT source=minecraft:iron_ingot_from_smelting_raw_iron output=minecraft:iron_ingot count=3 operations=3 auxiliary=false
[15:24:43] [Render thread/INFO] (lodekeeper) [Lodekeeper] PROGRESS elapsed_ms=246011 phase=smelting backend=baritone target=none navigation_elapsed_ms=0 navigation_ticks=0 searching=false path_index=0 path_length=0 retries=0 pending_route_events=0 dropped_route_events=0 status=SMELT_minecraft:iron_ingot_from_smelting_raw_iron
[15:24:45] [Render thread/INFO] (lodekeeper) [Lodekeeper] PROGRESS elapsed_ms=248022 phase=smelting backend=baritone target=none navigation_elapsed_ms=0 navigation_ticks=0 searching=false path_index=0 path_length=0 retries=0 pending_route_events=0 dropped_route_events=0 status=SMELT_minecraft:iron_ingot_from_smelting_raw_iron
[15:24:47] [Render thread/INFO] (lodekeeper) [Lodekeeper] PROGRESS elapsed_ms=250069 phase=smelting backend=baritone target=none navigation_elapsed_ms=0 navigation_ticks=0 searching=false path_index=0 path_length=0 retries=0 pending_route_events=0 dropped_route_events=0 status=SMELT_minecraft:iron_ingot_from_smelting_raw_iron
[15:24:50] [Render thread/INFO] (lodekeeper) [Lodekeeper] PROGRESS elapsed_ms=252122 phase=smelting backend=baritone target=none navigation_elapsed_ms=0 navigation_ticks=0 searching=false path_index=0 path_length=0 retries=0 pending_route_events=0 dropped_route_events=0 status=SMELT_minecraft:iron_ingot_from_smelting_raw_iron
[15:24:52] [Render thread/INFO] (lodekeeper) [Lodekeeper] PROGRESS elapsed_ms=254162 phase=smelting backend=baritone target=none navigation_elapsed_ms=0 navigation_ticks=0 searching=false path_index=0 path_length=0 retries=0 pending_route_events=0 dropped_route_events=0 status=SMELT_minecraft:iron_ingot_from_smelting_raw_iron
[15:24:54] [Render thread/INFO] (lodekeeper) [Lodekeeper] PROGRESS elapsed_ms=256173 phase=smelting backend=baritone target=none navigation_elapsed_ms=0 navigation_ticks=0 searching=false path_index=0 path_length=0 retries=0 pending_route_events=0 dropped_route_events=0 status=SMELT_minecraft:iron_ingot_from_smelting_raw_iron
[15:24:56] [Render thread/INFO] (lodekeeper) [Lodekeeper] PROGRESS elapsed_ms=258194 phase=smelting backend=baritone target=none navigation_elapsed_ms=0 navigation_ticks=0 searching=false path_index=0 path_length=0 retries=0 pending_route_events=0 dropped_route_events=0 status=SMELT_minecraft:iron_ingot_from_smelting_raw_iron
[15:24:58] [Render thread/INFO] (lodekeeper) [Lodekeeper] PROGRESS elapsed_ms=260204 phase=smelting backend=baritone target=none navigation_elapsed_ms=0 navigation_ticks=0 searching=false path_index=0 path_length=0 retries=0 pending_route_events=0 dropped_route_events=0 status=SMELT_minecraft:iron_ingot_from_smelting_raw_iron
[15:25:00] [Render thread/INFO] (lodekeeper) [Lodekeeper] PROGRESS elapsed_ms=262262 phase=smelting backend=baritone target=none navigation_elapsed_ms=0 navigation_ticks=0 searching=false path_index=0 path_length=0 retries=0 pending_route_events=0 dropped_route_events=0 status=SMELT_minecraft:iron_ingot_from_smelting_raw_iron
[15:25:02] [Render thread/INFO] (lodekeeper) [Lodekeeper] PROGRESS elapsed_ms=264315 phase=smelting backend=baritone target=none navigation_elapsed_ms=0 navigation_ticks=0 searching=false path_index=0 path_length=0 retries=0 pending_route_events=0 dropped_route_events=0 status=SMELT_minecraft:iron_ingot_from_smelting_raw_iron
[15:25:04] [Render thread/INFO] (lodekeeper) [Lodekeeper] PROGRESS elapsed_ms=266368 phase=smelting backend=baritone target=none navigation_elapsed_ms=0 navigation_ticks=0 searching=false path_index=0 path_length=0 retries=0 pending_route_events=0 dropped_route_events=0 status=SMELT_minecraft:iron_ingot_from_smelting_raw_iron
[15:25:06] [Render thread/INFO] (lodekeeper) [Lodekeeper] PROGRESS elapsed_ms=268414 phase=smelting backend=baritone target=none navigation_elapsed_ms=0 navigation_ticks=0 searching=false path_index=0 path_length=0 retries=0 pending_route_events=0 dropped_route_events=0 status=SMELT_minecraft:iron_ingot_from_smelting_raw_iron
[15:25:08] [Render thread/INFO] (lodekeeper) [Lodekeeper] PROGRESS elapsed_ms=270462 phase=smelting backend=baritone target=none navigation_elapsed_ms=0 navigation_ticks=0 searching=false path_index=0 path_length=0 retries=0 pending_route_events=0 dropped_route_events=0 status=SMELT_minecraft:iron_ingot_from_smelting_raw_iron
[15:25:10] [Render thread/INFO] (lodekeeper) [Lodekeeper] PROGRESS elapsed_ms=272513 phase=smelting backend=baritone target=none navigation_elapsed_ms=0 navigation_ticks=0 searching=false path_index=0 path_length=0 retries=0 pending_route_events=0 dropped_route_events=0 status=SMELT_minecraft:iron_ingot_from_smelting_raw_iron
[15:25:12] [Render thread/INFO] (lodekeeper) [Lodekeeper] PROGRESS elapsed_ms=274568 phase=smelting backend=baritone target=none navigation_elapsed_ms=0 navigation_ticks=0 searching=false path_index=0 path_length=0 retries=0 pending_route_events=0 dropped_route_events=0 status=SMELT_minecraft:iron_ingot_from_smelting_raw_iron
[15:25:13] [lodekeeper-planner/INFO] (lodekeeper) [Lodekeeper] PROJECT_MATERIALS project=gear_diamond before=[gather:minecraft:diamond_ore:3, gather:minecraft:diamond_ore:3, gather:minecraft:birch_log:1, gather:minecraft:diamond_ore:4, gather:minecraft:diamond_ore:8, gather:minecraft:diamond_ore:5, gather:minecraft:diamond_ore:2, gather:minecraft:diamond_ore:7, gather:minecraft:diamond_ore:1, gather:minecraft:diamond_ore:2] after=[gather:minecraft:diamond_ore:3, gather:minecraft:diamond_ore:3, gather:minecraft:birch_log:1, gather:minecraft:diamond_ore:4, gather:minecraft:diamond_ore:8, gather:minecraft:diamond_ore:5, gather:minecraft:diamond_ore:2, gather:minecraft:diamond_ore:7, gather:minecraft:diamond_ore:1, gather:minecraft:diamond_ore:2]
[15:25:13] [lodekeeper-planner/INFO] (lodekeeper) [Lodekeeper] PLAN project=gear_diamond success=true steps=24 branches=111 elapsedMs=1.897053
[15:25:13] [Render thread/INFO] (lodekeeper) [Lodekeeper] STEP kind=CRAFT source=minecraft:stick output=minecraft:stick count=4 operations=1 auxiliary=false
[15:25:14] [Render thread/INFO] (lodekeeper) [Lodekeeper] PROGRESS elapsed_ms=276576 phase=crafting backend=baritone target=none navigation_elapsed_ms=0 navigation_ticks=0 searching=false path_index=0 path_length=0 retries=0 pending_route_events=0 dropped_route_events=0 status=CRAFT_minecraft:stick
[15:25:15] [lodekeeper-planner/INFO] (lodekeeper) [Lodekeeper] PROJECT_MATERIALS project=gear_diamond before=[gather:minecraft:diamond_ore:3, gather:minecraft:diamond_ore:3, gather:minecraft:birch_log:1, gather:minecraft:diamond_ore:4, gather:minecraft:diamond_ore:8, gather:minecraft:diamond_ore:5, gather:minecraft:diamond_ore:2, gather:minecraft:diamond_ore:7, gather:minecraft:diamond_ore:1, gather:minecraft:diamond_ore:2] after=[gather:minecraft:diamond_ore:3, gather:minecraft:diamond_ore:3, gather:minecraft:birch_log:1, gather:minecraft:diamond_ore:4, gather:minecraft:diamond_ore:8, gather:minecraft:diamond_ore:5, gather:minecraft:diamond_ore:2, gather:minecraft:diamond_ore:7, gather:minecraft:diamond_ore:1, gather:minecraft:diamond_ore:2]
[15:25:15] [lodekeeper-planner/INFO] (lodekeeper) [Lodekeeper] PLAN project=gear_diamond success=true steps=23 branches=107 elapsedMs=1.879919
[15:25:15] [Render thread/INFO] (lodekeeper) [Lodekeeper] STEP kind=CRAFT source=minecraft:iron_pickaxe output=minecraft:iron_pickaxe count=1 operations=1 auxiliary=false
[15:25:16] [Render thread/INFO] (lodekeeper) [Lodekeeper] PROGRESS elapsed_ms=278592 phase=crafting backend=baritone target=none navigation_elapsed_ms=0 navigation_ticks=0 searching=false path_index=0 path_length=0 retries=0 pending_route_events=0 dropped_route_events=0 status=CRAFT_minecraft:iron_pickaxe
[15:25:18] [Render thread/INFO] (lodekeeper) [Lodekeeper] PROGRESS elapsed_ms=280602 phase=crafting backend=baritone target=none navigation_elapsed_ms=0 navigation_ticks=0 searching=false path_index=0 path_length=0 retries=0 pending_route_events=0 dropped_route_events=0 status=CRAFT_minecraft:iron_pickaxe
[15:25:19] [lodekeeper-planner/INFO] (lodekeeper) [Lodekeeper] PROJECT_MATERIALS project=gear_diamond before=[gather:minecraft:diamond_ore:3, gather:minecraft:diamond_ore:3, gather:minecraft:birch_log:1, gather:minecraft:diamond_ore:4, gather:minecraft:diamond_ore:8, gather:minecraft:diamond_ore:5, gather:minecraft:diamond_ore:2, gather:minecraft:diamond_ore:7, gather:minecraft:diamond_ore:1, gather:minecraft:diamond_ore:2] after=[gather:minecraft:diamond_ore:3, gather:minecraft:diamond_ore:3, gather:minecraft:birch_log:1, gather:minecraft:diamond_ore:4, gather:minecraft:diamond_ore:8, gather:minecraft:diamond_ore:5, gather:minecraft:diamond_ore:2, gather:minecraft:diamond_ore:7, gather:minecraft:diamond_ore:1, gather:minecraft:diamond_ore:2]
[15:25:19] [lodekeeper-planner/INFO] (lodekeeper) [Lodekeeper] PLAN project=gear_diamond success=true steps=22 branches=102 elapsedMs=2.11299
[15:25:19] [Render thread/INFO] (lodekeeper) [Lodekeeper] STEP kind=GATHER source=gather:minecraft:diamond_ore output=minecraft:diamond count=3 operations=3 auxiliary=false
[15:25:20] [Render thread/INFO] (lodekeeper) [Lodekeeper] PROGRESS elapsed_ms=282663 phase=gathering backend=baritone target=none navigation_elapsed_ms=0 navigation_ticks=0 searching=false path_index=0 path_length=0 retries=0 pending_route_events=0 dropped_route_events=0 status=mining_the_recorded_owned_crafting_table
[15:25:22] [Render thread/INFO] (lodekeeper) [Lodekeeper] PROGRESS elapsed_ms=284719 phase=gathering backend=baritone target=none navigation_elapsed_ms=0 navigation_ticks=0 searching=false path_index=0 path_length=0 retries=0 pending_route_events=0 dropped_route_events=0 status=mining_the_recorded_owned_crafting_table
[15:25:23] [Render thread/INFO] (lodekeeper) [Lodekeeper] NAV backend=baritone mode=PICKUP event=CALC_STARTED elapsedMs=0
[15:25:23] [Render thread/INFO] (lodekeeper) [Lodekeeper] NAV calcTool=minecraft:air slot=0
[15:25:23] [Render thread/INFO] (lodekeeper) [Lodekeeper] NAV backend=baritone mode=PICKUP event=CALC_FINISHED_NOW_EXECUTING elapsedMs=68
[15:25:23] [Render thread/INFO] (lodekeeper) [Lodekeeper] NAV backend=baritone mode=PICKUP event=AT_GOAL elapsedMs=205
[15:25:23] [Render thread/INFO] (lodekeeper) [Lodekeeper] NAV backend=baritone mode=IDLE event=CANCELED elapsedMs=378
[15:25:23] [Render thread/INFO] (lodekeeper) [Lodekeeper] NAV backend=baritone mode=IDLE event=CANCELED elapsedMs=378
[15:25:23] [lodekeeper-planner/INFO] (lodekeeper) [Lodekeeper] PROJECT_MATERIALS project=gear_diamond before=[gather:minecraft:diamond_ore:3, gather:minecraft:diamond_ore:3, gather:minecraft:birch_log:1, gather:minecraft:diamond_ore:4, gather:minecraft:diamond_ore:8, gather:minecraft:diamond_ore:5, gather:minecraft:diamond_ore:2, gather:minecraft:diamond_ore:7, gather:minecraft:diamond_ore:1, gather:minecraft:diamond_ore:2] after=[gather:minecraft:diamond_ore:3, gather:minecraft:diamond_ore:3, gather:minecraft:birch_log:1, gather:minecraft:diamond_ore:4, gather:minecraft:diamond_ore:8, gather:minecraft:diamond_ore:5, gather:minecraft:diamond_ore:2, gather:minecraft:diamond_ore:7, gather:minecraft:diamond_ore:1, gather:minecraft:diamond_ore:2]
[15:25:23] [lodekeeper-planner/INFO] (lodekeeper) [Lodekeeper] PLAN project=gear_diamond success=true steps=23 branches=103 elapsedMs=2.649636
[15:25:23] [Render thread/INFO] (lodekeeper) [Lodekeeper] STEP kind=GATHER source=gather:minecraft:diamond_ore output=minecraft:diamond count=3 operations=3 auxiliary=false
[15:25:23] [Render thread/INFO] (lodekeeper) [Lodekeeper] MINING_DEPTH policy=NEAREST desiredY=-55 ceiling=2031 deficit=3 phase=MINE blocks=[Block{minecraft:diamond_ore}, Block{minecraft:deepslate_diamond_ore}]
[15:25:23] [Render thread/INFO] (lodekeeper) [Lodekeeper] NAV backend=baritone mode=MINE event=CALC_STARTED elapsedMs=3
[15:25:23] [Render thread/INFO] (lodekeeper) [Lodekeeper] NAV calcTool=minecraft:iron_pickaxe slot=5
[15:25:23] [Render thread/INFO] (lodekeeper) [Lodekeeper] ROUTE_SEARCH kind=unknown anchor=unknown feet_y16=0 candidates=0 target=none elapsed_ms=285849
[15:25:24] [Render thread/INFO] (lodekeeper) [Lodekeeper] NAV backend=baritone mode=MINE event=CALC_FINISHED_NOW_EXECUTING elapsedMs=515
[15:25:24] [Render thread/INFO] (lodekeeper) [Lodekeeper] NAV backend=baritone mode=MINE event=NEXT_SEGMENT_CALC_STARTED elapsedMs=518
[15:25:24] [Render thread/INFO] (lodekeeper) [Lodekeeper] PROGRESS elapsed_ms=286775 phase=searching backend=baritone target=none navigation_elapsed_ms=1029 navigation_ticks=20 searching=true path_index=0 path_length=8 retries=0 pending_route_events=0 dropped_route_events=0 status=mining_and_collecting_minecraft:diamond___0/3___planning_next_route
[15:25:26] [Render thread/INFO] (lodekeeper) [Lodekeeper] PROGRESS elapsed_ms=288796 phase=searching backend=baritone target=none navigation_elapsed_ms=3017 navigation_ticks=60 searching=true path_index=0 path_length=4 retries=0 pending_route_events=0 dropped_route_events=0 status=mining_and_collecting_minecraft:diamond___0/3___planning_next_route
[15:25:28] [Render thread/INFO] (lodekeeper) [Lodekeeper] NAV backend=baritone mode=MINE event=NEXT_SEGMENT_CALC_FINISHED elapsedMs=4528
[15:25:28] [Render thread/INFO] (lodekeeper) [Lodekeeper] ROUTE_TRAVEL path_index=0 path_length=51 target=none elapsed_ms=290272
[15:25:28] [Render thread/INFO] (lodekeeper) [Lodekeeper] PROGRESS elapsed_ms=290817 phase=traveling backend=baritone target=none navigation_elapsed_ms=5005 navigation_ticks=100 searching=false path_index=0 path_length=51 retries=0 pending_route_events=0 dropped_route_events=0 status=mining_and_collecting_minecraft:diamond___0/3
[15:25:30] [Render thread/INFO] (lodekeeper) [Lodekeeper] PROGRESS elapsed_ms=292848 phase=traveling backend=baritone target=none navigation_elapsed_ms=7205 navigation_ticks=144 searching=false path_index=0 path_length=51 retries=0 pending_route_events=0 dropped_route_events=0 status=mining_and_collecting_minecraft:diamond___0/3
[15:25:32] [Render thread/INFO] (lodekeeper) [Lodekeeper] NAV backend=baritone mode=MINE event=CALC_STARTED elapsedMs=8573
[15:25:32] [Render thread/INFO] (lodekeeper) [Lodekeeper] NAV calcTool=minecraft:iron_pickaxe slot=5
[15:25:32] [Render thread/INFO] (lodekeeper) [Lodekeeper] ROUTE_SEARCH kind=unknown anchor=unknown feet_y16=0 candidates=0 target=none elapsed_ms=294250
[15:25:32] [Render thread/INFO] (lodekeeper) [Lodekeeper] NAV backend=baritone mode=MINE event=CALC_STARTED elapsedMs=9052
[15:25:32] [Render thread/INFO] (lodekeeper) [Lodekeeper] NAV calcTool=minecraft:iron_pickaxe slot=5
[15:25:32] [Render thread/INFO] (lodekeeper) [Lodekeeper] PROGRESS elapsed_ms=294864 phase=searching backend=baritone target=none navigation_elapsed_ms=9220 navigation_ticks=184 searching=true path_index=0 path_length=0 retries=0 pending_route_events=0 dropped_route_events=0 status=mining_and_collecting_minecraft:diamond___0/3___planning_next_route
[15:25:33] [Render thread/INFO] (lodekeeper) [Lodekeeper] NAV backend=baritone mode=MINE event=CALC_FINISHED_NOW_EXECUTING elapsedMs=9532
[15:25:33] [Render thread/INFO] (lodekeeper) [Lodekeeper] ROUTE_TRAVEL path_index=0 path_length=30 target=none elapsed_ms=295244
[15:25:33] [Render thread/INFO] (lodekeeper) [Lodekeeper] BREAK target=Mutable{x=24, y=63, z=28} block=Block{minecraft:stone} tool=minecraft:iron_pickaxe slot=5 remaining=250 required=route
[15:25:34] [Render thread/INFO] (lodekeeper) [Lodekeeper] PROGRESS elapsed_ms=296894 phase=traveling backend=baritone target=none navigation_elapsed_ms=11217 navigation_ticks=224 searching=false path_index=0 path_length=29 retries=0 pending_route_events=0 dropped_route_events=0 status=mining_and_collecting_minecraft:diamond___0/3
[15:25:36] [Render thread/INFO] (lodekeeper) [Lodekeeper] BREAK target=Mutable{x=25, y=63, z=28} block=Block{minecraft:stone} tool=minecraft:iron_pickaxe slot=5 remaining=249 required=route
[15:25:36] [Render thread/INFO] (lodekeeper) [Lodekeeper] PROGRESS elapsed_ms=298918 phase=traveling backend=baritone target=none navigation_elapsed_ms=13205 navigation_ticks=264 searching=false path_index=0 path_length=28 retries=0 pending_route_events=0 dropped_route_events=0 status=mining_and_collecting_minecraft:diamond___0/3
[15:25:38] [Render thread/INFO] (lodekeeper) [Lodekeeper] BREAK target=Mutable{x=24, y=64, z=28} block=Block{minecraft:stone} tool=minecraft:iron_pickaxe slot=5 remaining=248 required=route
[15:25:38] [Render thread/INFO] (lodekeeper) [Lodekeeper] PROGRESS elapsed_ms=300918 phase=traveling backend=baritone target=none navigation_elapsed_ms=15206 navigation_ticks=304 searching=false path_index=0 path_length=28 retries=0 pending_route_events=0 dropped_route_events=0 status=mining_and_collecting_minecraft:diamond___0/3
[15:25:40] [Render thread/INFO] (lodekeeper) [Lodekeeper] BREAK target=Mutable{x=25, y=64, z=28} block=Block{minecraft:stone} tool=minecraft:iron_pickaxe slot=5 remaining=247 required=route
[15:25:40] [Render thread/INFO] (lodekeeper) [Lodekeeper] PROGRESS elapsed_ms=302973 phase=traveling backend=baritone target=none navigation_elapsed_ms=17226 navigation_ticks=344 searching=false path_index=0 path_length=28 retries=0 pending_route_events=0 dropped_route_events=0 status=mining_and_collecting_minecraft:diamond___0/3
[15:25:42] [Render thread/INFO] (lodekeeper) [Lodekeeper] PROGRESS elapsed_ms=304995 phase=traveling backend=baritone target=none navigation_elapsed_ms=19215 navigation_ticks=384 searching=false path_index=0 path_length=28 retries=0 pending_route_events=0 dropped_route_events=0 status=mining_and_collecting_minecraft:diamond___0/3
[15:25:42] [Render thread/INFO] (lodekeeper) [Lodekeeper] NAV backend=baritone mode=MINE event=CALC_STARTED elapsedMs=19352
[15:25:42] [Render thread/INFO] (lodekeeper) [Lodekeeper] NAV calcTool=minecraft:iron_pickaxe slot=5
[15:25:42] [Render thread/INFO] (lodekeeper) [Lodekeeper] ROUTE_SEARCH kind=unknown anchor=unknown feet_y16=0 candidates=0 target=none elapsed_ms=305062
[15:25:43] [Render thread/INFO] (lodekeeper) [Lodekeeper] NAV backend=baritone mode=MINE event=CALC_FINISHED_NOW_EXECUTING elapsedMs=19856
[15:25:43] [Render thread/INFO] (lodekeeper) [Lodekeeper] ROUTE_TRAVEL path_index=0 path_length=31 target=none elapsed_ms=305673
[15:25:44] [Render thread/INFO] (lodekeeper) [Lodekeeper] PROGRESS elapsed_ms=307004 phase=traveling backend=baritone target=none navigation_elapsed_ms=21224 navigation_ticks=424 searching=false path_index=0 path_length=31 retries=0 pending_route_events=0 dropped_route_events=0 status=mining_and_collecting_minecraft:diamond___0/3
[15:25:45] [Render thread/INFO] (lodekeeper) [Lodekeeper] BREAK target=Mutable{x=26, y=64, z=28} block=Block{minecraft:stone} tool=minecraft:iron_pickaxe slot=5 remaining=246 required=route
[15:25:46] [Render thread/INFO] (lodekeeper) [Lodekeeper] BREAK target=Mutable{x=26, y=63, z=28} block=Block{minecraft:stone} tool=minecraft:iron_pickaxe slot=5 remaining=245 required=route
[15:25:46] [Render thread/INFO] (lodekeeper) [Lodekeeper] PROGRESS elapsed_ms=309024 phase=traveling backend=baritone target=none navigation_elapsed_ms=23209 navigation_ticks=464 searching=false path_index=0 path_length=30 retries=0 pending_route_events=0 dropped_route_events=0 status=mining_and_collecting_minecraft:diamond___0/3
[15:25:47] [Render thread/INFO] (lodekeeper) [Lodekeeper] BREAK target=Mutable{x=26, y=62, z=28} block=Block{minecraft:stone} tool=minecraft:iron_pickaxe slot=5 remaining=244 required=route
[15:25:48] [Render thread/INFO] (lodekeeper) [Lodekeeper] BREAK target=Mutable{x=26, y=61, z=28} block=Block{minecraft:stone} tool=minecraft:iron_pickaxe slot=5 remaining=243 required=route
[15:25:48] [Render thread/INFO] (lodekeeper) [Lodekeeper] PROGRESS elapsed_ms=311046 phase=traveling backend=baritone target=none navigation_elapsed_ms=25403 navigation_ticks=508 searching=false path_index=0 path_length=29 retries=0 pending_route_events=0 dropped_route_events=0 status=mining_and_collecting_minecraft:diamond___0/3
[15:25:49] [Render thread/INFO] (lodekeeper) [Lodekeeper] BREAK target=Mutable{x=26, y=60, z=28} block=Block{minecraft:stone} tool=minecraft:iron_pickaxe slot=5 remaining=242 required=route
[15:25:49] [Render thread/INFO] (lodekeeper) [Lodekeeper] BREAK target=Mutable{x=26, y=59, z=28} block=Block{minecraft:stone} tool=minecraft:iron_pickaxe slot=5 remaining=241 required=route
[15:25:50] [Render thread/INFO] (lodekeeper) [Lodekeeper] BREAK target=Mutable{x=26, y=58, z=28} block=Block{minecraft:stone} tool=minecraft:iron_pickaxe slot=5 remaining=240 required=route
[15:25:50] [Render thread/INFO] (lodekeeper) [Lodekeeper] PROGRESS elapsed_ms=313070 phase=traveling backend=baritone target=none navigation_elapsed_ms=27426 navigation_ticks=548 searching=false path_index=0 path_length=26 retries=0 pending_route_events=0 dropped_route_events=0 status=mining_and_collecting_minecraft:diamond___0/3
[15:25:51] [Render thread/INFO] (lodekeeper) [Lodekeeper] BREAK target=Mutable{x=26, y=57, z=28} block=Block{minecraft:stone} tool=minecraft:iron_pickaxe slot=5 remaining=239 required=route
[15:25:51] [Render thread/INFO] (lodekeeper) [Lodekeeper] BREAK target=Mutable{x=26, y=56, z=28} block=Block{minecraft:stone} tool=minecraft:iron_pickaxe slot=5 remaining=238 required=route
[15:25:52] [Render thread/INFO] (lodekeeper) [Lodekeeper] BREAK target=Mutable{x=26, y=55, z=28} block=Block{minecraft:stone} tool=minecraft:iron_pickaxe slot=5 remaining=237 required=route
[15:25:52] [Render thread/INFO] (lodekeeper) [Lodekeeper] PROGRESS elapsed_ms=315116 phase=traveling backend=baritone target=none navigation_elapsed_ms=29403 navigation_ticks=588 searching=false path_index=0 path_length=23 retries=0 pending_route_events=0 dropped_route_events=0 status=mining_and_collecting_minecraft:diamond___0/3
[15:25:53] [Render thread/INFO] (lodekeeper) [Lodekeeper] BREAK target=Mutable{x=26, y=54, z=28} block=Block{minecraft:stone} tool=minecraft:iron_pickaxe slot=5 remaining=236 required=route
[15:25:54] [Render thread/INFO] (lodekeeper) [Lodekeeper] BREAK target=Mutable{x=26, y=53, z=28} block=Block{minecraft:stone} tool=minecraft:iron_pickaxe slot=5 remaining=235 required=route
[15:25:54] [Render thread/INFO] (lodekeeper) [Lodekeeper] BREAK target=Mutable{x=26, y=52, z=28} block=Block{minecraft:stone} tool=minecraft:iron_pickaxe slot=5 remaining=234 required=route
[15:25:55] [Render thread/INFO] (lodekeeper) [Lodekeeper] PROGRESS elapsed_ms=317167 phase=traveling backend=baritone target=none navigation_elapsed_ms=31420 navigation_ticks=628 searching=false path_index=0 path_length=20 retries=0 pending_route_events=0 dropped_route_events=0 status=mining_and_collecting_minecraft:diamond___0/3
[15:25:55] [Render thread/INFO] (lodekeeper) [Lodekeeper] BREAK target=Mutable{x=26, y=51, z=28} block=Block{minecraft:stone} tool=minecraft:iron_pickaxe slot=5 remaining=233 required=route
[15:25:56] [Render thread/INFO] (lodekeeper) [Lodekeeper] BREAK target=Mutable{x=26, y=50, z=28} block=Block{minecraft:stone} tool=minecraft:iron_pickaxe slot=5 remaining=232 required=route
[15:25:56] [Render thread/INFO] (lodekeeper) [Lodekeeper] BREAK target=Mutable{x=26, y=49, z=28} block=Block{minecraft:stone} tool=minecraft:iron_pickaxe slot=5 remaining=231 required=route
[15:25:57] [Render thread/INFO] (lodekeeper) [Lodekeeper] PROGRESS elapsed_ms=319175 phase=traveling backend=baritone target=none navigation_elapsed_ms=33429 navigation_ticks=668 searching=false path_index=0 path_length=17 retries=0 pending_route_events=0 dropped_route_events=0 status=mining_and_collecting_minecraft:diamond___0/3
[15:25:57] [Render thread/INFO] (lodekeeper) [Lodekeeper] BREAK target=Mutable{x=26, y=48, z=28} block=Block{minecraft:stone} tool=minecraft:iron_pickaxe slot=5 remaining=230 required=route
[15:25:58] [Render thread/INFO] (lodekeeper) [Lodekeeper] BREAK target=Mutable{x=26, y=47, z=28} block=Block{minecraft:stone} tool=minecraft:iron_pickaxe slot=5 remaining=229 required=route
[15:25:58] [Render thread/INFO] (lodekeeper) [Lodekeeper] BREAK target=Mutable{x=26, y=46, z=28} block=Block{minecraft:stone} tool=minecraft:iron_pickaxe slot=5 remaining=228 required=route
[15:25:59] [Render thread/INFO] (lodekeeper) [Lodekeeper] PROGRESS elapsed_ms=321198 phase=traveling backend=baritone target=none navigation_elapsed_ms=35419 navigation_ticks=708 searching=false path_index=0 path_length=14 retries=0 pending_route_events=0 dropped_route_events=0 status=mining_and_collecting_minecraft:diamond___0/3
[15:25:59] [Render thread/INFO] (lodekeeper) [Lodekeeper] BREAK target=Mutable{x=26, y=45, z=28} block=Block{minecraft:stone} tool=minecraft:iron_pickaxe slot=5 remaining=227 required=route
[15:26:00] [Render thread/INFO] (lodekeeper) [Lodekeeper] BREAK target=Mutable{x=26, y=44, z=28} block=Block{minecraft:stone} tool=minecraft:iron_pickaxe slot=5 remaining=226 required=route
[15:26:00] [Render thread/INFO] (lodekeeper) [Lodekeeper] NAV backend=baritone mode=MINE event=NEXT_SEGMENT_CALC_STARTED elapsedMs=37303
[15:26:00] [Render thread/INFO] (lodekeeper) [Lodekeeper] ROUTE_SEARCH kind=unknown anchor=unknown feet_y16=0 candidates=0 target=none elapsed_ms=323048
[15:26:01] [Render thread/INFO] (lodekeeper) [Lodekeeper] BREAK target=Mutable{x=26, y=43, z=28} block=Block{minecraft:stone} tool=minecraft:iron_pickaxe slot=5 remaining=225 required=route
[15:26:01] [Render thread/INFO] (lodekeeper) [Lodekeeper] PROGRESS elapsed_ms=323222 phase=searching backend=baritone target=none navigation_elapsed_ms=37405 navigation_ticks=748 searching=true path_index=0 path_length=11 retries=0 pending_route_events=0 dropped_route_events=0 status=mining_and_collecting_minecraft:diamond___0/3___planning_next_route
[15:26:01] [Render thread/INFO] (lodekeeper) [Lodekeeper] NAV backend=baritone mode=MINE event=NEXT_SEGMENT_CALC_FINISHED elapsedMs=37682
[15:26:01] [Render thread/INFO] (lodekeeper) [Lodekeeper] TARGET target=26,-6,30 block=minecraft:deepslate_diamond_ore
[15:26:01] [Render thread/INFO] (lodekeeper) [Lodekeeper] ROUTE_TRAVEL path_index=0 path_length=51 target=26,-6,30 block=minecraft:deepslate_diamond_ore elapsed_ms=323462
[15:26:01] [Render thread/INFO] (lodekeeper) [Lodekeeper] BREAK target=Mutable{x=26, y=42, z=28} block=Block{minecraft:stone} tool=minecraft:iron_pickaxe slot=5 remaining=224 required=route
[15:26:02] [Render thread/INFO] (lodekeeper) [Lodekeeper] BREAK target=Mutable{x=26, y=41, z=28} block=Block{minecraft:stone} tool=minecraft:iron_pickaxe slot=5 remaining=223 required=route
[15:26:03] [Render thread/INFO] (lodekeeper) [Lodekeeper] PROGRESS elapsed_ms=325250 phase=traveling backend=baritone target=26,-6,30 block=minecraft:deepslate_diamond_ore navigation_elapsed_ms=39606 navigation_ticks=792 searching=false path_index=0 path_length=48 retries=0 pending_route_events=0 dropped_route_events=0 status=mining_and_collecting_minecraft:diamond___0/3
[15:26:03] [Render thread/INFO] (lodekeeper) [Lodekeeper] BREAK target=Mutable{x=26, y=40, z=28} block=Block{minecraft:stone} tool=minecraft:iron_pickaxe slot=5 remaining=222 required=route
[15:26:03] [Render thread/INFO] (lodekeeper) [Lodekeeper] BREAK target=Mutable{x=26, y=39, z=28} block=Block{minecraft:stone} tool=minecraft:iron_pickaxe slot=5 remaining=221 required=route
[15:26:04] [Render thread/INFO] (lodekeeper) [Lodekeeper] BREAK target=Mutable{x=26, y=38, z=28} block=Block{minecraft:stone} tool=minecraft:iron_pickaxe slot=5 remaining=220 required=route
[15:26:05] [Render thread/INFO] (lodekeeper) [Lodekeeper] PROGRESS elapsed_ms=327266 phase=traveling backend=baritone target=26,-6,30 block=minecraft:deepslate_diamond_ore navigation_elapsed_ms=41622 navigation_ticks=832 searching=false path_index=0 path_length=45 retries=0 pending_route_events=0 dropped_route_events=0 status=mining_and_collecting_minecraft:diamond___0/3
[15:26:05] [Render thread/INFO] (lodekeeper) [Lodekeeper] BREAK target=Mutable{x=26, y=37, z=28} block=Block{minecraft:stone} tool=minecraft:iron_pickaxe slot=5 remaining=219 required=route
[15:26:05] [Render thread/INFO] (lodekeeper) [Lodekeeper] BREAK target=Mutable{x=26, y=36, z=28} block=Block{minecraft:stone} tool=minecraft:iron_pickaxe slot=5 remaining=218 required=route
[15:26:06] [Render thread/INFO] (lodekeeper) [Lodekeeper] BREAK target=Mutable{x=26, y=35, z=28} block=Block{minecraft:stone} tool=minecraft:iron_pickaxe slot=5 remaining=217 required=route
[15:26:07] [Render thread/INFO] (lodekeeper) [Lodekeeper] PROGRESS elapsed_ms=329295 phase=traveling backend=baritone target=26,-6,30 block=minecraft:deepslate_diamond_ore navigation_elapsed_ms=43617 navigation_ticks=872 searching=false path_index=0 path_length=43 retries=0 pending_route_events=0 dropped_route_events=0 status=mining_and_collecting_minecraft:diamond___0/3
[15:26:07] [Render thread/INFO] (lodekeeper) [Lodekeeper] BREAK target=Mutable{x=26, y=34, z=28} block=Block{minecraft:stone} tool=minecraft:iron_pickaxe slot=5 remaining=216 required=route
[15:26:08] [Render thread/INFO] (lodekeeper) [Lodekeeper] BREAK target=Mutable{x=26, y=33, z=28} block=Block{minecraft:stone} tool=minecraft:iron_pickaxe slot=5 remaining=215 required=route
[15:26:08] [Render thread/INFO] (lodekeeper) [Lodekeeper] BREAK target=Mutable{x=26, y=32, z=28} block=Block{minecraft:stone} tool=minecraft:iron_pickaxe slot=5 remaining=214 required=route
[15:26:09] [Render thread/INFO] (lodekeeper) [Lodekeeper] PROGRESS elapsed_ms=331309 phase=traveling backend=baritone target=26,-6,30 block=minecraft:deepslate_diamond_ore navigation_elapsed_ms=45631 navigation_ticks=912 searching=false path_index=0 path_length=40 retries=0 pending_route_events=0 dropped_route_events=0 status=mining_and_collecting_minecraft:diamond___0/3
[15:26:09] [Render thread/INFO] (lodekeeper) [Lodekeeper] BREAK target=Mutable{x=26, y=31, z=28} block=Block{minecraft:stone} tool=minecraft:iron_pickaxe slot=5 remaining=213 required=route
[15:26:10] [Render thread/INFO] (lodekeeper) [Lodekeeper] BREAK target=Mutable{x=26, y=30, z=28} block=Block{minecraft:stone} tool=minecraft:iron_pickaxe slot=5 remaining=212 required=route
[15:26:10] [Render thread/INFO] (lodekeeper) [Lodekeeper] BREAK target=Mutable{x=26, y=29, z=28} block=Block{minecraft:stone} tool=minecraft:iron_pickaxe slot=5 remaining=211 required=route
[15:26:11] [Render thread/INFO] (lodekeeper) [Lodekeeper] PROGRESS elapsed_ms=333360 phase=traveling backend=baritone target=26,-6,30 block=minecraft:deepslate_diamond_ore navigation_elapsed_ms=47613 navigation_ticks=952 searching=false path_index=0 path_length=37 retries=0 pending_route_events=0 dropped_route_events=0 status=mining_and_collecting_minecraft:diamond___0/3
[15:26:11] [Render thread/INFO] (lodekeeper) [Lodekeeper] BREAK target=Mutable{x=26, y=28, z=28} block=Block{minecraft:stone} tool=minecraft:iron_pickaxe slot=5 remaining=210 required=route
[15:26:12] [Render thread/INFO] (lodekeeper) [Lodekeeper] BREAK target=Mutable{x=26, y=27, z=28} block=Block{minecraft:andesite} tool=minecraft:iron_pickaxe slot=5 remaining=209 required=route
[15:26:12] [Render thread/INFO] (lodekeeper) [Lodekeeper] BREAK target=Mutable{x=26, y=26, z=28} block=Block{minecraft:andesite} tool=minecraft:iron_pickaxe slot=5 remaining=208 required=route
[15:26:13] [Render thread/INFO] (lodekeeper) [Lodekeeper] PROGRESS elapsed_ms=335369 phase=traveling backend=baritone target=26,-6,30 block=minecraft:deepslate_diamond_ore navigation_elapsed_ms=49624 navigation_ticks=992 searching=false path_index=0 path_length=34 retries=0 pending_route_events=0 dropped_route_events=0 status=mining_and_collecting_minecraft:diamond___0/3
[15:26:13] [Render thread/INFO] (lodekeeper) [Lodekeeper] BREAK target=Mutable{x=26, y=25, z=28} block=Block{minecraft:andesite} tool=minecraft:iron_pickaxe slot=5 remaining=207 required=route
[15:26:14] [Render thread/INFO] (lodekeeper) [Lodekeeper] BREAK target=Mutable{x=26, y=24, z=28} block=Block{minecraft:andesite} tool=minecraft:iron_pickaxe slot=5 remaining=206 required=route
[15:26:15] [Render thread/INFO] (lodekeeper) [Lodekeeper] BREAK target=Mutable{x=26, y=23, z=28} block=Block{minecraft:andesite} tool=minecraft:iron_pickaxe slot=5 remaining=205 required=route
[15:26:15] [Render thread/INFO] (lodekeeper) [Lodekeeper] PROGRESS elapsed_ms=337415 phase=traveling backend=baritone target=26,-6,30 block=minecraft:deepslate_diamond_ore navigation_elapsed_ms=51600 navigation_ticks=1032 searching=false path_index=0 path_length=31 retries=0 pending_route_events=0 dropped_route_events=0 status=mining_and_collecting_minecraft:diamond___0/3
[15:26:15] [Render thread/INFO] (lodekeeper) [Lodekeeper] BREAK target=Mutable{x=26, y=22, z=28} block=Block{minecraft:andesite} tool=minecraft:iron_pickaxe slot=5 remaining=204 required=route
[15:26:16] [Render thread/INFO] (lodekeeper) [Lodekeeper] BREAK target=Mutable{x=26, y=21, z=28} block=Block{minecraft:stone} tool=minecraft:iron_pickaxe slot=5 remaining=203 required=route
[15:26:17] [Render thread/INFO] (lodekeeper) [Lodekeeper] BREAK target=Mutable{x=26, y=20, z=28} block=Block{minecraft:stone} tool=minecraft:iron_pickaxe slot=5 remaining=202 required=route
[15:26:17] [Render thread/INFO] (lodekeeper) [Lodekeeper] PROGRESS elapsed_ms=339461 phase=traveling backend=baritone target=26,-6,30 block=minecraft:deepslate_diamond_ore navigation_elapsed_ms=53817 navigation_ticks=1076 searching=false path_index=0 path_length=28 retries=0 pending_route_events=0 dropped_route_events=0 status=mining_and_collecting_minecraft:diamond___0/3
[15:26:17] [Render thread/INFO] (lodekeeper) [Lodekeeper] BREAK target=Mutable{x=26, y=19, z=28} block=Block{minecraft:stone} tool=minecraft:iron_pickaxe slot=5 remaining=201 required=route
[15:26:18] [Render thread/INFO] (lodekeeper) [Lodekeeper] BREAK target=Mutable{x=26, y=18, z=28} block=Block{minecraft:stone} tool=minecraft:iron_pickaxe slot=5 remaining=200 required=route
[15:26:19] [Render thread/INFO] (lodekeeper) [Lodekeeper] BREAK target=Mutable{x=26, y=17, z=28} block=Block{minecraft:stone} tool=minecraft:iron_pickaxe slot=5 remaining=199 required=route
[15:26:19] [Render thread/INFO] (lodekeeper) [Lodekeeper] PROGRESS elapsed_ms=341493 phase=traveling backend=baritone target=26,-6,30 block=minecraft:deepslate_diamond_ore navigation_elapsed_ms=55816 navigation_ticks=1116 searching=false path_index=0 path_length=25 retries=0 pending_route_events=0 dropped_route_events=0 status=mining_and_collecting_minecraft:diamond___0/3
[15:26:19] [Render thread/INFO] (lodekeeper) [Lodekeeper] BREAK target=Mutable{x=26, y=16, z=28} block=Block{minecraft:stone} tool=minecraft:iron_pickaxe slot=5 remaining=198 required=route
[15:26:20] [Render thread/INFO] (lodekeeper) [Lodekeeper] BREAK target=Mutable{x=26, y=15, z=28} block=Block{minecraft:stone} tool=minecraft:iron_pickaxe slot=5 remaining=197 required=route
[15:26:21] [Render thread/INFO] (lodekeeper) [Lodekeeper] BREAK target=Mutable{x=26, y=14, z=28} block=Block{minecraft:stone} tool=minecraft:iron_pickaxe slot=5 remaining=196 required=route
[15:26:21] [Render thread/INFO] (lodekeeper) [Lodekeeper] PROGRESS elapsed_ms=343499 phase=traveling backend=baritone target=26,-6,30 block=minecraft:deepslate_diamond_ore navigation_elapsed_ms=57823 navigation_ticks=1156 searching=false path_index=0 path_length=22 retries=0 pending_route_events=0 dropped_route_events=0 status=mining_and_collecting_minecraft:diamond___0/3
[15:26:22] [Render thread/INFO] (lodekeeper) [Lodekeeper] BREAK target=Mutable{x=26, y=15, z=29} block=Block{minecraft:stone} tool=minecraft:iron_pickaxe slot=5 remaining=195 required=route
[15:26:22] [Render thread/INFO] (lodekeeper) [Lodekeeper] BREAK target=Mutable{x=26, y=14, z=29} block=Block{minecraft:stone} tool=minecraft:iron_pickaxe slot=5 remaining=194 required=route
[15:26:23] [Render thread/INFO] (lodekeeper) [Lodekeeper] PROGRESS elapsed_ms=345508 phase=traveling backend=baritone target=26,-6,30 block=minecraft:deepslate_diamond_ore navigation_elapsed_ms=59830 navigation_ticks=1196 searching=false path_index=0 path_length=21 retries=0 pending_route_events=0 dropped_route_events=0 status=mining_and_collecting_minecraft:diamond___0/3
[15:26:23] [Render thread/INFO] (lodekeeper) [Lodekeeper] BREAK target=Mutable{x=26, y=13, z=29} block=Block{minecraft:stone} tool=minecraft:iron_pickaxe slot=5 remaining=193 required=route
[15:26:24] [Render thread/INFO] (lodekeeper) [Lodekeeper] BREAK target=Mutable{x=26, y=14, z=30} block=Block{minecraft:stone} tool=minecraft:iron_pickaxe slot=5 remaining=192 required=route
[15:26:24] [Render thread/INFO] (lodekeeper) [Lodekeeper] BREAK target=Mutable{x=26, y=13, z=30} block=Block{minecraft:stone} tool=minecraft:iron_pickaxe slot=5 remaining=191 required=route
[15:26:25] [Render thread/INFO] (lodekeeper) [Lodekeeper] PROGRESS elapsed_ms=347518 phase=traveling backend=baritone target=26,-6,30 block=minecraft:deepslate_diamond_ore navigation_elapsed_ms=61806 navigation_ticks=1236 searching=false path_index=0 path_length=20 retries=0 pending_route_events=0 dropped_route_events=0 status=mining_and_collecting_minecraft:diamond___0/3
[15:26:25] [Render thread/INFO] (lodekeeper) [Lodekeeper] BREAK target=Mutable{x=26, y=12, z=30} block=Block{minecraft:stone} tool=minecraft:iron_pickaxe slot=5 remaining=190 required=route
[15:26:26] [Render thread/INFO] (lodekeeper) [Lodekeeper] BREAK target=Mutable{x=26, y=11, z=30} block=Block{minecraft:gravel} tool=minecraft:crafting_table slot=0 remaining=-1 required=route
[15:26:27] [Render thread/INFO] (lodekeeper) [Lodekeeper] PROGRESS elapsed_ms=349570 phase=traveling backend=baritone target=26,-6,30 block=minecraft:deepslate_diamond_ore navigation_elapsed_ms=63825 navigation_ticks=1276 searching=false path_index=0 path_length=19 retries=0 pending_route_events=0 dropped_route_events=0 status=mining_and_collecting_minecraft:diamond___0/3
[15:26:27] [Render thread/INFO] (lodekeeper) [Lodekeeper] BREAK target=Mutable{x=26, y=10, z=30} block=Block{minecraft:gravel} tool=minecraft:crafting_table slot=0 remaining=-1 required=route
